"Id","Name","CourtesyName","Pseudonym","BirthYear","DeathYear","BirthYearType","DeathYearType","NativePlace","AliasesJson","IdentityTagsJson","Period","Faction","Summary","RelatedIdsJson","CreatedAt","UpdatedAt","province","city","country","town","village"
"0005b54f5bc2482fb70ee8fe36729ee6",于守业,,,,,exact,exact,大连西岗,[],"[""伪西岗街长""]",抗日战争时期,"",伪职：伪西岗街长；罪行：接受关东州任命；强征劳工、摊派战时物资，检举私吃细粮、拒绝出工居民，配合抓捕爱国工人。；结局：1946 群众控诉，判刑劳改。,[],"2026-08-27 03:29:02.090971","2026-08-27 03:29:02.090971",,,,,
"004e37035c654b168d8dfbbaa0ed60f6",宋子君,,,,,exact,exact,"",[],"[""伪汾阳县县长""]",抗日战争时期,"",伪职：伪汾阳县县长；罪行：建立汾阳伪公署，管控太汾公路，强征粮食壮丁，多次配合日军扫荡晋绥八分区。；结局：1945 解放文水战斗中被击毙,[],"2026-08-27 03:29:02.090393","2026-08-27 03:29:02.090393",,,,,
"006f961033354aa4a641b504ef19f1d1",周敦复,,,,,"","",高邮,[],"[""县长""]",抗日战争时期,汪伪政权,伪任职务：末代伪高邮县长，直至 1945 年 12 月高邮解放。。结局：高邮战役被俘，公审判刑,[],"2026-08-26 17:52:47","2026-08-26 17:52:47",,,,,
"00763c84aaad4267bf110fb54aa95677",周阿荣,,,,,exact,exact,永嘉瞿溪、郭溪一带,[],"[""日伪密探""]",抗日战争时期,"",伪职：日伪密探；罪行：长期潜伏山区，刺探抗日武装行踪，多次引导日军进山扫荡，残害山区百姓。；结局：被浙南武工队抓获处决。,[],"2026-08-27 03:29:02.101012","2026-08-27 03:29:02.101012",,,,,
"00e81a56b24a419eb5022d41795e20c0",张兆和,,,,,exact,exact,太平（黄山区）北部樵山边境,[],"[""叛变投敌原国军下级军官""]",抗日战争时期,"",伪职：叛变投敌原国军下级军官；罪行：在泾县战场被俘投敌，受日伪指派潜回太平樵山游击区，策反游击队员，搜集皖南山地县委活动情报。；结局：被皖南游击队捕获公审镇压。,[],"2026-08-27 03:29:02.104732","2026-08-27 03:29:02.104732",,,,,
"00f44aced7bd4b2db65fb72c4b44c7cb",马千里,,,,,exact,exact,安庆、怀宁全域,[],"[""汪伪首任伪怀宁县县长""]",抗日战争时期,"",伪职：汪伪首任伪怀宁县县长；罪行：经天主堂神父举荐出任伪县长，搭建伪怀宁县公署，推行保甲，强征粮秣民夫，配合日军清乡扫荡四乡，管制长江航运码头。；结局：抗战胜利汉奸审判伏法。,[],"2026-08-27 03:29:02.104514","2026-08-27 03:29:02.104514",,,,,
"00fb7c5f1e3148a788def93c974bd167",吴老三,,,,,exact,exact,龙游湖镇、詹家,[],"[""龙游便衣特务""]",抗日战争时期,"",伪职：龙游便衣特务；罪行：依附日军，敲诈乡镇商户，告密爱国人员，多次随同日军下乡骚扰。；结局：日军撤退后被公审处决。,[],"2026-08-27 03:29:02.102144","2026-08-27 03:29:02.102144",,,,,
"0108ff1eafb4477b84015b2247144149",曾国治,,,,,exact,exact,泉州、厦门闽南文化生...,[],"[""原泉州律师，厦门伪维持会科长""]",抗日战争时期,"",伪职：原泉州律师，厦门伪维持会科长；罪行：泉州籍，赴厦门投靠伪政权，出任伪维持会科长，参与伪行政事务，为日伪拉拢泉州本地士绅。；结局：抗战胜利汉奸法庭审判定罪。,[],"2026-08-27 03:29:02.079608","2026-08-27 03:29:02.079608",,,,,
"010c0ad6061f4202a5ddaa549ea80b06",周秉衡,,,,,exact,exact,城关,[],"[""伪铜陵县财政科长""]",抗日战争时期,"",伪职：伪铜陵县财政科长；罪行：经济汉奸，征收各类苛捐杂税，为日军征集粮食、铜铁等战略物资，摊派商户捐款。；结局：战后判处有期徒刑。,[],"2026-08-27 03:29:02.104431","2026-08-27 03:29:02.104431",,,,,
"0113a5b96232407bb3055770f21ea1ce",周宝臣,,,,,exact,exact,抚宁,[],"[""伪特务系长，长城沿线密探总头目。""]",抗日战争时期,"",伪职：伪特务系长，长城沿线密探总头目。；结局：镇反时期处决,[],"2026-08-27 03:29:02.091980","2026-08-27 03:29:02.091980",,,,,
"012cf5d271824dd192ab07b886e8be52",徐广凤,,,,,exact,exact,锦西,[],"[""伪警察，光复后国民党保安队长""]",抗日战争时期,"",伪职：伪警察，光复后国民党保安队长；罪行：原为日伪伪警察头目；日本投降后摇身一变成为国民党保安队长，在锦西一带与民主政权作战，残害群众。；结局：1946 年战斗中被击毙葫芦岛市人...。,[],"2026-08-27 03:29:02.093823","2026-08-27 03:29:02.093823",,,,,
"01548c7dc858430d865976486f2a10ef",莫辅亭,,,,,exact,exact,临榆,[],"[""城子庄伪保卫团团长；管控秦皇岛近郊，搜集游击武装情报，抓捕城郊潜伏人员。""]",抗日战争时期,"",伪职：城子庄伪保卫团团长；管控秦皇岛近郊，搜集游击武装情报，抓捕城郊潜伏人员。；结局：解放后镇反公审处决,[],"2026-08-27 03:29:02.097761","2026-08-27 03:29:02.097761",,,,,
"01572d970e2b4670b87e21b440a2c939",高必发,,,,,exact,exact,淮安区,[],"[""伪淮安县警察大队长""]",抗日战争时期,"",伪职：伪淮安县警察大队长；罪行：沙贵章副手，执掌伪警察武装，参与黄土桥惨案，下乡扫荡，抓捕酷刑迫害爱国群众。；结局：抗战胜利后公审枪决。,[],"2026-08-27 03:29:02.100050","2026-08-27 03:29:02.100050",,,,,
"015c20e6af1843e1a7b329da11b17ca9",王炳章,,,,,exact,exact,"",[],"[""伪庆云县县长；管控冀鲁边区边缘，修筑炮楼封锁根据地。""]",抗日战争时期,"",伪职：伪庆云县县长；管控冀鲁边区边缘，修筑炮楼封锁根据地。；结局：战后汉奸罪判处徒刑,[],"2026-08-27 03:29:02.083746","2026-08-27 03:29:02.083746",,,,,
"0167953fe6d5477fae9094c446a97af3",朱建正,,,,,"","",四川成都,[],[],抗日战争时期,汪伪政权,伪任职务：吴冰的本地接应人，负责掩护间谍、传递消息，联络本地眼线。。结局：逮捕判处重刑监禁,[],"2026-08-26 17:52:47","2026-08-26 17:52:47",,,,,
"017e488c1b4144d3a2785afd7e936ab5",陈炳康,,,,,exact,exact,瑞安城郊,[],"[""伪瑞安便衣特务头目""]",抗日战争时期,"",伪职：伪瑞安便衣特务头目；罪行：网罗流氓充当爪牙，刺探地下党组织情报，搜捕抗日人员。；结局：根据地武工队锄奸处决。,[],"2026-08-27 03:29:02.100996","2026-08-27 03:29:02.100996",,,,,
"01942951bf2c4275a894317504138b99",于冲汉,,,,,exact,exact,辽宁辽阳,[],"[""伪奉天自治指导部部长""]",抗日战争时期,"",伪职：伪奉天自治指导部部长；罪行：伪满早期核心人物，建立自治指导部，在奉天全省网罗汉奸，培训伪官吏，推行奴化统治。；结局：1932 年病死，逃脱审判。,[],"2026-08-27 03:29:02.090628","2026-08-27 03:29:02.090628",,,,,
"01bed62166c4450d9c96a45cb5f26a0e",那达木德,,,,,exact,exact,库伦旗,[],"[""伪库伦旗旗长；协助日军管控辽蒙交界，搜捕抗日人员。""]",抗日战争时期,"",伪职：伪库伦旗旗长；协助日军管控辽蒙交界，搜捕抗日人员。；结局：战后汉奸罪判处徒刑,[],"2026-08-27 03:29:02.085865","2026-08-27 03:29:02.085865",,,,,
"01d32c4373924ac9a687d5bad5ee69f5",沈锦言,,,,,exact,exact,平湖城区,[],"[""伪平湖东湖坊坊长""]",抗日战争时期,"",伪职：伪平湖东湖坊坊长；罪行：城区基层伪头目，推行保甲，告密进步群众，协助伪警搜捕。；结局：抗日游击队击毙。,[],"2026-08-27 03:29:02.101197","2026-08-27 03:29:02.101197",,,,,
"01ddb9d08d1c4d229237cd8a2dca8194",顾鸿奎,,,,,exact,exact,启东聚阳（利民镇）,[],"[""伪联防主任、伪保长""]",抗日战争时期,"",伪职：伪联防主任、伪保长；罪行：勾结日伪，敲诈勒索乡里，祸害百姓，长期龟缩据点与抗日武装对抗。；结局：被当地民兵锄奸处死。,[],"2026-08-27 03:29:02.099124","2026-08-27 03:29:02.099124",,,,,
"01eb222212d1446aa1ffce86c6bc2516",熊三秃子,,,,,exact,exact,泗阳洋河,[],"[""洋河维持会会长""]",抗日战争时期,"",伪职：洋河维持会会长；罪行：投靠日寇，把持洋河地方伪组织，搜刮酒粮物资供给日军，祸害洋河周边百姓中共宿迁市...。；结局：解放后被镇压。,[],"2026-08-27 03:29:02.100439","2026-08-27 03:29:02.100439",,,,,
"020d9b8d8c104ee3bcd96480d075c45e",姜颂平,,,,,"","",江苏,[],"[""部长"", ""特务""]",抗日战争时期,汪伪政权,伪任职务：汪伪特工总部苏北分区区长，南通特工总站头目，南通地区特务最高负责人；抓捕、刑讯地下抗日人员，策反我方人员，汤景延团谈判对手。。结局：抗战胜利捕获，汉奸罪判处死刑执行枪决,[],"2026-08-26 17:52:47","2026-08-26 17:52:47",,,,,
"020ef158c395481a8cb12b7030932f97",凌印清,,,,,exact,exact,海城（现鞍山海城）,[],"[""九一八后伪 “东北民众自卫军” 总司令""]",抗日战争时期,"",伪职：九一八后伪 “东北民众自卫军” 总司令；罪行：九一八事变被日军重金收买，招降土匪，策反义勇军，在辽海一带为日军卖命，是辽南最早一批汉奸。；结局：1931 年被抗日义勇军活捉，沙岭镇公审枪决中国·鞍山。,[],"2026-08-27 03:29:02.091225","2026-08-27 03:29:02.091225",,,,,
"020f6ce87d7043a3b861117e4a38d5fa",杨夙兴,,,,,"","",高邮南甘垛,[],"[""部长"", ""维持会""]",抗日战争时期,汪伪政权,伪任职务：地方劣绅，伪乡维持会头目，为据点征集粮款，出卖我方干部情报。。结局：被抗日民主政府镇压,[],"2026-08-26 17:52:47","2026-08-26 17:52:47",,,,,
"02198438dfa4435f8972158a58484148",徐荣候,,,,,exact,exact,安徽寿县,[],"[""第三任伪厚和市市长；执行日伪政令，管控城市警务、物资配给，镇压爱国活动。""]",抗日战争时期,"",伪职：第三任伪厚和市市长；执行日伪政令，管控城市警务、物资配给，镇压爱国活动。；结局：战后逮捕判刑,[],"2026-08-27 03:29:02.084792","2026-08-27 03:29:02.084792",,,,,
"021d3fe13a97435685830a78b804cfac",卜兆瑞,,,,,exact,exact,萨拉齐,[],"[""伪萨拉齐县县长；管控平绥铁路西段，修筑炮楼，频繁配合日军扫荡大青山南麓村庄。""]",抗日战争时期,"",伪职：伪萨拉齐县县长；管控平绥铁路西段，修筑炮楼，频繁配合日军扫荡大青山南麓村庄。；结局：战后汉奸罪判处徒刑,[],"2026-08-27 03:29:02.085176","2026-08-27 03:29:02.085176",,,,,
"0233502269e44feda9982c39cb33605b",张少武,,,,,exact,exact,凤台县城,[],"[""伪凤台县警察局局长""]",抗日战争时期,"",伪职：伪凤台县警察局局长；罪行：执掌伪警察、侦缉队，城内搜捕爱国青年，下乡配合伪军扫荡，推行良民证、户口盘查。；结局：抗战胜利后公审枪决。,[],"2026-08-27 03:29:02.103848","2026-08-27 03:29:02.103848",,,,,
"0248789facba40988c54e5b9fb7abda1",陈天锡,,,,,exact,exact,"",[],"[""伪晋城县首任县长""]",抗日战争时期,"",伪职：伪晋城县首任县长；罪行：建立晋城伪县公署、伪警察、新民会；推行保甲十家连坐，征粮抓丁，管控白晋铁路，配合日军扫荡晋南根据地。；结局：抗战胜利逮捕，汉奸罪重判,[],"2026-08-27 03:29:02.088299","2026-08-27 03:29:02.088299",,,,,
"025b56d4156b4fccb09b9a6fdef66fe5",卢万寿,,,,,exact,exact,邯郸,[],"[""伪邯郸警察所长；配合特务抓捕抗日人员，参与插箭岭屠杀干部事件。""]",抗日战争时期,"",伪职：伪邯郸警察所长；配合特务抓捕抗日人员，参与插箭岭屠杀干部事件。；结局：镇反公审处决,[],"2026-08-27 03:29:02.081650","2026-08-27 03:29:02.081650",,,,,
"02624e22c9b541d2b8c6031644a6d667",李细狗,,,,,exact,exact,向塘火车站,"[""周毛仔""]","[""伪军密探""]",抗日战争时期,"",伪职：伪军密探；罪行：专门打探难民位置，带队扫荡河湾窑洞；结局：暂无明确结局记载,[],"2026-08-27 03:29:02.077940","2026-08-27 03:29:02.077940",,,,,
"027ee3c5e77e4f278d339d2c2dc0ac4e",邵尚俭,,,,,exact,exact,金州,[],"[""关东州厅参事、大连市商会副会长，身兼 30 余个伪职，粮油大亨""]",抗日战争时期,"",伪职：关东州厅参事、大连市商会副会长，身兼 30 余个伪职，粮油大亨；罪行：垄断大连粮油行业，执行日军物资配给，摊派报国公债，把粮食油料供给日军；商民抗捐罢市时私自赴东京欺骗日本当局；日本投降后任治安维持会副会长，勾结日伪残余与国民党。；结局：1946 逮捕，没收绝大部分财产，保外就医，后病逝北京。,[],"2026-08-27 03:29:02.091056","2026-08-27 03:29:02.091056",,,,,
"029d1a2ba1284ead85ea1292ca4c3daa",蔡文篇,,,,,exact,exact,厦门,[],"[""伪厦门开发公司董事""]",抗日战争时期,"",伪职：伪厦门开发公司董事；罪行：经济汉奸，配合日方掠夺福建资源。；结局：战后定罪。,[],"2026-08-27 03:29:02.080463","2026-08-27 03:29:02.080463",,,,,
"02c129f06a36471dbc0d44c853503a19",俞松如,,,,,exact,exact,绍兴越城,[],"[""伪绍兴县警察局局长""]",抗日战争时期,"",伪职：伪绍兴县警察局局长；罪行：网罗地痞组建侦缉队，城内大肆搜捕地下抗日人员，酷刑审讯爱国志士，推行宵禁。；结局：抗战胜利后公审伏法。,[],"2026-08-27 03:29:02.101734","2026-08-27 03:29:02.101734",,,,,
"02d9f37c3cbd4fafb9c20a5b197440bb",查全祝,,,,,exact,exact,顺安长龙山一带,[],"[""伪顺安特务队骨干""]",抗日战争时期,"",伪职：伪顺安特务队骨干；罪行：参与特务抓捕行动，四处打探铜陵大队行踪，多次计划参与抓捕我方干部，胡家祠堂伏击目标人物之一。；结局：日军投降后捕获惩处。,[],"2026-08-27 03:29:02.104402","2026-08-27 03:29:02.104402",,,,,
"02fe5ee8c1c94d0a9ed3e16595c33a54",老来好,,,,,exact,exact,双鸭山大叶沟,"[""匪号""]","[""山林队头目，预谋投敌""]",抗日战争时期,"",伪职：山林队头目，预谋投敌；罪行：杀害抗联四军三师团长唐青山，打算率百余人队伍投降日军，阴谋败露。；结局：被抗联四军逮捕处决。,[],"2026-08-27 03:29:02.098161","2026-08-27 03:29:02.098161",,,,,
"0308e0b189274d7584cfc80308363161",谢佑安,,,,,exact,exact,通县,[],"[""伪通县县长；通州事变之后收拾残局，效忠日伪。""]",抗日战争时期,"",伪职：伪通县县长；通州事变之后收拾残局，效忠日伪。；结局：1946 年判处有期徒刑,[],"2026-08-27 03:29:02.092090","2026-08-27 03:29:02.092090",,,,,
"03112fb3857d4c1598f4b24023022a19",王献臣,,,,,exact,exact,丰县,"[""王歪鼻子""]","[""伪丰县首任知事（县长）""]",抗日战争时期,"",伪职：伪丰县首任知事（县长）；罪行：北洋旧军人投敌，组建丰县伪县公署，组建伪武装，配合日军扫荡湖西抗日根据地，残害抗日军民，被称为丰县铁杆汉奸徐州政协。；结局：抗战胜利后被公审处决。,[],"2026-08-27 03:29:02.098850","2026-08-27 03:29:02.098850",,,,,
"0340b47883a54ed08ff003f4c511dcc2",董少谦,,,,,exact,exact,滁城,[],"[""南京调来伪防护总队总队长""]",抗日战争时期,"",伪职：南京调来伪防护总队总队长；罪行：直属汪伪军部的特务武装，管控滁城治安，专门对付地下抗日活动，武器精良，大肆逮捕嫌疑人员中国人民政...。；结局：抗战胜利后逮捕判刑。,[],"2026-08-27 03:29:02.104907","2026-08-27 03:29:02.104907",,,,,
"0369f07cf7b8475790e35d1149878e51",额宝斋,,,,,exact,exact,乌拉特前旗,[],"[""蒙奸，乌拉特前旗西协理；常驻包头园子巷旗办事处；向日军告密牧民动向，抓捕支援游击队的蒙民；抗战胜利后假意归顺奇俊峰，暗中策动叛乱。""]",抗日战争时期,"",伪职：蒙奸，乌拉特前旗西协理；常驻包头园子巷旗办事处；向日军告密牧民动向，抓捕支援游击队的蒙民；抗战胜利后假意归顺奇俊峰，暗中策动叛乱。；结局：1947 清算处决,[],"2026-08-27 03:29:02.085209","2026-08-27 03:29:02.085209",,,,,
"03985962c9374122ae0c9a59e3eccfce",吴克初,,,,,exact,exact,贵池城关,[],"[""贵池维持会首任会长""]",抗日战争时期,"",伪职：贵池维持会首任会长；罪行：贵池沦陷头号汉奸，日军登陆后牵头组建维持会，配合宣抚班，征集粮草民夫，开办奴化教育的 “贵池模范小学”，胁迫商户纳贡资敌。；结局：抗战胜利后肃奸公审处决。,[],"2026-08-27 03:29:02.105822","2026-08-27 03:29:02.105822",,,,,
"03c2a8e8b9884fa3815b970decbe8b68",张国铨,,,,,exact,exact,复县,[],"[""伪复县第二任县长""]",抗日战争时期,"",伪职：伪复县第二任县长；罪行：执行日伪集团部落政策，盘查沿海渡口，抓捕抗日人员。；结局：光复后逮捕判刑。,[],"2026-08-27 03:29:02.092697","2026-08-27 03:29:02.092697",,,,,
"03d1369ed9af40d5b5e270ea6fb77941",陈二混子,,,,,exact,exact,阜阳西南边境（阜南）,[],"[""从沦陷区窜来奸细""]",抗日战争时期,"",伪职：从沦陷区窜来奸细；罪行：伪装逃难流民，潜入乡间散布失败谣言，企图发展情报网络。；结局：被乡自卫队查获，军法处置。,[],"2026-08-27 03:29:02.105153","2026-08-27 03:29:02.105153",,,,,
"03e83e949520445caf12c3ae333b37e2",杨立言,,,,,exact,exact,潘集、凤台北部,[],"[""伪绥靖六团团长（大褂队）""]",抗日战争时期,"",伪职：伪绥靖六团团长（大褂队）；罪行：土匪投敌，“大褂队” 改编伪军，四处烧杀抢掠、绑票勒索，捕杀抗日干部，多次进攻凤台抗日民主政府，淮上祸害最大伪军头目之一淮南市人民...。；结局：1940 年苏涂村战斗被抗日武装击毙，部队全歼淮南日报。,[],"2026-08-27 03:29:02.103766","2026-08-27 03:29:02.103766",,,,,
"041e41dd6523434cb5cf3df6bc8873c5",贾得功,,,,,exact,exact,襄汾,[],"[""伪汾城警备大队长""]",抗日战争时期,"",伪职：伪汾城警备大队长；罪行：下乡烧杀抢掠，残害堡垒户。；结局：解放后公审枪决,[],"2026-08-27 03:29:02.090193","2026-08-27 03:29:02.090193",,,,,
"044661d0e4414728be17fe5778b1330e",吴子玉,,,,,exact,exact,临榆,[],"[""伪临榆县警察局长，配合山海关宪兵队搜捕进出关地下交通员。""]",抗日战争时期,"",伪职：伪临榆县警察局长，配合山海关宪兵队搜捕进出关地下交通员。；结局：解放后镇反清算枪决,[],"2026-08-27 03:29:02.094170","2026-08-27 03:29:02.094170",,,,,
"0472e875691942beaddf67a9665f6d50",张本政,,,,,"","",辽宁旅顺（大连）,[],"[""军长"", ""厅长""]",抗日战争时期,汪伪政权,伪任职务：大连大商人，关东厅参事，捐献巨资、飞机支援日军侵华，为日军提供航运运力抖音百科。结局：1951 年大连公审，判处死刑枪决,[],"2026-08-26 17:52:47","2026-08-26 17:52:47",,,,,
"04801c90a2e64c13a06f4f3f8c4847e8",黄炳阳,,,,,"","",湖南长沙,[],"[""军长"", ""县长""]",抗日战争时期,汪伪政权,伪任职务：伪长沙县县长，协助日军征粮、抓劳工、修筑工事。结局：抗战胜利逮捕判刑,[],"2026-08-26 17:52:47","2026-08-26 17:52:47",,,,,
"049188cd3e454c4499457f7796c76904",颜叔周,,,,,exact,exact,吴兴全县,[],"[""汪伪吴兴县知事（伪县长）""]",抗日战争时期,"",伪职：汪伪吴兴县知事（伪县长）；罪行：执掌吴兴伪县公署，推行保甲、奴化教育，配合日军清乡，搜刮蚕丝粮食资敌；城内推行良民证制度，镇压民间抗日活动湖州市人民...。；结局：1941 年在马军巷遭抗日志士狙击负伤。,[],"2026-08-27 03:29:02.101325","2026-08-27 03:29:02.101325",,,,,
"049f5d39d994497fb3e5e1447c82ee05",孙仁轩,,,,,exact,exact,长春,[],"[""伪新京总商会会长""]",抗日战争时期,"",伪职：伪新京总商会会长；罪行：为日伪摊派各类报国捐，筹措军需物资，压榨长春商民。；结局：反奸清算，没收财产，判处徒刑。,[],"2026-08-27 03:29:02.094064","2026-08-27 03:29:02.094064",,,,,
"04a4039f0a18475bb902bf7dee140e16",于品卿,,,,,"","",河北冀州,[],[],抗日战争时期,汪伪政权,伪任职务：伪蒙疆联合自治政府副主席，张家口伪政权核心，主管经济搜刮物资。结局：1945 年张家口解放，晋察冀边区公审，执行死刑,[],"2026-08-26 17:52:47","2026-08-26 17:52:47",,,,,
"04a44594d0c24eaa851889f3d590b1d0",胡登庭,,,,,exact,exact,滁县,[],"[""密探队副队长""]",抗日战争时期,"",伪职：密探队副队长；罪行：刘元志副手，发展大批告密线人，在城门、车站盘查，罗织罪名迫害进步人士中国人民政...。；结局：汉奸审判判处死刑。,[],"2026-08-27 03:29:02.104885","2026-08-27 03:29:02.104885",,,,,
"04ac3f80a4684f0ca7605ad8f88ca3e0",黄召贤,,,,,exact,exact,启东,[],"[""启东早期伪自治会会长""]",抗日战争时期,"",伪职：启东早期伪自治会会长；罪行：启东沦陷初期牵头组建伪自治会，迎接日军，搭建傀儡统治。；结局：抗战胜利后清算惩处。,[],"2026-08-27 03:29:02.099131","2026-08-27 03:29:02.099131",,,,,
"04be42d2a9c6434eaddb3d3afb4cbd73",李绍白,,,,,exact,exact,新绛,[],"[""伪新绛县县长""]",抗日战争时期,"",伪职：伪新绛县县长；罪行：建立新绛伪公署，管控同蒲铁路，压榨城乡百姓。；结局：战后汉奸罪判刑,[],"2026-08-27 03:29:02.089226","2026-08-27 03:29:02.089226",,,,,
"04be4e5dfc2842b3b1d392198e5ac62c",刘桂棠（刘黑七）,,,,,"","",山东平邑,[],"[""军长"", ""司令"", ""总司令""]",抗日战争时期,伪军,伪任职务：皇协军前进总司令，反复投敌叛变，鲁南巨匪汉奸抖音百科。结局：1943 年被八路军击毙,[],"2026-08-26 17:52:47","2026-08-26 17:52:47",,,,,
"04efdde0dc144622868290afe5be2083",曹承宗,,,,,exact,exact,"",[],"[""伪安东省末代省长""]",抗日战争时期,"",伪职：伪安东省末代省长；罪行：伪满后期安东省华人最高长官；执行战时物资搜刮，强征劳工、粮食；日本投降后牵头组织安东维持会，企图等待国民党接收。；结局：被俘，以汉奸罪判处重刑。,[],"2026-08-27 03:29:02.092242","2026-08-27 03:29:02.092242",,,,,
"0506996ede844bcaaf864f481c2eefe3",孙柏青,,,,,exact,exact,"",[],"[""伪兴隆县县长；强力推行集家并村，强修人圈，疯狂清剿雾灵山抗日根据地，制造多起惨案。""]",抗日战争时期,"",伪职：伪兴隆县县长；强力推行集家并村，强修人圈，疯狂清剿雾灵山抗日根据地，制造多起惨案。；结局：1945 被俘，公审判处死刑,[],"2026-08-27 03:29:02.083259","2026-08-27 03:29:02.083259",,,,,
"052d631bb3904154a1b9d3299dab0a54",胡筱瑷,,,,,exact,exact,大洼三道沟,[],"[""伪盘山县内务局局长""]",抗日战争时期,"",伪职：伪盘山县内务局局长；罪行：伪县公署华人实权官员，协助日本参事官处理全县行政，摊派苛捐杂税，办理劳工、开拓团土地掠夺。；结局：解放后逮捕，汉奸罪重判。,[],"2026-08-27 03:29:02.093226","2026-08-27 03:29:02.093226",,,,,
"053749eb66a44848979de2f1f973365b",张雪涛,,,,,exact,exact,兴隆,[],"[""伪讨伐队队长；抓捕杀害地下支部书记金成山等多名抗日干部。""]",抗日战争时期,"",伪职：伪讨伐队队长；抓捕杀害地下支部书记金成山等多名抗日干部。；结局：解放后抓获，判处长期徒刑,[],"2026-08-27 03:29:02.083292","2026-08-27 03:29:02.083292",,,,,
"0543e05f2524484fa1b7065816146bde",马昆山,,,,,exact,exact,锦州,[],"[""伪锦州总商会会长""]",抗日战争时期,"",伪职：伪锦州总商会会长；罪行：为日军筹措粮食、被服、军需物资；摊派各种 “报国捐”，压榨辽西商民。；结局：反奸清算，没收财产，判处徒刑。,[],"2026-08-27 03:29:02.092548","2026-08-27 03:29:02.092548",,,,,
"054ca6d2b65c4c96a5a3bb54f5b2bc4f",庞文学,,,,,"","",山东峄县（枣庄）,[],"[""县长""]",抗日战争时期,汪伪政权,伪任职务：峄县伪保安警备大队长，与铁道游击队、运河支队长期作战。结局：1945 年被俘，公审枪决,[],"2026-08-26 17:52:47","2026-08-26 17:52:47",,,,,
"055485bf1b2045e2879af1e741e718f2",宁国才,,,,,exact,exact,安达宋站（今大庆管辖）,"[""宁七麻子""]","[""伪保长，大地主""]",抗日战争时期,"",伪职：伪保长，大地主；罪行：效忠日伪，向日军通风报信抗联行踪；抗联经过时扣押群众，因 “效忠” 被日军公开表彰发奖章，迫害接济抗联百姓。；结局：解放后反奸清算被惩处。,[],"2026-08-27 03:29:02.096694","2026-08-27 03:29:02.096694",,,,,
"058bcb79c92f47aab8d57bafe27c9eba",景阳春,,,,,exact,exact,富锦、同江,[],"[""伪富锦县警察讨伐大队长""]",抗日战争时期,"",伪职：伪富锦县警察讨伐大队长；罪行：带领伪讨伐队在松花江下游扫荡抗联，捣毁多处救国会组织，抓捕、残害抗日群众。；结局：抗战胜利后被反奸清算处决。,[],"2026-08-27 03:29:02.097057","2026-08-27 03:29:02.097057",,,,,
"05a8a9ca8940426e8218be1b74171095",王景岳,,,,,exact,exact,井陉长岗村,[],"[""维持会会长，唯一一任伪井陉县长，兼新民会会长；全县修筑 60 余座炮楼、200 余里封锁沟，捕杀大批抗日干部，掠夺矿产土地；日本投降后摇身投靠国民党，任先遣第八旅旅长。""]",抗日战争时期,"",伪职：维持会会长，唯一一任伪井陉县长，兼新民会会长；全县修筑 60 余座炮楼、200 余里封锁沟，捕杀大批抗日干部，掠夺矿产土地；日本投降后摇身投靠国民党，任先遣第八旅旅长。；结局：潜逃甘肃天水，1951 年抓捕押回井陉，公审处决,[],"2026-08-27 03:29:02.084217","2026-08-27 03:29:02.084217",,,,,
"05d3047befbe4b488f06225b5c40bbd1",苏绍泉,,,,,exact,exact,"",[],"[""伪林西县县长；伪兴安西省行署所在地，管控热北军政，设立矫正局镇压反满抗日人士。""]",抗日战争时期,"",伪职：伪林西县县长；伪兴安西省行署所在地，管控热北军政，设立矫正局镇压反满抗日人士。；结局：战后逮捕判刑赤峰市林西...,[],"2026-08-27 03:29:02.085607","2026-08-27 03:29:02.085607",,,,,
"05d6d58037f34a3f85976bf617badaa9",李凤岐,,,,,exact,exact,临汾,[],"[""伪临汾警备大队长""]",抗日战争时期,"",伪职：伪临汾警备大队长；罪行：收拢溃兵地痞投敌；多次带队扫荡一平垣、枕头西山根据地，抓捕交通员，劫掠村庄财物。；结局：镇反公审枪决,[],"2026-08-27 03:29:02.090093","2026-08-27 03:29:02.090093",,,,,
"05d80a55088f45b0a2b48b2b90da93c7",林一,,,,,exact,exact,普陀沈家门,[],"[""日伪沈家门特务队长""]",抗日战争时期,"",伪职：日伪沈家门特务队长；罪行：地痞投敌，特务组长升特务队长；多次带领日军下乡扫荡，枪杀游击队员与群众，焚烧民房浙江省地方...。；结局：抗战时期被抗日武装锄奸处决。,[],"2026-08-27 03:29:02.102305","2026-08-27 03:29:02.102305",,,,,
"0602dd08be6a45308a07613baf9014b3",金荣桂,,,,,exact,exact,辽宁辽阳,[],"[""伪奉天市市长""]",抗日战争时期,"",伪职：伪奉天市市长；罪行：接续主持奉天市政，强化户口管控，强征劳工物资，推行治安强化运动。；结局：抗战胜利被捕，以汉奸罪判刑。,[],"2026-08-27 03:29:02.090660","2026-08-27 03:29:02.090660",,,,,
"0606e1ed5baf4636bafd318eda13631a",查全宽,,,,,exact,exact,顺安周边,[],"[""伪特务队成员""]",抗日战争时期,"",伪职：伪特务队成员；罪行：跟随查全祝开展情报侦查，告密、勒索乡间百姓。；结局：附逆案判处有期徒刑。,[],"2026-08-27 03:29:02.104410","2026-08-27 03:29:02.104410",,,,,
"06255c9d41ff4f8899f561faa37e095a",华岳,,,,,exact,exact,锡南地区,[],"[""伪乡镇汉奸，密探""]",抗日战争时期,"",伪职：伪乡镇汉奸，密探；罪行：充当日伪耳目，告密地下党、武工队情报，迫害抗日群众。；结局：1944 年锡东武工队锄奸处决无锡市档案...。,[],"2026-08-27 03:29:02.098755","2026-08-27 03:29:02.098755",,,,,
"0654a1796f624dea86284e765b4344ce",王扬,,,,,"","",不详,[],"[""军长"", ""县长""]",抗日战争时期,汪伪政权,伪任职务：第二任伪武进县长，强化物资统制，为日军搜刮粮食布匹。。结局：抗战胜利捕获，判处重刑监禁,[],"2026-08-26 17:52:47","2026-08-26 17:52:47",,,,,
"067a29df25bd49ea9fdd68958d57b5e8",萧叔宣,,,,,"","",福建闽侯,[],"[""省级长官"", ""部长"", ""军长""]",抗日战争时期,汪伪政权,伪任职务：汪伪陆军部部长、军训部部长，曾拟出任伪福建省省长，训练伪军，东南伪军事核心。结局：1945 年抗战胜利前夕被军统击毙，未受审判,[],"2026-08-26 17:52:47","2026-08-26 17:52:47",,,,,
"06ae4819364841a58351eb68232738bb",宋万义,,,,,exact,exact,赤城,[],"[""伪赤城警备大队长；伪军主力，配合日军反复扫荡海陀山。""]",抗日战争时期,"",伪职：伪赤城警备大队长；伪军主力，配合日军反复扫荡海陀山。；结局：赤城解放被俘枪决,[],"2026-08-27 03:29:02.083067","2026-08-27 03:29:02.083067",,,,,
"06b2072562bd4602bafc19f9740827d8",杨志玉,,,,,exact,exact,陵川,[],"[""伪陵川县县长（上党四大天王之一）；原国民党陵川县长""]",抗日战争时期,"",伪职：伪陵川县县长（上党四大天王之一）；原国民党陵川县长；罪行：1943 日军占领陵川，率县政府整体投敌；组建伪区乡政权，指挥伪军清乡搜捕抗日人员。；结局：陵川收复后审判处决,[],"2026-08-27 03:29:02.087954","2026-08-27 03:29:02.087954",,,,,
"06b3fec0e70042a1a0f3af5eaef9d22c",张仲孝,,,,,exact,exact,"",[],"[""伪四平街市市长""]",抗日战争时期,"",伪职：伪四平街市市长；罪行：伪四平市华人市长，协助日本副市长管理城市，强化市内治安管控，推行奴化宣传。；结局：抗战胜利逮捕判刑。,[],"2026-08-27 03:29:02.094850","2026-08-27 03:29:02.094850",,,,,
"06c3c41113b3427787210b1c4a71b887",周海山,,,,,exact,exact,青龙,[],"[""伪青龙警备大队长；伪军主力头目，多次配合日军扫荡迁青平根据地。""]",抗日战争时期,"",伪职：伪青龙警备大队长；伪军主力头目，多次配合日军扫荡迁青平根据地。；结局：解放后镇反公审处决,[],"2026-08-27 03:29:02.081477","2026-08-27 03:29:02.081477",,,,,
"070fc3489b59415195c97effba3c8d1c",刘德山,,,,,"","",黑龙江,[],"[""特务""]",抗日战争时期,汪伪政权,伪任职务：伪满特务，伪装商人诱杀赵尚志的直接凶手。结局：1946 年被捕获处决,[],"2026-08-26 17:52:47","2026-08-26 17:52:47",,,,,
"0721259c417b41b494267cc895c3976c",肖万顺,,,,,exact,exact,磁县彭城,[],"[""伪彭城警察分局长；抓捕陶瓷工人中的抗日分子，敲诈窑厂商户，告密山区堡垒户。""]",抗日战争时期,"",伪职：伪彭城警察分局长；抓捕陶瓷工人中的抗日分子，敲诈窑厂商户，告密山区堡垒户。；结局：镇反时期清算处决,[],"2026-08-27 03:29:02.080752","2026-08-27 03:29:02.080752",,,,,
"073ce02614f64532b8c4c159ddd164c0",张秉志,,,,,exact,exact,沭城,[],"[""伪沭阳县警察局长""]",抗日战争时期,"",伪职：伪沭阳县警察局长；罪行：执掌伪警察队伍，配合特务抓捕地下党员、爱国群众，推行宵禁保甲，镇压城内抗日活动。；结局：战后公审处决。,[],"2026-08-27 03:29:02.100635","2026-08-27 03:29:02.100635",,,,,
"07518557aa91443e96e0188db29f2858",韩子明,,,,,exact,exact,新绛,[],"[""伪新绛警备大队长""]",抗日战争时期,"",伪职：伪新绛警备大队长；罪行：带队下乡扫荡，迫害堡垒户。；结局：解放后公审枪决,[],"2026-08-27 03:29:02.089234","2026-08-27 03:29:02.089234",,,,,
"076572bd98f04d8d8bda7c1e2f7881bf",宁国才,,,,,exact,exact,安达宋站（今大庆管辖）,"[""宁七麻子""]","[""伪保长，大地主""]",抗日战争时期,"",伪职：伪保长，大地主；罪行：效忠日伪，向日军通风报信抗联行踪；抗联经过时扣押群众，因 “效忠” 被日军公开表彰发奖章，迫害接济抗联百姓。；结局：解放后反奸清算被惩处。,[],"2026-08-27 03:29:02.097981","2026-08-27 03:29:02.097981",,,,,
"076d48c21f494f67b9cb8f29739ef54c",宋敬之,,,,,exact,exact,"",[],"[""伪武邑县县长；五一大扫荡后重建伪政权，搜捕冀中六分区干部。""]",抗日战争时期,"",伪职：伪武邑县县长；五一大扫荡后重建伪政权，搜捕冀中六分区干部。；结局：战后逮捕判刑,[],"2026-08-27 03:29:02.084559","2026-08-27 03:29:02.084559",,,,,
"07727df965904e8f9f882d8c97b0532c",刘文奎,,,,,exact,exact,寿阳,[],"[""伪便衣特务""]",抗日战争时期,"",伪职：伪便衣特务；罪行：下乡搜捕干部，敲诈百姓。；结局：1940 被武工队活捉镇压,[],"2026-08-27 03:29:02.088949","2026-08-27 03:29:02.088949",,,,,
"078d9f84a09d428c8dce1c1d7bbe77a2",爱新觉罗・熙洽,,,,,"","",吉林（清宗室）,[],"[""省级长官"", ""市长"", ""部长""]",抗日战争时期,汪伪政权,伪任职务：伪吉林省长官、伪满财政部总长兼伪吉林省省长、伪宫内府大臣；九一八主动献吉林城投降日本，伪吉林政权的缔造者长春市地方...。结局：苏军俘获押苏联，1950 引渡回国，1952 年病死于战犯监狱抖音百科,[],"2026-08-26 17:52:47","2026-08-26 17:52:47",,,,,
"07a96059678749d1866dc6ddaa53496f",彭汝尊（彭泰荣）,,,,,"","",四川永川,[],"[""省级长官"", ""军长""]",抗日战争时期,汪伪政权,伪任职务：同善社总教主；抗战时期勾结日伪，派遣骨干联络伪满关东军，在四川、西南各省发展道徒，准备伺机武装暴乱接应日军西进抖音百科。。结局：抗战胜利后被捕判刑,[],"2026-08-26 17:52:47","2026-08-26 17:52:47",,,,,
"07b1ed45b80f4079a6b1db6aa605435c",董扒皮,,,,,exact,exact,"","[""董某""]","[""山奉铁路伪总监（铁路系统大汉奸）；掌控山海关铁路警务，抓捕铁路工人抗日分子，转运日军兵员物资，敲诈商旅百姓。""]",抗日战争时期,"",伪职：山奉铁路伪总监（铁路系统大汉奸）；掌控山海关铁路警务，抓捕铁路工人抗日分子，转运日军兵员物资，敲诈商旅百姓。；结局：山海关解放被俘，公审枪决,[],"2026-08-27 03:29:02.097736","2026-08-27 03:29:02.097736",,,,,
"07b312fd028a427fb29597da63696b06",潘玉田,,,,,exact,exact,丰县,[],"[""徐州沦陷初期丰县维持会会长""]",抗日战争时期,"",伪职：徐州沦陷初期丰县维持会会长；罪行：日军刚占领丰县，牵头成立伪维持会，迎接日寇，协助日军建立地方傀儡统治。；结局：抗战胜利后清算惩处。,[],"2026-08-27 03:29:02.098859","2026-08-27 03:29:02.098859",,,,,
"07ee4af85e7b48068250c59f00d1f065",郭文林,,,,,exact,exact,达斡尔族,[],"[""伪第九军管区司令官（驻通辽）；强化草原治安，搜缴民间武器，布置讨伐队镇压反满抗日活动，配合日军清剿辽北、热河游击武装抖音百科。""]",抗日战争时期,"",伪职：伪第九军管区司令官（驻通辽）；强化草原治安，搜缴民间武器，布置讨伐队镇压反满抗日活动，配合日军清剿辽北、热河游击武装抖音百科。；结局：被俘关押，后特赦释放,[],"2026-08-27 03:29:02.085750","2026-08-27 03:29:02.085750",,,,,
"07fdf4c4d01e4cafb2d22a122b2bf21a",谭学正,,,,,exact,exact,盐城县城,[],"[""伪盐城县侦缉队头目""]",抗日战争时期,"",伪职：伪盐城县侦缉队头目；罪行：伪特务侦缉骨干，刑讯被捕抗日人员，为城内伪军搜集民间情报。；结局：被俘后汉奸审判惩处中国新闻网。,[],"2026-08-27 03:29:02.099915","2026-08-27 03:29:02.099915",,,,,
"08051361167e495fa1d40db1cdac420c",刘建达,,,,,exact,exact,新建南新乡人,[],"[""第二任伪南昌市长""]",抗日战争时期,"",伪职：第二任伪南昌市长；罪行：多次组织便衣下乡扫荡；结局：暂无明确结局记载,[],"2026-08-27 03:29:02.077893","2026-08-27 03:29:02.077893",,,,,
"08118e4dd7c748cd8606c33a1a7a808c",张耀先,,,,,exact,exact,泗县张楼周边,[],"[""伪区长（张海生爪牙）""]",抗日战争时期,"",伪职：伪区长（张海生爪牙）；罪行：张海生心腹，出任伪区长，协助推行伪化，抓捕迫害基层抗日干部群众。；结局：解放后镇压处决。,[],"2026-08-27 03:29:02.105302","2026-08-27 03:29:02.105302",,,,,
"083da808e75c4bd2a51a2ec3949c3a8b",汪兆乾,,,,,exact,exact,沭阳胡集一带,[],"[""伪沭阳县伪军大队长""]",抗日战争时期,"",伪职：伪沭阳县伪军大队长；罪行：手上杀害群众七十余人，下乡扫荡烧杀劫掠，祸害胡集周边乡村，群众愤恨极大中共宿迁市...。；结局：胡集区公审枪决。,[],"2026-08-27 03:29:02.100413","2026-08-27 03:29:02.100413",,,,,
"084e2db74df24b72afa7f4910fd639b8",魏铭,,,,,exact,exact,厚和,[],"[""学生叛徒；1940 告密出卖绥蒙各界抗日救国会，制造厚和大惨案，190 多人被捕，百余人惨死，地下组织遭到毁灭性破坏，出卖刘洪雄等革命志士。""]",抗日战争时期,"",伪职：学生叛徒；1940 告密出卖绥蒙各界抗日救国会，制造厚和大惨案，190 多人被捕，百余人惨死，地下组织遭到毁灭性破坏，出卖刘洪雄等革命志士。；结局：抗战胜利后公审枪决,[],"2026-08-27 03:29:02.084838","2026-08-27 03:29:02.084838",,,,,
"08a5159c47484b1a826e71fc830cef2a",王绍武,,,,,exact,exact,平遥,[],"[""伪平遥警备大队长""]",抗日战争时期,"",伪职：伪平遥警备大队长；罪行：率伪军下乡清乡，抓捕抗日干部群众。；结局：解放后镇压处决,[],"2026-08-27 03:29:02.088884","2026-08-27 03:29:02.088884",,,,,
"08bdc35232da46f094da7daac77abc1c",高振武,,,,,exact,exact,"",[],"[""伪盘山县县长""]",抗日战争时期,"",伪职：伪盘山县县长；罪行：强化户口管控，配合日伪治安肃正。；结局：战后汉奸罪惩处。,[],"2026-08-27 03:29:02.093187","2026-08-27 03:29:02.093187",,,,,
"08cafbb5061f45d09b27f9fe5a7a7a9c",董九吉,,,,,exact,exact,怀来桑园,[],"[""联庄会头目，后投敌；制造桑矾救国会惨案，杀害我方干部，逮捕大批救国会人员送交日军，严重破坏宣涿怀根据地。""]",抗日战争时期,"",伪职：联庄会头目，后投敌；制造桑矾救国会惨案，杀害我方干部，逮捕大批救国会人员送交日军，严重破坏宣涿怀根据地。；结局：怀来解放后公审枪决,[],"2026-08-27 03:29:02.083003","2026-08-27 03:29:02.083003",,,,,
"090cbb14bfa04c66b91254816ae069cb",李宝琏,,,,,"","",东北,[],"[""军长"", ""师长""]",抗日战争时期,伪军,伪任职务：伪伪军 13 师师长，驻防鄂北随州、枣阳，多次扫荡根据地。结局：抗战胜利被国民党收编，后被俘判刑,[],"2026-08-26 17:52:47","2026-08-26 17:52:47",,,,,
"09274a2cd95f4b4f9a4d9c501ec6dcd0",宋殿元,,,,,exact,exact,河北康保,[],"[""伪讨伐队头目，长期活动包头周边；烧杀淫掠，血债极多。""]",抗日战争时期,"",伪职：伪讨伐队头目，长期活动包头周边；烧杀淫掠，血债极多。；结局：1951 包头人民广场公审枪决,[],"2026-08-27 03:29:02.085168","2026-08-27 03:29:02.085168",,,,,
"093617f696e449c4b3566fe1cfb9b454",方日中,,,,,exact,exact,福州城区,[],"[""维持会委员""]",抗日战争时期,"",伪职：维持会委员；罪行：参与维持会各项事务，搜刮物资；日军冲突中被当场打死。；结局：1944 年被日军打死。,[],"2026-08-27 03:29:02.080967","2026-08-27 03:29:02.080967",,,,,
"0978d974b64248fb934024b4f28b9ffc",陈少安,,,,,"","",重庆袍哥头目,[],"[""特务""]",抗日战争时期,汪伪政权,伪任职务：暗中和上海汪伪特务机关通信，在重庆散布 “抗战必败” 投降谣言，发展下线情报眼线。。结局：抗战期间被逮捕判刑,[],"2026-08-26 17:52:47","2026-08-26 17:52:47",,,,,
"09872c356a784e8682d24f26c1c79aab",卜兆祥,,,,,exact,exact,陶林,[],"[""伪陶林县县长；灰腾梁草原前沿，修筑大量据点，配合伪蒙古军扫荡大青山东部。""]",抗日战争时期,"",伪职：伪陶林县县长；灰腾梁草原前沿，修筑大量据点，配合伪蒙古军扫荡大青山东部。；结局：战后汉奸罪判处徒刑,[],"2026-08-27 03:29:02.087079","2026-08-27 03:29:02.087079",,,,,
"0a0770b01d734807a9b4a4b1beb9ea0d",郭宝森,,,,,exact,exact,"",[],"[""伪抚顺市首任副市长（华人最高职位）""]",抗日战争时期,"",伪职：伪抚顺市首任副市长（华人最高职位）；罪行：伪市公署二把手，协助日本市长推行保甲、劳工强征、物资统制，配合对煤矿工人镇压。；结局：抗战胜利后以汉奸罪逮捕判刑。,[],"2026-08-27 03:29:02.091339","2026-08-27 03:29:02.091339",,,,,
"0a0b071973224aa6b7761e5caa748925",翁祚炳,,,,,"","",海南琼海,[],"[""维持会""]",抗日战争时期,汪伪政权,伪任职务：乐会伪维持会重要头目，管理地方伪警察武装，战后被捕判刑入狱。结局：刑满释放，1949 年病逝,[],"2026-08-26 17:52:47","2026-08-26 17:52:47",,,,,
"0a18fe585a6d454e87ba5a66a9c673e2",毛有才,,,,,exact,exact,郎溪汤桥、双庙,[],"[""便衣汉奸队长""]",抗日战争时期,"",伪职：便衣汉奸队长；罪行：带队下乡武装抢粮，逼迫乡民缴纳伪捐，骚扰游击区村庄。；结局：作战被击溃，战后肃奸逮捕重判。,[],"2026-08-27 03:29:02.106482","2026-08-27 03:29:02.106482",,,,,
"0a2bb4981aa14b9088c5006ad0ac69d9",杜绍先,,,,,exact,exact,景县,[],"[""伪景县警备大队长；伪军铁杆，多次下乡清乡。""]",抗日战争时期,"",伪职：伪景县警备大队长；伪军铁杆，多次下乡清乡。；结局：景县解放被俘处决,[],"2026-08-27 03:29:02.084676","2026-08-27 03:29:02.084676",,,,,
"0a4c774aa71d463fae0be888a637ec9e",单俊卿,,,,,exact,exact,固镇湖沟集,[],"[""伪湖沟集伪军司令""]",抗日战争时期,"",伪职：伪湖沟集伪军司令；罪行：青帮头目，盘踞湖沟，拥有千余伪军武装；控制浍河航运，抓捕地下交通人员，策动我方队伍叛变，鱼肉沿淮百姓。；结局：抗战胜利后被国民党收编；解放后镇反公审枪决。,[],"2026-08-27 03:29:02.105254","2026-08-27 03:29:02.105254",,,,,
"0a4ce6b3314b488c88e27f8c819ecc7a",郑天福,,,,,exact,exact,东山近海、东山登陆作战,[],"[""伪伪军支队司令""]",抗日战争时期,"",伪职：伪伪军支队司令；罪行：率伪军配合日军多次登陆东山，占领陈城、港口等村镇，劫掠村庄，抓捕百姓。；结局：败退广东，战后肃奸逮捕判刑。,[],"2026-08-27 03:29:02.079361","2026-08-27 03:29:02.079361",,,,,
"0a572d988dc047aeb7338af33c373136",齐耀武,,,,,exact,exact,宝清县城及全县,[],"[""伪宝清县县长""]",抗日战争时期,"",伪职：伪宝清县县长；罪行：伪满主政宝清，推行粮食出荷、集团部落政策；杨保贵被抗联消灭后，篡改县志掩盖伪军惨败事实，掩盖汉奸罪行。；结局：日本投降后潜逃，后被捕获审判。,[],"2026-08-27 03:29:02.098144","2026-08-27 03:29:02.098144",,,,,
"0a633b642bd8499e84d8a78fadf1abdf",王怀义,,,,,exact,exact,灵璧县城,[],"[""伪灵璧县县长""]",抗日战争时期,"",伪职：伪灵璧县县长；罪行：伪淮海省委任，主持灵璧伪政权，扩充伪保安队，配合日军扫荡灵北抗日根据地，强征粮饷劳工。；结局：抗战胜利后肃奸公审死刑。,[],"2026-08-27 03:29:02.105355","2026-08-27 03:29:02.105355",,,,,
"0a74aa80270741cfac9498bfde4a0379",李桂芳,,,,,exact,exact,平山县城,[],"[""青帮头子，新民会骨干；多次向日军告密，致使我方夜袭平山县城计划泄露，造成重大损失河北省老区...。""]",抗日战争时期,"",伪职：青帮头子，新民会骨干；多次向日军告密，致使我方夜袭平山县城计划泄露，造成重大损失河北省老区...。；结局：抗战胜利后镇压处决,[],"2026-08-27 03:29:02.084266","2026-08-27 03:29:02.084266",,,,,
"0a9195d46c6f4fa886f43d5f9e4a71f3",李忠镐,,,,,exact,exact,徐楼（旧属萧县，杜集北部）,"[""李七猴""]","[""徐楼维持会会长""]",抗日战争时期,"",伪职：徐楼维持会会长；罪行：大地主，勾结曹村车站日军，建立徐楼伪据点；横征暴敛，抓捕抗日人员，破坏基层抗日活动。；结局：新四军攻打徐楼据点，弃寨逃往徐州；抗战胜利后被缉拿归案判刑。,[],"2026-08-27 03:29:02.104207","2026-08-27 03:29:02.104207",,,,,
"0aada3ca63814872bdccfc9cfa94098e",阎传绂,,,,,exact,exact,大连（旅大派）,[],"[""伪满司法部大臣、伪吉林省长""]",抗日战争时期,"",伪职：伪满司法部大臣、伪吉林省长；罪行：大连出身，长期在伪满高层，配合日本殖民统治。；结局：抚顺战犯管理所关押，后特赦。,[],"2026-08-27 03:29:02.091089","2026-08-27 03:29:02.091089",,,,,
"0ab8443ee169413dabc684cd755aef81",常尧臣,,,,,"","",吉林,[],"[""军长"", ""旅长""]",抗日战争时期,汪伪政权,伪任职务：原东北军骑兵旅长，随熙洽投敌，伪吉林警备军将领。结局：苏军逮捕，抚顺战犯管理所，病亡狱中,[],"2026-08-26 17:52:47","2026-08-26 17:52:47",,,,,
"0ad70c947af647558a6a6a7c54ffcb7e",李毓田,,,,,exact,exact,"",[],"[""伪文水县县长""]",抗日战争时期,"",伪职：伪文水县县长；罪行：组建文水伪政权，修筑炮楼，推行保甲连坐，配合日军扫荡文水山区。；结局：抗战胜利逮捕判刑,[],"2026-08-27 03:29:02.090424","2026-08-27 03:29:02.090424",,,,,
"0af12db5270d4f33be925dc340c5eb10",李黑马,,,,,exact,exact,襄垣,[],"[""伪襄垣警备大队长""]",抗日战争时期,"",伪职：伪襄垣警备大队长；罪行：伪军头目，多次袭扰襄垣周边根据地村庄。；结局：被俘后处决。,[],"2026-08-27 03:29:02.087930","2026-08-27 03:29:02.087930",,,,,
"0af5fa813d6a44668e755dd8a876ba40",沈丽卿,,,,,exact,exact,德清新市,[],"[""伪新市区区长""]",抗日战争时期,"",伪职：伪新市区区长；罪行：新市伪政权主官，签发良民证，推行保甲，压榨乡镇百姓，为日军搜集物资德清新闻网。；结局：解放后逮捕执行枪决。,[],"2026-08-27 03:29:02.101981","2026-08-27 03:29:02.101981",,,,,
"0b1f59f3e8f343d5b37a03596459b223",张从龙,,,,,exact,exact,"",[],"[""末代伪安泽县县长""]",抗日战争时期,"",伪职：末代伪安泽县县长；罪行：维持日伪末期统治，强征物资壮丁。；结局：光复后逮捕判刑,[],"2026-08-27 03:29:02.090256","2026-08-27 03:29:02.090256",,,,,
"0b2ab6e109784f428cf1b6fdbf8902e8",董世昌,,,,,exact,exact,包头,[],"[""伪包头商会会长；日伪时期管控皮毛商贸，为日军筹集物资；1940 被日军怀疑通敌逮捕。""]",抗日战争时期,"",伪职：伪包头商会会长；日伪时期管控皮毛商贸，为日军筹集物资；1940 被日军怀疑通敌逮捕。；结局：押解张家口杀害,[],"2026-08-27 03:29:02.085151","2026-08-27 03:29:02.085151",,,,,
"0b4e3a8797ce41b0a2f6f07ae1204660",李阿福,,,,,exact,exact,安溪县城、湖头,[],"[""安溪潜伏谍报联络员""]",抗日战争时期,"",伪职：安溪潜伏谍报联络员；罪行：伪装逃难商人，受土桥大郎 “生命保险株式会社” 间谍机关指使，在安溪、永春联络地方败类，搜集闽西、闽中军政情报。；结局：被保安团抓捕，军法处置。,[],"2026-08-27 03:29:02.079708","2026-08-27 03:29:02.079708",,,,,
"0b59e36ca5a748fbb4b421fd9f37f1eb",宋易之,,,,,exact,exact,"",[],"[""末代伪获鹿县知事（1943‑1945.8），配合治安强化运动。""]",抗日战争时期,"",伪职：末代伪获鹿县知事（1943‑1945.8），配合治安强化运动。；结局：1946 年江苏高等法院判处有期徒刑,[],"2026-08-27 03:29:02.089564","2026-08-27 03:29:02.089564",,,,,
"0b6b3191972e424289874374554365a7",韦美廷,,,,,"","",广西柳江百朋,[],"[""特务"", ""维持会""]",抗日战争时期,汪伪政权,伪任职务：百朋乡伪维持会长，组建便衣特务队，残害当地群众。结局：抗战胜利公审处死,[],"2026-08-26 17:52:47","2026-08-26 17:52:47",,,,,
"0b790e527b0842468e7d15ac63f0cd1f",徐渐九,,,,,exact,exact,"",[],"[""伪抚顺市副市长""]",抗日战争时期,"",伪职：伪抚顺市副市长；罪行：接续伪市政，执行日伪战时物资搜刮，管控城市户口、劳工摊派。；结局：光复后逮捕判刑。,[],"2026-08-27 03:29:02.091351","2026-08-27 03:29:02.091351",,,,,
"0b7b03187cf84a80b83d68c68b2313bf",徐翻译,,,,,exact,exact,嵊县甘霖,[],"[""嵊县日军据点翻译特务""]",抗日战争时期,"",伪职：嵊县日军据点翻译特务；罪行：日军翻译，助纣为虐，多次告密抓捕爱国群众，民愤极大。；结局：被抗日志士设计锄奸处决。,[],"2026-08-27 03:29:02.101767","2026-08-27 03:29:02.101767",,,,,
"0b99d4a85f914d56a80e4699f578b2a9",王季章,,,,,exact,exact,冀东,[],"[""伪冀南道后期道尹、伪顺德道道尹，任职四年；推行治安强化运动，统筹 15 县清乡、修筑炮楼封锁沟，奴化教育。""]",抗日战争时期,"",伪职：伪冀南道后期道尹、伪顺德道道尹，任职四年；推行治安强化运动，统筹 15 县清乡、修筑炮楼封锁沟，奴化教育。；结局：1943 调走，抗战胜利后判处无期徒刑,[],"2026-08-27 03:29:02.082015","2026-08-27 03:29:02.082015",,,,,
"0bd0795edfdd465483f84651c28906e1",杨晋源,,,,,exact,exact,营口,[],"[""九一八后伪营口县首任知事（县长）""]",抗日战争时期,"",伪职：九一八后伪营口县首任知事（县长）；罪行：日军占领营口后立即投降，组建伪营口县公署；协助日军接管城市，张贴安民布告，维持殖民统治，镇压本地反日活动，实权掌握在日本参事官手中。；结局：抗战胜利后以汉奸罪逮捕判刑。,[],"2026-08-27 03:29:02.092641","2026-08-27 03:29:02.092641",,,,,
"0be7bb6a298744b499aee04a7ec86941",于祯,,,,,exact,exact,伊春老钱柜、汤旺河林区,"[""于四炮""]","[""伪汤原山林警察大队大队长""]",抗日战争时期,"",伪职：伪汤原山林警察大队大队长；罪行：受日军收买，掌控百余人山林警察武装；帮助日军盗伐小兴安岭木材，进山讨伐抗联，抓捕接济抗联的伐木工人；后经李兆麟争取一度反正，不久动摇重新倒向日军，继续围剿抗联六军根据地中共黑龙江...。；结局：1937 年被抗联六军击毙。,[],"2026-08-27 03:29:02.096829","2026-08-27 03:29:02.096829",,,,,
"0bebc6e1356a4cdca9bd69e66c0f868a",韩守田,,,,,exact,exact,阜南北部边境（靠近怀远沦陷区）,[],"[""走私资敌劣绅""]",抗日战争时期,"",伪职：走私资敌劣绅；罪行：地主，私设通道，向沦陷区输送粮食牲畜，贩卖鸦片，包庇逃亡汉奸，拒绝向抗日后方缴纳公粮。；结局：抗战胜利后肃奸审判，没收土地，有期徒刑。,[],"2026-08-27 03:29:02.105144","2026-08-27 03:29:02.105144",,,,,
"0bf8ca54c5d4481083fd878ad35ae79d",毛景春,,,,,exact,exact,江山城区,[],"[""江山维持会骨干""]",抗日战争时期,"",伪职：江山维持会骨干；罪行：协助周渭清管理市面，向各商铺摊派物资资敌。；结局：清算运动判刑。,[],"2026-08-27 03:29:02.102118","2026-08-27 03:29:02.102118",,,,,
"0c48e38fa0e34728bd36e75bbe97a1de",吴子玉,,,,,exact,exact,临榆,[],"[""伪临榆县警察局长；配合山海关宪兵队，抓捕进出关地下交通员，刑讯被捕群众。""]",抗日战争时期,"",伪职：伪临榆县警察局长；配合山海关宪兵队，抓捕进出关地下交通员，刑讯被捕群众。；结局：解放后镇反公审枪决,[],"2026-08-27 03:29:02.081353","2026-08-27 03:29:02.081353",,,,,
"0c54b699a579481ea25d80aabca4bb8d",李连生,,,,,exact,exact,丰润,[],"[""伪丰润警察所特务系长，特务头目，专门搜捕地下交通站，酷刑逼供被捕人员。""]",抗日战争时期,"",伪职：伪丰润警察所特务系长，特务头目，专门搜捕地下交通站，酷刑逼供被捕人员。；结局：解放后清算处死,[],"2026-08-27 03:29:02.091781","2026-08-27 03:29:02.091781",,,,,
"0c68a8a364b4444eb10f655b5600d84c",尚连生,,,,,exact,exact,黑河‑北安边境地带,[],"[""抗联内部奸细、日伪特务""]",抗日战争时期,"",伪职：抗联内部奸细、日伪特务；罪行：混入抗联制造谣言离间抗联领导人，向日军出卖讷河中心县委情报，造成地下党组织重大破坏，多次给日伪提供抗联情报。；结局：解放后被逮捕判处死刑。,[],"2026-08-27 03:29:02.098273","2026-08-27 03:29:02.098273",,,,,
"0c72b1412d254990b21015a3566d513b",亢锦荣,,,,,exact,exact,武川,[],"[""伪武川县县长；武川是大青山根据地核心敌占据点，推行集家并村，制造无人区。""]",抗日战争时期,"",伪职：伪武川县县长；武川是大青山根据地核心敌占据点，推行集家并村，制造无人区。；结局：战后逮捕，判处无期徒刑,[],"2026-08-27 03:29:02.084955","2026-08-27 03:29:02.084955",,,,,
"0c7e0d026f0e4f4dbb4ced4c0e2372eb",莫辅亭,,,,,exact,exact,临榆,[],"[""城子庄伪保卫团团长；管控秦皇岛近郊，搜集游击武装情报，抓捕城郊潜伏人员。""]",抗日战争时期,"",伪职：城子庄伪保卫团团长；管控秦皇岛近郊，搜集游击武装情报，抓捕城郊潜伏人员。；结局：解放后镇反公审处决,[],"2026-08-27 03:29:02.081370","2026-08-27 03:29:02.081370",,,,,
"0c836e9678c24942bd09f1add6e7dd63",刘本功,,,,,"","",山东济宁,[],"[""军长"", ""司令"", ""县长""]",抗日战争时期,伪军,伪任职务：伪郓城县长、伪警备司令，外号活阎王，鲁西重要伪军，制造多起惨案。结局：1946 年济南被处决,[],"2026-08-26 17:52:47","2026-08-26 17:52:47",,,,,
"0c913bbff1a84e7a8c602add0b17766b",宫选三,,,,,exact,exact,铁力县城,[],"[""伪铁力维持会会长，地主""]",抗日战争时期,"",伪职：伪铁力维持会会长，地主；罪行：日伪时期依附日本；日本投降后组建维持会，收拢伪警察、地主武装，抗拒民主政权接收。；结局：1946 年反奸清算公审处决。,[],"2026-08-27 03:29:02.096898","2026-08-27 03:29:02.096898",,,,,
"0c9f1b6ee67e4864b4f7501efceff918",杨保贵,,,,,exact,exact,宝清本德堡,[],"[""伪宝清四区自卫大队大队长（地主）""]",抗日战争时期,"",伪职：伪宝清四区自卫大队大队长（地主）；罪行：地主武装头目，受日军委任，率领 80 余人伪自卫团，搜捕接济抗联百姓，盘剥残害乡民。；结局：1933 年被抗日武装伏击生擒处决。,[],"2026-08-27 03:29:02.098120","2026-08-27 03:29:02.098120",,,,,
"0ca0316e35144ac0bf9af25d52f36d82",达木林道尔吉,,,,,exact,exact,前郭尔罗斯前旗,"[""达木扎布""]","[""伪郭尔罗斯前旗旗长""]",抗日战争时期,"",伪职：伪郭尔罗斯前旗旗长；罪行：伪满时期执行日本各项政令；日本投降后组织维持会、治安队，继续把持地方，对抗民主政权。；结局：被民主政府逮捕审判。,[],"2026-08-27 03:29:02.095400","2026-08-27 03:29:02.095400",,,,,
"0ca1435b7c134937a1e729fc762dfd9e",缪斌,,,,,exact,exact,南京、无锡,[],"[""伪华北新民会副会长、汪伪立法院副院长（无锡籍）""]",抗日战争时期,"",伪职：伪华北新民会副会长、汪伪立法院副院长（无锡籍）；罪行：汪伪高层大汉奸，出卖国家利益；无锡缪公馆设水牢刑室，关押残害爱国志士；私下参与对日秘密媾和活动荔枝网新闻。；结局：1946 年苏州以汉奸罪枪决，是战后首个被处决的汪伪高官。,[],"2026-08-27 03:29:02.098632","2026-08-27 03:29:02.098632",,,,,
"0ccdb88165514a5182ffc658bc8ee7c2",张逸舟,,,,,"","",福建闽侯,[],"[""军长"", ""司令"", ""总司令""]",抗日战争时期,伪军,伪任职务：闽东海上海军伪军总司令，盘踞马祖、平潭海面，劫掠商船，为日军充当海上武装。结局：日本投降后被国民党收编，后解体，本人潜逃,[],"2026-08-26 17:52:47","2026-08-26 17:52:47",,,,,
"0d462b5e589d4f2d84910d9242393a8a",田杰,,,,,exact,exact,"",[],"[""首任伪安泽县县长""]",抗日战争时期,"",伪职：首任伪安泽县县长；罪行：建立安泽伪政权，设立宪兵、剿共对策委员会，迫害根据地军民，杀害百姓五百余人临汾新闻网。；结局：战后逮捕判刑,[],"2026-08-27 03:29:02.090239","2026-08-27 03:29:02.090239",,,,,
"0d48bd55f64c461d8dede7c841a3720b",王秉孝,,,,,exact,exact,"",[],"[""末代伪邯郸县县长，配合王冠英固守县城，强征粮草民夫加固城防邯郸党史网。""]",抗日战争时期,"",伪职：末代伪邯郸县县长，配合王冠英固守县城，强征粮草民夫加固城防邯郸党史网。；结局：邯郸解放被俘，汉奸罪判处长期徒刑,[],"2026-08-27 03:29:02.078415","2026-08-27 03:29:02.078415",,,,,
"0d53477eb4274057bc5a2b20f0cc6d55",段炳炎,,,,,exact,exact,五台,[],"[""伪五台警备大队长""]",抗日战争时期,"",伪职：伪五台警备大队长；罪行：多次进山扫荡，制造多起村庄惨案。；结局：解放后公审枪决,[],"2026-08-27 03:29:02.089809","2026-08-27 03:29:02.089809",,,,,
"0d7be8ac30ee456c8c8e9acf1fc362ea",翁庆生,,,,,exact,exact,福州,[],"[""维持会副会长""]",抗日战争时期,"",伪职：维持会副会长；罪行：伪维持会二号人物；日军内部矛盾冲突中，被日军当场殴打致死，伪组织内部牺牲品。；结局：1944 年被日军打死。,[],"2026-08-27 03:29:02.080952","2026-08-27 03:29:02.080952",,,,,
"0d95c6df5fa84f8fbb62f329e747c350",王荫泰,,,,,"","",山西汾阳,[],"[""委员长""]",抗日战争时期,华北伪临时政府,伪任职务：伪华北政务委员会末代委员长，驻北平。结局：被捕判处徒刑，1961 年死于监狱,[],"2026-08-26 17:52:47","2026-08-26 17:52:47",,,,,
"0db0f14d348343cb974e34aa520de376",陈叔达,,,,,exact,exact,新昌县城,[],"[""伪新昌县县长""]",抗日战争时期,"",伪职：伪新昌县县长；罪行：新昌伪县政府首任县长，改组维持会，设立乡镇伪公所，强征民夫物资，推行奴化宣传今日新昌数...。；结局：抗战胜利后汉奸审判惩处。,[],"2026-08-27 03:29:02.101611","2026-08-27 03:29:02.101611",,,,,
"0dbb872082a24563aee53e723d8e2ba5",刘汉章,,,,,exact,exact,哈尔滨‑一面坡,[],"[""原东北军团长，伪自卫团头目""]",抗日战争时期,"",伪职：原东北军团长，伪自卫团头目；罪行：九一八后勾结叶永年投敌，组建伪自卫团，围剿抗日武装，残害群众抖音百科。；结局：抗战胜利后被清算。,[],"2026-08-27 03:29:02.095738","2026-08-27 03:29:02.095738",,,,,
"0df78338c23d4dd3a8b121aa1ab93e73",金小苏,,,,,exact,exact,东台城区,[],"[""伪东台侦缉队队长""]",抗日战争时期,"",伪职：伪东台侦缉队队长；罪行：侦缉汉奸，网罗流氓爪牙，告密、抓捕爱国群众，敲诈商户。；结局：公审枪决盐城市史志...。,[],"2026-08-27 03:29:02.099884","2026-08-27 03:29:02.099884",,,,,
"0e10d42da8eb45b99972e704d55db1e9",陈季安,,,,,exact,exact,定海城区,[],"[""伪定海自治会副会长、继任会长，城道特别市市长""]",抗日战争时期,"",伪职：伪定海自治会副会长、继任会长，城道特别市市长；罪行：协助丁紫垣处理伪政务，管控城区市面，搜刮物资资敌舟山日报。；结局：1940‑03‑09 遭抗日武装袭击身受重伤；后短暂接任会长，抗战胜利后逮捕惩处。,[],"2026-08-27 03:29:02.102266","2026-08-27 03:29:02.102266",,,,,
"0e1cd92a854c465cb888ca9b3abd8adf",吴漱泉,,,,,exact,exact,淮城（淮安区）,"[""吴独膀子""]","[""伪淮海省第五支队司令，伪军城防司令""]",抗日战争时期,"",伪职：伪淮海省第五支队司令，伪军城防司令；罪行：土匪出身，被俘投敌，手握四千余伪军；运河沿线劫掠百姓，抓捕平民服苦役；日本投降后接受国民党收编死守淮城，拒不投降，疯狂迫害城内进步人士。；结局：1945 年 9 月新四军攻克淮安城，战斗中被击毙。,[],"2026-08-27 03:29:02.099377","2026-08-27 03:29:02.099377",,,,,
"0e36782fd7a5429292d443ec97d76230",刁九龄,,,,,exact,exact,涿县,[],"[""伪涿县警备联队长；伪军主力，驻守涿县城、码头据点。""]",抗日战争时期,"",伪职：伪涿县警备联队长；伪军主力，驻守涿县城、码头据点。；结局：涿县解放被俘枪决,[],"2026-08-27 03:29:02.082746","2026-08-27 03:29:02.082746",,,,,
"0e3d5ec0fe4c4a6485452498ab170bec",惠锡良,,,,,exact,exact,芜湖,[],"[""特工警卫队队长""]",抗日战争时期,"",伪职：特工警卫队队长；罪行：特务武装头目，负责看守被捕人员，参与特务抓捕行动中国人民政...。；结局：肃奸运动镇压。,[],"2026-08-27 03:29:02.103363","2026-08-27 03:29:02.103363",,,,,
"0e4962f8e8984ce98e16daf50bd94d2f",赵风山,,,,,exact,exact,深县,[],"[""伪深县警备联队长；伪军主力，反复扫荡深县乡村，破坏地道。""]",抗日战争时期,"",伪职：伪深县警备联队长；伪军主力，反复扫荡深县乡村，破坏地道。；结局：深县解放被俘枪决,[],"2026-08-27 03:29:02.084585","2026-08-27 03:29:02.084585",,,,,
"0e56ab09fd3e455b80db4bb6d33be0f3",刘云程,,,,,exact,exact,兴城,[],"[""九一八后兴城维持会委员长""]",抗日战争时期,"",伪职：九一八后兴城维持会委员长；罪行：日军占领兴城，主动组织士绅投降，组建地方伪维持会，协助日军接管县城，收缴民间武器，镇压地方抗日活动。；结局：抗战胜利逮捕，汉奸罪判刑。,[],"2026-08-27 03:29:02.093753","2026-08-27 03:29:02.093753",,,,,
"0e9c953a228d471d9bafb91f597df99f",金荣桂,,,,,exact,exact,哈尔滨,[],"[""第一任伪哈尔滨警察厅厅长""]",抗日战争时期,"",伪职：第一任伪哈尔滨警察厅厅长；罪行：九一八后投日，组建伪哈尔滨警察厅，搭建镇压抗日运动的整套伪警机构。；结局：伪满后期病死。,[],"2026-08-27 03:29:02.095681","2026-08-27 03:29:02.095681",,,,,
"0ea481d870f34f5897531a8779f422e3",王庆龙,,,,,exact,exact,萝北‑鹤立交界,[],"[""地方叛徒密探""]",抗日战争时期,"",伪职：地方叛徒密探；罪行：出卖抗联地下交通站，泄露交通站人员、地点、活动规律，致使多名地下工作人员被捕遇害。；结局：解放后被清算镇压。,[],"2026-08-27 03:29:02.096436","2026-08-27 03:29:02.096436",,,,,
"0ea7ee8934e84bdab19ebdc526cf6558",吴如田,,,,,exact,exact,任县,[],"[""伪邢台警备二大队大队长，代理副联队长。""]",抗日战争时期,"",伪职：伪邢台警备二大队大队长，代理副联队长。；结局：城破被俘，判处长期徒刑,[],"2026-08-27 03:29:02.082055","2026-08-27 03:29:02.082055",,,,,
"0ec29d13f64841dda5093384fd94241f",张梦符,,,,,exact,exact,成安,[],"[""伪成安警备队长；带领伪军袭扰周边村庄，迫害抗日家属。""]",抗日战争时期,"",伪职：伪成安警备队长；带领伪军袭扰周边村庄，迫害抗日家属。；结局：1945 年成安解放被俘处决,[],"2026-08-27 03:29:02.080785","2026-08-27 03:29:02.080785",,,,,
"0ec6c29f218545e0942d484c774735a4",董树棠,,,,,exact,exact,盱眙县城,[],"[""伪盱眙保安大队副大队长""]",抗日战争时期,"",伪职：伪盱眙保安大队副大队长；罪行：执掌伪保安武装，配合特工队下乡扫荡盱嘉支队，捣毁乡村抗日救国会，抓捕杀害爱国群众宿迁日报。；结局：抗战胜利后汉奸罪判刑。,[],"2026-08-27 03:29:02.099442","2026-08-27 03:29:02.099442",,,,,
"0ee07b3adc204f83b9e682fd708f63aa",张勉,,,,,"","",浙江嘉兴,[],"[""军长"", ""清乡"", ""县长""]",抗日战争时期,汪伪政权,伪任职务：伪嘉兴县县长，协助日军掠夺蚕丝粮食，推行清乡。结局：抗战胜利公审枪决,[],"2026-08-26 17:52:47","2026-08-26 17:52:47",,,,,
"0ee53366f016494bb7d7f1ba200f2369",傅式说,,,,,"","",浙江乐清,[],"[""省级长官"", ""清乡""]",抗日战争时期,汪伪政权,伪任职务：伪浙江省省长、杭州绥靖主任，推行清乡，搜刮浙西物资。结局：1947 年上海高等法院判处死刑枪决,[],"2026-08-26 17:52:47","2026-08-26 17:52:47",,,,,
"0f0460ed4f0640838a1611dde44b335c",吴赞周,,,,,exact,exact,正定,[],"[""正定维持会会长、首任伪正定县知事，后升任伪河北省省长、真定道尹，河北头号大汉奸，统筹治安强化运动、五一大扫荡，强征民夫修炮楼封锁沟。""]",抗日战争时期,"",伪职：正定维持会会长、首任伪正定县知事，后升任伪河北省省长、真定道尹，河北头号大汉奸，统筹治安强化运动、五一大扫荡，强征民夫修炮楼封锁沟。；结局：北平解放后判无期徒刑，1949 年狱中病亡,[],"2026-08-27 03:29:02.084169","2026-08-27 03:29:02.084169",,,,,
"0f0d9fcf33754a5a9c0b36262d4f2e63",许陟九,,,,,exact,exact,元氏,[],"[""伪保安大队首任大队长，500 人伪军主力，捕杀共产党员、抗日群众，多次袭击游击队。""]",抗日战争时期,"",伪职：伪保安大队首任大队长，500 人伪军主力，捕杀共产党员、抗日群众，多次袭击游击队。；结局：被伪县长王倜设计排挤，内部火拼后逃亡，解放后抓捕处决石家庄新闻...,[],"2026-08-27 03:29:02.084339","2026-08-27 03:29:02.084339",,,,,
"0f1e56dd32de46ed93c0723e645009be",赵仲达,,,,,exact,exact,"",[],"[""伪抚顺县后期县长""]",抗日战争时期,"",伪职：伪抚顺县后期县长；罪行：推行集家归屯（集团部落），拆毁村庄，逼迫百姓入部落，制造大量难民，配合围剿抗联。；结局：战后逮捕判刑。,[],"2026-08-27 03:29:02.091384","2026-08-27 03:29:02.091384",,,,,
"0f2b543477384f29950b78bb7ee9b646",章荣高,,,,,exact,exact,贵池县城,[],"[""贵池日伪特务骨干""]",抗日战争时期,"",伪职：贵池日伪特务骨干；罪行：与李少白派系倾轧，罗织罪名株连普通民众，18 名百姓被日军集体杀害于西门毛儿山脚。；结局：抗战胜利后汉奸审判伏法。,[],"2026-08-27 03:29:02.105850","2026-08-27 03:29:02.105850",,,,,
"0f61275ac8b946328b38797b9adf707d",色登道尔吉,,,,,exact,exact,准格尔旗,[],"[""准格尔旗西协理，蒙奸；暗通包头日本特务机关，鼓动准格尔旗上层投靠日伪，为日军搜集黄河沿线情报。""]",抗日战争时期,"",伪职：准格尔旗西协理，蒙奸；暗通包头日本特务机关，鼓动准格尔旗上层投靠日伪，为日军搜集黄河沿线情报。；结局：被白凤翔扣押，后交国民政府处置，判刑,[],"2026-08-27 03:29:02.085989","2026-08-27 03:29:02.085989",,,,,
"0f9fb1366d04457fbb29063eb5ae0988",谢介石,,,,,exact,exact,台湾新竹,[],"[""伪吉林省交涉署署长、伪满外交部大臣""]",抗日战争时期,"",伪职：伪吉林省交涉署署长、伪满外交部大臣；罪行：台湾籍，早期投靠熙洽，参与伪满外交，出卖国家利益。；结局：1946 年被捕，病死狱中。,[],"2026-08-27 03:29:02.094406","2026-08-27 03:29:02.094406",,,,,
"0fa9bf5717f3401f8970c7de9fee4a69",刘若民,,,,,exact,exact,九江县（今浔阳区）,[],"[""伪九江难民整理委员会委员长""]",抗日战争时期,"",伪职：伪九江难民整理委员会委员长；罪行：九江1938年7月沦陷后，首批投靠日军，组织伪难民整理委员会，为日军管控难民、搜刮物资；结局：史料未明确记载其最终结局（来源：九江沦陷初期日伪临时政权首任头目）,[],"2026-08-27 03:29:02.077579","2026-08-27 03:29:02.077579",,,,,
"0ff6d71d19ff4d508d64df77b11523d3",郑德民,,,,,exact,exact,漳属沿海海域,[],"[""伪和平救国军副司令""]",抗日战争时期,"",伪职：伪和平救国军副司令；罪行：张逸舟副手，带队窜犯东山、云霄近海，劫掠船只，搜捕海上抗日人员。；结局：战后肃奸逮捕判刑。,[],"2026-08-27 03:29:02.079398","2026-08-27 03:29:02.079398",,,,,
"104c0e3827514feb8c0ec794134e0dbc",朱玉升,,,,,exact,exact,抚顺发电厂,[],"[""伪生计所头目""]",抗日战争时期,"",伪职：伪生计所头目；罪行：克扣工人口粮，发放霉变粮食；侦查迫害工人中的反日分子；投降后继续把持电厂会计。；结局：反奸清算逮捕判刑。,[],"2026-08-27 03:29:02.091440","2026-08-27 03:29:02.091440",,,,,
"104f99f545bb40d3b307cefd9a0f6fcb",王二虎,,,,,exact,exact,辽源煤矿,[],"[""矿上特务、矿警小头目""]",抗日战争时期,"",伪职：矿上特务、矿警小头目；罪行：充当日本人爪牙，在矿区告密、殴打迫害矿工，抓捕逃跑劳工。；结局：解放后群众公审处决。,[],"2026-08-27 03:29:02.095087","2026-08-27 03:29:02.095087",,,,,
"1055e591567b4ca292b930df5ae1c73a",贺春亭,,,,,exact,exact,宿城全境,[],"[""宿迁宪兵队情报队长（地痞出身）""]",抗日战争时期,"",伪职：宿迁宪兵队情报队长（地痞出身）；罪行：投靠日军，将女儿嫁给日本军官获取信任；主持情报特务队，罗织 “通八路” 罪名敲诈商户百姓，残害大批爱国人士，血债累累中共宿迁市...。；结局：1945 年惩奸公审大会枪决。,[],"2026-08-27 03:29:02.100544","2026-08-27 03:29:02.100544",,,,,
"1099fc8e6dfb4c4098dcc6367da263b1",旺钦帕尔赉,,,,,exact,exact,阿鲁科尔沁,[],"[""伪兴安西省省长；原阿鲁科尔沁王爷，投靠伪满，操纵蒙旗行政，征调蒙古骑兵配合日军扫荡。""]",抗日战争时期,"",伪职：伪兴安西省省长；原阿鲁科尔沁王爷，投靠伪满，操纵蒙旗行政，征调蒙古骑兵配合日军扫荡。；结局：战后关押，特赦释放,[],"2026-08-27 03:29:02.085551","2026-08-27 03:29:02.085551",,,,,
"10c747a6c73940ecad0d9f61f582cf30",姜雨村,,,,,exact,exact,文水,[],"[""云周西村伪村长""]",抗日战争时期,"",伪职：云周西村伪村长；罪行：投靠日伪，充当据点耳目，敲诈百姓，出卖抗日人员情报。；结局：抗战时期被我方锄奸处决,[],"2026-08-27 03:29:02.090439","2026-08-27 03:29:02.090439",,,,,
"10c8b8d083044a4284c0a73ec615502c",王作新,,,,,exact,exact,白城县（洮安）,[],"[""伪白城教员，国民党洮安县党部执委""]",抗日战争时期,"",伪职：伪白城教员，国民党洮安县党部执委；罪行：伪满时期推行奴化教育；光复后拉拢伪官吏、地主组建反动党部，发展势力对抗民主政权。；结局：解放后镇压反革命时期处理。,[],"2026-08-27 03:29:02.095556","2026-08-27 03:29:02.095556",,,,,
"10d7f89b45034425b7a540367da6d838",谷振之,,,,,exact,exact,台北县（今大丰大中集）,[],"[""伪淮海垦区伪军旅长""]",抗日战争时期,"",伪职：伪淮海垦区伪军旅长；罪行：兵痞投敌，盘踞大中集垦区，把持沿海垦区；抓捕残害抗日干部群众，横征暴敛，修筑多处据点固守。；结局：1945 年大中集战斗被新四军击毙盐城市史志...。,[],"2026-08-27 03:29:02.099809","2026-08-27 03:29:02.099809",,,,,
"10dbe3ef86af4ee2880e2085f8926c7c",赫奎武,,,,,exact,exact,依兰、勃利,[],"[""抗联八军副军长，叛将""]",抗日战争时期,"",伪职：抗联八军副军长，叛将；罪行：原伪满军官，加入抗联后动摇叛变，带走 200 余人投敌；受日军指派策反谢文东等人，围剿下江抗日武装。；结局：伪满后期病死。,[],"2026-08-27 03:29:02.097450","2026-08-27 03:29:02.097450",,,,,
"10df0fc625ac4fef82d6688793289aac",李鼎臣,,,,,exact,exact,"",[],"[""伪冀县县长；修筑大批碉堡，配合日军扫荡冀南根据地。""]",抗日战争时期,"",伪职：伪冀县县长；修筑大批碉堡，配合日军扫荡冀南根据地。；结局：战后逮捕判刑,[],"2026-08-27 03:29:02.084535","2026-08-27 03:29:02.084535",,,,,
"10f073ab02364f858e1e6a68e5e96d68",陶保晋（陶锡三）,,,,,"","",江宁人,[],"[""市长"", ""军长"", ""委员长""]",抗日战争时期,南京伪维新政府,伪任职务：南京沦陷后出任南京市自治委员会会长，伪维新政府立法委员；江宁籍士绅，利用地方声望协助日军维持占领秩序。主要活动在南京城，但籍贯江宁。。结局：抗战胜利以汉奸罪逮捕，病死狱中抖音百科,[],"2026-08-26 17:52:47","2026-08-26 17:52:47",,,,,
"10fa872ed5da4c82b156824e6b0173ec",宫保衡,,,,,exact,exact,宁武,[],"[""伪宁武县县长""]",抗日战争时期,"",伪职：伪宁武县县长；罪行：建立宁武伪政权，管控同蒲铁路，强征劳工，配合日军扫荡管涔山根据地。；结局：战后逮捕判刑,[],"2026-08-27 03:29:02.089896","2026-08-27 03:29:02.089896",,,,,
"10fb3cc109f14066b902ea718dc96b79",程锡庚,,,,,"","",江苏镇江,[],[],抗日战争时期,汪伪政权,伪任职务：伪天津海关监督、伪联银券天津分行经理，推行伪币掠夺经济。结局：1939 年被抗日杀奸团刺杀于天津大光明影院天津市档案...,[],"2026-08-26 17:52:47","2026-08-26 17:52:47",,,,,
"112c8c83ef1a443193d790c827314014",蓝振德,,,,,"","",台湾台南,[],"[""特务""]",抗日战争时期,汪伪政权,伪任职务：长期在大陆沦陷区活动，为日本情报机关工作，从事商贸掩护特务活动，在厦门、上海活动。。结局：福建肃奸时逮捕，审判后获释回台。,[],"2026-08-26 17:52:47","2026-08-26 17:52:47",,,,,
"116c846e42a342e6943812036f857312",丁超,,,,,"","",辽宁新宾,[],"[""省级长官""]",抗日战争时期,汪伪政权,伪任职务：先抗日后投敌，伪满通化省省长，围剿抗日武装。结局：苏军俘获，1950 年病亡抚顺战犯管理所,[],"2026-08-26 17:52:47","2026-08-26 17:52:47",,,,,
"11816a9852a64a5eb945aa34003a3eae",乐俊泉,,,,,exact,exact,吴兴练市,[],"[""练市维持会会长""]",抗日战争时期,"",伪职：练市维持会会长；罪行：沦陷初期组建练市伪维持会，懂日语，为日军征粮派夫，管控市镇商贸，搭建基层傀儡统治。；结局：抗战胜利后逮捕判刑。,[],"2026-08-27 03:29:02.101359","2026-08-27 03:29:02.101359",,,,,
"11aa045cdc2548f5b4198f6c2359bbd0",杨琢青,,,,,exact,exact,安庆城区及四乡,[],"[""继任伪怀宁县县长""]",抗日战争时期,"",伪职：继任伪怀宁县县长；罪行：接续伪县政务，扩充伪警察、伪保安武装，配合日军对洪镇、月山游击区扫荡，迫害抗日家属。；结局：肃奸运动判处重刑。,[],"2026-08-27 03:29:02.104523","2026-08-27 03:29:02.104523",,,,,
"11bb0026e53245c4830a6c91e729fc43",张阿訇（佚名）,,,,,"","",东北回族，日伪指派的说客,[],"[""军长""]",抗日战争时期,汪伪政权,伪任职务：受关东军派遣，计划潜入银川游说马鸿逵降日，鼓吹所谓 “回民自治”，还携带伪满洲国文书；尚未进入宁夏即被拦截阻止，未能入境黄埔军校同...。。结局：被扣留驱逐，未进入宁夏境内,[],"2026-08-26 17:52:47","2026-08-26 17:52:47",,,,,
"11c6bda43bde423ca67e3a5e38757856",魏永和,,,,,exact,exact,元氏,[],"[""继任伪保安大队长，元氏本地伪军最高军事头目，盘踞元氏县城、元氏车站据点。""]",抗日战争时期,"",伪职：继任伪保安大队长，元氏本地伪军最高军事头目，盘踞元氏县城、元氏车站据点。；结局：元氏解放被俘，公审枪决石家庄新闻...,[],"2026-08-27 03:29:02.084348","2026-08-27 03:29:02.084348",,,,,
"11cbfc4cd8c947768a35b8313ec473c4",马成骥,,,,,exact,exact,壶关,[],"[""伪壶关县县长（上党四大天王之一）""]",抗日战争时期,"",伪职：伪壶关县县长（上党四大天王之一）；罪行：组建壶关伪政权，指挥伪警备队清乡扫荡，抓捕抗日干部群众。；结局：抗战胜利后公审处决。,[],"2026-08-27 03:29:02.087876","2026-08-27 03:29:02.087876",,,,,
"11d21e50ccd9420cace7bde95252dd6d",王自孚,,,,,exact,exact,勃利、依兰,"[""王子孚""]","[""抗联八军三师师长，叛徒""]",抗日战争时期,"",伪职：抗联八军三师师长，叛徒；罪行：杀害抗联八军政治部主任刘曙华，率部队投降日军；充当伪讨伐队向导，破坏密营，捕杀抗联人员。；结局：解放后镇压反革命被枪决中国军网。,[],"2026-08-27 03:29:02.097005","2026-08-27 03:29:02.097005",,,,,
"12073cbea1c44fb5bdad446b0f13c708",西川一三,,,,,"","",日本籍,[],[],抗日战争时期,汪伪政权,伪任职务：伪装成藏传佛教僧人，长期潜伏塔尔寺一带，搜集西北、西藏方向情报，执行日本西北包围战略计划中国西藏网。。结局：抗战结束被俘，遣返回日本,[],"2026-08-26 17:52:47","2026-08-26 17:52:47",,,,,
"1242b4566f4b4bc894409b8d037a440f",张逸舟,,,,,exact,exact,嵛山‑三都澳外海，闽东全部海岸线,[],"[""伪福建和平救国军第二集团军总司令""]",抗日战争时期,"",伪职：伪福建和平救国军第二集团军总司令；罪行：闽海总伪军头目，司令部驻南竿塘；舰船经常出没于霞浦三沙、福鼎沙埕、蕉城三都澳海面，劫掠闽东渔船，贩运鸦片、日货，抓捕海上抗日人员。；结局：抗战胜利被军统收编，后逃亡海外。,[],"2026-08-27 03:29:02.078877","2026-08-27 03:29:02.078877",,,,,
"125a958d60924e9ca14b4ee1c108f7fb",吴显庭,,,,,exact,exact,呼玛、漠河一带,[],"[""伪呼玛县县长""]",抗日战争时期,"",伪职：伪呼玛县县长；罪行：主持呼玛伪县公署，执行集团部落、粮食掠夺，管控金矿资源，配合日军封锁中苏边境，迫害边境爱国边民。；结局：日本投降后潜逃，后被捕获审判。,[],"2026-08-27 03:29:02.098296","2026-08-27 03:29:02.098296",,,,,
"125fc3655e4342978f0c4ff78ac5331b",张爱仁,,,,,exact,exact,"",[],"[""伪军团长，驻防秦皇岛、北戴河、海阳镇；大肆破坏滦东地下情报网，杀害多名地下情报人员，残害堡垒户。""]",抗日战争时期,"",伪职：伪军团长，驻防秦皇岛、北戴河、海阳镇；大肆破坏滦东地下情报网，杀害多名地下情报人员，残害堡垒户。；结局：被日军以私通八路罪名逮捕，判处十年徒刑押解回国,[],"2026-08-27 03:29:02.094161","2026-08-27 03:29:02.094161",,,,,
"1288f9a17b9a4724b66aa0ef1dc762c5",吉兴,,,,,exact,exact,吉林（满族）,[],"[""伪第二军管区司令官（吉林），伪满上将""]",抗日战争时期,"",伪职：伪第二军管区司令官（吉林），伪满上将；罪行：原东北军，投敌；统领吉林全省伪军，在磐石、桦甸、蛟河、舒兰大规模讨伐抗联，制造集团部落，双手沾满抗联鲜血；后升任伪满尚书府大臣抖音百科。；结局：苏军逮捕，抚顺战犯管理所，1961 年特赦。,[],"2026-08-27 03:29:02.094343","2026-08-27 03:29:02.094343",,,,,
"129dac0d6bf44b119af3759d2d7b7f5c",凌霄,,,,,"","",浙江崇德,[],"[""部长"", ""军长""]",抗日战争时期,汪伪政权,伪任职务：汪伪海军部次长、代海军部长，汪伪海军头目，驻南京。。结局：汉奸罪逮捕，判处死刑,[],"2026-08-26 17:52:47","2026-08-26 17:52:47",,,,,
"12cea18143a3414f9ee9c8963d404748",何裕丰,,,,,exact,exact,"",[],"[""伪本溪市副市长""]",抗日战争时期,"",伪职：伪本溪市副市长；罪行：执行日伪战时经济搜刮，管控城市户口、劳工摊派，配合镇压工人反抗。；结局：光复后逮捕判刑。,[],"2026-08-27 03:29:02.091557","2026-08-27 03:29:02.091557",,,,,
"12d8ddca6d814109b2e2ff93d3b7c8c1",牟金义,,,,,exact,exact,抚顺龙凤矿,[],"[""龙凤矿大把头（汉奸大柜）""]",抗日战争时期,"",伪职：龙凤矿大把头（汉奸大柜）；罪行：依附日伪，开设牟家大柜，豢养大批爪牙，残酷压榨矿工，迫害反抗工人；投降后摇身充当国民党警察分局长。；结局：解放后公审枪决。,[],"2026-08-27 03:29:02.091424","2026-08-27 03:29:02.091424",,,,,
"12d9eeb433434edb93a33910b883843f",张耀枢,,,,,exact,exact,合肥城区及四乡,[],"[""继任汪伪合肥县县长""]",抗日战争时期,"",伪职：继任汪伪合肥县县长；罪行：接替方星樵执掌伪县公署，扩充伪自卫团，配合日军对城郊、店埠、上派河扫荡，破坏地下抗日组织。；结局：汉奸审判判处重刑。,[],"2026-08-27 03:29:02.102794","2026-08-27 03:29:02.102794",,,,,
"12e3ebb6966b44c89d2c6ba0979896ff",黄富俊,,,,,exact,exact,辽宁开原,[],"[""伪满兴农部大臣""]",抗日战争时期,"",伪职：伪满兴农部大臣；罪行：主管粮食 “出荷”，疯狂掠夺东北粮食供给日军。；结局：苏军逮捕，抚顺战犯管理所关押，后特赦。,[],"2026-08-27 03:29:02.093984","2026-08-27 03:29:02.093984",,,,,
"12f3ae5aa22c4371995e6ab0c344a5af",汪稚梦,,,,,exact,exact,板浦（灌云）,[],"[""灌云板浦盐商、伪维持会骨干""]",抗日战争时期,"",伪职：灌云板浦盐商、伪维持会骨干；罪行：大盐田主，依附日伪；利用盐场财力物力资助伪政权，参与游说李实甫投敌，协助日军管控淮北盐场。；结局：抗战胜利后清算判刑。,[],"2026-08-27 03:29:02.099263","2026-08-27 03:29:02.099263",,,,,
"12f4cba412a140cbadfab727f0929c3e",陆少山,,,,,exact,exact,田家庵码头,[],"[""田家庵伪商会会长""]",抗日战争时期,"",伪职：田家庵伪商会会长；罪行：经济汉奸，胁迫商户开市营业，为日军筹集煤炭、粮食、铜铁等战略物资，摊派各类苛捐。；结局：1945 年汉奸清算判处重刑。,[],"2026-08-27 03:29:02.103840","2026-08-27 03:29:02.103840",,,,,
"13081ffb3d904dd3a537e1f5d0537dcc",王连璧,,,,,exact,exact,昌黎,[],"[""伪昌黎县县长、新民会头目；推行奴化教育，掠夺粮食矿产，管控滦河沿线据点。""]",抗日战争时期,"",伪职：伪昌黎县县长、新民会头目；推行奴化教育，掠夺粮食矿产，管控滦河沿线据点。；结局：日本投降后逮捕判刑,[],"2026-08-27 03:29:02.097833","2026-08-27 03:29:02.097833",,,,,
"130d3f12aa47405cb79f966e6045cd75",张绍武,,,,,exact,exact,海阳镇,[],"[""伪海阳镇警察所长；驻守海阳据点，配合日军高石茂利宪兵队扫荡游击区，抓捕地下交通员，勒索周边村庄。""]",抗日战争时期,"",伪职：伪海阳镇警察所长；驻守海阳据点，配合日军高石茂利宪兵队扫荡游击区，抓捕地下交通员，勒索周边村庄。；结局：1944 年海阳据点被七区队攻克被俘，判处死刑,[],"2026-08-27 03:29:02.081378","2026-08-27 03:29:02.081378",,,,,
"1335aeac2cd142908378c4f4d10dcedf",萧淑宇,,,,,exact,exact,江西永新人,[],"[""汪伪江西省省长（未到任）""]",抗日战争时期,"",伪职：汪伪江西省省长（未到任）；罪行：原国民党江西省保安司令部政训处少将处长，投靠汪伪政权，筹备赴南昌担任伪省长；结局：1941年赴南昌上任途中被国民党江西省政府主席熊式辉派人枪杀,[],"2026-08-27 03:29:02.077975","2026-08-27 03:29:02.077975",,,,,
"134225a7c4bf4fb3bd0427d30d53bff0",杨揆一,,,,,"","",湖北鹤峰,[],"[""省级长官"", ""军长"", ""司令"", ""清乡""]",抗日战争时期,伪军,伪任职务：伪湖北省省长、省保安司令、武汉绥靖公署主任，主持湖北清乡，整编华中伪军。结局：抗战后逮捕，1946 年南京雨花台枪决党史学习教...,[],"2026-08-26 17:52:47","2026-08-26 17:52:47",,,,,
"13784eedea9649fa873a49cf728ef016",杨楚英,,,,,"","",不详,[],"[""军长""]",抗日战争时期,汪伪政权,伪任职务：国军被俘后投敌，腾冲伪便衣队队长，熟悉我方游击战术，捕杀抗日人员数十人，杨吉品得力骨干。结局：腾冲收复后被处决,[],"2026-08-26 17:52:47","2026-08-26 17:52:47",,,,,
"137ac47f758b4a66a53d09a8ad2f3a9a",林赤民,,,,,exact,exact,福州城区,[],"[""第二次沦陷伪维持会会长、福州市政委员会委员长""]",抗日战争时期,"",伪职：第二次沦陷伪维持会会长、福州市政委员会委员长；罪行：福州二次沦陷头号伪头目，网罗失意官僚、奸商组建伪政权；推行保甲、良民证，配合日军搜刮粮食物资，胁迫商户纳贡，协助奴化宣传。；结局：抗战胜利后汉奸审判，判处死刑。,[],"2026-08-27 03:29:02.080083","2026-08-27 03:29:02.080083",,,,,
"139958bfb7dc49e59e26c4261935fcb7",荣孟枚,,,,,exact,exact,吉林,[],"[""伪吉林省教育厅厅长""]",抗日战争时期,"",伪职：伪吉林省教育厅厅长；罪行：文人附逆，在吉林推行奴化教育，清洗爱国师生。；结局：抗战胜利后被逮捕判刑。,[],"2026-08-27 03:29:02.094607","2026-08-27 03:29:02.094607",,,,,
"13aeba06b3134009b465a10ef496d6b7",陈升,,,,,"","",陕西商洛,[],"[""军长""]",抗日战争时期,汪伪政权,伪任职务：黑煞道军事头目，纠集武装准备起事接应日军商洛日报。。结局：暴乱被镇压，就地处置,[],"2026-08-26 17:52:47","2026-08-26 17:52:47",,,,,
"13b4a70fe3234000810c716cde114e37",唐慎之,,,,,exact,exact,当涂县城,[],"[""伪当涂县财政科长""]",抗日战争时期,"",伪职：伪当涂县财政科长；罪行：经济汉奸，征收苛捐杂税，为日军筹集粮食、铜铁，统筹铁矿劳工摊派，搜刮资敌物资。；结局：战后判处有期徒刑。,[],"2026-08-27 03:29:02.104031","2026-08-27 03:29:02.104031",,,,,
"13cc9ead6eee4716b088b6d6c58e6c48",保云孙,,,,,"","",南通,[],"[""县长""]",抗日战争时期,汪伪政权,伪任职务：第三任伪南通县知事，汪伪伪南通县长，管理城区及城郊伪行政。。结局：战后捕获，判处重刑监禁,[],"2026-08-26 17:52:47","2026-08-26 17:52:47",,,,,
"13d02c21a4834a03896a952f8fbeff2e",郭二虎,,,,,exact,exact,昌黎,[],"[""伪警备队头目，盘踞碣石山区；多次进山扫荡游击区，烧杀抢掠村庄。""]",抗日战争时期,"",伪职：伪警备队头目，盘踞碣石山区；多次进山扫荡游击区，烧杀抢掠村庄。；结局：1945 昌黎解放被俘处决,[],"2026-08-27 03:29:02.099659","2026-08-27 03:29:02.099659",,,,,
"13d693c72d1d46fa84e85b71e524b0e7",沈九皋,,,,,exact,exact,象山丹城、石浦,[],"[""伪象山维持会会长""]",抗日战争时期,"",伪职：伪象山维持会会长；罪行：象山沦陷组建伪维持会，迎接日军，筹措粮草物资，胁迫乡绅附逆，搭建基层伪统治。；结局：抗战胜利后清算判刑。,[],"2026-08-27 03:29:02.100839","2026-08-27 03:29:02.100839",,,,,
"13da7d2b81a74640a2b5f1a4caa027cd",孙立瀛,,,,,exact,exact,阜新,[],"[""伪阜新炭矿劳务课课长""]",抗日战争时期,"",伪职：伪阜新炭矿劳务课课长；罪行：掌管煤矿劳工，抓捕管控 “特殊工人” 战俘劳工；日本投降后组建阜新炭矿护卫大队四百余人，准备迎接国民党接收，把持煤矿要害部门新华网。；结局：被民主政府逮捕，汉奸罪判刑。,[],"2026-08-27 03:29:02.092824","2026-08-27 03:29:02.092824",,,,,
"13dd9a702bbd46a28ca313033c2303b5",赵二疤子,,,,,exact,exact,右玉,[],"[""伪讨伐队小头目""]",抗日战争时期,"",伪职：伪讨伐队小头目；罪行：下乡骚扰乡村，告密抓捕抗日积极分子。；结局：抗战时期被民兵击毙,[],"2026-08-27 03:29:02.088699","2026-08-27 03:29:02.088699",,,,,
"13ddca552726433289fe1e710b309973",高练武,,,,,exact,exact,彭泽县（今属九江）,[],"[""伪彭泽县政府财政科科长""]",抗日战争时期,"",伪职：伪彭泽县政府财政科科长；罪行：流芳袁门口人，为日军管理伪政府财政，征收捐税、搜刮物资、为日军提供经费；结局：史料未明确记载其最终结局（来源：彭泽伪政府核心官员，彭泽为汪伪江西省政府辖县）,[],"2026-08-27 03:29:02.077684","2026-08-27 03:29:02.077684",,,,,
"13fc9f0f02c543ccbc297c277586464c",赵欣伯,,,,,"","",辽宁沈阳,[],"[""市长"", ""维持会""]",抗日战争时期,汪伪政权,伪任职务：伪奉天市市长，伪满法制核心，炮制伪满法律，早期奉天维持会骨干。结局：抗战胜利后被捕，关押期间病亡,[],"2026-08-26 17:52:47","2026-08-26 17:52:47",,,,,
"1416b4c16f9a4de292de5b707ff97345",王声溶,,,,,exact,exact,长乐,[],"[""长乐三区维持会会长""]",抗日战争时期,"",伪职：长乐三区维持会会长；罪行：长乐沦陷头号乡伪头目，征粮派款，带路日军下乡烧杀抢掠福州新闻网。；结局：长乐游击武装锄奸处决。,[],"2026-08-27 03:29:02.080249","2026-08-27 03:29:02.080249",,,,,
"14312f5cc706479eb5842e4117fa1c61",文画君,,,,,exact,exact,"",[],"[""伪蒙疆政府司法部长；主导伪司法体系，审判迫害抗日人员。""]",抗日战争时期,"",伪职：伪蒙疆政府司法部长；主导伪司法体系，审判迫害抗日人员。；结局：1946 年公审判处死刑,[],"2026-08-27 03:29:02.082861","2026-08-27 03:29:02.082861",,,,,
"14889408ee70499d9ecfeb85f134421b",张光璧（一贯道总道首）,,,,,"","",山东,[],[],抗日战争时期,汪伪政权,伪任职务：一贯道总头目，投靠日伪；重庆设立分坛，借传道散布媚日言论，蛊惑民众，接受汪伪经费资助，在大后方制造消极舆论。。结局：抗战胜利后被国民政府通缉，潜逃,[],"2026-08-26 17:52:47","2026-08-26 17:52:47",,,,,
"14a7be090d38453cbe265a7d26353f6f",李龙泉,,,,,exact,exact,义乌义亭（王阡）,[],"[""义亭镇维持会会长""]",抗日战争时期,"",伪职：义亭镇维持会会长；罪行：地痞流氓投敌，出任义亭维持会长；强征民夫修筑日军公路，欺压当地乡民，多次引导日军袭扰义西根据地。；结局：抗日武装设计擒获，公审处决。,[],"2026-08-27 03:29:02.078679","2026-08-27 03:29:02.078679",,,,,
"14c3b7527bdb42928bbe9fef12b0bc5d",齐耀武,,,,,exact,exact,宝清县城及全县,[],"[""伪宝清县县长""]",抗日战争时期,"",伪职：伪宝清县县长；罪行：伪满主政宝清，推行粮食出荷、集团部落政策；杨保贵被抗联消灭后，篡改县志掩盖伪军惨败事实，掩盖汉奸罪行。；结局：日本投降后潜逃，后被捕获审判。,[],"2026-08-27 03:29:02.096580","2026-08-27 03:29:02.096580",,,,,
"14da528780384cdeb6ff01634b6e493e",隋明福,,,,,exact,exact,河北,[],"[""伪玉田县县长；配合日军铃木启久，推行第四次治安强化运动；组建反共自卫团、棍儿团，炮制八大杀禁律，一周抓捕三千余抗日人员，制造玉田大抓捕惨案唐山党史网。""]",抗日战争时期,"",伪职：伪玉田县县长；配合日军铃木启久，推行第四次治安强化运动；组建反共自卫团、棍儿团，炮制八大杀禁律，一周抓捕三千余抗日人员，制造玉田大抓捕惨案唐山党史网。；结局：冀东民主政府公审死刑,[],"2026-08-27 03:29:02.091797","2026-08-27 03:29:02.091797",,,,,
"14fca5c950b54ac4ac79cd275a1a4ee3",刘纯所,,,,,exact,exact,泗阳众兴,[],"[""伪众兴镇维持会会长""]",抗日战争时期,"",伪职：伪众兴镇维持会会长；罪行：沦陷早期傀儡头目，为日军征集物资、民夫，协助建立据点统治，拉拢乡绅归顺日伪中共宿迁市...。；结局：抗战胜利后逮捕判刑。,[],"2026-08-27 03:29:02.100429","2026-08-27 03:29:02.100429",,,,,
"156b8b565ab54c4c982dcb0ad7e880d7",李锡三,,,,,exact,exact,曲周,[],"[""伪曲周县县长；执行治安强化运动，抓丁征粮，搜捕地下交通人员。""]",抗日战争时期,"",伪职：伪曲周县县长；执行治安强化运动，抓丁征粮，搜捕地下交通人员。；结局：战后判处长期徒刑,[],"2026-08-27 03:29:02.081748","2026-08-27 03:29:02.081748",,,,,
"158ac05afac3485dbc657129a5d3762a",陶德坤,,,,,exact,exact,乍浦,[],"[""伪平湖乍浦商会会长""]",抗日战争时期,"",伪职：伪平湖乍浦商会会长；罪行：商界汉奸，为日军筹措物资，胁迫商户出钱出物资敌，盘剥沿海商贸。；结局：抗日武装攻克乍浦，当场捕获枪决。,[],"2026-08-27 03:29:02.101136","2026-08-27 03:29:02.101136",,,,,
"158e17f3960f4479b1ac724ea4610e4b",徐老六,,,,,exact,exact,宁国河沥溪,[],"[""宁国潜入密探""]",抗日战争时期,"",伪职：宁国潜入密探；罪行：芜湖特工站派遣，伪装商贩潜入国统区，搜集第三战区驻军情报，发展内线。；结局：宁国军警破获，军法处死。,[],"2026-08-27 03:29:02.106323","2026-08-27 03:29:02.106323",,,,,
"15919e68c4644ef6a60ad347ad7b4fcd",魏青龙,,,,,exact,exact,山阴岱岳,[],"[""地方士绅，维持会头目""]",抗日战争时期,"",伪职：地方士绅，维持会头目；罪行：1937 出城迎接日军占领岱岳，组建维持会，为日军筹措粮草物资。；结局：战后逮捕判刑,[],"2026-08-27 03:29:02.088659","2026-08-27 03:29:02.088659",,,,,
"15a1b368d2574e39a20e3e205cd5c3fa",田德胜,,,,,exact,exact,辽宁黑山,[],"[""伪第五军管区锦州地区伪军司令，伪满中将""]",抗日战争时期,"",伪职：伪第五军管区锦州地区伪军司令，伪满中将；罪行：原东北军投敌；统领辽西伪军，在锦州、黑山、北镇、义县一带反复讨伐义勇军，烧杀抢掠。；结局：1945 被俘，关押抚顺战犯管理所，病死狱中。,[],"2026-08-27 03:29:02.092469","2026-08-27 03:29:02.092469",,,,,
"15ac14af9ae2444bb6cfc385a904bf7c",唐令欧,,,,,"","",湖南长沙,[],"[""市长"", ""处长""]",抗日战争时期,汪伪政权,伪任职务：伪长沙市市长，长沙沦陷时期傀儡首脑，组建伪长沙市自治筹备处。结局：初判十年徒刑，保外后潜逃日本，未归案受重刑新湖南,[],"2026-08-26 17:52:47","2026-08-26 17:52:47",,,,,
"15d745ded81f43308b0a2541e8edea7a",吕子英,,,,,exact,exact,祁县,[],"[""伪祁县警备大队长""]",抗日战争时期,"",伪职：伪祁县警备大队长；罪行：驻守祁县城、子洪据点，残害抗日军民。；结局：解放后公审枪决,[],"2026-08-27 03:29:02.088869","2026-08-27 03:29:02.088869",,,,,
"15da4a08148b41f68f9941956ee78cd6",张国栋,,,,,exact,exact,锦西（江家屯）,[],"[""九一八初期锦西县县长""]",抗日战争时期,"",伪职：九一八初期锦西县县长；罪行：日军将至，亲自制作日本国旗，率士绅出城迎接古贺联队入城；向日军密报城外联庄会义勇军计划，出卖抗日武装，直接促成日军占领锦西县城葫芦岛市南...。；结局：抗战胜利后被逮捕，以汉奸罪判处徒刑。,[],"2026-08-27 03:29:02.093701","2026-08-27 03:29:02.093701",,,,,
"15f8e08a641449ca9b290fca8a6e6ccd",姜荣,,,,,"","",江都黄珏桥,[],[],抗日战争时期,汪伪政权,伪任职务：伪黄珏镇镇长，我方争取对象，后期出卖区长戴锡九情报。。结局：被我方控制改造，从宽处理,[],"2026-08-26 17:52:47","2026-08-26 17:52:47",,,,,
"162439fdfcdf4124a7edc0d28b8dbaac",张北生,,,,,"","",江苏南通,[],"[""市长"", ""部长"", ""军长"", ""司令"", ""清乡""]",抗日战争时期,汪伪政权,伪任职务：汪伪苏北清乡主任公署主任、苏北清乡保安司令，通如海启清乡总头目；修筑竹篱笆封锁线，遍设检问所，编组大批伪军、伪保甲，残酷清剿苏中四分区抗日根据地，屠杀大批革命干部群众南通市档案...。。结局：战后判处无期徒刑，长期关押狱中,[],"2026-08-26 17:52:47","2026-08-26 17:52:47",,,,,
"162b1430189d44938cc8050cf67d69ae",张星侪,,,,,exact,exact,当涂全县,"[""张景书""]","[""汪伪当涂县首任伪县长""]",抗日战争时期,"",伪职：汪伪当涂县首任伪县长；罪行：青帮头目，接替维持会，正式建立伪县公署；推行保甲良民证，强征铁矿劳工，配合日军清乡，管控长江渡口、采石码头抖音百科。；结局：抗战胜利后汉奸审判伏法。,[],"2026-08-27 03:29:02.103952","2026-08-27 03:29:02.103952",,,,,
"163a68927bfa431a9a0dcb0fb7125716",张福臣,,,,,exact,exact,"",[],"[""伪宁津县县长；疯狂扫荡冀鲁边根据地，抓捕抗日干部。""]",抗日战争时期,"",伪职：伪宁津县县长；疯狂扫荡冀鲁边根据地，抓捕抗日干部。；结局：战后公审枪决,[],"2026-08-27 03:29:02.083731","2026-08-27 03:29:02.083731",,,,,
"1645f0f9ade54d84977b9dc0691893f7",秦庆霖,,,,,"","",不详,[],"[""军长"", ""师长"", ""清乡""]",抗日战争时期,伪军,伪任职务：伪 25 师师长，如皋地区主力伪军，参与多次清乡扫荡。。结局：国民政府收编后，因汉奸罪行审判处决,[],"2026-08-26 17:52:47","2026-08-26 17:52:47",,,,,
"1660800a0650468dbaf4be7f18ce91e2",宋子良,,,,,exact,exact,"",[],"[""伪涞水县县长；管控野三坡外围据点，配合制造无人区。""]",抗日战争时期,"",伪职：伪涞水县县长；管控野三坡外围据点，配合制造无人区。；结局：战后判处徒刑,[],"2026-08-27 03:29:02.082723","2026-08-27 03:29:02.082723",,,,,
"16bc634fc1c14275840a531f7da3de6a",梁子久,,,,,exact,exact,介休,[],"[""伪介休警备大队长""]",抗日战争时期,"",伪职：伪介休警备大队长；罪行：盘踞介休、张兰据点，多次进山扫荡。；结局：解放后公审枪决,[],"2026-08-27 03:29:02.088908","2026-08-27 03:29:02.088908",,,,,
"16ca1764819c4997993ef2f5e8c4ca9f",黄启华,,,,,"","",不详,[],"[""县长""]",抗日战争时期,汪伪政权,伪任职务：末代伪江宁县县长，直至日本投降。。结局：1946 年江苏高等法院判刑,[],"2026-08-26 17:52:47","2026-08-26 17:52:47",,,,,
"16de6b625c5041bea1c4b98483f6bb23",贺春亭,,,,,exact,exact,宿城全境,[],"[""宿迁宪兵队情报队长（地痞出身）""]",抗日战争时期,"",伪职：宿迁宪兵队情报队长（地痞出身）；罪行：投靠日军，将女儿嫁给日本军官获取信任；主持情报特务队，罗织 “通八路” 罪名敲诈商户百姓，残害大批爱国人士，血债累累中共宿迁市...。；结局：1945 年惩奸公审大会枪决。,[],"2026-08-27 03:29:02.100356","2026-08-27 03:29:02.100356",,,,,
"16e2eb898ddc41afa66c26eb471071ea",周某某（佚名）,,,,,"","",江宁谷里,[],"[""军长""]",抗日战争时期,汪伪政权,伪任职务：谷里密探，在游击区搜集情报，向秣陵关日军告密，危害地下组织。。结局：“红小鬼班” 武工队抓捕，送横山县抗日民主政府公审处置南京雨花台...,[],"2026-08-26 17:52:47","2026-08-26 17:52:47",,,,,
"16ecaf8ff2dd414bb2ba224e3353ee6f",陈炳生,,,,,exact,exact,常山辉埠,[],"[""常山伪乡维持代表""]",抗日战争时期,"",伪职：常山伪乡维持代表；罪行：沦陷时期出任乡一级伪代表，催缴粮食，逼迫百姓为日军出工。；结局：抗战胜利后群众斗争，判处有期徒刑。,[],"2026-08-27 03:29:02.102160","2026-08-27 03:29:02.102160",,,,,
"16f6069f690a4509a224574792a1ec81",荣子恒,,,,,"","",河北枣强,[],"[""军长""]",抗日战争时期,汪伪政权,伪任职务：伪和平建国军第十军军长，驻防鲁南临沂、兰陵一带党史学习教...。结局：1944 年被八路军击毙,[],"2026-08-26 17:52:47","2026-08-26 17:52:47",,,,,
"172bc32c959245579a47f6b9c5322ab0",尤德荣,,,,,exact,exact,宝清七里沁、挠力河一带,"[""尤鞑子""]","[""伪宝清山林讨伐队长、特务""]",抗日战争时期,"",伪职：伪宝清山林讨伐队长、特务；罪行：赫哲族头目，投靠日军带队进山讨伐抗联；光复后组织国民党光复军，裹挟少数民族群众对抗民主政权。；结局：1948 年剿匪战斗中被击毙。,[],"2026-08-27 03:29:02.098111","2026-08-27 03:29:02.098111",,,,,
"1733761a96f7447a809db9c0c5d6eedc",熊公烈,,,,,exact,exact,亳县、古城集,[],"[""原国民党亳县县长，投敌附逆""]",抗日战争时期,"",伪职：原国民党亳县县长，投敌附逆；罪行：亳县第一次沦陷时弃城出逃，亳县二次沦陷公开投敌，为日伪招纳旧部，协助伪政权对乡下推行伪化统治中安在线安...。；结局：抗战胜利后缉拿归案，判处重刑。,[],"2026-08-27 03:29:02.105661","2026-08-27 03:29:02.105661",,,,,
"1743ac10a4974e00899b0aca8d6b06d2",邵竞生,,,,,exact,exact,萧县黄口、萧城，波及今淮北杜集抖音百科,"[""邵秃子""]","[""伪萧县县长""]",抗日战争时期,"",伪职：伪萧县县长；罪行：邵世恩之子，人称 “二县长”；辅佐其父把持黄口伪政权，后出任汪伪萧县县长，推行保甲、强化治安，配合日军扫荡萧铜根据地。；结局：1952 年镇反处决抖音百科。,[],"2026-08-27 03:29:02.104157","2026-08-27 03:29:02.104157",,,,,
"176a01def8464779a409f91ea6082ff5",江龙,,,,,exact,exact,"",[],"[""伪崞县县长""]",抗日战争时期,"",伪职：伪崞县县长；罪行：接续执行日伪政令，强征壮丁物资。；结局：战后逮捕判刑,[],"2026-08-27 03:29:02.089846","2026-08-27 03:29:02.089846",,,,,
"177d576df3d348d5ab5df992a15d1219",蔡永德,,,,,exact,exact,平鲁,[],"[""九地委秘书叛变，特务队长""]",抗日战争时期,"",伪职：九地委秘书叛变，特务队长；罪行：叛变后被日军专门组建特务队，在西雁北疯狂抓捕地下干部、交通员，破坏多处地下组织。；结局：解放后镇压处决,[],"2026-08-27 03:29:02.088610","2026-08-27 03:29:02.088610",,,,,
"178aa623540344d69bb4d611735fcc20",范子和,,,,,exact,exact,"",[],"[""伪青龙特务头目；木头凳、龙王庙一带发展大批眼线，抓捕堡垒户、情报人员。""]",抗日战争时期,"",伪职：伪青龙特务头目；木头凳、龙王庙一带发展大批眼线，抓捕堡垒户、情报人员。；结局：1944 秋季锄奸行动被八路军击杀,[],"2026-08-27 03:29:02.097889","2026-08-27 03:29:02.097889",,,,,
"179bd4e8f9194632b99ae7832c077ab5",郭二虎,,,,,exact,exact,昌黎,[],"[""伪警备队头目，盘踞碣石山区，多次进山扫荡游击区，烧杀抢掠村庄。""]",抗日战争时期,"",伪职：伪警备队头目，盘踞碣石山区，多次进山扫荡游击区，烧杀抢掠村庄。；结局：1945 年昌黎解放被俘处决,[],"2026-08-27 03:29:02.096037","2026-08-27 03:29:02.096037",,,,,
"17b3ba4de8cb40919c20d3331e13f9a9",李道源,,,,,exact,exact,东明,[],"[""伪东明县县长；推行治安强化运动，修筑炮楼封锁根据地。""]",抗日战争时期,"",伪职：伪东明县县长；推行治安强化运动，修筑炮楼封锁根据地。；结局：日本投降后潜逃，1947 抓捕归案判刑,[],"2026-08-27 03:29:02.081897","2026-08-27 03:29:02.081897",,,,,
"17dee8a3b4e341fc8663c8422ed1a47f",王冠英,,,,,exact,exact,"",[],"[""后期伪冀南道道尹；日本投降后勾结郭采芹、郭化民死守邯郸城，改换国民党番号顽抗；全盘继承日伪统治体系，继续反共清乡邯郸党史网。""]",抗日战争时期,"",伪职：后期伪冀南道道尹；日本投降后勾结郭采芹、郭化民死守邯郸城，改换国民党番号顽抗；全盘继承日伪统治体系，继续反共清乡邯郸党史网。；结局：1945 邯郸解放被俘，公审处决,[],"2026-08-27 03:29:02.080647","2026-08-27 03:29:02.080647",,,,,
"17e2484a13234c25aa435f75e2f04ee9",王云鹏,,,,,exact,exact,绍兴全县,[],"[""汪伪绍兴县县长""]",抗日战争时期,"",伪职：汪伪绍兴县县长；罪行：执掌伪绍兴县公署，建立伪警察、伪自卫团；推行保甲、良民证、奴化教育，强征粮食丝绸资敌，镇压城郊抗日活动。；结局：战后逮捕，汉奸罪重刑。,[],"2026-08-27 03:29:02.101726","2026-08-27 03:29:02.101726",,,,,
"17eb5f6c6a2445459eec7aca5b827dbb",王慕陶,,,,,exact,exact,宣城全县,[],"[""汪伪宣城县伪县长""]",抗日战争时期,"",伪职：汪伪宣城县伪县长；罪行：正式伪县公署主官，设立伪警察、伪保安大队，推行保甲，配合日军清剿宣南、孙家埠游击区，掠夺物资。；结局：日本投降后捕获，判处死刑。,[],"2026-08-27 03:29:02.106014","2026-08-27 03:29:02.106014",,,,,
"180e045420da4c238b7713844b936243",韩国举,,,,,exact,exact,锦西暖池塘,[],"[""伪地方自卫团头目""]",抗日战争时期,"",伪职：伪地方自卫团头目；罪行：依附日伪，祸害乡里；八一五之后收拢伪警土匪，组成花子队，反攻倒算，杀害革命干部群众。；结局：1946 年被民主武装击毙葫芦岛市人...。,[],"2026-08-27 03:29:02.093815","2026-08-27 03:29:02.093815",,,,,
"181bedf4a1364375898f6cd5397c2b00",计家珍,,,,,exact,exact,秀洲王江泾,[],"[""王江泾匪首、日伪密探头目""]",抗日战争时期,"",伪职：王江泾匪首、日伪密探头目；罪行：土匪出身投靠日军，充当宪兵队爪牙，告密爱国群众，敲诈勒索百姓；抗战结束后继续武装为匪，攻打基层政权秀洲新闻网。；结局：上海捕获，1949 年公审枪决秀洲新闻网。,[],"2026-08-27 03:29:02.101111","2026-08-27 03:29:02.101111",,,,,
"182275f625b24591a88940cd7944125b",（佚名）,,,,,"","",邵伯,[],"[""军长""]",抗日战争时期,汪伪政权,伪任职务：伪邵伯自治会会长（沦陷第一任），1937 年 12 月日军占领邵伯后出面组织维持，强迫商户开业，征派民夫修筑炮楼，协助日军搜刮运河沿线物资。原始报刊史料只记载职务，没有留存完整姓名。。结局：抗战胜利后逮捕判刑,[],"2026-08-26 17:52:47","2026-08-26 17:52:47",,,,,
"18345db3d0734405a3c89f3aa031d6eb",葛某,,,,,exact,exact,泾县章家渡（靠近南陵敌占区）,[],"[""泾县边境奸细""]",抗日战争时期,"",伪职：泾县边境奸细；罪行：往返南陵敌占区，传递情报，走私资敌，煽动部分乡丁投敌。；结局：地方自卫队抓获处置。,[],"2026-08-27 03:29:02.106536","2026-08-27 03:29:02.106536",,,,,
"184353d4e32e49edaaa866ef8b44a05e",孙金彪,,,,,exact,exact,献县,[],"[""伪献县警备大队长；多次扫荡献县、交河交界村庄。""]",抗日战争时期,"",伪职：伪献县警备大队长；多次扫荡献县、交河交界村庄。；结局：献县解放被俘处死,[],"2026-08-27 03:29:02.083564","2026-08-27 03:29:02.083564",,,,,
"1854ef394e84405da269f6386e516cff",白蛤蟆,,,,,exact,exact,肇源,[],"[""伪萨音骑马队伪军、特务""]",抗日战争时期,"",伪职：伪萨音骑马队伪军、特务；罪行：张保安的舅父，接收告密情报，带领日伪特搜班破坏地下据点，抓捕爱国志士。；结局：解放后被民主政府清算镇压。,[],"2026-08-27 03:29:02.097971","2026-08-27 03:29:02.097971",,,,,
"1857c594d5f24df6a58186f042d1029b",孙柏青,,,,,exact,exact,"",[],"[""伪青龙县县长；强力推行集家并村、修建人圈，疯狂清剿长城沿线抗日武装，制造多起惨案。""]",抗日战争时期,"",伪职：伪青龙县县长；强力推行集家并村、修建人圈，疯狂清剿长城沿线抗日武装，制造多起惨案。；结局：1945 被俘，公审判处死刑,[],"2026-08-27 03:29:02.097856","2026-08-27 03:29:02.097856",,,,,
"186dbd700de34449b3d0e50a925de482",杨宝衡,,,,,exact,exact,盘山,[],"[""伪盘山县商会会长，天庆隆商号老板""]",抗日战争时期,"",伪职：伪盘山县商会会长，天庆隆商号老板；罪行：巴结日本官吏，把商号房屋献给日本官员；垄断粮食配给与 “出荷粮”，盘剥商民；日本投降后勾结土匪张海峰参加 11・19 反革命叛乱，进攻民主政权。；结局：叛乱失败后被公审处决。,[],"2026-08-27 03:29:02.093218","2026-08-27 03:29:02.093218",,,,,
"1878d7a57e8448dab5d0ad1f3194d878",汤鹏举,,,,,exact,exact,大连,[],"[""伪迁安县警备联队副联队长（实权远超伪县长）；精通日语，深受日军信任，主持警务、特务，大肆捕杀抗日军民，多次带队扫荡迁安山区根据地。""]",抗日战争时期,"",伪职：伪迁安县警备联队副联队长（实权远超伪县长）；精通日语，深受日军信任，主持警务、特务，大肆捕杀抗日军民，多次带队扫荡迁安山区根据地。；结局：抗战胜利后公审枪决,[],"2026-08-27 03:29:02.086879","2026-08-27 03:29:02.086879",,,,,
"18913c6d7f374d44b449f897de5ef982",王砚田,,,,,exact,exact,"",[],"[""伪南和县县长；依附刘磨头伪军，推行日伪各项政令。""]",抗日战争时期,"",伪职：伪南和县县长；依附刘磨头伪军，推行日伪各项政令。；结局：战后判处长期徒刑,[],"2026-08-27 03:29:02.082181","2026-08-27 03:29:02.082181",,,,,
"18b4825d7a15461abe7fe67192cb78b6",傅君实,,,,,"","",安徽蚌埠,[],"[""维持会""]",抗日战争时期,汪伪政权,伪任职务：蚌埠维持会首任会长，伪政权早期骨干中安在线。结局：1951 年蚌埠公审处决,[],"2026-08-26 17:52:47","2026-08-26 17:52:47",,,,,
"18d4999cd60e48a5986e0279df75e4d4",黄阿宝,,,,,exact,exact,绍兴、上虞、嵊县交界（孙端、谷来）,"[""黄文宝""]","[""汪伪独立第一旅旅长，浙东自卫总队司令""]",抗日战争时期,"",伪职：汪伪独立第一旅旅长，浙东自卫总队司令；罪行：土匪出身投敌，伪军千余人，在绍虞嵊三县烧杀劫掠，配合日军下乡扫荡，残害地方百姓；日寇投降后改换旗号混迹忠义救国军，后卷入荣德生绑架案抖音百科。；结局：1948 年捕获，后处决。,[],"2026-08-27 03:29:02.101697","2026-08-27 03:29:02.101697",,,,,
"18d84b00dc134feabf6edb7a9e8ac5af",王银海,,,,,exact,exact,宁武,[],"[""伪宁武警备大队长""]",抗日战争时期,"",伪职：伪宁武警备大队长；罪行：盘踞宁武城、东寨据点，下乡清乡扫荡。；结局：解放后公审枪决,[],"2026-08-27 03:29:02.089904","2026-08-27 03:29:02.089904",,,,,
"18e11b754a8d46d5928b09c9b1e35b24",孙荣明,,,,,exact,exact,安东,[],"[""伪安东总商会会长""]",抗日战争时期,"",伪职：伪安东总商会会长；罪行：九一八后附逆，为日军筹措物资、摊派苛捐；后卷入安东教育救国会案，被日本宪兵逮捕处死（非我方处决）。；结局：被日伪杀害。,[],"2026-08-27 03:29:02.092352","2026-08-27 03:29:02.092352",,,,,
"18eb8566e38b441aa0c69a4a3096466e",郭化民,,,,,exact,exact,邯郸贾村,[],"[""伪军司令，郭采芹侄子；掌握邯郸主力伪军，盘踞邯郸城、黄粱梦、户村、河沙镇各据点，多次进山扫荡紫山、邯郸西部游击区，破坏地下交通线。""]",抗日战争时期,"",伪职：伪军司令，郭采芹侄子；掌握邯郸主力伪军，盘踞邯郸城、黄粱梦、户村、河沙镇各据点，多次进山扫荡紫山、邯郸西部游击区，破坏地下交通线。；结局：邯郸城破潜逃北平，1950 抓捕押回邯郸枪决,[],"2026-08-27 03:29:02.080667","2026-08-27 03:29:02.080667",,,,,
"193ea81b71a449cbae6250e5e0d0c43c",董扒皮,,,,,exact,exact,"","[""董某""]","[""山奉铁路伪总监（铁路系统大汉奸）；掌控山海关铁路警务，抓捕铁路工人抗日分子，转运日军兵员物资，敲诈商旅百姓。""]",抗日战争时期,"",伪职：山奉铁路伪总监（铁路系统大汉奸）；掌控山海关铁路警务，抓捕铁路工人抗日分子，转运日军兵员物资，敲诈商旅百姓。；结局：山海关解放被俘，公审枪决,[],"2026-08-27 03:29:02.081343","2026-08-27 03:29:02.081343",,,,,
"195e92d0759e40b89743cf27e094733e",韩全福,,,,,exact,exact,宁城,[],"[""韩全福讨伐队大队长，宁城头号汉奸；队伍一百七八十人，长期在宁城、平泉、喀喇沁一带扫荡，烧杀抢掠，制造多起惨案，疯狂围剿承平宁武工队。""]",抗日战争时期,"",伪职：韩全福讨伐队大队长，宁城头号汉奸；队伍一百七八十人，长期在宁城、平泉、喀喇沁一带扫荡，烧杀抢掠，制造多起惨案，疯狂围剿承平宁武工队。；结局：1945 年解放被俘，公审枪决中国人民政...,[],"2026-08-27 03:29:02.085468","2026-08-27 03:29:02.085468",,,,,
"196daa86c1504808a598e227c4b466ea",陈二梅,,,,,exact,exact,定海县城,[],"[""伪定海自治会最高顾问""]",抗日战争时期,"",伪职：伪定海自治会最高顾问；罪行：沦陷初期核心汉奸，参与组建临时治安维持会，为日军出谋划策，拉拢地方士绅附逆舟山日报。；结局：抗战胜利后汉奸审判逮捕判刑。,[],"2026-08-27 03:29:02.102257","2026-08-27 03:29:02.102257",,,,,
"19887134bc9f4fdea1083b4bf2b1e533",傅式说（傅式悦）,,,,,"","",浙江乐清,[],"[""省级长官"", ""部长"", ""军长""]",抗日战争时期,汪伪政权,伪任职务：汪伪铁道部长、伪浙江省长，驻杭州，掌控浙江伪军政，掠夺工矿、粮食资源。。结局：1947 年上海高等法院判处死刑枪决,[],"2026-08-26 17:52:47","2026-08-26 17:52:47",,,,,
"19c6ae4d499f42bd8d6866127ccd2e43",王德裕,,,,,exact,exact,霸县,[],"[""伪霸县警备联队长；伪军主力，盘踞霸县城、新镇、煎茶铺，反复扫荡大清河北，破坏苇塘根据地。""]",抗日战争时期,"",伪职：伪霸县警备联队长；伪军主力，盘踞霸县城、新镇、煎茶铺，反复扫荡大清河北，破坏苇塘根据地。；结局：霸县解放被俘，公审枪决,[],"2026-08-27 03:29:02.083914","2026-08-27 03:29:02.083914",,,,,
"19cc025d24704067ac5201ba65410dee",袁道隆,,,,,exact,exact,广德县城、誓节渡,"[""袁道降""]","[""广德维持会骨干""]",抗日战争时期,"",伪职：广德维持会骨干；罪行：石佐民主要爪牙，办理良民证，搜刮物资，协助管控广德外围据点，迫害抗日家属。；结局：肃奸运动判处死刑。,[],"2026-08-27 03:29:02.106459","2026-08-27 03:29:02.106459",,,,,
"19cfb709f5264f74b51fc2fc048a5c47",郭恩霖,,,,,exact,exact,吉林,[],"[""伪吉林省军政厅厅长、伪满中将""]",抗日战争时期,"",伪职：伪吉林省军政厅厅长、伪满中将；罪行：辅佐熙洽，整编吉林伪军，指挥讨伐义勇军与抗联。；结局：苏军逮捕，关押抚顺战犯管理所，狱中病死。,[],"2026-08-27 03:29:02.094592","2026-08-27 03:29:02.094592",,,,,
"19d28d932e094d7e806bb84c3028b94c",白铭镇,,,,,exact,exact,营口,[],"[""伪营口商埠警察局长""]",抗日战争时期,"",伪职：伪营口商埠警察局长；罪行：九一八事变当即投敌，留任伪警察局长，维持城市治安，抓捕爱国人士，配合日军镇压营口民众反抗。；结局：抗战胜利逮捕判刑。,[],"2026-08-27 03:29:02.092658","2026-08-27 03:29:02.092658",,,,,
"19de6d6f4b904da28cc56fbe6c1e2645",张逊之,,,,,"","",天津,[],[],抗日战争时期,华北伪临时政府,伪任职务：汉奸普安协会骨干，配合日本鼓吹华北自治，勾结黑帮。结局：建国后抓捕，公审处决,[],"2026-08-26 17:52:47","2026-08-26 17:52:47",,,,,
"19e36a98297c4e22bec7d7f9dfe7526a",贡格尔,,,,,exact,exact,察哈尔右翼前旗,[],"[""伪旗警务股长；布置密探，抓捕支援游击队的蒙汉群众。""]",抗日战争时期,"",伪职：伪旗警务股长；布置密探，抓捕支援游击队的蒙汉群众。；结局：解放后公审处决,[],"2026-08-27 03:29:02.087141","2026-08-27 03:29:02.087141",,,,,
"19e4d7edae574049b32bf344edf4b894",王秉孝,,,,,exact,exact,玉田,[],"[""铁杆汉奸，隋明福心腹；主持伪大乡、良民证登记，告密大批党员干部，策动士绅附逆。""]",抗日战争时期,"",伪职：铁杆汉奸，隋明福心腹；主持伪大乡、良民证登记，告密大批党员干部，策动士绅附逆。；结局：抗战胜利公审处决,[],"2026-08-27 03:29:02.091805","2026-08-27 03:29:02.091805",,,,,
"19fdc551d0cf431bb3cd1f263bd19f5d",石星川,,,,,"","",湖北阳新,[],"[""市长"", ""委员长""]",抗日战争时期,汪伪政权,伪任职务：伪汉口市市长、伪湖北参议府议长、湘鄂赣财务委员会主任。结局：初判死刑，改无期徒刑，1948 年病死于武昌狱中抖音百科,[],"2026-08-26 17:52:47","2026-08-26 17:52:47",,,,,
"1a24a035ea1c4cb892064ca991e18400",施泽沛,,,,,exact,exact,"",[],"[""伪唐山宪兵大队长，听命日本宪兵，城内大肆抓捕地下党员、爱国学生，刑讯迫害被捕人员。""]",抗日战争时期,"",伪职：伪唐山宪兵大队长，听命日本宪兵，城内大肆抓捕地下党员、爱国学生，刑讯迫害被捕人员。；结局：抗战胜利逮捕判刑,[],"2026-08-27 03:29:02.086761","2026-08-27 03:29:02.086761",,,,,
"1a25b04d1bf74940920c46eacc6207cc",张良才,,,,,exact,exact,兴化水网乡镇,[],"[""伪 22 师伪团长""]",抗日战争时期,"",伪职：伪 22 师伪团长；罪行：跟随刘湘图驻防兴化水乡，带队下乡清剿，袭扰地方抗日武装，残害乡村百姓。；结局：兴化战役被俘，公审枪决兴化日报。,[],"2026-08-27 03:29:02.100280","2026-08-27 03:29:02.100280",,,,,
"1a3f0df8fe9d46b58aff35d0e1a44b83",张海峰,,,,,exact,exact,盘山甜水,[],"[""伪甜水村村长，地方土匪头目""]",抗日战争时期,"",伪职：伪甜水村村长，地方土匪头目；罪行：出任伪村长，为日伪搜集情报、摊派物资；光复后收拢伪警土匪，参加 11・19 武装叛乱，杀害革命干部群众。；结局：叛乱被粉碎后公审枪决。,[],"2026-08-27 03:29:02.093234","2026-08-27 03:29:02.093234",,,,,
"1a41a921e23644fab239961b8d3e57e5",杨玉书,,,,,exact,exact,佳木斯、富锦,[],"[""伪佳木斯警察厅特务科警尉""]",抗日战争时期,"",伪职：伪佳木斯警察厅特务科警尉；罪行：伪三江省特务骨干，专门搜捕地下党、抗联交通员，主持刑讯，制造多起冤案，抓捕大量爱国群众。；结局：1951 年公审处决。,[],"2026-08-27 03:29:02.097049","2026-08-27 03:29:02.097049",,,,,
"1a5123f0fab648b0888f93d13992b5f3",王怀庆,,,,,exact,exact,"",[],"[""伪枣强县县长；枣强为冀南根据地核心，疯狂推行伪大乡，大检举抓捕抗日人员。""]",抗日战争时期,"",伪职：伪枣强县县长；枣强为冀南根据地核心，疯狂推行伪大乡，大检举抓捕抗日人员。；结局：战后汉奸罪判处徒刑,[],"2026-08-27 03:29:02.084544","2026-08-27 03:29:02.084544",,,,,
"1a5c0a4489ec4433931fd8a26d608e69",梁鸿志,众异,,1882,1946,exact,exact,福建长乐,"[""\u6881\u4F17\u5F02""]","[""\u4F2A\u7EF4\u65B0\u653F\u5E9C\u884C\u653F\u9662\u957F"",""\u534E\u4E2D\u5934\u53F7\u6C49\u5978""]",抗日战争时期,南京伪维新政府 / 汪伪政权,梁鸿志，字众异，福建长乐人。晚清巨儒梁章钜曾孙。1905年入京师大学堂。北洋时期任段祺瑞执政府秘书长。1938年3月在日本扶植下于南京成立「中华民国维新政府」，任行政院长。1940年并入汪伪，任监察院长、立法院长。1946年5月以汉奸罪被判死刑，11月9日在上海提篮桥监狱被执行枪决。,[],"2026-08-23 12:23:35.154927","2026-08-23 12:23:35.154927",,,,,
"1a89fcbda9564f6bb6aac4c4fd3643db",张宝臣,,,,,exact,exact,"",[],"[""伪武强县县长；管控滏阳河沿线，修筑炮楼，迫害抗日家属。""]",抗日战争时期,"",伪职：伪武强县县长；管控滏阳河沿线，修筑炮楼，迫害抗日家属。；结局：战后判处徒刑,[],"2026-08-27 03:29:02.084593","2026-08-27 03:29:02.084593",,,,,
"1aa02e012782411ba7479563ebf38ba8",田子明,,,,,exact,exact,阜新太平矿,[],"[""太平采炭所大把头""]",抗日战争时期,"",伪职：太平采炭所大把头；罪行：依附日伪，压榨矿工；日本投降后收拢 700 余人，组建冒充八路军的 “黑八路”，抢夺维持会权力，妄图投靠国民党，残害群众新华网。；结局：败露后潜逃，后抓捕归案惩处。,[],"2026-08-27 03:29:02.092841","2026-08-27 03:29:02.092841",,,,,
"1aef82cafc674acdb749a2b2afbf9334",包建华,,,,,"","",镇江（镇丹县原抗日县长）,[],"[""部长""]",抗日战争时期,汪伪政权,伪任职务：叛变投敌，在镇江组建伪别动大队大队长；盘踞镇江、句容、丹阳交界，配合日伪扫荡茅山抗日根据地，出卖我方情报、捕杀干部群众镇江文明网。。结局：抗战胜利捕获，公审枪决,[],"2026-08-26 17:52:47","2026-08-26 17:52:47",,,,,
"1af8cab68fc645e9a3210e3828d53a47",高鸿基,,,,,exact,exact,沧县大官厅高蔡村,[],"[""伪沧县警备大队长；《烈火金刚》高铁杆原型，铁杆汉奸，反复扫荡建国县、沧县乡村，残害大量干部群众，血债累累。""]",抗日战争时期,"",伪职：伪沧县警备大队长；《烈火金刚》高铁杆原型，铁杆汉奸，反复扫荡建国县、沧县乡村，残害大量干部群众，血债累累。；结局：解放后镇反公审枪决,[],"2026-08-27 03:29:02.083500","2026-08-27 03:29:02.083500",,,,,
"1b043ffebc224f5da1da01d4ef07a794",张济航,,,,,exact,exact,凤台、潘集,"[""张海樵""]","[""凤台后期特务头目""]",抗日战争时期,"",伪职：凤台后期特务头目；罪行：搜集淮上根据地情报，策反我方基层人员，绑架勒索富户，鱼肉乡里政协凤台县...。；结局：战后逮捕法办。,[],"2026-08-27 03:29:02.103750","2026-08-27 03:29:02.103750",,,,,
"1b10b7e238d945edac91ae22d7c55376",郑德民,,,,,exact,exact,泉州‑金门海域,[],"[""伪和平救国军副司令""]",抗日战争时期,"",伪职：伪和平救国军副司令；罪行：张逸舟副手，多次带队窜犯晋江、南安沿海，劫掠船只，搜捕海上抗日人员，兼有伪军、军统特务双重身份。；结局：战后肃奸逮捕判刑。,[],"2026-08-27 03:29:02.079626","2026-08-27 03:29:02.079626",,,,,
"1b2e543043da4ebbaa2ef4cd8108d673",胡大刚,,,,,exact,exact,蚌埠,[],"[""伪安徽日报社社长、伪省府委员""]",抗日战争时期,"",伪职：伪安徽日报社社长、伪省府委员；罪行：伪官方报纸负责人，大肆鼓吹 “大东亚共荣”，造谣污蔑抗日武装，实施思想奴化宣传。；结局：战后肃奸判刑。,[],"2026-08-27 03:29:02.103538","2026-08-27 03:29:02.103538",,,,,
"1bd0ff0a710446a89eacbf66d282aafc",张耀枢,,,,,exact,exact,合肥城区及四乡,[],"[""继任汪伪合肥县县长""]",抗日战争时期,"",伪职：继任汪伪合肥县县长；罪行：接替方星樵执掌伪县公署，扩充伪自卫团，配合日军对城郊、店埠、上派河扫荡，破坏地下抗日组织。；结局：汉奸审判判处重刑。,[],"2026-08-27 03:29:02.102972","2026-08-27 03:29:02.102972",,,,,
"1bd2d6544d7b475b975df6e1ea632a64",陈博九,,,,,"","",不详,[],"[""市长"", ""清乡""]",抗日战争时期,汪伪政权,伪任职务：伪清乡警察大队长，张北生心腹，捕杀武工队，施用酷刑，双手沾满革命者鲜血南通市档案...。。结局：光复后公审枪决,[],"2026-08-26 17:52:47","2026-08-26 17:52:47",,,,,
"1c0fcce4f499462196d446c304e73835",杨金彪,,,,,exact,exact,井陉,[],"[""伪特务队长，屠杀抗日军民；日军投降后改头换面充当国民党县党部书记长。""]",抗日战争时期,"",伪职：伪特务队长，屠杀抗日军民；日军投降后改头换面充当国民党县党部书记长。；结局：解放后清算处决,[],"2026-08-27 03:29:02.089502","2026-08-27 03:29:02.089502",,,,,
"1c17b38296044ca3b031a05c0a301b6d",包敬斋,,,,,exact,exact,杜尔伯特腰新乡,"[""小三爷""]","[""杜尔伯特努图克达（伪乡级长官）、大地主""]",抗日战争时期,"",伪职：杜尔伯特努图克达（伪乡级长官）、大地主；罪行：伪满时期把持地方武装，欺压蒙古族百姓，协助日伪征粮抓丁；光复后发动武装叛乱对抗民主政权。；结局：叛乱失败逃窜，后被捕获惩处。,[],"2026-08-27 03:29:02.097999","2026-08-27 03:29:02.097999",,,,,
"1c1ef6cb6d414102a6f5ec1fb1f22f63",莫辅亭,,,,,exact,exact,临榆,[],"[""城子庄伪保卫团团长；管控秦皇岛近郊，搜集游击武装情报，抓捕城郊潜伏人员。""]",抗日战争时期,"",伪职：城子庄伪保卫团团长；管控秦皇岛近郊，搜集游击武装情报，抓捕城郊潜伏人员。；结局：解放后镇反公审处决,[],"2026-08-27 03:29:02.099579","2026-08-27 03:29:02.099579",,,,,
"1c266edca99946fd8c7053a49b4508ac",芮义发,,,,,exact,exact,宣城城关（宣州区）,[],"[""宣城县维持会会长""]",抗日战争时期,"",伪职：宣城县维持会会长；罪行：宣城沦陷首要汉奸，组建维持会，征粮抓夫，发行良民证，充当向导带领日伪军下乡扫荡，胁迫商户纳贡资敌。；结局：抗战胜利肃奸公审枪决。,[],"2026-08-27 03:29:02.106003","2026-08-27 03:29:02.106003",,,,,
"1c516cac67b44d6cb05343583e4ffe33",白旦迫,,,,,"","",内蒙古,[],[],抗日战争时期,汪伪政权,伪任职务：伪装蒙古人潜入青海蒙旗，测绘草原道路水源，煽动蒙古王公脱离国民政府，配合日本西北渗透计划。。结局：被捕后解送兰州审讯判刑,[],"2026-08-26 17:52:47","2026-08-26 17:52:47",,,,,
"1c786e895e7a4d76ae6c2f8adbceaff0",桑杰扎布,,,,,exact,exact,阿荣旗,[],"[""伪阿荣旗旗长；协助日本开拓团侵占草原土地，强征牲畜。""]",抗日战争时期,"",伪职：伪阿荣旗旗长；协助日本开拓团侵占草原土地，强征牲畜。；结局：日本投降潜逃，后抓获判刑,[],"2026-08-27 03:29:02.086435","2026-08-27 03:29:02.086435",,,,,
"1c9c52a9d05a4201b155a97fa0144b36",石林森,,,,,"","",浙江,[],"[""省级长官"", ""处长"", ""特务""]",抗日战争时期,汪伪政权,伪任职务：伪浙江省警务处长，掌控全省伪警察特务系统，搜捕地下抗日人员。结局：战后逮捕，汉奸罪判刑,[],"2026-08-26 17:52:47","2026-08-26 17:52:47",,,,,
"1cb53ce544b049399fa1782760c3ba8f",辜显荣,,,,,"","",台湾鹿港,[],"[""院长"", ""军长""]",抗日战争时期,汪伪政权,伪任职务：1895 年迎接日军进入台北城，任台北保良总局局长；取得盐、鸦片专卖特权，日本贵族院议员；抗战时期赴大陆鼓吹 “日华亲善”，为日军筹措物资，协助镇压台湾抗日义军抖音百科。。结局：1937 年病死于东京，未等到光复清算,[],"2026-08-26 17:52:47","2026-08-26 17:52:47",,,,,
"1cbad1f615fa4ab5aa42671ed3ffbb0f",赵某,,,,,exact,exact,舒城城关,[],"[""舒城维持会头目""]",抗日战争时期,"",伪职：舒城维持会头目；罪行：本地商人，公开投敌，主持城关维持会，摊派商税物资资敌。；结局：战后肃奸判刑。,[],"2026-08-27 03:29:02.105516","2026-08-27 03:29:02.105516",,,,,
"1cd94b868fe644629ed5dd65df9a963f",何根庆,,,,,"","",陕西商洛,[],"[""军长""]",抗日战争时期,汪伪政权,伪任职务：会道门 “黑煞道（何祖升元堂）” 首领，秘密投靠日本，散布日军到来免粮种大烟谣言，策划武装暴乱响应日军入侵商洛日报。。结局：1938 年暴乱被剿灭，首领被捕处决,[],"2026-08-26 17:52:47","2026-08-26 17:52:47",,,,,
"1cdf60ad9468485bb2de1953efe19557",李积玉,,,,,exact,exact,邯郸,[],"[""伪宪兵特务队 “灭共组” 头目；专门搜捕地下党员、交通员，酷刑逼供，亲手杀害多名抗日干部群众。""]",抗日战争时期,"",伪职：伪宪兵特务队 “灭共组” 头目；专门搜捕地下党员、交通员，酷刑逼供，亲手杀害多名抗日干部群众。；结局：解放后公审枪决,[],"2026-08-27 03:29:02.078398","2026-08-27 03:29:02.078398",,,,,
"1d070be733444ca48161ad8a9246dd71",王子章,,,,,exact,exact,四平,[],"[""伪专卖组合头目、特务""]",抗日战争时期,"",伪职：伪专卖组合头目、特务；罪行：以商号为掩护充当日伪特务，搜集情报，欺行霸市，勒索百姓，民愤极大四平日报数...。；结局：四平反奸清算公审枪决。,[],"2026-08-27 03:29:02.094826","2026-08-27 03:29:02.094826",,,,,
"1d22dfbd7e2e4552a35f68b43d5dc61a",杨泽普,,,,,exact,exact,"",[],"[""伪三河县县长；管控冀东与平北通道，修筑炮楼，搜捕抗日人员。""]",抗日战争时期,"",伪职：伪三河县县长；管控冀东与平北通道，修筑炮楼，搜捕抗日人员。；结局：战后汉奸罪判处徒刑,[],"2026-08-27 03:29:02.084021","2026-08-27 03:29:02.084021",,,,,
"1d49661e79264dd6a01af220ea2912d9",刘大狗子,,,,,exact,exact,天长‑高邮湖沿线,[],"[""天长便衣特务头目""]",抗日战争时期,"",伪职：天长便衣特务头目；罪行：投靠日军宪兵队，混迹湖乡，告密抓捕抗日干部，敲诈渔民船户。；结局：被淮南根据地武工队锄奸击毙。,[],"2026-08-27 03:29:02.105000","2026-08-27 03:29:02.105000",,,,,
"1d5516c2f45c4d668e5a08ef3aa39588",白孝山,,,,,exact,exact,林西,[],"[""伪林西伪军连长；日本投降前维持城内戒严，负隅顽抗。""]",抗日战争时期,"",伪职：伪林西伪军连长；日本投降前维持城内戒严，负隅顽抗。；结局：被苏联红军俘获，后处决赤峰市林西...,[],"2026-08-27 03:29:02.085615","2026-08-27 03:29:02.085615",,,,,
"1d5696191e994716a2ce42dce9e9f3ba",王显之,,,,,exact,exact,北票,[],"[""北票煤矿大把头""]",抗日战争时期,"",伪职：北票煤矿大把头；罪行：依附日伪，压榨矿工，看管特殊工人战俘劳工，告密迫害反抗矿工。；结局：工人反奸清算大会公审处决。,[],"2026-08-27 03:29:02.093621","2026-08-27 03:29:02.093621",,,,,
"1d693e897cff482eaaa7b37b98617974",朗达中,,,,,exact,exact,代县,[],"[""首任伪代县知事（县长）""]",抗日战争时期,"",伪职：首任伪代县知事（县长）；罪行：组建伪代县公署，推行联保连坐，搜刮民财，配合日军扫荡雁门山区。；结局：战后汉奸罪重判,[],"2026-08-27 03:29:02.089872","2026-08-27 03:29:02.089872",,,,,
"1dbc7316cc00444096b686b165f30512",王庆璋,,,,,exact,exact,"",[],"[""伪怀德县（公主岭）县长""]",抗日战争时期,"",伪职：伪怀德县（公主岭）县长；罪行：怀德是产粮大县，执行高压粮食出荷，强征国兵劳工。；结局：战后逮捕判刑。,[],"2026-08-27 03:29:02.094897","2026-08-27 03:29:02.094897",,,,,
"1dd2520d5584408ebd7b82abaf620891",翁庆生,,,,,exact,exact,福州,[],"[""维持会副会长""]",抗日战争时期,"",伪职：维持会副会长；罪行：伪维持会二号人物；日军内部矛盾冲突中，被日军当场殴打致死，伪组织内部牺牲品。；结局：1944 年被日军打死。,[],"2026-08-27 03:29:02.080131","2026-08-27 03:29:02.080131",,,,,
"1de4fc9cae5e468f84debc564b1e0f3b",郭化民,,,,,exact,exact,邯郸贾村,[],"[""伪军司令，郭采芹侄子；掌握邯郸主力伪军，盘踞邯郸城、黄粱梦、户村、河沙镇各据点，多次进山扫荡紫山、邯郸西部游击区，破坏地下交通线。""]",抗日战争时期,"",伪职：伪军司令，郭采芹侄子；掌握邯郸主力伪军，盘踞邯郸城、黄粱梦、户村、河沙镇各据点，多次进山扫荡紫山、邯郸西部游击区，破坏地下交通线。；结局：邯郸城破潜逃北平，1950 抓捕押回邯郸枪决,[],"2026-08-27 03:29:02.078389","2026-08-27 03:29:02.078389",,,,,
"1def9263434140e090fab1154d061072",李英魁,,,,,"","",河北,[],"[""军长"", ""司令""]",抗日战争时期,华北伪临时政府,伪任职务：伪华北绥靖军第 7 集团军司令，驻防山西，多次扫荡晋察冀、晋绥根据地。结局：抗战胜利后国民政府逮捕处决,[],"2026-08-26 17:52:47","2026-08-26 17:52:47",,,,,
"1e034ff4c74247658ddb1bb7ca503709",丁昌汉,,,,,exact,exact,宿县尖山乡,[],"[""尖山伪乡长""]",抗日战争时期,"",伪职：尖山伪乡长；罪行：勾结夹沟日伪密谋叛变，企图出卖五柳地区抗日力量作为投敌资本。；结局：被抗日政府逮捕惩处。,[],"2026-08-27 03:29:02.105325","2026-08-27 03:29:02.105325",,,,,
"1e05e8ca0bf743fc8c863228bfa9800b",孙耀武,,,,,exact,exact,临晋,[],"[""伪临晋县县长""]",抗日战争时期,"",伪职：伪临晋县县长；罪行：维持临晋伪统治，压榨百姓。；结局：光复后判刑,[],"2026-08-27 03:29:02.089331","2026-08-27 03:29:02.089331",,,,,
"1e0ec88e344544bcaeb3d7b02f9f809a",郭采芹,,,,,exact,exact,邯郸贾村,[],"[""伪邯郸商会会长、冀南剿共军教导司令；搜刮粮棉资敌，训练伪军，指挥扫荡，杀害大量县区干部。""]",抗日战争时期,"",伪职：伪邯郸商会会长、冀南剿共军教导司令；搜刮粮棉资敌，训练伪军，指挥扫荡，杀害大量县区干部。；结局：邯郸解放被俘，公审枪决,[],"2026-08-27 03:29:02.081610","2026-08-27 03:29:02.081610",,,,,
"1e2c97ca573f452f9b088a7c5ef068f9",苏达那木,,,,,exact,exact,奈曼旗,[],"[""伪奈曼旗旗长；修筑部落（人圈），配合讨伐队围剿周荣久抗日救国军。""]",抗日战争时期,"",伪职：伪奈曼旗旗长；修筑部落（人圈），配合讨伐队围剿周荣久抗日救国军。；结局：日本投降潜逃，后抓捕归案判刑,[],"2026-08-27 03:29:02.085848","2026-08-27 03:29:02.085848",,,,,
"1e4a8b264ade4532a0010d0a5b4fe99f",宝音乌勒吉,,,,,exact,exact,朝阳,[],"[""伪吐默特右旗旗长（蒙奸）""]",抗日战争时期,"",伪职：伪吐默特右旗旗长（蒙奸）；罪行：朝阳本地蒙旗最高长官；执行日伪蒙汉分治，搜刮牲畜粮食，配合讨伐山区抗日武装；八一五后出任朝阳治安维持会会长，企图维持伪政权等待国民党接收。；结局：解放后逮捕，汉奸罪重判。,[],"2026-08-27 03:29:02.093519","2026-08-27 03:29:02.093519",,,,,
"1e4ae79bb8974ac5ad3494d2544ab73c",刘麻子,,,,,exact,exact,广德誓节渡据点,[],"[""广德誓节渡伪乡队长""]",抗日战争时期,"",伪职：广德誓节渡伪乡队长；罪行：伪武装爪牙，抓捕接济新四军百姓，掠夺山区竹木物资，残害乡民。；结局：抗战胜利后公审处决。,[],"2026-08-27 03:29:02.106315","2026-08-27 03:29:02.106315",,,,,
"1e62a6a84ff2421f9ef5908699a25aae",段纪福、段纪禄,,,,,exact,exact,井陉山区,[],"[""皇协军少校，兄弟匪首，盘踞井陉西部山区，烧杀抢掠村庄。""]",抗日战争时期,"",伪职：皇协军少校，兄弟匪首，盘踞井陉西部山区，烧杀抢掠村庄。；结局：1944 年被太行军区部队歼灭，二人被俘处决,[],"2026-08-27 03:29:02.084242","2026-08-27 03:29:02.084242",,,,,
"1e7ac4ab3de44ae088cc7adcf0b08051",常郁栋,,,,,exact,exact,铁岭,[],"[""伪铁岭县执行委员会副委员长""]",抗日战争时期,"",伪职：伪铁岭县执行委员会副委员长；罪行：辅佐王者贵，参与维持会，协助日军管控城乡，配合讨伐抗日武装。；结局：解放后逮捕惩处。,[],"2026-08-27 03:29:02.093345","2026-08-27 03:29:02.093345",,,,,
"1eb5efa601094015a5b20f9539b5baf3",王自孚,,,,,exact,exact,勃利通天沟、七台河山区,"[""王子孚""]","[""原抗联八军三师师长，叛徒""]",抗日战争时期,"",伪职：原抗联八军三师师长，叛徒；罪行：1938 年杀害抗联八军政治部主任刘曙华，率部投敌；充当伪讨伐队向导，围剿二路军部队，捕杀抗联指战员。；结局：解放后公审枪决。,[],"2026-08-27 03:29:02.097304","2026-08-27 03:29:02.097304",,,,,
"1ed573f9b28b4fb6a55591ccaf4577b8",霍九功,,,,,exact,exact,沁水,[],"[""伪商会会长""]",抗日战争时期,"",伪职：伪商会会长；罪行：依附日伪，操纵商贸，低价强购粮食供给日军。；结局：战后逮捕判刑,[],"2026-08-27 03:29:02.088424","2026-08-27 03:29:02.088424",,,,,
"1f02e9aac9e346be97bbf3abc209411e",郭元喜,,,,,exact,exact,离石前马家村,[],"[""原离东二区游击队长，叛变投敌""]",抗日战争时期,"",伪职：原离东二区游击队长，叛变投敌；罪行：率 200 余人投敌；带领日伪军偷袭离东县委，致使 6 名干部被捕，2 名女干部惨遭杀害。；结局：解放后公审处决,[],"2026-08-27 03:29:02.090385","2026-08-27 03:29:02.090385",,,,,
"1f03844f7c3848099d99575d9a0b98f4",张阿三,,,,,exact,exact,长汀城关、汀江码头,[],"[""潜伏密探""]",抗日战争时期,"",伪职：潜伏密探；罪行：伪装难民混入长汀，侦查后方军政机关、物资仓库，秘密向厦门敌占区传递情报，暗中鼓动走私资敌。；结局：军统闽南站破获，就地正法。,[],"2026-08-27 03:29:02.079043","2026-08-27 03:29:02.079043",,,,,
"1f1067fff92048059ceb7810e13d5cd8",冈本一雄,,,,,"","",日本,[],"[""军长"", ""特务"", ""县长""]",抗日战争时期,汪伪政权,伪任职务：日军特务，化装冒充伪县长王一凡模样潜入根据地诱骗群众；1944 年在禄口公路被江宁县短枪队伏击抓获，随行 6 名华人特务一并被俘。。结局：作为特务审判处置，日方人员战后遣返日本,[],"2026-08-26 17:52:47","2026-08-26 17:52:47",,,,,
"1f24d4d25c794b7a8a0cfa1b230acf50",马成骥,,,,,exact,exact,壶关,[],"[""伪壶关县县长（上党四大天王之一）""]",抗日战争时期,"",伪职：伪壶关县县长（上党四大天王之一）；罪行：组建壶关伪政权，指挥伪警备队清乡扫荡，抓捕抗日干部群众。；结局：抗战胜利后公审处决。,[],"2026-08-27 03:29:02.088139","2026-08-27 03:29:02.088139",,,,,
"1f2ad44b3b634e64b5ae92a73cfcfead",刘凤岐,,,,,exact,exact,太和沙河码头,[],"[""潜伏密探""]",抗日战争时期,"",伪职：潜伏密探；罪行：受蚌埠伪特工指使混迹码头船户中间，打探国军调动情报，收买码头苦力充当眼线。；结局：太和军警破获逮捕，判处重刑。,[],"2026-08-27 03:29:02.105136","2026-08-27 03:29:02.105136",,,,,
"1f5d366ec2cd4ef3bb7bba8983637a01",方志国,,,,,exact,exact,嵊县长乐,[],"[""嵊县长乐据点特务爪牙""]",抗日战争时期,"",伪职：嵊县长乐据点特务爪牙；罪行：仗日军势力敲诈商户，祸害妇女，作恶多端。；结局：被地方武装秘密处决。,[],"2026-08-27 03:29:02.101821","2026-08-27 03:29:02.101821",,,,,
"1f7ab0a3121247a6aa0a4a85dfdcc5ce",于长青,,,,,exact,exact,绥化县城,[],"[""苏军翻译，汉奸内应""]",抗日战争时期,"",伪职：苏军翻译，汉奸内应；罪行：被常栋彝收买，翻译时刻意歪曲原意，欺骗苏军，掩护伪残余势力，参与反革命密谋活动绥化新闻网。；结局：1946 年被逮捕惩处。,[],"2026-08-27 03:29:02.098562","2026-08-27 03:29:02.098562",,,,,
"1fbd336eabfd4d08a41d8cf5c9b7d320",桂老五,,,,,exact,exact,安庆城郊、集贤关一带,[],"[""安庆宪兵队便衣""]",抗日战争时期,"",伪职：安庆宪兵队便衣；罪行：地痞流氓投靠宪兵队，混迹市井乡村，侦查地下抗日活动，告密抓捕进步群众，敲诈商户百姓。；结局：抗战后期被锄奸队击毙。,[],"2026-08-27 03:29:02.104642","2026-08-27 03:29:02.104642",,,,,
"1fc9be49425a4c3d91871a299c8b7322",程斌,,,,,"","",吉林,[],"[""师长""]",抗日战争时期,汪伪政权,伪任职务：原抗联一师师长，叛变投敌，伪满警察大队长，熟知抗联山地战术，给抗联造成巨大损失党史学习教...。结局：建国后被逮捕，1951 年镇压反革命中枪决,[],"2026-08-26 17:52:47","2026-08-26 17:52:47",,,,,
"1fcd21ce1e8c441eb1afd6961e04830c",蔡金兰,,,,,exact,exact,福州城区,[],"[""日伪特务头目""]",抗日战争时期,"",伪职：日伪特务头目；罪行：便衣特务头子，带领爪牙搜捕地下抗日人员，滥捕平民，制造多起迫害案件。；结局：1946‑06‑05 公开枪决。,[],"2026-08-27 03:29:02.080185","2026-08-27 03:29:02.080185",,,,,
"1fd146f8155f4393950b4185af383a43",陈群,,,,,"","",福建闽侯,[],"[""省级长官"", ""清乡""]",抗日战争时期,汪伪政权,伪任职务：李士群死后继任伪江苏省省长，驻苏州，延续清乡政策，搜刮物资资敌。。结局：日本投降前夕服毒自杀于苏州家中,[],"2026-08-26 17:52:47","2026-08-26 17:52:47",,,,,
"1fd3786fffb140dd9fd208189aa33298",孙梅生,,,,,exact,exact,湖州城区,[],"[""伪吴兴警察局局长""]",抗日战争时期,"",伪职：伪吴兴警察局局长；罪行：掌控伪警察武装，网罗地痞组建侦缉队，搜捕城内地下抗日人员，施用酷刑迫害被捕群众。；结局：抗战胜利后汉奸审判伏法。,[],"2026-08-27 03:29:02.101418","2026-08-27 03:29:02.101418",,,,,
"1fde4847f49b495092e886d71e093859",张善琨,,,,,"","",浙江吴兴,[],[],抗日战争时期,汪伪政权,伪任职务：伪中华电影联合公司总经理，炮制亲日宣传影片。结局：抗战胜利逃往香港，未受审判,[],"2026-08-26 17:52:47","2026-08-26 17:52:47",,,,,
"20013476cce84c10a64dff10d9d1f27b",孙祖基,,,,,exact,exact,南京、杭州，无锡原籍,[],"[""汪伪杭州市长、汪伪民政司司长（无锡籍）""]",抗日战争时期,"",伪职：汪伪杭州市长、汪伪民政司司长（无锡籍）；罪行：原民国无锡县长，投敌历任多个汪伪高级官职，协助汪伪地方治理。；结局：抗战胜利后被捕判刑。,[],"2026-08-27 03:29:02.098747","2026-08-27 03:29:02.098747",,,,,
"2019b1384fc44a0cb9f5cf67e96908f6",韩星垣,,,,,exact,exact,平山,[],"[""首任伪平山县县长，组建伪县公署、伪警察局、新民会；强征粮款民夫，配合日军扫荡平山根据地。""]",抗日战争时期,"",伪职：首任伪平山县县长，组建伪县公署、伪警察局、新民会；强征粮款民夫，配合日军扫荡平山根据地。；结局：日本投降后逮捕公审惩处,[],"2026-08-27 03:29:02.084250","2026-08-27 03:29:02.084250",,,,,
"201a921436aa46d98e9aaba072d939be",释法依,,,,,"","",广西柳州,[],"[""军长""]",抗日战争时期,汪伪政权,伪任职务：滨江镇伪维持分会会长，僧人附逆，搜集情报、抓捕百姓送给日军。结局：战后公审处决,[],"2026-08-26 17:52:47","2026-08-26 17:52:47",,,,,
"208bf6153bd2417abaa248f1ae7600d6",赵永富,,,,,exact,exact,鹤岗矿山,[],"[""伪鹤岗矿山警察二队大队长""]",抗日战争时期,"",伪职：伪鹤岗矿山警察二队大队长；罪行：死心效忠日寇，负责矿山警戒，镇压矿工与抗日活动；1936 年抗联六军夜袭鹤岗煤矿。；结局：夏云杰部队攻打矿山战斗中被抗联击毙。,[],"2026-08-27 03:29:02.096428","2026-08-27 03:29:02.096428",,,,,
"20a1ba61ae4240bcab4b798d2d42067c",潘毓桂,,,,,"","",河北盐山,[],"[""市长""]",抗日战争时期,汪伪政权,伪任职务：伪天津特别市市长。结局：上海提篮桥监狱服刑，1961 年病死狱中光明数字报,[],"2026-08-26 17:52:47","2026-08-26 17:52:47",,,,,
"20a83642aa8643b3b5631d455fd69f8f",王成仁,,,,,exact,exact,衡水,[],"[""日军宪兵队特务班骨干；潜伏乡村告密，抓捕抗日家属，随同伪军下乡敲诈勒索。""]",抗日战争时期,"",伪职：日军宪兵队特务班骨干；潜伏乡村告密，抓捕抗日家属，随同伪军下乡敲诈勒索。；结局：抗战胜利后公审处决,[],"2026-08-27 03:29:02.084492","2026-08-27 03:29:02.084492",,,,,
"20bbecbd98e549a8950fe7bc04cd127e",赵辅臣,,,,,exact,exact,鞍山,[],"[""伪鞍山警察特务系主任""]",抗日战争时期,"",伪职：伪鞍山警察特务系主任；罪行：专门侦查、抓捕鞍山工厂反日工人，刑讯迫害被捕爱国人员，搜集民间反日言论。；结局：鞍山解放后公审处决。,[],"2026-08-27 03:29:02.091258","2026-08-27 03:29:02.091258",,,,,
"20e9cb1621e042679d4870de199df2e6",王芝佐,,,,,exact,exact,抚宁,[],"[""台头营据点伪警备队长；驻守抚宁北部山区，多次扫荡迁卢抚昌抗日游击根据地，刺探我方情报，抓捕爱国群众。""]",抗日战争时期,"",伪职：台头营据点伪警备队长；驻守抚宁北部山区，多次扫荡迁卢抚昌抗日游击根据地，刺探我方情报，抓捕爱国群众。；结局：抗战后期被抗日武装就地锄奸击毙,[],"2026-08-27 03:29:02.096005","2026-08-27 03:29:02.096005",,,,,
"20f508273da9409f8e1406a3b5cd8bb7",刘德山,,,,,exact,exact,亳县东南乡据点,[],"[""伪军小队长、据点特务""]",抗日战争时期,"",伪职：伪军小队长、据点特务；罪行：地痞投敌，执掌据点审讯，刑讯被捕地下人员，敲诈周边百姓，手上血债较多。；结局：1951 年镇反判刑，狱中病逝。,[],"2026-08-27 03:29:02.105722","2026-08-27 03:29:02.105722",,,,,
"21080244bccf4ac4bd7ee77bfb60d49f",颜叔周,,,,,exact,exact,吴兴全县,[],"[""汪伪吴兴县知事（伪县长）""]",抗日战争时期,"",伪职：汪伪吴兴县知事（伪县长）；罪行：执掌吴兴伪县公署，推行保甲、奴化教育，配合日军清乡，搜刮蚕丝粮食资敌；城内推行良民证制度，镇压民间抗日活动湖州市人民...。；结局：1941 年在马军巷遭抗日志士狙击负伤。,[],"2026-08-27 03:29:02.101906","2026-08-27 03:29:02.101906",,,,,
"2110ba44f32644ab9b737b4411558428",蒋三元,,,,,"","",云南龙陵,[],"[""军长"", ""司令""]",抗日战争时期,伪军,伪任职务：原为龙潞游击队员，被俘投降，被日军委任象‑平警备司令，组建伪军武装，扫荡游击区，残害抗日军民。结局：抗战胜利后捕获处决,[],"2026-08-26 17:52:47","2026-08-26 17:52:47",,,,,
"2118b1be748e42308fdd8ef4560c8eb4",廖炳钧,,,,,"","",广西柳江,[],"[""维持会"", ""县长""]",抗日战争时期,汪伪政权,伪任职务：伪柳江县县长，撤销维持会后正式伪县长，组建伪公安局伪乡镇政权。结局：抗战胜利判处死刑执行枪决,[],"2026-08-26 17:52:47","2026-08-26 17:52:47",,,,,
"212d3028af3d423fbd6e6d7ac0310162",岑德广,,,,,"","",广西西林,[],"[""委员长""]",抗日战争时期,汪伪政权,伪任职务：汪伪中央政治委员、赈务委员会委员长，桂籍最高级别汪伪大员，参与汪伪政权顶层策划。结局：抗战胜利被捕，后潜逃香港，逃脱审判,[],"2026-08-26 17:52:47","2026-08-26 17:52:47",,,,,
"2154f3f7dc8c4b0eacc32b6aa786b706",王揖唐,,,,,"","",安徽合肥,[],"[""委员长""]",抗日战争时期,华北伪临时政府,伪任职务：伪华北政务委员会委员长，推行华北治安强化运动，常驻北平。结局：1948 年北平枪决光明数字报,[],"2026-08-26 17:52:47","2026-08-26 17:52:47",,,,,
"216cac712e114b38ac8112271068b9b4",钟镜秋,,,,,"","",云南龙陵,[],"[""军长"", ""县长""]",抗日战争时期,汪伪政权,伪任职务：先任龙陵伪警察局长，后任伪腾冲县县长，日本留学背景，滇西伪政权核心人物，为日军征派伕马、筹集军粮物资。结局：腾冲光复被捕，审判后处决,[],"2026-08-26 17:52:47","2026-08-26 17:52:47",,,,,
"217c7a41af19444ba9373f66367139b4",董杏涛,,,,,exact,exact,镇海,[],"[""伪镇海自治会副会长""]",抗日战争时期,"",伪职：伪镇海自治会副会长；罪行：参与伪镇海傀儡政权，协助管控城镇，为日军搜集民间情报。；结局：战后判刑惩处。,[],"2026-08-27 03:29:02.100768","2026-08-27 03:29:02.100768",,,,,
"21943db199b44372a23111ae84bb829e",章伏龙,,,,,exact,exact,南昌麻丘荷埠周村人,[],"[""汉奸向导""]",抗日战争时期,"",伪职：汉奸向导；罪行：1942年令公庙大屠杀带路元凶，带领日军制造860余人惨死的惨案；结局：战后被依法处决,[],"2026-08-27 03:29:02.077918","2026-08-27 03:29:02.077918",,,,,
"21ae83a4b07e4d20a752f30e0e95239d",胡毓成,,,,,"","",湖南邵阳,[],"[""军长"", ""维持会""]",抗日战争时期,汪伪政权,伪任职务：邵阳伪维持会骨干，被日军称为 “汉奸楷模”，助纣为虐祸害邵阳百姓。结局：抗战胜利公审枪决,[],"2026-08-26 17:52:47","2026-08-26 17:52:47",,,,,
"21b07c0dd92346089cb9d48c93539d81",段云鹏,,,,,exact,exact,密云,[],"[""伪特务队长。""]",抗日战争时期,"",伪职：伪特务队长。；结局：镇反处决,[],"2026-08-27 03:29:02.092129","2026-08-27 03:29:02.092129",,,,,
"21ba31b5c54548a1a0a9ada8674f4d85",唐少侯,,,,,"","",安徽寿县,[],"[""省级长官"", ""厅长"", ""维持会""]",抗日战争时期,汪伪政权,伪任职务：伪安徽省财政厅长，蚌埠维持会骨干，协助倪道烺组建伪政权。结局：1951 年蚌埠公审枪决,[],"2026-08-26 17:52:47","2026-08-26 17:52:47",,,,,
"21c8900446e544fe983294a6f886680e",叶茂华,,,,,exact,exact,犁桥据点,[],"[""犁桥伪乡长、汪伪党务头目""]",抗日战争时期,"",伪职：犁桥伪乡长、汪伪党务头目；罪行：把持乡伪政权，开设赌场聚财；专门侦查新四军游击队情报，迫害接济新四军的百姓，强征粮款，鱼肉乡邻。；结局：1943 年新四军长江锄奸团于犁桥赌场就地枪决。,[],"2026-08-27 03:29:02.104349","2026-08-27 03:29:02.104349",,,,,
"21d17c77815b42b0afdd0e05c9615ba9",张金祥,,,,,exact,exact,兴隆,[],"[""伪讨伐队副司令；驻守兴隆县城，进山扫荡无人区，捕杀抗日干部堡垒户。""]",抗日战争时期,"",伪职：伪讨伐队副司令；驻守兴隆县城，进山扫荡无人区，捕杀抗日干部堡垒户。；结局：与八路军交战被击毙,[],"2026-08-27 03:29:02.083267","2026-08-27 03:29:02.083267",,,,,
"21d2c4cdce934be4b93cfb7892dd98cd",马子合,,,,,exact,exact,固镇湖沟,[],"[""伪湖沟区长""]",抗日战争时期,"",伪职：伪湖沟区长；罪行：把持湖沟伪区政权，催粮派夫，策反抗日武装，为单俊卿伪军提供后勤情报支持。；结局：肃奸运动捕获判处死刑。,[],"2026-08-27 03:29:02.105261","2026-08-27 03:29:02.105261",,,,,
"21e29642efe14193ad79767c6e58e47f",王殿忠,,,,,exact,exact,辽宁盖县（营口）,[],"[""伪满辽河地区警备司令、第六军管区上将司令""]",抗日战争时期,"",伪职：伪满辽河地区警备司令、第六军管区上将司令；罪行：原奉系军官投敌；司令部驻营口，指挥伪军在辽南疯狂围剿张海天、项青山等辽南义勇军；日本投降后回到营口，出任营口治安维持会委员长兼市长，全盘接管伪机构，勾结国民党，对抗民主政权营口日报。；结局：被苏军逮捕，后关押抚顺战犯管理所。,[],"2026-08-27 03:29:02.092629","2026-08-27 03:29:02.092629",,,,,
"21ec13af36684e52852ce7efc3cbfa5f",邬捷飞,,,,,exact,exact,佳木斯市区,[],"[""伪满协和会骨干，光复后国民党特务""]",抗日战争时期,"",伪职：伪满协和会骨干，光复后国民党特务；罪行：伪满时期从事奴化宣传；1946 年制造佳木斯刺杀案，暗杀副市长孙西林等多名革命干部，策划城市暴乱阴谋抖音百科。；结局：潜逃后被抓捕处决。,[],"2026-08-27 03:29:02.097432","2026-08-27 03:29:02.097432",,,,,
"21f6ac0c1e2d43f18a994cc603dbe735",张惕勤,,,,,exact,exact,不在合肥本地活动,[],"[""汪伪空军，合肥籍""]",抗日战争时期,"",伪职：汪伪空军，合肥籍；罪行：原国军飞行员，1941 驾机投敌，加入汪伪空军，参与轰炸大后方，合肥籍贯的知名投敌人员。；结局：1948 年上海判处死刑枪决。,[],"2026-08-27 03:29:02.102837","2026-08-27 03:29:02.102837",,,,,
"220f5d41a554474dbfe5095ea3e0c054",秦庆霖,,,,,exact,exact,东台、丁溪、草堰,[],"[""伪 25 师师长""]",抗日战争时期,"",伪职：伪 25 师师长；罪行：伪军将领，控制东台运河沿线据点，盘剥沿河百姓，协助日军运输掠夺物资。；结局：抗战胜利后被逮捕惩处。,[],"2026-08-27 03:29:02.099860","2026-08-27 03:29:02.099860",,,,,
"2225f09cfc1d45bcbd8dd1f27688eb67",韩祥吉,,,,,exact,exact,滁县城乡,[],"[""伪樱挺进队大队长""]",抗日战争时期,"",伪职：伪樱挺进队大队长；罪行：孙光辉副手，带队下乡扫荡乡村，抓捕抗日干部，敲诈集镇商户百姓。；结局：解放后镇压处决。,[],"2026-08-27 03:29:02.104870","2026-08-27 03:29:02.104870",,,,,
"223e94603a644804936aa7405f5f56ad",杨显之,,,,,exact,exact,阳城,[],"[""伪阳城警备大队长""]",抗日战争时期,"",伪职：伪阳城警备大队长；罪行：率伪军出城扫荡，抓捕抗日干部，残害堡垒户。；结局：解放后公审枪决,[],"2026-08-27 03:29:02.088409","2026-08-27 03:29:02.088409",,,,,
"224c26f693814a7f861b7e75de71a495",周俊彦,,,,,exact,exact,吴兴练市,[],"[""练市后期维持会会长""]",抗日战争时期,"",伪职：练市后期维持会会长；罪行：接替乐俊泉，继续为日伪筹措粮草，胁迫乡绅附逆。；结局：汉奸清算判处有期徒刑。,[],"2026-08-27 03:29:02.101409","2026-08-27 03:29:02.101409",,,,,
"224ee7bf415140018048fa2cccddf59a",李守信,,,,,exact,exact,热河,[],"[""伪蒙古军 57 团团长，驻防乌丹；骑兵主力，频繁围剿热北根据地。""]",抗日战争时期,"",伪职：伪蒙古军 57 团团长，驻防乌丹；骑兵主力，频繁围剿热北根据地。；结局：1950 引渡归案，1964 特赦释放,[],"2026-08-27 03:29:02.085543","2026-08-27 03:29:02.085543",,,,,
"225e5c3979a14ffe8cb9572499dd26b3",周学昌,,,,,"","",河北安新,[],"[""市长"", ""军长""]",抗日战争时期,汪伪政权,伪任职务：汪伪南京特别市末代市长，主持南京地方行政，配合日军物资征调央视网。。结局：1946 年南京判处死刑执行枪决,[],"2026-08-26 17:52:47","2026-08-26 17:52:47",,,,,
"225fde3a6fbb419aa49aa3bfbc6c4d3a",周菊荣,,,,,exact,exact,彭泽县（今属九江）,[],"[""伪彭泽县政府办事人员""]",抗日战争时期,"",伪职：伪彭泽县政府办事人员；罪行：在伪县政府处理日常事务，协助日伪推行统治，其父在日本做厨师，与日方关系密切；结局：抗战胜利后前往日本定居，经常寄钱回国（来源：彭泽伪政府人员，有明确出逃结局记载）,[],"2026-08-27 03:29:02.077727","2026-08-27 03:29:02.077727",,,,,
"22760cbb98d3435891a02f670b722b45",王泽民,,,,,exact,exact,永年,[],"[""伪永年保安司令；与许铁英合伙盘踞广府，抓捕迫害抗日家属，出城抢粮杀人；日降后改编为国民党保安纵队。""]",抗日战争时期,"",伪职：伪永年保安司令；与许铁英合伙盘踞广府，抓捕迫害抗日家属，出城抢粮杀人；日降后改编为国民党保安纵队。；结局：永年城破逃窜，后被抓获处决,[],"2026-08-27 03:29:02.080719","2026-08-27 03:29:02.080719",,,,,
"22a5e2e884ac4a4fb9ab84a55ba2f273",刘焕章,,,,,exact,exact,乐亭,[],"[""伪乐亭警备大队长，驻守乐亭县城及沿海据点，扫荡沿海游击区。""]",抗日战争时期,"",伪职：伪乐亭警备大队长，驻守乐亭县城及沿海据点，扫荡沿海游击区。；结局：解放后公审处决,[],"2026-08-27 03:29:02.091934","2026-08-27 03:29:02.091934",,,,,
"22b5d1974aca495294c26b791f21710d",王庆璋,,,,,"","",辽宁新宾,[],"[""市长""]",抗日战争时期,汪伪政权,伪任职务：伪奉天市（沈阳）市长、伪满邮政总局局长。结局：1950 年逮捕，1958 年病亡抚顺狱中,[],"2026-08-26 17:52:47","2026-08-26 17:52:47",,,,,
"22d90ffc4a6042f49f262a8b861d4982",胡杰生,,,,,exact,exact,宿城,[],"[""伪宿迁县商会会长""]",抗日战争时期,"",伪职：伪宿迁县商会会长；罪行：商界大汉奸，为日军搜刮军用物资，垄断城内商贸，摊派各类苛捐杂税，盘剥商户百姓，资助伪政权运转中共宿迁市...。；结局：清算运动被群众斗争，判处重刑。,[],"2026-08-27 03:29:02.100560","2026-08-27 03:29:02.100560",,,,,
"22f7f58cf49542bd9858ca1b9405c3b8",郑德民,,,,,exact,exact,闽海，莆田外海岛屿,[],"[""伪和平救国军副司令""]",抗日战争时期,"",伪职：伪和平救国军副司令；罪行：张逸舟副手，多次率伪军窜犯南日、湄洲，劫掠海上船只，搜捕海上游击队员，军统背景，身兼伪军、特务双重身份秀屿新闻网。；结局：战后肃奸逮捕判刑。,[],"2026-08-27 03:29:02.079941","2026-08-27 03:29:02.079941",,,,,
"230385ca11574deb8a8ec8ffaef6176a",赵士桓（赵世恒）,,,,,"","",海南文昌,[],"[""维持会"", ""县长""]",抗日战争时期,华北伪临时政府,伪任职务：伪琼崖临时政府主席，全盘伪行政首脑，推行保甲、良民证、奴化教育，统筹各县伪维持会建设抖音百科。结局：抗战胜利被捕，判处死刑执行枪决,[],"2026-08-26 17:52:47","2026-08-26 17:52:47",,,,,
"2309af3832f045ffadc78484eda44bc5",胡能,,,,,exact,exact,锦西,[],"[""伪锦西县保安队队长""]",抗日战争时期,"",伪职：伪锦西县保安队队长；罪行：听从张国栋命令，武力镇压城内学生抗日请愿，抓捕大批爱国师生下狱，残酷殴打爱国群众纪录小康工...。；结局：解放后镇反公审枪决。,[],"2026-08-27 03:29:02.093737","2026-08-27 03:29:02.093737",,,,,
"234dc6a4c1114d6eb617a536d1766945",卢元善,,,,,exact,exact,大连（旅大派）,[],"[""伪满司法大臣、伪奉天省民生厅长""]",抗日战争时期,"",伪职：伪满司法大臣、伪奉天省民生厅长；罪行：大连出身，受日本殖民教育；在伪满执行日本法令，镇压反日人士。；结局：抚顺战犯管理所关押，后特赦。,[],"2026-08-27 03:29:02.091081","2026-08-27 03:29:02.091081",,,,,
"235b0805871c4d078a6865c8c9f3a482",刘振邦,,,,,exact,exact,昌黎,[],"[""伪昌黎特务系长；专门搜捕迁卢抚昌联合县干部，酷刑审讯被捕人员。""]",抗日战争时期,"",伪职：伪昌黎特务系长；专门搜捕迁卢抚昌联合县干部，酷刑审讯被捕人员。；结局：镇反时期公审枪决,[],"2026-08-27 03:29:02.099667","2026-08-27 03:29:02.099667",,,,,
"2363ce84704d44858b95773135c9280d",谢文东,,,,,exact,exact,依兰、勃利、桦南，合江全境,[],"[""原抗联第八军军长，投降后伪三江省讨伐队头目""]",抗日战争时期,"",伪职：原抗联第八军军长，投降后伪三江省讨伐队头目；罪行：土龙山暴动起家，1939 年率抗联八军大部投降日寇；带领伪军进山讨伐抗联，残害抗日军民；日本投降后投靠国民党，成为 “四大旗杆” 匪首，制造多起屠杀惨案佳木斯广播...。；结局：1946 年依兰公审枪决。,[],"2026-08-27 03:29:02.096967","2026-08-27 03:29:02.096967",,,,,
"237ff10fe266496181687bd64c9c007b",崔景岚,,,,,exact,exact,大同,[],"[""伪大同省省长（末代）""]",抗日战争时期,"",伪职：伪大同省省长（末代）；罪行：1943 伪大同省成立后主政，维持伪政权末期统治，配合日军强征物资、抓壮丁。；结局：光复后被捕判刑,[],"2026-08-27 03:29:02.087434","2026-08-27 03:29:02.087434",,,,,
"2382d5c384774b5f9ff1060aca6e999b",周少斋,,,,,exact,exact,合肥城内,[],"[""伪大民会庐州支部负责人""]",抗日战争时期,"",伪职：伪大民会庐州支部负责人；罪行：日伪特务组织大民会，负责亲日宣传，发展伪会员，下乡散发 “大东亚共荣” 传单，拉拢知识分子附逆。；结局：抗战胜利后附逆案判刑。,[],"2026-08-27 03:29:02.103042","2026-08-27 03:29:02.103042",,,,,
"239f90d1ff4b4b5aabf266c125f4e513",笪金芝,,,,,"","",镇江九宝区,[],[],抗日战争时期,汪伪政权,伪任职务：原抗日区长，叛变投敌，任伪别动队分队长，在句容、镇江边境从事搜捕、告密。。结局：捕获后判处死刑,[],"2026-08-26 17:52:47","2026-08-26 17:52:47",,,,,
"23c5a85918114d47b5053af3dfd8aba0",王直平,,,,,exact,exact,"",[],"[""伪任丘县县长；策划臭名昭著的反共誓约惨案，逼迫群众宣誓反共，残害大量平民百姓。""]",抗日战争时期,"",伪职：伪任丘县县长；策划臭名昭著的反共誓约惨案，逼迫群众宣誓反共，残害大量平民百姓。；结局：1945 年公审判处死刑,[],"2026-08-27 03:29:02.082622","2026-08-27 03:29:02.082622",,,,,
"23d31a26dff94c608a127cd149155d93",刘清一,,,,,exact,exact,"",[],"[""伪桓仁县县长""]",抗日战争时期,"",伪职：伪桓仁县县长；罪行：桓仁伪县公署主官，推行保甲连坐、集团部落，参与东边道大讨伐，搜捕抗联人员；日本投降后把持伪政权等待接收。；结局：解放后公审判处重刑。,[],"2026-08-27 03:29:02.091599","2026-08-27 03:29:02.091599",,,,,
"23d76c024a9e44c1acc41073651bf6b3",高云阶,,,,,exact,exact,芜湖,[],"[""继任伪保安大队长""]",抗日战争时期,"",伪职：继任伪保安大队长；罪行：接替刘子敬，继续掌控地方伪军武装，勾结青红帮，压榨四乡百姓政协芜湖市...。；结局：抗战胜利后逮捕判刑。,[],"2026-08-27 03:29:02.103244","2026-08-27 03:29:02.103244",,,,,
"23ed8ec0d5a145a0b45e938813d6f50e",修长余,,,,,"","",吉林,[],"[""省级长官"", ""处长""]",抗日战争时期,汪伪政权,伪任职务：伪吉林省警务处处长，掌控吉林伪警察系统，抓捕迫害爱国群众。结局：日本投降被捕，关押后病亡,[],"2026-08-26 17:52:47","2026-08-26 17:52:47",,,,,
"23fa27c0b8764575a5ca4c61e17fb3c4",张镇戍,,,,,exact,exact,偏关,[],"[""伪偏关警备大队长""]",抗日战争时期,"",伪职：伪偏关警备大队长；罪行：后期看清形势，率 200 余伪军起义投奔八路军，立功免予惩处山西党史方...。；结局：起义，不予清算,[],"2026-08-27 03:29:02.089956","2026-08-27 03:29:02.089956",,,,,
"23fa2c793f9a42a98b615c34ae5c17f2",宝音达来,,,,,exact,exact,奈曼旗,[],"[""伪奈曼警察讨伐队长；多次进山围剿抗日武装，残害堡垒户。""]",抗日战争时期,"",伪职：伪奈曼警察讨伐队长；多次进山围剿抗日武装，残害堡垒户。；结局：奈曼解放被俘枪决,[],"2026-08-27 03:29:02.085858","2026-08-27 03:29:02.085858",,,,,
"241f063a3f2c41c38972aee199405681",卞金山,,,,,exact,exact,大连,[],"[""伪迁安县公署督察员、日军翻译，引荐汤鹏举投敌，充当日军耳目，敲诈地方商户，迫害爱国群众。""]",抗日战争时期,"",伪职：伪迁安县公署督察员、日军翻译，引荐汤鹏举投敌，充当日军耳目，敲诈地方商户，迫害爱国群众。；结局：1946 年汉奸罪判处死刑,[],"2026-08-27 03:29:02.086887","2026-08-27 03:29:02.086887",,,,,
"242f66f8a43143cc8fce5a17b424a51f",林其应,,,,,exact,exact,台江南台,[],"[""第一次沦陷伪商会骨干""]",抗日战争时期,"",伪职：第一次沦陷伪商会骨干；罪行：吴郎藩副手，勒索商户，替日军筹措经费物资。；结局：1941 年光复枪决。,[],"2026-08-27 03:29:02.080991","2026-08-27 03:29:02.080991",,,,,
"24328cdf1ace44428df1ef49aedc5470",周大牙,,,,,exact,exact,易县,[],"[""伪易县警备副团长，赵玉昆副手；多次带队进山扫荡狼牙山周边村庄。""]",抗日战争时期,"",伪职：伪易县警备副团长，赵玉昆副手；多次带队进山扫荡狼牙山周边村庄。；结局：解放后镇反处决,[],"2026-08-27 03:29:02.082715","2026-08-27 03:29:02.082715",,,,,
"2435bf0f6be14eb5b0539c644ee7a95e",汤同书,,,,,exact,exact,启东全境,[],"[""伪启东特区公署署长（等同伪县长）""]",抗日战争时期,"",伪职：伪启东特区公署署长（等同伪县长）；罪行：老牌中统出身投敌，执掌启东伪政权，推行清乡，设立检问所，盘剥残害百姓，搜捕东南警卫团抗日人员。；结局：汉奸审判判处重刑。,[],"2026-08-27 03:29:02.099027","2026-08-27 03:29:02.099027",,,,,
"2438fc378f374ed7a09f41c8d576741e",三报子,,,,,exact,exact,黄岩城乡,[],"[""黄岩便衣流氓汉奸""]",抗日战争时期,"",伪职：黄岩便衣流氓汉奸；罪行：沦陷期间依附日军，趁火打劫，敲诈抢掠平民百姓，为维持会充当打手爪牙中国台州网。；结局：沦陷结束后捕获惩处。,[],"2026-08-27 03:29:02.102496","2026-08-27 03:29:02.102496",,,,,
"24488f54a300437b96080a477ba675cb",季寿山,,,,,exact,exact,高阳,[],"[""伪高阳警备大队长；多次扫荡高、蠡边境，破坏地道村庄。""]",抗日战争时期,"",伪职：伪高阳警备大队长；多次扫荡高、蠡边境，破坏地道村庄。；结局：高阳解放被俘处决,[],"2026-08-27 03:29:02.082598","2026-08-27 03:29:02.082598",,,,,
"244daac34ffa46dc9397ef39a00424b5",周海山,,,,,exact,exact,青龙,[],"[""伪青龙警备大队长；伪军主力头目，多次配合日军扫荡青平根据地，制造多起村庄惨案。""]",抗日战争时期,"",伪职：伪青龙警备大队长；伪军主力头目，多次配合日军扫荡青平根据地，制造多起村庄惨案。；结局：解放后镇反公审处决,[],"2026-08-27 03:29:02.094242","2026-08-27 03:29:02.094242",,,,,
"245d5d880a42400a8a55f186890222cf",贺焕芝,,,,,exact,exact,离石,[],"[""伪离石城防副司令、新民会离石分会会长，神风铁血团头目""]",抗日战争时期,"",伪职：伪离石城防副司令、新民会离石分会会长，神风铁血团头目；罪行：原决死队人员，因家庭利益叛变投敌；组建 500 余人铁血团；广建维持会、修筑碉堡；多次带队扫荡离东根据地，亲手机枪处决 20 余名抗日干部；日本投降后被阎锡山收编。；结局：1945 年 9 月解放离石巷战中被八路军击毙,[],"2026-08-27 03:29:02.090348","2026-08-27 03:29:02.090348",,,,,
"2462de48973f48919d89db1de2c0837f",耿梦梅,,,,,exact,exact,平遥,[],"[""伪平遥县县长""]",抗日战争时期,"",伪职：伪平遥县县长；罪行：建立平遥伪县公署，管控同蒲铁路，推行保甲十家连坐，压榨城乡百姓。；结局：战后逮捕判刑,[],"2026-08-27 03:29:02.088876","2026-08-27 03:29:02.088876",,,,,
"246e9ab38aa24cc18c5a92de8cdfe9cb",周瑜生,,,,,"","",海门,[],"[""军长""]",抗日战争时期,汪伪政权,伪任职务：伪海门警察局局长，掌控伪警武装，配合日军下乡扫荡、搜捕抗日人员。。结局：公审处决,[],"2026-08-26 17:52:47","2026-08-26 17:52:47",,,,,
"2472b2141a02402e8ccd6d8f07f068a7",唐兆铭,,,,,exact,exact,临河,[],"[""临河地方投降派，密谋投靠日伪，暗中联络包头日伪，策划叛乱。""]",抗日战争时期,"",伪职：临河地方投降派，密谋投靠日伪，暗中联络包头日伪，策划叛乱。；结局：1938 被国民党门炳岳部抓捕镇压巴彦淖尔市...,[],"2026-08-27 03:29:02.086618","2026-08-27 03:29:02.086618",,,,,
"247792cbc0eb4290876abc9c78046d7a",王玉清,,,,,exact,exact,杨公庙（舜耕山南）,[],"[""铁杆汉奸、据点匪首""]",抗日战争时期,"",伪职：铁杆汉奸、据点匪首；罪行：投靠日军，修筑碉堡据点；专门搜捕与新四军联络矿工，残害大批矿工群众，敲诈周边村民粮食财物。；结局：1942 年新四军二师攻打据点，战斗中将其击毙。,[],"2026-08-27 03:29:02.103797","2026-08-27 03:29:02.103797",,,,,
"247d23b572064ba9aa8a592f183d3560",王志贤,,,,,"","",金坛,[],"[""军长""]",抗日战争时期,汪伪政权,伪任职务：伪金坛宪兵突击队队长，跟随日军扫荡，抓捕残害抗日军民常州史志。。结局：被新四军俘获，公审镇压,[],"2026-08-26 17:52:47","2026-08-26 17:52:47",,,,,
"24919d64d77044449bf748de72319878",刘矮子,,,,,exact,exact,武平、上杭闽粤边界,[],"[""日特外围眼线""]",抗日战争时期,"",伪职：日特外围眼线；罪行：由汕头日伪特务机关派出，活动于闽粤交界集镇，搜集过境部队调动情报，拉拢地痞发展情报网络。；结局：武平县保安团抓获，判处有期徒刑。,[],"2026-08-27 03:29:02.079053","2026-08-27 03:29:02.079053",,,,,
"2492b5cb772a4f7c8b0f06ed7f09c286",罗振玉,,,,,exact,exact,江苏淮安,[],"[""伪满监察院副院长，祭祀府副总裁""]",抗日战争时期,"",伪职：伪满监察院副院长，祭祀府副总裁；罪行：晚清学者，赴东北投靠溥仪，参与伪满建国，为日伪制造舆论。；结局：1940 年病死长春。,[],"2026-08-27 03:29:02.094034","2026-08-27 03:29:02.094034",,,,,
"249da94510844bcf82c54bbda76e1ced",王兹厚,,,,,exact,exact,"",[],"[""伪锦州省副省长""]",抗日战争时期,"",伪职：伪锦州省副省长；罪行：协助日本省长管理全省政务，执行战时物资搜刮，管控户口、劳工征集，配合治安肃正。；结局：抗战胜利后以汉奸罪逮捕判刑。,[],"2026-08-27 03:29:02.092451","2026-08-27 03:29:02.092451",,,,,
"24cb2930c9274319941858885e9ad940",宋殿才,,,,,exact,exact,巴彦,[],"[""伪巴彦县县长（巴彦现归哈尔滨，历史属绥化片区）""]",抗日战争时期,"",伪职：伪巴彦县县长（巴彦现归哈尔滨，历史属绥化片区）；罪行：伪满推行日伪各项政令；光复后组织反动武装，公开反共，阻挠民主政权接收县城绥化新闻网。；结局：解放后被镇压。,[],"2026-08-27 03:29:02.098554","2026-08-27 03:29:02.098554",,,,,
"24e705a7d0184ee09449373fc48627d8",黄云生,,,,,exact,exact,宣城狸桥,[],"[""伪乡维持头目""]",抗日战争时期,"",伪职：伪乡维持头目；罪行：基层伪头目，为伪 15 旅提供情报、粮草，协助抓捕民兵农会干部，周小木、陈思春遇害案有牵连宣城新闻网。；结局：解放后镇反判刑。,[],"2026-08-27 03:29:02.106339","2026-08-27 03:29:02.106339",,,,,
"2503ea25a38448b3b56e7eaa89a985ac",张格,,,,,exact,exact,天津,[],"[""第三任伪石门市市长，强化城市管控，配合治安强化运动。""]",抗日战争时期,"",伪职：第三任伪石门市市长，强化城市管控，配合治安强化运动。；结局：战后汉奸罪审判，长期监禁,[],"2026-08-27 03:29:02.078179","2026-08-27 03:29:02.078179",,,,,
"250724666efb4a0b86e161cef1086294",赵宗熹,,,,,exact,exact,皇藏山区（杜集东南旧属萧县）,[],"[""皇藏乡维持会会长""]",抗日战争时期,"",伪职：皇藏乡维持会会长；罪行：地主劣绅，成立维持会，推行伪化，扬言报复抗日群众，联络县城汉奸。；结局：被彭南游击队锄奸处决。,[],"2026-08-27 03:29:02.104215","2026-08-27 03:29:02.104215",,,,,
"25094031e971489b8eb9af728ad386c6",姚继武,,,,,exact,exact,鸡西城子河,"[""姚大巴掌""]","[""城子河伪警察小队警尉补、特务""]",抗日战争时期,"",伪职：城子河伪警察小队警尉补、特务；罪行：被日军发展为情报驻在员，在矿区搜捕地下抗日人员，迫害煤矿工人，搜集情报，作恶矿区城子河区人...。；结局：解放后镇压反革命被审判。,[],"2026-08-27 03:29:02.096150","2026-08-27 03:29:02.096150",,,,,
"250f9ff93833462b8095506318ab72ea",吴朗之,,,,,exact,exact,宿城,[],"[""伪宿迁县商会副会长""]",抗日战争时期,"",伪职：伪宿迁县商会副会长；罪行：协助胡杰生管控商业，借伪合作社敛财，搜刮金银物资供应日伪，迫害爱国工商业者中共宿迁市...。；结局：汉奸清算判刑。,[],"2026-08-27 03:29:02.100569","2026-08-27 03:29:02.100569",,,,,
"25149eaacedc450a96b0176efc28becb",芮义发,,,,,exact,exact,宣城城关（宣州区）,[],"[""宣城县维持会会长""]",抗日战争时期,"",伪职：宣城县维持会会长；罪行：宣城沦陷首要汉奸，组建维持会，征粮抓夫，发行良民证，充当向导带领日伪军下乡扫荡，胁迫商户纳贡资敌。；结局：抗战胜利肃奸公审枪决。,[],"2026-08-27 03:29:02.106209","2026-08-27 03:29:02.106209",,,,,
"252353c88f914b788004dde05d844ddc",宋鼎铭,,,,,exact,exact,辽宁岫岩,"[""宋祥文""]","[""伪满工兵上校，岫岩伪驻军头目""]",抗日战争时期,"",伪职：伪满工兵上校，岫岩伪驻军头目；罪行：原奉系，投敌，驻守岫岩，拥兵千余；日本投降后固守岫岩，拒绝向八路军投降，等待国民党接收。；结局：被八路军先遣支队攻破岫岩俘获，公审处决。,[],"2026-08-27 03:29:02.092311","2026-08-27 03:29:02.092311",,,,,
"253dd7da506d4476a2110bcd8184fe51",孙荣,,,,,exact,exact,黄岩城关,[],"[""黄岩维持会副会长""]",抗日战争时期,"",伪职：黄岩维持会副会长；罪行：协助翁星若，联络商户开市，搜集民间物资，随同日军下乡侦查，祸害城郊百姓中国台州网。；结局：与翁星若一同公审枪决中国台州网。,[],"2026-08-27 03:29:02.102454","2026-08-27 03:29:02.102454",,,,,
"25449fa0b45a4277b0ec74ad091e3585",陈杰,,,,,exact,exact,福州城内,[],"[""伪警察特务""]",抗日战争时期,"",伪职：伪警察特务；罪行：配合日军大搜捕，欺压城内百姓。；结局：1946‑06‑10 枪决。,[],"2026-08-27 03:29:02.080234","2026-08-27 03:29:02.080234",,,,,
"25553e91c6cc4dbd8a2f0470b06ca906",周干臣,,,,,"","",扬州,[],"[""军长""]",抗日战争时期,汪伪政权,伪任职务：伪宪兵队翻译、情报组长，专门诱捕爱国学生、地下人员，充当日军耳目。。结局：光复后公审枪决,[],"2026-08-26 17:52:47","2026-08-26 17:52:47",,,,,
"256286739f6c44a9a9380d5d4cf12b13",杨惠生,,,,,"","",江宁郭庄庙,[],"[""部长"", ""军长""]",抗日战争时期,伪军,伪任职务：伪郭庄乡乡长、大刀会头目，勾结郭庄庙伪军，敲诈地方，搜捕新四军地方干部陶家齐等人，为日伪出谋划策。。结局：被陶家齐率领短枪队潜入据点，当场击毙南京市江宁...,[],"2026-08-26 17:52:47","2026-08-26 17:52:47",,,,,
"256485188eb44e7cba83c0ced899f28c",刘庆余,,,,,exact,exact,"",[],"[""伪西安县警务科长""]",抗日战争时期,"",伪职：伪西安县警务科长；罪行：掌管全县伪警察，指挥特务密探，搜捕抗联地下交通、爱国群众，多次配合日伪下乡讨伐。；结局：辽源解放后公审枪决。,[],"2026-08-27 03:29:02.095053","2026-08-27 03:29:02.095053",,,,,
"25b06d3cac9d450282caed176c0661cf",史贤臣,,,,,exact,exact,平定,[],"[""原我方公安人员，叛变后任阳泉宪兵队特务阳泉日报数...""]",抗日战争时期,"",伪职：原我方公安人员，叛变后任阳泉宪兵队特务阳泉日报数...；罪行：1941 大扫荡中投敌；带领日伪军搜捕村干部、地下人员，破坏抗日基层组织，劫掠群众财物。；结局：武工队潜入家中处决阳泉日报数...,[],"2026-08-27 03:29:02.087599","2026-08-27 03:29:02.087599",,,,,
"25f332827cc54769bf7718df7653d2f4",张嘉模,,,,,exact,exact,离石,[],"[""伪离石县县长""]",抗日战争时期,"",伪职：伪离石县县长；罪行：主持离石伪县公署，推行保甲，强征粮款、抓劳工修炮楼，配合治安强化运动。；结局：离石解放被俘，汉奸罪审判处决,[],"2026-08-27 03:29:02.090359","2026-08-27 03:29:02.090359",,,,,
"25f8182d47a642ea9f619a42480e0b87",周炳,,,,,exact,exact,"",[],"[""伪洪洞保安司令""]",抗日战争时期,"",伪职：伪洪洞保安司令；罪行：原国民党溃散军官投敌；驻守洪洞、苏堡据点，多次进攻太岳游击队，残害洪洞霍县交界百姓，抓捕地方干部。；结局：日本投降被阎收编，后肃奸逮捕,[],"2026-08-27 03:29:02.090119","2026-08-27 03:29:02.090119",,,,,
"25fe526457dd4bab82e46deb00b6a61d",花斌,,,,,"","",不详,[],"[""军长""]",抗日战争时期,汪伪政权,伪任职务：滇南河口日本间谍，出卖云南军事地图给日军，刺探滇南驻军情报云南网民族...。结局：昆明宪兵 13 团抓获，执行枪决,[],"2026-08-26 17:52:47","2026-08-26 17:52:47",,,,,
"26177a6336324f43876238d53e73897d",于化鹏,,,,,exact,exact,庆安全境,[],"[""伪庆安县自卫团头目，光复后国民党土匪司令""]",抗日战争时期,"",伪职：伪庆安县自卫团头目，光复后国民党土匪司令；罪行：伪满投靠日本充当地方自卫团；光复后接受国民党委任，收拢伪武装，四处烧杀，和常栋彝密谋策划反革命暴乱。；结局：剿匪战斗被俘处决。,[],"2026-08-27 03:29:02.098538","2026-08-27 03:29:02.098538",,,,,
"26259207501d48ef95d7a7bf18ab41b3",韩云阶,,,,,exact,exact,金州,[],"[""伪满经济大臣、伪满奉天省长（旅大派核心人物）""]",抗日战争时期,"",伪职：伪满经济大臣、伪满奉天省长（旅大派核心人物）；罪行：大连出身，留学日本；九一八后投敌，在伪满主管经济，配合日本经济掠夺，压榨东北工矿、粮食资源。；结局：抗战胜利被苏军逮捕，后病死狱中。,[],"2026-08-27 03:29:02.090773","2026-08-27 03:29:02.090773",,,,,
"2625a7f0e293456bbb8708cbe72db330",洪德馨,,,,,exact,exact,禾山,[],"[""伪警察局禾山分局长""]",抗日战争时期,"",伪职：伪警察局禾山分局长；罪行：执掌禾山伪警察分局，抓捕迫害百姓。；结局：肃奸判处两年半徒刑。,[],"2026-08-27 03:29:02.080526","2026-08-27 03:29:02.080526",,,,,
"26495f19c621482da28a9857062f517c",贡布扎布,,,,,exact,exact,鄂托克旗,[],"[""伪旗协理，受伪伊盟公署遥控；秘密和包头特务机关联络，企图煽动旗内王公投日，因旗内上层抵制，未能建立正式伪政权。""]",抗日战争时期,"",伪职：伪旗协理，受伪伊盟公署遥控；秘密和包头特务机关联络，企图煽动旗内王公投日，因旗内上层抵制，未能建立正式伪政权。；结局：战后管制判刑,[],"2026-08-27 03:29:02.086218","2026-08-27 03:29:02.086218",,,,,
"264df4e56cc94535932bdad56262a1ec",郑守业,,,,,exact,exact,常山县城,[],"[""常山维持会会长""]",抗日战争时期,"",伪职：常山维持会会长；罪行：日军占领常山期间出任维持会会长，征粮派差，为日军提供向导，迫害不愿顺从的百姓。；结局：日军撤退后被地方抗日武装捕获惩处。,[],"2026-08-27 03:29:02.102126","2026-08-27 03:29:02.102126",,,,,
"265c430340b04716afa8f1d5893c2aa5",张逸舟,,,,,exact,exact,金门、围头、深沪、崇武外海，泉州整个海岸线,[],"[""伪福建和平救国军第二集团军总司令（仙游籍，频繁袭扰泉州沿海）""]",抗日战争时期,"",伪职：伪福建和平救国军第二集团军总司令（仙游籍，频繁袭扰泉州沿海）；罪行：闽海最大海上伪军头目，司令部驻马祖；以乌丘、金门为基地，劫掠泉州海面商船渔船，武装袭扰晋江永宁、深沪，惠安崇武，南安石井沿海村镇，抓捕渔民，贩运鸦片日货，封锁泉州海上交通线。；结局：抗战胜利被军统收编，后逃亡海外。,[],"2026-08-27 03:29:02.079618","2026-08-27 03:29:02.079618",,,,,
"265f9ca5d21442ee9774a44df7bab7bc",李桂芳,,,,,exact,exact,平山县城,[],"[""青帮头子，新民会骨干；多次向日军告密，致使我方夜袭平山县城计划泄露，造成重大损失河北省老区...。""]",抗日战争时期,"",伪职：青帮头子，新民会骨干；多次向日军告密，致使我方夜袭平山县城计划泄露，造成重大损失河北省老区...。；结局：抗战胜利后镇压处决,[],"2026-08-27 03:29:02.089533","2026-08-27 03:29:02.089533",,,,,
"267597bf445843708ba7e9626b242a97",王冠英,,,,,exact,exact,"",[],"[""后期伪冀南道道尹；日本投降后勾结郭采芹、郭化民死守邯郸城，改换国民党番号顽抗；全盘继承日伪统治体系，继续反共清乡邯郸党史网。""]",抗日战争时期,"",伪职：后期伪冀南道道尹；日本投降后勾结郭采芹、郭化民死守邯郸城，改换国民党番号顽抗；全盘继承日伪统治体系，继续反共清乡邯郸党史网。；结局：1945 邯郸解放被俘，公审处决,[],"2026-08-27 03:29:02.078363","2026-08-27 03:29:02.078363",,,,,
"268e67c0010f46dda0c7c76cea1c31d7",姬振奎,,,,,exact,exact,高平,[],"[""伪高平县县长（上党四大天王之一）""]",抗日战争时期,"",伪职：伪高平县县长（上党四大天王之一）；罪行：原国民党高平县长，1943 集体投敌；建立高平伪政权，指挥伪警备队清乡，抓捕抗日干部，掠夺粮食。；结局：抗战胜利公审枪决,[],"2026-08-27 03:29:02.088346","2026-08-27 03:29:02.088346",,,,,
"26a50da047c947ea81cf057ec3449343",傅锡九,,,,,exact,exact,"",[],"[""伪故城县县长；控制运河码头，掠夺粮棉，搜捕运河两岸地下交通人员。""]",抗日战争时期,"",伪职：伪故城县县长；控制运河码头，掠夺粮棉，搜捕运河两岸地下交通人员。；结局：战后汉奸罪判处徒刑,[],"2026-08-27 03:29:02.084654","2026-08-27 03:29:02.084654",,,,,
"26a80d6393db43b88864c5de5e1a8d0f",李继贵,,,,,exact,exact,丰润,[],"[""伪丰润警备队副大队长，伪军实权头目，带队参与潘家峪扫荡，多次进山围剿冀东游击队。""]",抗日战争时期,"",伪职：伪丰润警备队副大队长，伪军实权头目，带队参与潘家峪扫荡，多次进山围剿冀东游击队。；结局：1946 年公审枪决,[],"2026-08-27 03:29:02.086812","2026-08-27 03:29:02.086812",,,,,
"26c8eb21570b4524b029072e90a003f7",杨金彪,,,,,exact,exact,井陉,[],"[""伪特务队长，屠杀抗日军民；日军投降后改头换面充当国民党县党部书记长。""]",抗日战争时期,"",伪职：伪特务队长，屠杀抗日军民；日军投降后改头换面充当国民党县党部书记长。；结局：解放后清算处决,[],"2026-08-27 03:29:02.084233","2026-08-27 03:29:02.084233",,,,,
"26d7b9e70fde4dda93d07027d54f1345",李吐英,,,,,"","",广西贵县,[],"[""军长"", ""县长""]",抗日战争时期,汪伪政权,伪任职务：汉奸武装 “太和团” 头目，武装依附日军，推荐杨雄出任伪县长，劫掠地方。结局：被俘处决,[],"2026-08-26 17:52:47","2026-08-26 17:52:47",,,,,
"27121f62f4e54734b508eaa29b0b0a3f",齐知政,,,,,exact,exact,"",[],"[""伪吉林省警备司令""]",抗日战争时期,"",伪职：伪吉林省警备司令；罪行：指挥吉林伪警备武装，配合日军镇压吉林城乡抗日运动。；结局：苏军逮捕，抚顺战犯管理所，后期特赦。,[],"2026-08-27 03:29:02.094398","2026-08-27 03:29:02.094398",,,,,
"27426d2b114642ea893c02187db31c37",王璧,,,,,exact,exact,长子,[],"[""伪长子县首任知事、维持会会长""]",抗日战争时期,"",伪职：伪长子县首任知事、维持会会长；罪行：地方士绅主动迎敌，组建维持会，建立保甲，征粮抓夫，协助修筑炮楼据点。；结局：镇反期间处决,[],"2026-08-27 03:29:02.088154","2026-08-27 03:29:02.088154",,,,,
"27435a092e3d4345ab67aa230587e4d5",刘福成,,,,,exact,exact,新海,[],"[""伪新海讨伐队长；沿海苇洼地带反复扫荡，抓捕海上交通人员。""]",抗日战争时期,"",伪职：伪新海讨伐队长；沿海苇洼地带反复扫荡，抓捕海上交通人员。；结局：1944 被冀鲁边武装击毙,[],"2026-08-27 03:29:02.083667","2026-08-27 03:29:02.083667",,,,,
"2761d3e9b1be45c9b63d7c5fcbd11c9c",何其雄,,,,,exact,exact,宣城孙家埠,[],"[""叛徒（原宣城县委组织部长）""]",抗日战争时期,"",伪职：叛徒（原宣城县委组织部长）；罪行：被捕叛变，以乡公所为据点，胁迫党员 “自首”，带领特务搜捕地下同志，破坏宣南党组织中共宣城市...。；结局：被郎广武工队处决。,[],"2026-08-27 03:29:02.106497","2026-08-27 03:29:02.106497",,,,,
"27687f67dcc34568acce3b7d1472cce2",谢文达,,,,,"","",浙江慈溪,[],"[""军长"", ""师长""]",抗日战争时期,伪军,伪任职务：伪浙江保安第 1 师师长，宁波、绍兴一带伪军头目，配合日军扫荡。结局：抗战胜利后逮捕处决,[],"2026-08-26 17:52:47","2026-08-26 17:52:47",,,,,
"278084ee823b480abf21f120126e2e15",戚仲侠,,,,,exact,exact,宿迁县城,[],"[""伪宿迁宪兵情报队首任队长""]",抗日战争时期,"",伪职：伪宿迁宪兵情报队首任队长；罪行：日军占领初期最早一批汉奸，组建情报队，网罗地痞搜集根据地情报，告密地下抗日人员，制造多起抓捕惨案中共宿迁市...。；结局：抗战胜利后逮捕法办。,[],"2026-08-27 03:29:02.100552","2026-08-27 03:29:02.100552",,,,,
"278be7faddb140719f32e61a8c862e00",郑德民,,,,,exact,exact,闽江口沿海,[],"[""伪和平救国军副司令""]",抗日战争时期,"",伪职：伪和平救国军副司令；罪行：张逸舟副手，率伪军袭扰平潭、长乐、连江沿海乡村，抓捕抗日人员党史学习教...。；结局：战后肃奸逮捕判刑。,[],"2026-08-27 03:29:02.081108","2026-08-27 03:29:02.081108",,,,,
"278e980a15df4667a5bca9447807a83f",杨高伯,,,,,exact,exact,无锡县城,[],"[""第一任伪无锡县县长""]",抗日战争时期,"",伪职：第一任伪无锡县县长；罪行：首任伪县长，全面执行日伪政令，压榨民众，迫害抗日力量无锡市档案...。；结局：1938 年被抗日游击队潜入城内处决，日军为此全城大搜捕。,[],"2026-08-27 03:29:02.098651","2026-08-27 03:29:02.098651",,,,,
"27cb11fb8a724831b16f95b36ea82b96",赵二虎,,,,,exact,exact,怀安,[],"[""伪怀安警备队长；盘踞柴沟堡、西湾堡，袭扰周边村庄。""]",抗日战争时期,"",伪职：伪怀安警备队长；盘踞柴沟堡、西湾堡，袭扰周边村庄。；结局：怀安解放被俘枪决,[],"2026-08-27 03:29:02.082941","2026-08-27 03:29:02.082941",,,,,
"27cbf52892954447a9dda6cc88edbebd",王熙祉,,,,,exact,exact,赤峰,[],"[""伪赤峰警务科特务股长；发展大批乡村密探，搜捕地下党组织，刑讯被捕爱国群众。""]",抗日战争时期,"",伪职：伪赤峰警务科特务股长；发展大批乡村密探，搜捕地下党组织，刑讯被捕爱国群众。；结局：解放后镇反处决,[],"2026-08-27 03:29:02.085452","2026-08-27 03:29:02.085452",,,,,
"27d8e5068ecb4dd1852dcde4a52b4e14",王锡侯,,,,,exact,exact,安次,[],"[""后期伪安次县长；五一大扫荡后强化伪大乡，搜捕十分区地下干部。""]",抗日战争时期,"",伪职：后期伪安次县长；五一大扫荡后强化伪大乡，搜捕十分区地下干部。；结局：日本投降潜逃，后抓捕归案判刑,[],"2026-08-27 03:29:02.083853","2026-08-27 03:29:02.083853",,,,,
"27e6aa9bca95458caa0ee544fc586257",李映庚,,,,,exact,exact,"",[],"[""伪霍县县长""]",抗日战争时期,"",伪职：伪霍县县长；罪行：搭建霍县伪政权，设立合作社掠夺物资，配合日军扫荡霍山山区。；结局：战后汉奸罪判刑,[],"2026-08-27 03:29:02.090135","2026-08-27 03:29:02.090135",,,,,
"27f53b763be84b2aa72ce19bab2af00d",孔玉书,,,,,exact,exact,郎溪梅渚‑钟桥,[],"[""伪军骨干""]",抗日战争时期,"",伪职：伪军骨干；罪行：赵君甫副手，勾结特务，抗缴公粮，破坏游击区基层，搜捕地下工作人员。；结局：武工队作战被俘，公审镇压。,[],"2026-08-27 03:29:02.106030","2026-08-27 03:29:02.106030",,,,,
"2800fe9b8b594ef389341d7cf9a4c196",胡延禧,,,,,exact,exact,芜湖,[],"[""汪伪芜湖县政府第二任县长""]",抗日战争时期,"",伪职：汪伪芜湖县政府第二任县长；罪行：汪伪正式建制后的县长，配合日军开展皖南清乡，扩充伪保安武装，破坏城郊抗日游击活动。；结局：抗战胜利后逮捕法办。,[],"2026-08-27 03:29:02.103182","2026-08-27 03:29:02.103182",,,,,
"28141b398caa49909384f8bf2153f5b3",毛嵩山,,,,,exact,exact,亳县城关（谯城）,[],"[""亳县维持会会长""]",抗日战争时期,"",伪职：亳县维持会会长；罪行：亳县沦陷头号汉奸，日军入城牵头组建维持会；胁迫商户纳贡，征集粮草民夫，发放良民证，充当向导配合日军下乡劫掠，协助新民会推行奴化宣传。；结局：抗战胜利后肃奸公审枪决。,[],"2026-08-27 03:29:02.105642","2026-08-27 03:29:02.105642",,,,,
"28202e08766649748e650d55ed248544",于方仁,,,,,exact,exact,依兰,[],"[""伪依兰县县长""]",抗日战争时期,"",伪职：伪依兰县县长；罪行：伪满主政依兰，执行粮食出荷、抓国兵；协助谢文东、李华堂投敌之后的后勤补给；光复后组织维持会抗拒民主政权接收。；结局：被民主政府逮捕惩办。,[],"2026-08-27 03:29:02.097509","2026-08-27 03:29:02.097509",,,,,
"2847c2a703c94c3aabac3dc3bec39a9d",于芷山,,,,,exact,exact,辽宁台安,[],"[""伪奉天省警备司令官，伪治安部大臣中国新闻网""]",抗日战争时期,"",伪职：伪奉天省警备司令官，伪治安部大臣中国新闻网；罪行：原东边道镇守使，公开投敌，司令部设在沈阳大帅府；指挥伪军镇压辽东、奉天各地义勇军。；结局：解放后逮捕，1951 年病死于抚顺战犯管理所中国新闻网。,[],"2026-08-27 03:29:02.090652","2026-08-27 03:29:02.090652",,,,,
"284fc0a7b3db40bea30398d5c3becaee",程万军,,,,,exact,exact,吴兴、南浔、太湖沿线,[],"[""汪伪太湖警备司令、湖州绥靖军司令""]",抗日战争时期,"",伪职：汪伪太湖警备司令、湖州绥靖军司令；罪行：原忠义救国军，1938 年率部万余人投敌，司令部驻湖州；控制太湖水域，频繁下乡扫荡，劫掠水乡乡镇，配合日军清剿太湖抗日武装中国人民解...。；结局：抗战胜利后被国民党收编，汉奸罪未充分清算，去向存疑。,[],"2026-08-27 03:29:02.101351","2026-08-27 03:29:02.101351",,,,,
"2874bef45fec427ca1c1438c67f33215",朱音福,,,,,exact,exact,"",[],"[""前任伪南皮县长；搜刮民财，扩充伪军，1945 被八路军活捉。""]",抗日战争时期,"",伪职：前任伪南皮县长；搜刮民财，扩充伪军，1945 被八路军活捉。；结局：被俘后公审处决,[],"2026-08-27 03:29:02.083620","2026-08-27 03:29:02.083620",,,,,
"28a6755fcc0342a0aa6bb0d02f5d60c4",赵福堂,,,,,exact,exact,阜新,[],"[""阜新炭矿翻译兼特务头目""]",抗日战争时期,"",伪职：阜新炭矿翻译兼特务头目；罪行：充当日军翻译，领导 17 名华人特务；在海州、新邱、太平、孙家湾各矿区侦查、抓捕反日矿工，刑讯迫害爱国工人，告密抓人。；结局：解放后矿区公审枪决。,[],"2026-08-27 03:29:02.092833","2026-08-27 03:29:02.092833",,,,,
"29027fb736df4c64ad6b6203e6bec552",任凤昌,,,,,"","",安徽芜湖,[],"[""军长"", ""维持会""]",抗日战争时期,汪伪政权,伪任职务：伪芜湖维持会头目、伪芜湖商会，为日军搜刮物资，残害百姓。结局：1951 年芜湖公审枪决,[],"2026-08-26 17:52:47","2026-08-26 17:52:47",,,,,
"292d896acd2c4407a8f8c3dcf098624c",郭炳,,,,,exact,exact,潞城,[],"[""伪潞城县县长""]",抗日战争时期,"",伪职：伪潞城县县长；罪行：建立伪县公署，修筑炮楼，管控白晋铁路，强征粮款。；结局：战后汉奸罪判刑,[],"2026-08-27 03:29:02.087860","2026-08-27 03:29:02.087860",,,,,
"2930110428f9424091356de1bd4c6f01",吴孝侯,,,,,"","",扬州,[],[],抗日战争时期,汪伪政权,伪任职务：伪江都警察局局长，掌控伪警察系统；配合扬州特工站搜捕地下党员、爱国学生，两次遭抗日锄奸袭击侥幸未死。。结局：战后逮捕入狱，病死狱中,[],"2026-08-26 17:52:47","2026-08-26 17:52:47",,,,,
"2931c22adbc64e42813ebf283718122c",韩铁汉,,,,,exact,exact,逊克、北安交界朝阳山,[],"[""原抗联三军人员，叛徒""]",抗日战争时期,"",伪职：原抗联三军人员，叛徒；罪行：叛变投敌，杀害抗联三军三师政治部主任常有钧；充当伪讨伐队向导，在朝阳山一带搜剿抗联西征部队，出卖山林密营信息。；结局：解放后镇压反革命公审枪决。,[],"2026-08-27 03:29:02.098265","2026-08-27 03:29:02.098265",,,,,
"2937b20dffd647199fc137dfafbb57da",李宣三,,,,,exact,exact,濮阳,[],"[""伪濮阳县县长；管控黄河沿岸据点，强征民夫、粮草资敌。""]",抗日战争时期,"",伪职：伪濮阳县县长；管控黄河沿岸据点，强征民夫、粮草资敌。；结局：抗战胜利逮捕，判处长期徒刑,[],"2026-08-27 03:29:02.081866","2026-08-27 03:29:02.081866",,,,,
"294f2df526424b9683c6b1a2ffe4dc8c",韩佐卿,,,,,exact,exact,宁河,[],"[""伪警备大队长，多次袭扰宁河宝坻交界根据地。""]",抗日战争时期,"",伪职：伪警备大队长，多次袭扰宁河宝坻交界根据地。；结局：1946 被俘处决,[],"2026-08-27 03:29:02.092011","2026-08-27 03:29:02.092011",,,,,
"2975e3d993c6439bb3847d0c4b2438e1",花其秀,,,,,exact,exact,淮阴清江浦,[],"[""清江浦（淮阴）四大魔王之一，伪特务头目""]",抗日战争时期,"",伪职：清江浦（淮阴）四大魔王之一，伪特务头目；罪行：沦陷后投敌，执掌伪特务组织，网罗地痞流氓，搜捕地下党、爱国群众，敲诈商户，残害平民，清江浦地方恶势力代表。；结局：战后镇压反革命公审处决。,[],"2026-08-27 03:29:02.100018","2026-08-27 03:29:02.100018",,,,,
"297c8b6472784995874b9fc798af30f4",陈小三,,,,,exact,exact,宣城水东,[],"[""水东便衣特务""]",抗日战争时期,"",伪职：水东便衣特务；罪行：汪伪特工站派遣便衣，混迹茶市，侦查游击队交通线，告密抓捕地下交通员。；结局：武工队捕获正法。,[],"2026-08-27 03:29:02.106100","2026-08-27 03:29:02.106100",,,,,
"2984e513dc0f413d9510d02e133304a9",李喜山,,,,,exact,exact,饶河暴马顶子,[],"[""饶河伪走狗队头目""]",抗日战争时期,"",伪职：饶河伪走狗队头目；罪行：受日军扶持，武装袭扰抗联根据地，搜山抓捕抗日群众，残害地方百姓。；结局：被抗联武装剿灭击毙。,[],"2026-08-27 03:29:02.096606","2026-08-27 03:29:02.096606",,,,,
"29a4563c52674702ac32db76cd29444d",蔡秀林,,,,,exact,exact,齐齐哈尔,"[""蔡文赋""]","[""共产国际情报站叛徒""]",抗日战争时期,"",伪职：共产国际情报站叛徒；罪行：被捕后全盘叛变，出卖张永兴、张克兴情报组织，供出全部地下联络点，致使 8 名情报志士被捕牺牲，北满重要谍报网覆灭。；结局：解放后被公审处决。,[],"2026-08-27 03:29:02.095832","2026-08-27 03:29:02.095832",,,,,
"29b246915e4b4d1f80d19f778a20a368",陈纯白,,,,,"","",不详,[],"[""市长""]",抗日战争时期,汪伪政权,伪任职务：汪伪末代伪杭州市长，谭书奎死后接任，直至日本投降。。结局：战后逮捕，汉奸罪判处死刑,[],"2026-08-26 17:52:47","2026-08-26 17:52:47",,,,,
"29d883bcc86a4edf861fc5cb3d8d14b4",崔老要,,,,,exact,exact,临县（马茂庄）,[],"[""日伪大武据点伪村长""]",抗日战争时期,"",伪职：日伪大武据点伪村长；罪行：横行乡里，为日军搜集情报，迫害本地抗日群众，作恶多端。；结局：武工队深夜潜入家中就地锄奸处决,[],"2026-08-27 03:29:02.090528","2026-08-27 03:29:02.090528",,,,,
"2a11f068cfd845ed843db5fd0a48dc92",正珠尔扎布,,,,,exact,exact,蒙古族,[],"[""伪第十军管区少将参谋长（驻海拉尔）；日本士官学校出身，主持伪兴安军参谋业务，训练伪骑兵，参与边境 “治安肃正”，镇压边境各族反抗。""]",抗日战争时期,"",伪职：伪第十军管区少将参谋长（驻海拉尔）；日本士官学校出身，主持伪兴安军参谋业务，训练伪骑兵，参与边境 “治安肃正”，镇压边境各族反抗。；结局：1950 引渡回国，1960 特赦，安置海拉尔，1967 年去世抖音百科,[],"2026-08-27 03:29:02.086319","2026-08-27 03:29:02.086319",,,,,
"2a2a82bb99c24e908f06a17adfd68d4b",李恭简,,,,,exact,exact,兴化县城,[],"[""伪兴化县县长""]",抗日战争时期,"",伪职：伪兴化县县长；罪行：兴化伪政权主官，推行保甲制度，强征粮款赋税，协助刘湘图伪军巩固统治，迫害爱国群众兴化日报。；结局：兴化解放被俘，公审枪决兴化日报。,[],"2026-08-27 03:29:02.100188","2026-08-27 03:29:02.100188",,,,,
"2a2df2256d464f1bb05d63708bfe4c57",贡锡九,,,,,"","",扬州公道桥,[],[],抗日战争时期,汪伪政权,伪任职务：伪公道乡乡长，为日伪征集粮款，泄露我方情报，屡劝不改。。结局：甘泉抗日民主政府公审枪决,[],"2026-08-26 17:52:47","2026-08-26 17:52:47",,,,,
"2a4a53f16ae64e75b735b34cf31cfcb0",张修荣,,,,,exact,exact,伪特别市政府,[],"[""伪市府秘书长""]",抗日战争时期,"",伪职：伪市府秘书长；罪行：参与伪政权行政运作，办理伪公文。；结局：逮捕判刑。,[],"2026-08-27 03:29:02.080440","2026-08-27 03:29:02.080440",,,,,
"2a7814c7f75341aeb0dd1c5c51f3d98b",薛秉钧,,,,,exact,exact,芮城,[],"[""伪芮城县县长""]",抗日战争时期,"",伪职：伪芮城县县长；罪行：中条山战役后建立伪芮城政权，摊派粮款，修筑据点炮楼。；结局：战后逮捕判刑,[],"2026-08-27 03:29:02.089294","2026-08-27 03:29:02.089294",,,,,
"2a83d88d322141e081ade143d151d1dd",岳岐山,,,,,exact,exact,霍邱西乡，流窜六安、寿县、淮南,"[""岳葫芦""]","[""日伪稽查队长""]",抗日战争时期,"",伪职：日伪稽查队长；罪行：惯匪，1944 年投靠淮南日军任稽查队长；在霍邱周边搜集情报、绑票勒索；抗战胜利被国民党收编继续为匪，残害大量基层干部群众抖音百科。；结局：1951 年镇反公审枪决。,[],"2026-08-27 03:29:02.105557","2026-08-27 03:29:02.105557",,,,,
"2a9459c523ae4daaa7a7cdd9fac4e840",严瑞生,,,,,"","",浙江宁波,[],"[""军长"", ""维持会""]",抗日战争时期,汪伪政权,伪任职务：宁波维持会头目，沦陷时期为日军搜集物资情报。结局：抗战胜利逮捕，判处重刑,[],"2026-08-26 17:52:47","2026-08-26 17:52:47",,,,,
"2abb8d8dcbd44ac8abf2c8ea43197c97",于琛澂,,,,,"","",吉林双城（今属黑龙江）,[],"[""军长"", ""司令""]",抗日战争时期,汪伪政权,伪任职务：伪吉林剿匪司令，伪满国军上将，伪吉林警备军主力指挥官，疯狂围剿抗联与义勇军。结局：日本投降前病死，逃脱战后审判,[],"2026-08-26 17:52:47","2026-08-26 17:52:47",,,,,
"2ac40e6a56354da0898197abf289f114",王仲山,,,,,exact,exact,榆次,[],"[""伪榆次警备大队长""]",抗日战争时期,"",伪职：伪榆次警备大队长；罪行：盘踞榆次城、东阳据点，带队下乡清乡扫荡，残害堡垒户。；结局：解放后公审枪决,[],"2026-08-27 03:29:02.088808","2026-08-27 03:29:02.088808",,,,,
"2ac4a8e9513342008e70efc2ee246024",郑谦一,,,,,"","",高邮,[],"[""军长"", ""县长""]",抗日战争时期,汪伪政权,伪任职务：汪伪首任伪高邮县县长，组建伪县公署，推行保甲、良民证，为日军征粮、拉夫，恢复伪税收。。结局：抗战胜利后逮捕，判处有期徒刑,[],"2026-08-26 17:52:47","2026-08-26 17:52:47",,,,,
"2ad4c8ed494f407594ceef7bf7a043f2",朱荣贵,,,,,exact,exact,铜陵县城关,[],"[""伪铜陵县警察局局长""]",抗日战争时期,"",伪职：伪铜陵县警察局局长；罪行：执掌伪警察与侦缉队，盘查长江航运，搜捕爱国青年，配合日军城区大搜捕。；结局：抗战胜利后肃奸判刑。,[],"2026-08-27 03:29:02.104424","2026-08-27 03:29:02.104424",,,,,
"2b11fc64c6864c848467887102b91a80",王佐升,,,,,exact,exact,山西,[],"[""第二任伪上党道道尹""]",抗日战争时期,"",伪职：第二任伪上党道道尹；罪行：接续统治晋东南，强化剿共委员会，搜刮物资，抓捕抗日人员。；结局：战后逮捕判刑,[],"2026-08-27 03:29:02.087783","2026-08-27 03:29:02.087783",,,,,
"2b62432b6ad54c1a97830ae290d0e227",苏锡文,,,,,"","",福建厦门,[],"[""市长""]",抗日战争时期,汪伪政权,伪任职务：伪上海大道市政府市长，上海最早傀儡政权首脑，后任伪市府秘书长。结局：1945 年病死，逃脱审判,[],"2026-08-26 17:52:47","2026-08-26 17:52:47",,,,,
"2b6fd4614d73422e9b91eadf0017bc3d",释春霖,,,,,"","",广西柳州,[],[],抗日战争时期,汪伪政权,伪任职务：水上维持分会会长，控制码头渡口，侦查抗日人员，带队下乡劫掠村庄。结局：公审枪决,[],"2026-08-26 17:52:47","2026-08-26 17:52:47",,,,,
"2b7881af3fe9426d9057ca39f07fa5b7",米万仓,,,,,exact,exact,山阴,[],"[""伪山阴警备大队长""]",抗日战争时期,"",伪职：伪山阴警备大队长；罪行：驻守岱岳，频繁配合日军扫荡山阴、朔县交界根据地。；结局：解放后公审枪决,[],"2026-08-27 03:29:02.088674","2026-08-27 03:29:02.088674",,,,,
"2b7c564a7a1e4ecc8940bf9a108689dc",王璧,,,,,"","",山西长子,[],"[""维持会"", ""县长""]",抗日战争时期,汪伪政权,伪任职务：伪长子县知事、维持会会长，征粮抓夫，修筑据点炮楼。结局：镇反期间公审枪决,[],"2026-08-26 17:52:47","2026-08-26 17:52:47",,,,,
"2b7dbb5ca1c547618b92e3378738eec3",董扒皮,,,,,exact,exact,"","[""董某""]","[""山奉铁路伪总监（铁路系统大汉奸）；掌控山海关铁路警务，抓捕铁路工人中的抗日分子，配合日军转运兵员物资，敲诈商旅百姓。""]",抗日战争时期,"",伪职：山奉铁路伪总监（铁路系统大汉奸）；掌控山海关铁路警务，抓捕铁路工人中的抗日分子，配合日军转运兵员物资，敲诈商旅百姓。；结局：山海关解放被俘，公审枪决,[],"2026-08-27 03:29:02.095963","2026-08-27 03:29:02.095963",,,,,
"2bc6237ff950468293c9991bd26f6c1e",陈祖根,,,,,exact,exact,海宁全境,[],"[""伪清乡事务局海宁情报组长""]",抗日战争时期,"",伪职：伪清乡事务局海宁情报组长；罪行：汪伪清乡特务骨干，专门刺探抗日武装情报，告密抓捕爱国干部群众。；结局：被抗日武装击毙。,[],"2026-08-27 03:29:02.101182","2026-08-27 03:29:02.101182",,,,,
"2be6d0751c4d4dab9e276f8e860d6101",张楚卿,,,,,exact,exact,浦江县城,[],"[""伪浦江县维持会副会长""]",抗日战争时期,"",伪职：伪浦江县维持会副会长；罪行：协助维持会会长处理伪政务，胁迫地方士绅归顺日伪，搜刮物资。；结局：汉奸清算判处有期徒刑。,[],"2026-08-27 03:29:02.078765","2026-08-27 03:29:02.078765",,,,,
"2c1fb7004afa424486b1fc970b28dffd",余寿康,,,,,exact,exact,镇海,[],"[""伪镇海自治会副会长""]",抗日战争时期,"",伪职：伪镇海自治会副会长；罪行：协助谢兴如组建伪政权，拉拢地方士绅附逆，管理财税，摊派苛捐杂税资敌。；结局：汉奸审判判处有期徒刑。,[],"2026-08-27 03:29:02.100760","2026-08-27 03:29:02.100760",,,,,
"2c2851362f8d4491a85a394ed4647023",张拱辰,,,,,exact,exact,蚌埠,[],"[""伪省府委员、汪伪国民党安徽省党部常委""]",抗日战争时期,"",伪职：伪省府委员、汪伪国民党安徽省党部常委；罪行：负责汪伪党务，在蚌埠及沦陷各县发展伪国民党组织，拉拢地方士绅附逆。；结局：汉奸审判判处徒刑。,[],"2026-08-27 03:29:02.103553","2026-08-27 03:29:02.103553",,,,,
"2c431250790f4ec3ad745ad52857ad8b",李惠忱,,,,,exact,exact,"",[],"[""第二任伪平山县县长（1941‑1944），执行治安强化运动，策动根据地人员叛变。""]",抗日战争时期,"",伪职：第二任伪平山县县长（1941‑1944），执行治安强化运动，策动根据地人员叛变。；结局：战后归案判处长期徒刑,[],"2026-08-27 03:29:02.089525","2026-08-27 03:29:02.089525",,,,,
"2c44cffbc1764056abcc50fbfcb020c5",高冠吾,,,,,exact,exact,蚌埠,[],"[""汪伪第二任伪安徽省主席""]",抗日战争时期,"",伪职：汪伪第二任伪安徽省主席；罪行：接替倪道烺，主政安徽伪政权，增设清乡办事处，强化物资统制，扩编伪军、特务组织，对皖北游击区开展扫荡围剿。；结局：抗战胜利后捕获，病死狱中。,[],"2026-08-27 03:29:02.103467","2026-08-27 03:29:02.103467",,,,,
"2c5217ae634046a688bade430245d0f6",赵天绪,,,,,exact,exact,鸡泽,[],"[""代理伪鸡泽县长；带领伪军外出接新任县长，沿途摊派掠夺物资。""]",抗日战争时期,"",伪职：代理伪鸡泽县长；带领伪军外出接新任县长，沿途摊派掠夺物资。；结局：1939 被鸡泽县大队伏击，被俘后判刑,[],"2026-08-27 03:29:02.081756","2026-08-27 03:29:02.081756",,,,,
"2c66a4d8c57b4a4d8d2233770f4358cf",张发科,,,,,exact,exact,离石,[],"[""伪离石警察所长""]",抗日战争时期,"",伪职：伪离石警察所长；罪行：掌管伪警察，指挥便衣，严刑拷打被捕抗日人员，递送情报配合进山扫荡，制造后马家村惨案。；结局：解放后公审枪决,[],"2026-08-27 03:29:02.090367","2026-08-27 03:29:02.090367",,,,,
"2c88673ec6f447e88121bf9505cbc808",徐家桓,,,,,exact,exact,吉林永吉,[],"[""伪四平省首任省长，后伪吉林省省长""]",抗日战争时期,"",伪职：伪四平省首任省长，后伪吉林省省长；罪行：伪四平省第一任华人最高长官；推行保甲、粮食出荷，强征国兵、劳工；后调吉林，八一五组织吉林维持会，企图保留伪政权等待国民党接收。；结局：苏军逮捕，关押抚顺战犯管理所，后特赦释放。,[],"2026-08-27 03:29:02.094775","2026-08-27 03:29:02.094775",,,,,
"2cb375ef93ab4d0683d4c2d0629c3a2f",宋存贵,,,,,exact,exact,静乐,[],"[""伪军团长，三交据点大汉奸""]",抗日战争时期,"",伪职：伪军团长，三交据点大汉奸；罪行：死心投靠日军，多次扫荡静乐山区，双手沾满军民鲜血。；结局：1944 中秋夜，八路军武工队攻入据点将其击毙。,[],"2026-08-27 03:29:02.089964","2026-08-27 03:29:02.089964",,,,,
"2ce7b2d7acc64774b48a7de7e7bbdfaa",刘平,,,,,exact,exact,夏县,[],"[""伪特务队长，外号杀人魔王""]",抗日战争时期,"",伪职：伪特务队长，外号杀人魔王；罪行：张同文部下，专门抓捕、残害抗日干部群众，杀害抗日英雄祁金兰。；结局：解放后公审枪决,[],"2026-08-27 03:29:02.089271","2026-08-27 03:29:02.089271",,,,,
"2d1b9ff222ba46a5b7a3451589c598a3",张朝品,,,,,"","",云南龙陵,[],"[""县长""]",抗日战争时期,汪伪政权,伪任职务：伪龙陵县政府秘书长，伪县府核心幕僚，草拟伪政令、办理征粮派差文书。结局：龙陵收复捕获，公审枪决,[],"2026-08-26 17:52:47","2026-08-26 17:52:47",,,,,
"2d2deed7dca6498abcaae4c914e01897",李世荫,,,,,exact,exact,铁岭,[],"[""伪铁岭县警察局长""]",抗日战争时期,"",伪职：伪铁岭县警察局长；罪行：掌管全县伪警察，指挥侦缉抓捕爱国群众，参与对辽北义勇军大讨伐。；结局：铁岭解放后公审处决。,[],"2026-08-27 03:29:02.093353","2026-08-27 03:29:02.093353",,,,,
"2d3293811c0445de8662a421c08ad3b3",葛学勤,,,,,exact,exact,泗阳老县城,[],"[""老泗阳城厢维持会会长""]",抗日战争时期,"",伪职：老泗阳城厢维持会会长；罪行：泗阳沦陷初期出面组织维持会，迎接日军，为伪政权铺路，摊派粮草差役，欺压乡里中共宿迁市...。；结局：战后汉奸清算惩处。,[],"2026-08-27 03:29:02.100421","2026-08-27 03:29:02.100421",,,,,
"2d447bc4bd9a4460aabd5f52c0a72426",孙柏芳,,,,,exact,exact,"","[""孙伯芳""]","[""后期伪热河省省长；日本投降后组织承德维持会，妄图维持伪满统治；继续维护日伪旧体系。""]",抗日战争时期,"",伪职：后期伪热河省省长；日本投降后组织承德维持会，妄图维持伪满统治；继续维护日伪旧体系。；结局：承德解放公审，判处死刑,[],"2026-08-27 03:29:02.083185","2026-08-27 03:29:02.083185",,,,,
"2d4fb81f72174e298b88151141b60d3d",那木吉勒,,,,,exact,exact,郡王旗,[],"[""王府属官，私通包头伪伊盟公署；传递情报，劝说郡王依附日伪，被王府爱国上层压制。""]",抗日战争时期,"",伪职：王府属官，私通包头伪伊盟公署；传递情报，劝说郡王依附日伪，被王府爱国上层压制。；结局：战后管制处理,[],"2026-08-27 03:29:02.086234","2026-08-27 03:29:02.086234",,,,,
"2d72432c5b4b441e8a2f2626f6121d79",杨彦斌,,,,,"","",不详,[],"[""军长"", ""县长""]",抗日战争时期,伪军,伪任职务：第七任（末代）伪无锡县长，多次带领日伪军下乡 “清剿” 太湖抗日游击队。。结局：日本投降被捕，判处死刑执行枪决无锡市档案...,[],"2026-08-26 17:52:47","2026-08-26 17:52:47",,,,,
"2d7500752c94475384892e57dec02e1e",道尔吉,,,,,exact,exact,库伦旗,[],"[""伪警察告密分子；出卖加林台起义计划，致使多名爱国警察被捕牺牲，获伪满勋章奖励。""]",抗日战争时期,"",伪职：伪警察告密分子；出卖加林台起义计划，致使多名爱国警察被捕牺牲，获伪满勋章奖励。；结局：1945 被内部人员击毙,[],"2026-08-27 03:29:02.085873","2026-08-27 03:29:02.085873",,,,,
"2dcfb8da02104d729a2292fcd093fa99",何致平（江帆，化名徐松建）,,,,,"","",杭州,[],"[""特务""]",抗日战争时期,汪伪政权,伪任职务：汪伪《浙江日报》总编、杭州伪政治保卫局情报组长，46 号特务机关骨干；两面身份，同时和浙西行署暗通关系，从事奴化宣传与情报活动。。结局：抗战胜利被捕，判处长期监禁,[],"2026-08-26 17:52:47","2026-08-26 17:52:47",,,,,
"2dda38d8b85c4a97a2e14df319afc5a8",于惠卿,,,,,exact,exact,勃利县城、茄子河矿区,[],"[""伪勃利县警务科特务股特务""]",抗日战争时期,"",伪职：伪勃利县警务科特务股特务；罪行：专门搜捕矿区与农村地下抗日人员，抓捕抗联交通员，主持刑讯逼供，制造多起冤狱。；结局：解放后被逮捕审判。,[],"2026-08-27 03:29:02.097329","2026-08-27 03:29:02.097329",,,,,
"2df25004429343ea8be1cc2b3acea1f2",关锡廉,,,,,exact,exact,"",[],"[""伪永吉县（吉林市）县长""]",抗日战争时期,"",伪职：伪永吉县（吉林市）县长；罪行：伪吉林县主官，推行保甲，强征劳工，镇压城郊抗日活动。；结局：抗战胜利逮捕，汉奸罪判刑。,[],"2026-08-27 03:29:02.094646","2026-08-27 03:29:02.094646",,,,,
"2e4200363c174a2192df2f87f1c6acdf",宋万合,,,,,exact,exact,永清,[],"[""伪特务系长；发展大批乡村密探，搜捕十分区地下交通人员。""]",抗日战争时期,"",伪职：伪特务系长；发展大批乡村密探，搜捕十分区地下交通人员。；结局：镇反时期公审处决,[],"2026-08-27 03:29:02.083947","2026-08-27 03:29:02.083947",,,,,
"2e51f1bddb224fe89d48c809742c91ad",陈松龄,,,,,exact,exact,定海城区,[],"[""伪定海自治会财政科长""]",抗日战争时期,"",伪职：伪定海自治会财政科长；罪行：经济汉奸，掌管伪财政，搜刮粮食渔盐，向商户摊派苛捐资敌舟山日报。；结局：战后逮捕判刑。,[],"2026-08-27 03:29:02.102290","2026-08-27 03:29:02.102290",,,,,
"2e57a535dee74e6b8a100979d7dab5cd",张修明,,,,,"","",不详,[],"[""特务"", ""清乡"", ""县长""]",抗日战争时期,汪伪政权,伪任职务：汪伪镇江清乡公署副主任，伪镇江县（清乡特区）署长、伪县长；主持镇江清乡，编组自卫团、强化特务情报网络，迫害抗日力量镇江文明网。。结局：抗战胜利捕获，判处死刑,[],"2026-08-26 17:52:47","2026-08-26 17:52:47",,,,,
"2e5b8832e83544d897452b6b9e751643",蔡圣孟,,,,,exact,exact,哈尔滨、辽宁东部,[],"[""伪哈尔滨警察厅刑事科搜查股长（“白菜叶” 之一）""]",抗日战争时期,"",伪职：伪哈尔滨警察厅刑事科搜查股长（“白菜叶” 之一）；罪行：制造本溪胡家村惨案，200 余群众被捕屠杀；追踪捕杀抗日志士，严刑逼供杀害多人。；结局：1951 年处决。,[],"2026-08-27 03:29:02.095664","2026-08-27 03:29:02.095664",,,,,
"2e63373ee4bd49e68c92f95e6ccdd7d6",李青云,,,,,"","",重庆南岸,[],[],抗日战争时期,汪伪政权,伪任职务：日伪外围情报员，搜集兵工厂、码头、川湘公路运输情报，秘密转交日特机关。。结局：军统破获逮捕，判处有期徒刑,[],"2026-08-26 17:52:47","2026-08-26 17:52:47",,,,,
"2e661d5f88af4aef8fe58d28f7210a4c",张保安,,,,,exact,exact,肇州、肇源,"[""张宝安""]","[""抗日救国会叛徒""]",抗日战争时期,"",伪职：抗日救国会叛徒；罪行：出卖三肇地下党组织，泄露地下机关地点、救国会人员名册，直接引发三肇大搜捕，造成三十二烈士惨案，大批地下党员被捕牺牲抖音百科。；结局：解放后镇压反革命公审处决。,[],"2026-08-27 03:29:02.097958","2026-08-27 03:29:02.097958",,,,,
"2e69e9de21da4c00a513d87b353a5556",王慕尧,,,,,exact,exact,"",[],"[""伪兴和县县长；强化伪政权，征粮拉夫，封锁兴和南部山区。""]",抗日战争时期,"",伪职：伪兴和县县长；强化伪政权，征粮拉夫，封锁兴和南部山区。；结局：战后逮捕判刑,[],"2026-08-27 03:29:02.087062","2026-08-27 03:29:02.087062",,,,,
"2e7ac3e57a7945419330a66c119e6429",翁星若,,,,,exact,exact,黄岩县城（1941 “四一九” 沦陷）,[],"[""黄岩维持会会长""]",抗日战争时期,"",伪职：黄岩维持会会长；罪行：黄岩沦陷头号汉奸，牵头组建伪维持会；迎接日军入城，组织民夫搬运粮食物资资敌，四处布哨盘查百姓，引导日军劫掠城内商号中国台州网。；结局：日军撤退后，1941‑05‑03 被判处死刑执行枪决中国台州网。,[],"2026-08-27 03:29:02.102443","2026-08-27 03:29:02.102443",,,,,
"2e8568cedfd64bd0abf618052ccb8b85",金馥生,,,,,"","",不详,[],"[""市长""]",抗日战争时期,汪伪政权,伪任职务：伪厦门特别市财政局长，掌管伪财税、苛捐摊派。结局：汉奸罪审判，判处重刑，狱中死亡,[],"2026-08-26 17:52:47","2026-08-26 17:52:47",,,,,
"2ec03938f0e04d8696d7c84209f0c8b7",刘明夏,,,,,"","",湖北京山,[],"[""师长""]",抗日战争时期,汪伪政权,伪任职务：黄埔一期，中条山被俘投敌，伪汪伪师长，在鄂南活动。结局：抗战胜利后以汉奸罪处决,[],"2026-08-26 17:52:47","2026-08-26 17:52:47",,,,,
"2ed9eef6b1b94e2fbda6adfd90b0461c",王枕义,,,,,exact,exact,绥中,[],"[""伪绥中县警务科长""]",抗日战争时期,"",伪职：伪绥中县警务科长；罪行：指挥伪警察讨伐队，进山搜捕抗日人员，抓捕爱国群众。；结局：解放后镇反处决。,[],"2026-08-27 03:29:02.093784","2026-08-27 03:29:02.093784",,,,,
"2ef5d9ae0d99480f933008210c02cf67",刘阿苟,,,,,exact,exact,衢县、航埠、石梁一带,[],"[""衢县日军宪兵便衣密探""]",抗日战争时期,"",伪职：衢县日军宪兵便衣密探；罪行：地痞投敌，充当日军耳目，刺探第三战区部队情报，引导日军下乡搜捕、劫掠乡村。；结局：1943 年被地方抗日自卫队锄奸处决。,[],"2026-08-27 03:29:02.102134","2026-08-27 03:29:02.102134",,,,,
"2efa68f48ed6418d9cfe0bd2217f7df4",韩绍先,,,,,exact,exact,"",[],"[""伪土默特左旗旗长""]",抗日战争时期,"",伪职：伪土默特左旗旗长；罪行：蒙旗伪最高长官，执行日伪蒙汉分治政策，拉拢蒙古上层，搜刮牲畜粮食，镇压地方反抗。；结局：光复后逮捕判刑。,[],"2026-08-27 03:29:02.092881","2026-08-27 03:29:02.092881",,,,,
"2eff1ffe83324d7dbe6b52631491493e",袁道隆,,,,,exact,exact,广德县城、誓节渡,"[""袁道降""]","[""广德维持会骨干""]",抗日战争时期,"",伪职：广德维持会骨干；罪行：石佐民主要爪牙，办理良民证，搜刮物资，协助管控广德外围据点，迫害抗日家属。；结局：肃奸运动判处死刑。,[],"2026-08-27 03:29:02.106046","2026-08-27 03:29:02.106046",,,,,
"2f040a95ca924e76a6b3726af7520fd1",王廷植,,,,,exact,exact,金门,[],"[""伪金门特别区署长""]",抗日战争时期,"",伪职：伪金门特别区署长；罪行：主持金门伪区署，强迫金门种植鸦片，征粮抓夫，推行伪化统治。；结局：光复后拘捕审判。,[],"2026-08-27 03:29:02.080447","2026-08-27 03:29:02.080447",,,,,
"2f0a7ec32f1f45feb9199dbb83265cea",周老三,,,,,exact,exact,东至大渡口,[],"[""大渡口便衣特务""]",抗日战争时期,"",伪职：大渡口便衣特务；罪行：日伪密探，混迹沿江码头，侦查新四军沿江交通线，告密抓捕地下交通员，走私鸦片资敌。；结局：被沿江中心县委武工队锄奸击毙。,[],"2026-08-27 03:29:02.105919","2026-08-27 03:29:02.105919",,,,,
"2f0fc0897dbd4b148b27ed51dc5103a4",任光宇,,,,,exact,exact,武康（今德清）上柏,[],"[""伪武康上柏区伪区长""]",抗日战争时期,"",伪职：伪武康上柏区伪区长；罪行：地方恶少投敌，手上杀害多名武康县中队游击队员，残害莫干山区抗日群众，气焰嚣张。；结局：莫干区中队抓捕，公审处决。,[],"2026-08-27 03:29:02.101392","2026-08-27 03:29:02.101392",,,,,
"2f1f853c8da74a2099425c669eda681d",张慕韩,,,,,"","",江西新建,[],"[""县长""]",抗日战争时期,汪伪政权,伪任职务：伪新建县县长，组建伪保安队，围剿赣西北抗日游击队。结局：镇反时期公审处决,[],"2026-08-26 17:52:47","2026-08-26 17:52:47",,,,,
"2f3168b48cdb4644a340723ab854f8e5",郭采芹,,,,,exact,exact,邯郸贾村,"[""郭彩芹""]","[""伪邯郸商会会长、冀南剿共军教导司令；冀南头号大汉奸，为日军大量搜刮棉花粮食；训练伪军，参与指挥扫荡，在插箭岭杀害我方多名县区干部，纵容烟馆妓院毒害百姓。""]",抗日战争时期,"",伪职：伪邯郸商会会长、冀南剿共军教导司令；冀南头号大汉奸，为日军大量搜刮棉花粮食；训练伪军，参与指挥扫荡，在插箭岭杀害我方多名县区干部，纵容烟馆妓院毒害百姓。；结局：邯郸解放被俘，公审枪决,[],"2026-08-27 03:29:02.080657","2026-08-27 03:29:02.080657",,,,,
"2f55f512543b469fa3e69f081d56705d",冯德界,,,,,exact,exact,嘉荫（佛山）山区,[],"[""伪装毛皮商人的密探""]",抗日战争时期,"",伪职：伪装毛皮商人的密探；罪行：以收购皮货为掩护，潜伏山林打探抗联行踪，最早向伪警察报告赵尚志小队进入佛山境内的情报。；结局：解放后被逮捕惩处。,[],"2026-08-27 03:29:02.096906","2026-08-27 03:29:02.096906",,,,,
"2f5de87b2cb840fdb2ced5934a043580",毕春茂,,,,,"","",外地流窜,[],"[""部长"", ""军长""]",抗日战争时期,伪军,伪任职务：伪自卫团团长，部队盘踞邵伯湖西岸戚墅庙；配合邵伯据点日伪军下乡扫荡，抢劫湖沿各圩农户，扣押勒索湖上商船渔民。。结局：新四军奔袭戚墅庙据点，部队被歼灭，毕春茂被俘后处决邗江史志网,[],"2026-08-26 17:52:47","2026-08-26 17:52:47",,,,,
"2f789caf6d544e4497d91b5e22239f46",刘万海,,,,,exact,exact,香河,[],"[""伪特务队长。""]",抗日战争时期,"",伪职：伪特务队长。；结局：武工队锄奸击毙,[],"2026-08-27 03:29:02.092083","2026-08-27 03:29:02.092083",,,,,
"2f7c20f6457a449b9f208d1463d594c9",孙柏青,,,,,exact,exact,"",[],"[""伪青龙县县长；强力推行集家并村、修建人圈，疯狂清剿长城沿线抗日武装，制造多起惨案。""]",抗日战争时期,"",伪职：伪青龙县县长；强力推行集家并村、修建人圈，疯狂清剿长城沿线抗日武装，制造多起惨案。；结局：1945 被俘，公审判处死刑,[],"2026-08-27 03:29:02.081469","2026-08-27 03:29:02.081469",,,,,
"2f82d45e43164caebfc8cb4ee47cfaec",王秉孝,,,,,exact,exact,"",[],"[""末代伪邯郸县县长；配合王冠英加固城防，强征粮草民夫。""]",抗日战争时期,"",伪职：末代伪邯郸县县长；配合王冠英加固城防，强征粮草民夫。；结局：邯郸解放被俘，判处长期徒刑,[],"2026-08-27 03:29:02.081642","2026-08-27 03:29:02.081642",,,,,
"2f8827e8b0a549988320753fc4cc2198",倪道烺,,,,,exact,exact,蚌埠（伪省府）,[],"[""伪维新政府安徽省省长、汪伪安徽省首任省主席""]",抗日战争时期,"",伪职：伪维新政府安徽省省长、汪伪安徽省首任省主席；罪行：北洋旧官僚，伪安徽政权奠基人，完整搭建省级伪行政、警务、教育体系；推行清乡、奴化统治，镇压皖北抗日力量抖音百科。；结局：抗战胜利被捕，1951 年押回蚌埠公审枪决抖音百科。,[],"2026-08-27 03:29:02.103459","2026-08-27 03:29:02.103459",,,,,
"2f8eb95d87d144a692563aa30dfced6e",道尔吉,,,,,exact,exact,杭锦旗,[],"[""伪地方武装头目；配合伪蒙古军在杭锦沿黄草原劫掠，抓捕支援八路军的牧民。""]",抗日战争时期,"",伪职：伪地方武装头目；配合伪蒙古军在杭锦沿黄草原劫掠，抓捕支援八路军的牧民。；结局：1944 被地方抗日武装击毙,[],"2026-08-27 03:29:02.086023","2026-08-27 03:29:02.086023",,,,,
"2faee197f06a4756870e1bf5c168d3c3",高冠吾,,,,,exact,exact,汪伪江西省政府（省治九江）,[],"[""汪伪江西省长兼军事委员会委员长驻九江绥靖主任""]",抗日战争时期,"",伪职：汪伪江西省长兼军事委员会委员长驻九江绥靖主任；罪行：1943年12月接任江西省长，管辖赣北沦陷区，配合日军绥靖统治、征发劳役物资；结局：1945年春调回南京任伪国民政府委员，抗战胜利后匿居上海、济南，1953年8月29日病死于济南（来源：江苏崇明人，保定军官学校出身，汪伪政权核心官员之一）,[],"2026-08-27 03:29:02.077541","2026-08-27 03:29:02.077541",,,,,
"2fb60aa57ef14059a703e3b5aae9fa98",李老财,,,,,exact,exact,永定、永靖边境,[],"[""日伪情报联络员""]",抗日战争时期,"",伪职：日伪情报联络员；罪行：原沿海商人，厦门沦陷后附逆，受指派潜入永定山区，打探闽粤交界防务，试图联络地方土匪接应日伪势力。；结局：闽西地方自卫队捕获，判处死刑。,[],"2026-08-27 03:29:02.079033","2026-08-27 03:29:02.079033",,,,,
"2fc188a052fb4fa7ad8c4ef2ae120606",陈慎言,,,,,exact,exact,东阳县城,[],"[""伪东阳县维持会会长""]",抗日战争时期,"",伪职：伪东阳县维持会会长；罪行：东阳沦陷初期伪维持会头目，拉拢乡绅附逆，筹措粮草物资供给日军，推行良民证管控城乡。；结局：战后汉奸清算判刑。,[],"2026-08-27 03:29:02.078733","2026-08-27 03:29:02.078733",,,,,
"2fc467cf847b43e6a49553dbd8a00ade",王臣盛,,,,,exact,exact,郎溪钟桥,"[""王巨盛""]","[""内奸匪徒""]",抗日战争时期,"",伪职：内奸匪徒；罪行：与任水生合伙通敌，传递情报，策划抢劫游击队武器物资。；结局：被游击连捕获处决。,[],"2026-08-27 03:29:02.106268","2026-08-27 03:29:02.106268",,,,,
"2fce9125a27f4b96991b5dedc06aac73",吴鹤龄,,,,,exact,exact,内蒙古,[],"[""德王核心幕僚，伪蒙疆政务院部长；参与全套分裂政策，在厚和主持奴化宣传、教育。""]",抗日战争时期,"",伪职：德王核心幕僚，伪蒙疆政务院部长；参与全套分裂政策，在厚和主持奴化宣传、教育。；结局：战后关押，特赦释放,[],"2026-08-27 03:29:02.084821","2026-08-27 03:29:02.084821",,,,,
"2fe7cebe415a4853a8ed859e8d996775",杜葆田,,,,,exact,exact,"",[],"[""伪石门警察署长、特务系长，外号 “杜阎王”；掌管宪兵特务，私设多处地牢，酷刑残害数百抗日军民。""]",抗日战争时期,"",伪职：伪石门警察署长、特务系长，外号 “杜阎王”；掌管宪兵特务，私设多处地牢，酷刑残害数百抗日军民。；结局：1951 年公审，三万人大会枪决,[],"2026-08-27 03:29:02.078213","2026-08-27 03:29:02.078213",,,,,
"30422eed48254f9daadaad545a88db19",刘宗和,,,,,exact,exact,鸡西城子河晓城煤矿,[],"[""煤矿翻译、特务""]",抗日战争时期,"",伪职：煤矿翻译、特务；罪行：充当翻译，协助日军审讯矿工，传递情报，迫害爱国工人城子河区人...。；结局：解放后管制改造。,[],"2026-08-27 03:29:02.096191","2026-08-27 03:29:02.096191",,,,,
"30583acb1e2d49c88b00081b5ce7690e",许铁英,,,,,exact,exact,永年,"[""铁磨头""]","[""土匪投敌，伪铁血团司令；残害抗日军民数百；日降后被国民党收编固守广府城。""]",抗日战争时期,"",伪职：土匪投敌，伪铁血团司令；残害抗日军民数百；日降后被国民党收编固守广府城。；结局：1947 永年突围战斗被击毙,[],"2026-08-27 03:29:02.081660","2026-08-27 03:29:02.081660",,,,,
"30653adac69746ba9266ab9c490f7649",张悟尘,,,,,exact,exact,乐清县城,[],"[""伪乐清县维持会会长""]",抗日战争时期,"",伪职：伪乐清县维持会会长；罪行：日军侵占乐清后牵头组建伪维持会，迎接日寇入城，拉拢地方势力，搭建傀儡统治框架。；结局：战后汉奸审判判刑。,[],"2026-08-27 03:29:02.100965","2026-08-27 03:29:02.100965",,,,,
"3083515dc0fe441389b6add83472c8c4",袁天柱,,,,,exact,exact,亳北颜集、沙土集,[],"[""伪军团长（张岚峰部）""]",抗日战争时期,"",伪职：伪军团长（张岚峰部）；罪行：随同侯本生配合日军行动，搜捕地下党组织，强征粮款，祸害亳北乡间中安在线。；结局：1945 年根据地武装打击后溃散，战后被镇压。,[],"2026-08-27 03:29:02.105677","2026-08-27 03:29:02.105677",,,,,
"30881e81e206405cb2e673043ed9895b",刘二虎,,,,,exact,exact,方山,[],"[""伪方山警备大队长""]",抗日战争时期,"",伪职：伪方山警备大队长；罪行：驻守峪口据点，祸害方山北部山区。；结局：被武工队俘获处决,[],"2026-08-27 03:29:02.090521","2026-08-27 03:29:02.090521",,,,,
"308879d16eb74fc0b8050d0848c34683",李继善,,,,,exact,exact,定海县城,[],"[""伪定海自治会后期会长""]",抗日战争时期,"",伪职：伪定海自治会后期会长；罪行：陈季安之后接任伪会长，主持伪政府直至抗战末期。；结局：1945 年 6 月日军败亡前夕逃往上海，战后被缉捕归案判刑舟山日报。,[],"2026-08-27 03:29:02.102274","2026-08-27 03:29:02.102274",,,,,
"30a6479d6d1547dab3eb888cb1396cd9",王作舟,,,,,exact,exact,"",[],"[""伪舒兰县县长""]",抗日战争时期,"",伪职：伪舒兰县县长；罪行：舒兰山区讨伐抗联，强征物资，迫害爱国群众。；结局：解放后逮捕惩处。,[],"2026-08-27 03:29:02.094676","2026-08-27 03:29:02.094676",,,,,
"30b92e2e25324790b616c7f2c2121d19",谢若愚,,,,,"","",海南琼山,[],"[""维持会"", ""县长""]",抗日战争时期,汪伪政权,伪任职务：琼山县伪维持会会长，府城地区伪头目，征粮抓夫、搜捕地下抗日人员。结局：光复后公审处决,[],"2026-08-26 17:52:47","2026-08-26 17:52:47",,,,,
"30de75379e5749fa9698a76fb4c0fae7",方志国,,,,,exact,exact,嵊县长乐,[],"[""嵊县长乐据点特务爪牙""]",抗日战争时期,"",伪职：嵊县长乐据点特务爪牙；罪行：仗日军势力敲诈商户，祸害妇女，作恶多端。；结局：被地方武装秘密处决。,[],"2026-08-27 03:29:02.101627","2026-08-27 03:29:02.101627",,,,,
"30fbf638411440caa136d8c3b40e302e",陆日初,,,,,exact,exact,浙东外海（嵊泗洋面）,[],"[""日伪 “浙江外海宣抚使”""]",抗日战争时期,"",伪职：日伪 “浙江外海宣抚使”；罪行：日军指派的海上招抚特使，乘坐军舰四处游说海岛海盗、地方武装投降日伪。；结局：被王继能诱捕，送交抗日政府处决嵊泗新闻网。,[],"2026-08-27 03:29:02.102373","2026-08-27 03:29:02.102373",,,,,
"311076186b3443c5bfd5268d24694e94",冯司直,,,,,exact,exact,平定,[],"[""第二任伪山西省省长（1943‑1944）""]",抗日战争时期,"",伪职：第二任伪山西省省长（1943‑1944）；罪行：扩编伪保安队，强征壮丁；推行献铁献粮；成立剿共委员会，搜捕地下抗日人员，强化奴化宣传。；结局：1945 被捕，汉奸罪入狱，1949 病死狱中,[],"2026-08-27 03:29:02.087233","2026-08-27 03:29:02.087233",,,,,
"3122febd80cb4e0eb953a9c7731a87b0",姬振奎,,,,,exact,exact,高平,[],"[""伪高平县县长（上党四大天王之一）""]",抗日战争时期,"",伪职：伪高平县县长（上党四大天王之一）；罪行：建立高平伪政权，征粮抓丁，配合日军扫荡南部山区。；结局：抗战胜利公审镇压,[],"2026-08-27 03:29:02.088225","2026-08-27 03:29:02.088225",,,,,
"31396fdc35324b5694449c5b963ca9fd",袁怡篪,,,,,exact,exact,"",[],"[""伪四平省民生厅厅长""]",抗日战争时期,"",伪职：伪四平省民生厅厅长；罪行：主管民生、劳工征集，执行战时物资搜刮，强征劳工出荷。；结局：光复后逮捕，汉奸罪重判。,[],"2026-08-27 03:29:02.094842","2026-08-27 03:29:02.094842",,,,,
"314b4c6dd00d41f7ab6f13e3d0482ea6",陈老八,,,,,exact,exact,合肥城郊、二十埠、磨店,[],"[""合肥宪兵队便衣密探""]",抗日战争时期,"",伪职：合肥宪兵队便衣密探；罪行：地痞投靠日军宪兵队，四处刺探情报，敲诈商户，告密抓捕进步群众，民愤极大。；结局：抗战后期被地下锄奸队击毙。,[],"2026-08-27 03:29:02.102869","2026-08-27 03:29:02.102869",,,,,
"31704af87d38454cb14b16b204e3d482",吴郎藩,,,,,exact,exact,福州南台（台江）,[],"[""第一次沦陷伪商会会长""]",抗日战争时期,"",伪职：第一次沦陷伪商会会长；罪行：1941 年第一次沦陷时期伪商会头目，逼迫商行出钱出物资敌。日军撤退来不及逃窜被俘。；结局：1941 年福州光复即被枪决。,[],"2026-08-27 03:29:02.080975","2026-08-27 03:29:02.080975",,,,,
"3189c46b28f94c4a98e463872c7b40c7",于静远,,,,,exact,exact,辽阳，于冲汉之子,[],"[""伪新京特别市市长、伪经济部大臣""]",抗日战争时期,"",伪职：伪新京特别市市长、伪经济部大臣；罪行：主持新京市政，推行奴化宣传；主管伪满经济掠夺，管控工矿资源。；结局：苏军逮捕，抚顺战犯管理所，后期特赦释放。,[],"2026-08-27 03:29:02.093936","2026-08-27 03:29:02.093936",,,,,
"31bd306ed7c943c8b76d859806b7c7a1",王毓秀,,,,,exact,exact,邢台西先贤,"[""王一峰""]","[""邢台维持会会长，率人出城举日旗迎接日军；组建邢台伪县公署，主导保甲、征粮抓丁资敌，是邢台城最早投敌士绅。""]",抗日战争时期,"",伪职：邢台维持会会长，率人出城举日旗迎接日军；组建邢台伪县公署，主导保甲、征粮抓丁资敌，是邢台城最早投敌士绅。；结局：抗战胜利逮捕，1946 年汉奸罪处决,[],"2026-08-27 03:29:02.081991","2026-08-27 03:29:02.081991",,,,,
"31cfb5252fad427cbb648324a6a08a10",韦伯（德国籍军事顾问）,,,,,"","",德国，受聘国民政府炮兵顾问,[],"[""部长"", ""军长""]",抗日战争时期,汪伪政权,伪任职务：被日方收买，协助核实重庆防空阵地部署，向日军提供防空情报，与独臂大盗间谍网互通情报。。结局：身份暴露后驱逐出境,[],"2026-08-26 17:52:47","2026-08-26 17:52:47",,,,,
"31df7a1e44124da3a87b2fc361ed4f52",韩色旺,,,,,exact,exact,科左中旗,[],"[""伪兴安军军官；早期参与伪内蒙古自治军，效忠日伪，在科尔沁草原招兵，协助日军控制蒙旗基层。""]",抗日战争时期,"",伪职：伪兴安军军官；早期参与伪内蒙古自治军，效忠日伪，在科尔沁草原招兵，协助日军控制蒙旗基层。；结局：病死狱中,[],"2026-08-27 03:29:02.085768","2026-08-27 03:29:02.085768",,,,,
"31ede8489daf45ab96b6a5cd8eb4529a",吴宝山,,,,,exact,exact,克什克腾,[],"[""伪经棚讨伐队长；进山清剿，残害山区牧民。""]",抗日战争时期,"",伪职：伪经棚讨伐队长；进山清剿，残害山区牧民。；结局：1945 年解放被俘枪决,[],"2026-08-27 03:29:02.085631","2026-08-27 03:29:02.085631",,,,,
"32014602ef3549e3b4bdda3866874e2c",王景阳,,,,,exact,exact,兴城,[],"[""伪兴城县警务科长""]",抗日战争时期,"",伪职：伪兴城县警务科长；罪行：指挥伪警察、密探，搜捕郑桂林义勇军地下关系，迫害义勇军家属。；结局：解放后惩处。,[],"2026-08-27 03:29:02.093768","2026-08-27 03:29:02.093768",,,,,
"3212b8cd79664e6c82a08cba4ea5ffb4",魏老聪,,,,,exact,exact,柏乡,[],"[""伪柏乡警备大队长；出城扫荡，迫害抗日家属。""]",抗日战争时期,"",伪职：伪柏乡警备大队长；出城扫荡，迫害抗日家属。；结局：柏乡解放被俘处决,[],"2026-08-27 03:29:02.082125","2026-08-27 03:29:02.082125",,,,,
"322d53ace4874da6b571134bf0619c1b",申麟书,,,,,exact,exact,"",[],"[""伪辽阳县警察大队长""]",抗日战争时期,"",伪职：伪辽阳县警察大队长；罪行：指挥伪警察大队，配合日本守备队进山清剿辽南义勇军，抓捕爱国群众，多次参与进山讨伐。；结局：解放后镇反公审处决中国军网。,[],"2026-08-27 03:29:02.093020","2026-08-27 03:29:02.093020",,,,,
"3243e3f7a227495e90a9f35a0b360d1b",李步青,,,,,exact,exact,玉环坎门、楚门,[],"[""玉环伪组织骨干""]",抗日战争时期,"",伪职：玉环伪组织骨干；罪行：协助李蛰锵经营资敌机构，为日军搜刮渔货物资，胁迫地方百姓。；结局：清算判处有期徒刑玉环史志网。,[],"2026-08-27 03:29:02.102528","2026-08-27 03:29:02.102528",,,,,
"32535fdce1744accbc97660e8dff5259",王一凡,,,,,"","",不详,[],"[""县长""]",抗日战争时期,汪伪政权,伪任职务：汪伪江宁县伪县长，伪县府驻秣陵关；推行保甲、良民证，征粮拉夫，配合日伪对横山根据地扫荡清剿。。结局：战后汉奸罪判处徒刑关押,[],"2026-08-26 17:52:47","2026-08-26 17:52:47",,,,,
"3255db00a95e45f5b98de03d200f6c37",郭文林,,,,,exact,exact,达斡尔族,[],"[""伪满第十军管区中将司令官（驻海拉尔）；指挥兴安警备军，在边境镇压反满抗日活动，抓捕爱国群众，配合日军边境警戒；1945 对苏作战率部投诚苏军。""]",抗日战争时期,"",伪职：伪满第十军管区中将司令官（驻海拉尔）；指挥兴安警备军，在边境镇压反满抗日活动，抓捕爱国群众，配合日军边境警戒；1945 对苏作战率部投诚苏军。；结局：1950 苏联引渡回国，抚顺战犯管理所改造，后特赦释放抖音百科,[],"2026-08-27 03:29:02.086306","2026-08-27 03:29:02.086306",,,,,
"328b6c2a0a5343859a2ab2a23ac13853",邸国珍,,,,,exact,exact,丰南小集邸庄,"[""张福生""]","[""伪自卫大队长、保安 26 团副团长；稻地大桥设卡盘查，溺杀无辜群众；抗战结束后转为还乡团继续残害革命干部群众。""]",抗日战争时期,"",伪职：伪自卫大队长、保安 26 团副团长；稻地大桥设卡盘查，溺杀无辜群众；抗战结束后转为还乡团继续残害革命干部群众。；结局：1948 年被俘，判处死刑,[],"2026-08-27 03:29:02.086863","2026-08-27 03:29:02.086863",,,,,
"32a3bdc7311247c9a7d22afd115d02c8",吴引崇,,,,,exact,exact,淮阴城区,[],"[""清江浦四大魔王之一，伪警察头目""]",抗日战争时期,"",伪职：清江浦四大魔王之一，伪警察头目；罪行：投靠日伪，执掌伪警察力量，配合日军清乡扫荡，抓捕进步人士，盘剥城内工商业。；结局：抗战胜利后逮捕法办。,[],"2026-08-27 03:29:02.100026","2026-08-27 03:29:02.100026",,,,,
"32b477ea17d449289faec08ebc959151",马永魁,,,,,exact,exact,大同,[],"[""伪晋北自治政府最高委员，后任伪蒙疆财政部长""]",抗日战争时期,"",伪职：伪晋北自治政府最高委员，后任伪蒙疆财政部长；罪行：大同商会会长，主动迎日军入城；参与搭建晋北伪政权，掌管财政，搜刮物资供给日军，管控商贸与煤炭资源。；结局：日本投降后被捕，以汉奸罪判处重刑,[],"2026-08-27 03:29:02.087417","2026-08-27 03:29:02.087417",,,,,
"32c3132bd23c4dd9a3e91c2eb0fff074",仲养斋,,,,,exact,exact,沭阳及周边,[],"[""伪沭阳县伪军旅长""]",抗日战争时期,"",伪职：伪沭阳县伪军旅长；罪行：率伪军配合日军反复扫荡淮海区根据地，直接间接残害六十余名抗日志士与平民；日本投降后投靠国民党继续反共作恶。；结局：1945 年 11 月抓捕归案，公审枪决。,[],"2026-08-27 03:29:02.100586","2026-08-27 03:29:02.100586",,,,,
"32e2e59073a7430781589a89f47d1b9f",张锡蔚,,,,,exact,exact,齐齐哈尔、萝北一带,[],"[""伪特务，收买的密探""]",抗日战争时期,"",伪职：伪特务，收买的密探；罪行：受日伪收买，跟随赵尚志队伍充当内奸；赵尚志遇刺负伤后，带领日伪军警赶赴现场抓捕赵尚志将军中国新闻网。；结局：解放后被镇压。,[],"2026-08-27 03:29:02.095880","2026-08-27 03:29:02.095880",,,,,
"32ee2555eef74094b3f9ffdc21944cf3",许维本,,,,,"","",河北,[],"[""院长""]",抗日战争时期,汪伪政权,伪任职务：伪张家口高等法院院长，伪蒙疆司法系统骨干。结局：1946 年公审处决,[],"2026-08-26 17:52:47","2026-08-26 17:52:47",,,,,
"331c6b8c05ce42e4a6b8279e28cc8cce",沈靖华,,,,,"","",不详,[],"[""清乡"", ""县长""]",抗日战争时期,汪伪政权,伪任职务：伪吴县县长，鼓吹建设 “模范沦陷县”，大力执行清乡政策。。结局：战后汉奸罪审判，判处长期监禁苏州市地方...,[],"2026-08-26 17:52:47","2026-08-26 17:52:47",,,,,
"3337d3c6367141aa9cd1c1e45d0d7df1",苏达那木道布,,,,,exact,exact,阿鲁科尔沁,[],"[""伪阿鲁科尔沁旗旗长；接替旺钦帕尔赉，全盘执行伪满政策，警务实权掌握在日本参事官手中。""]",抗日战争时期,"",伪职：伪阿鲁科尔沁旗旗长；接替旺钦帕尔赉，全盘执行伪满政策，警务实权掌握在日本参事官手中。；结局：战后关押判刑,[],"2026-08-27 03:29:02.085592","2026-08-27 03:29:02.085592",,,,,
"333d7a264f8a4410b64dafed6aaef884",宓志齐,,,,,exact,exact,兴化县城,"[""宓瞎子""]","[""伪 22 师副官、城防司令""]",抗日战争时期,"",伪职：伪 22 师副官、城防司令；罪行：刘湘图心腹，执掌城防，城内大肆搜捕进步人士，酷刑审讯被捕军民，作恶甚多，群众称之为 “宓瞎子”兴化日报。；结局：兴化战斗被俘，公审伏法兴化日报。,[],"2026-08-27 03:29:02.100205","2026-08-27 03:29:02.100205",,,,,
"3382a7a824ee4f5e97aab78c6303d1d3",王云鹏,,,,,exact,exact,绍兴全县,[],"[""汪伪绍兴县县长""]",抗日战争时期,"",伪职：汪伪绍兴县县长；罪行：执掌伪绍兴县公署，建立伪警察、伪自卫团；推行保甲、良民证、奴化教育，强征粮食丝绸资敌，镇压城郊抗日活动。；结局：战后逮捕，汉奸罪重刑。,[],"2026-08-27 03:29:02.101532","2026-08-27 03:29:02.101532",,,,,
"33a05111234448a19254dc1b4084f29f",许春荣,,,,,"","",福建长乐,[],"[""军长"", ""维持会"", ""县长""]",抗日战争时期,汪伪政权,伪任职务：长乐县伪维持会会长，日军占领长乐时期傀儡，强征军粮劳工。结局：抗战胜利公审枪决福州史志网,[],"2026-08-26 17:52:47","2026-08-26 17:52:47",,,,,
"33b312e5de244822b2ac9facd72a5282",于化鹏,,,,,exact,exact,怀柔,[],"[""伪怀柔县长。""]",抗日战争时期,"",伪职：伪怀柔县长。；结局：判处徒刑,[],"2026-08-27 03:29:02.092136","2026-08-27 03:29:02.092136",,,,,
"33c28e4c1a8b4e108ed6f71e5197ebbd",任凤昌,,,,,exact,exact,芜湖老城区,[],"[""芜湖维持会首任会长""]",抗日战争时期,"",伪职：芜湖维持会首任会长；罪行：引狼入室，带日军从竹丝港开进芜湖，制造城内大屠杀；组建最早伪维持会，搜刮财物，强征粮草资敌。；结局：解放后公审镇压处决。,[],"2026-08-27 03:29:02.103144","2026-08-27 03:29:02.103144",,,,,
"33c84156bd50409897e3cbe60ebf6059",刘雨田,,,,,exact,exact,普兰店泡子,"[""刘逢霖""]","[""关东州厅参事、大连市议员、华商公议会会长，关东都督府嘱托（高级顾问）""]",抗日战争时期,"",伪职：关东州厅参事、大连市议员、华商公议会会长，关东都督府嘱托（高级顾问）；罪行：甲午战争主动给日军做向导，参与旅顺大屠杀引路；变卖土地房产捐献两架 “雨田号” 战机；宣扬大东亚共荣奴化思想，拉拢乡绅附逆，迫害爱国志士。；结局：1945 年隐匿潜逃，1951 年抓获公审枪决，至死毫无悔意。,[],"2026-08-27 03:29:02.090755","2026-08-27 03:29:02.090755",,,,,
"3404b93db6be4df29c928f97e88bdcb2",王鸣山,,,,,exact,exact,通辽,[],"[""伪通辽警务科长；指挥伪警察、特务，搜捕地下抗日人员，刑讯迫害被捕群众。""]",抗日战争时期,"",伪职：伪通辽警务科长；指挥伪警察、特务，搜捕地下抗日人员，刑讯迫害被捕群众。；结局：解放后公审处决,[],"2026-08-27 03:29:02.085809","2026-08-27 03:29:02.085809",,,,,
"340b4af286e74f2abf7245a586c2a136",陈耀祖,,,,,"","",广东新会,[],"[""省级长官"", ""清乡""]",抗日战争时期,汪伪政权,伪任职务：伪广东省省长、广州绥靖主任，陈璧君胞弟，广东伪政权实际掌控者，搜刮物资、推行清乡奴化统治。结局：1944 年在广州文德路被军统刺杀身亡，逃脱审判,[],"2026-08-26 17:52:47","2026-08-26 17:52:47",,,,,
"341c11ddfcfe4fdaad47b95d17bae803",屠锡泰,,,,,exact,exact,太原,[],"[""日军宪兵队密侦头目""]",抗日战争时期,"",伪职：日军宪兵队密侦头目；罪行：带领便衣特务在太原城内外搜捕地下工作人员，刑讯逼供，告密陷害。；结局：解放后镇反处决,[],"2026-08-27 03:29:02.087311","2026-08-27 03:29:02.087311",,,,,
"341c1823b10e45f38baab66ec0a8a4c7",刘佩忱,,,,,exact,exact,"",[],"[""后期伪大名县县长；管控冀南东南门户，强征壮丁粮食资敌。""]",抗日战争时期,"",伪职：后期伪大名县县长；管控冀南东南门户，强征壮丁粮食资敌。；结局：战后汉奸罪判处徒刑,[],"2026-08-27 03:29:02.081820","2026-08-27 03:29:02.081820",,,,,
"34474aec0a484a088ccdea97a2e10952",刘敬斋,,,,,exact,exact,"",[],"[""伪景县县长；景县地处冀鲁边交界，配合日军反复扫荡。""]",抗日战争时期,"",伪职：伪景县县长；景县地处冀鲁边交界，配合日军反复扫荡。；结局：战后逮捕判刑,[],"2026-08-27 03:29:02.084669","2026-08-27 03:29:02.084669",,,,,
"346e2eeb7f904437a3cf18b04129fb65",佟宝麟,,,,,exact,exact,北镇,[],"[""伪北镇县县长""]",抗日战争时期,"",伪职：伪北镇县县长；罪行：推行集团部落，强征国兵、劳工，围剿闾山抗日义勇军。；结局：县城收复后逮捕判刑。,[],"2026-08-27 03:29:02.092493","2026-08-27 03:29:02.092493",,,,,
"3479e5e7061141afa2689bca18023f52",武述之,,,,,exact,exact,太谷,[],"[""伪太谷县县长""]",抗日战争时期,"",伪职：伪太谷县县长；罪行：组建太谷伪政权，修筑炮楼，盘剥百姓，配合日军扫荡太谷山区。；结局：战后逮捕判刑,[],"2026-08-27 03:29:02.088830","2026-08-27 03:29:02.088830",,,,,
"34903898d1ee47f4956b2bc6185eeb85",李少白,,,,,exact,exact,贵池城关,[],"[""贵池伪特务""]",抗日战争时期,"",伪职：贵池伪特务；罪行：和章荣高互相争斗，肆意株连平民，酿成十八人被杀惨案。；结局：肃奸逮捕，判处重刑。,[],"2026-08-27 03:29:02.105858","2026-08-27 03:29:02.105858",,,,,
"34a91bce675346c68dfb8c954c0d87ae",陆大鹏,,,,,exact,exact,安庆城区,[],"[""华林剧院合伙汉奸""]",抗日战争时期,"",伪职：华林剧院合伙汉奸；罪行：与翻译葛明合伙经营敌伪剧场，充当日伪社交联络人，拉拢安庆商界、帮会势力附逆资敌。；结局：战后逮捕惩处。,[],"2026-08-27 03:29:02.104604","2026-08-27 03:29:02.104604",,,,,
"34b0eb1392db43c296cb4d3690f0ee8c",王兰田,,,,,exact,exact,正定,[],"[""伪正定警备大队长，伪军主力头目，多次配合日军扫荡正定、藁城边区。""]",抗日战争时期,"",伪职：伪正定警备大队长，伪军主力头目，多次配合日军扫荡正定、藁城边区。；结局：解放后镇反公审枪决,[],"2026-08-27 03:29:02.084209","2026-08-27 03:29:02.084209",,,,,
"34c05ed2114948e19be0cf790176b023",李思镜,,,,,exact,exact,岱山本岛,[],"[""日伪定东指挥""]",抗日战争时期,"",伪职：日伪定东指挥；罪行：日伪海岛军事特务头目，统管岱山一带伪军特务，大鱼山战斗中负责调遣日伪军部队围剿我方指战员岱山新闻网。；结局：抗战胜利后逮捕法办。,[],"2026-08-27 03:29:02.102365","2026-08-27 03:29:02.102365",,,,,
"34ebf0d7ae6d49928ac5a27ec2cba6fc",刘佩忱,,,,,exact,exact,"",[],"[""伪大名县县长；管控冀南东南门户，强征壮丁、粮食资敌。""]",抗日战争时期,"",伪职：伪大名县县长；管控冀南东南门户，强征壮丁、粮食资敌。；结局：战后汉奸罪判处徒刑,[],"2026-08-27 03:29:02.078542","2026-08-27 03:29:02.078542",,,,,
"350748ce7350402495a7a4361b8eb2ee",崔作智,,,,,exact,exact,乾安县,[],"[""伪乾安县县长""]",抗日战争时期,"",伪职：伪乾安县县长；罪行：伪满时期执行日本殖民统治；日本投降后组建乾安维持会，收编伪警成立反动武装，阻挠民主政权接收县城。；结局：1946 年被民主政府逮捕惩办抖音百科。,[],"2026-08-27 03:29:02.095417","2026-08-27 03:29:02.095417",,,,,
"3540578909bb476687825843aa4d9b6e",李宝珩,,,,,exact,exact,昔阳,[],"[""伪昔阳县县长""]",抗日战争时期,"",伪职：伪昔阳县县长；罪行：建立昔阳伪政权，推行治安强化运动，强征壮丁粮食，配合日军扫荡太行根据地。；结局：战后逮捕判刑,[],"2026-08-27 03:29:02.088963","2026-08-27 03:29:02.088963",,,,,
"3571570addaa4db6a2d3fb323973167d",吴世宏,,,,,exact,exact,濮塘,[],"[""伪濮塘乡自卫队副队长""]",抗日战争时期,"",伪职：伪濮塘乡自卫队副队长；罪行：李善斌副手，参与抓捕、酷刑迫害革命人员，是 “濮塘十月事件” 主要执行者中安在线。；结局：镇反运动镇压处决。,[],"2026-08-27 03:29:02.103986","2026-08-27 03:29:02.103986",,,,,
"3582ba4e87254eb581a8f158b423a97b",周正,,,,,exact,exact,嵊县县城,[],"[""伪嵊县（嵊州）县长""]",抗日战争时期,"",伪职：伪嵊县（嵊州）县长；罪行：原城西镇长，沦陷后出任伪县长，改组维持会为伪县政府；设立小岛特务部队，大肆搜捕，推行保甲奴化统治中共嵊州市...。；结局：抗战胜利后汉奸审判枪决。,[],"2026-08-27 03:29:02.101750","2026-08-27 03:29:02.101750",,,,,
"359f3bfed6a041b6ba8260daea6d3eb5",毛镜澄,,,,,"","",海南海口,[],"[""维持会""]",抗日战争时期,汪伪政权,伪任职务：海口治安维持会会长，海南最早傀儡头目，海口伪政权奠基人。结局：抗战胜利公审枪决,[],"2026-08-26 17:52:47","2026-08-26 17:52:47",,,,,
"35bb87cf75864297a465da725353c9fe",戴玉波,,,,,exact,exact,衡水戴家口,[],"[""伪衡水县警备司令，衡水最大伪军头目；土匪投敌，麾下四千伪军；扫荡带路，破坏地下交通，掠夺粮棉资敌，残害大量干部群众。""]",抗日战争时期,"",伪职：伪衡水县警备司令，衡水最大伪军头目；土匪投敌，麾下四千伪军；扫荡带路，破坏地下交通，掠夺粮棉资敌，残害大量干部群众。；结局：1945 衡水解放被俘，1946 万人公审枪决,[],"2026-08-27 03:29:02.084477","2026-08-27 03:29:02.084477",,,,,
"35ce9fa979ad4c9caf9d3e05ebca2565",李家昌,,,,,"","",云南腾冲,[],"[""军长"", ""维持会""]",抗日战争时期,汪伪政权,伪任职务：腾冲早期维持会副会长，腾冲沦陷初期投敌士绅，协助日军招降地方乡绅。结局：战后逮捕判刑,[],"2026-08-26 17:52:47","2026-08-26 17:52:47",,,,,
"35d3ec10453d4eab8e47fbbd5ece6dd1",宝音巴图,,,,,exact,exact,杭锦旗,[],"[""伪旗协理，阿拉坦鄂济尔副手；协助阿王联络各旗，征集粮草牲畜，拉拢蒙古上层。""]",抗日战争时期,"",伪职：伪旗协理，阿拉坦鄂济尔副手；协助阿王联络各旗，征集粮草牲畜，拉拢蒙古上层。；结局：战后判处徒刑,[],"2026-08-27 03:29:02.086016","2026-08-27 03:29:02.086016",,,,,
"35daabeaaf7342c0815286ead373c754",陈季英,,,,,"","",杭州,[],"[""维持会""]",抗日战争时期,汪伪政权,伪任职务：沦陷初期维持会宣传科长，伪《杭州日报》社长，炮制亲日投降宣传报刊。。结局：汉奸罪审判，判处徒刑,[],"2026-08-26 17:52:47","2026-08-26 17:52:47",,,,,
"361216808b444a7590510bd9affa7538",肖贵米,,,,,exact,exact,长治关村,[],"[""伪便衣队长（四大汉奸之一）""]",抗日战争时期,"",伪职：伪便衣队长（四大汉奸之一）；罪行：搜捕地下党员，拷打抗属，下乡敲诈抢掠，作恶多端。；结局：解放后群众公审处决,[],"2026-08-27 03:29:02.087809","2026-08-27 03:29:02.087809",,,,,
"364da5627e9f4804a3e164c5b96b0639",钟桂生,,,,,exact,exact,武义南部山区,[],"[""武义柳城伪密探""]",抗日战争时期,"",伪职：武义柳城伪密探；罪行：潜伏山区刺探抗日游击队情报，多次引导日军进山扫荡，残害山区百姓。；结局：地方抗日自卫队抓获处决。,[],"2026-08-27 03:29:02.078757","2026-08-27 03:29:02.078757",,,,,
"36a3e5df91594c63a9c084512297fac1",裴宝堂,,,,,exact,exact,长治,[],"[""早期长治维持会长""]",抗日战争时期,"",伪职：早期长治维持会长；罪行：1938 短暂出任维持会长；日军第一次撤出长治后被我方释放，之后离开山西，不属于铁杆汉奸，1941 病死于陕西三原抖音百科。；结局：病死，未按汉奸处决,[],"2026-08-27 03:29:02.088100","2026-08-27 03:29:02.088100",,,,,
"36b0f7a7900c44be866983f1fb7f5698",徐雨臣,,,,,exact,exact,至德尧渡（今东至）,[],"[""至德伪自治会骨干""]",抗日战争时期,"",伪职：至德伪自治会骨干；罪行：日军窜占至德期间出面附逆，协助摊派捐税，搜集山区情报；日军撤退后隐匿乡间。；结局：肃奸立案逮捕，判处有期徒刑。,[],"2026-08-27 03:29:02.105911","2026-08-27 03:29:02.105911",,,,,
"36bb4cf9d5614d41b4a8bad0c30723a6",王化成,,,,,exact,exact,玉环沿海,[],"[""玉环汉奸""]",抗日战争时期,"",伪职：玉环汉奸；罪行：依附日伪，为日军搜罗物资、充当联络人，迫害不愿顺从民众玉环史志网。；结局：战后法办。,[],"2026-08-27 03:29:02.102536","2026-08-27 03:29:02.102536",,,,,
"36c023975959494e9175e2d76cc300c2",董化南,,,,,exact,exact,"",[],"[""伪完县县长；日军扫荡完县根据地，协助推行清乡。""]",抗日战争时期,"",伪职：伪完县县长；日军扫荡完县根据地，协助推行清乡。；结局：战后逮捕判刑,[],"2026-08-27 03:29:02.082502","2026-08-27 03:29:02.082502",,,,,
"36c55645189f4c86bb07d6cc1f341afc",董仲箎,,,,,"","",不详,[],"[""县长""]",抗日战争时期,汪伪政权,伪任职务：末代伪武进县长，日本投降前履职。。结局：1946 年江苏高等法院判刑,[],"2026-08-26 17:52:47","2026-08-26 17:52:47",,,,,
"36d88ec5c4484d5eb18ade5144ad1844",王玉屏,,,,,exact,exact,丰润车轴山,[],"[""原京东特委党员，叛变投敌，出卖 7 名党组织领导人名单，准备带路抓捕。""]",抗日战争时期,"",伪职：原京东特委党员，叛变投敌，出卖 7 名党组织领导人名单，准备带路抓捕。；结局：1936 年被高小安率武工队锄奸处决唐山党史网,[],"2026-08-27 03:29:02.091789","2026-08-27 03:29:02.091789",,,,,
"36fd44bce8e341aba40802c35047624f",金焕章,,,,,exact,exact,逊克（逊河）,[],"[""伪逊河地方自卫团头目，光复后挺进军团长""]",抗日战争时期,"",伪职：伪逊河地方自卫团头目，光复后挺进军团长；罪行：伪满时期协助日军维持边境治安，搜捕抗联；日本投降后接收国民党委任，率领匪团攻打民主新政权，杀害逊克首任县长顾延龄及多名干部战士央视网。；结局：剿匪战斗中被俘处决。,[],"2026-08-27 03:29:02.098281","2026-08-27 03:29:02.098281",,,,,
"376186907285464b885ef930b17af1c5",阚朝玺,,,,,exact,exact,盘山（盘山县）,[],"[""伪满中央银行总裁、伪满参议府参议""]",抗日战争时期,"",伪职：伪满中央银行总裁、伪满参议府参议；罪行：盘山籍奉系旧军阀；九一八投敌，主管伪满金融，配合日本经济掠夺东北资源。主要任职沈阳长春，不在盘山本地履职。；结局：1951 镇反时期沈阳公审枪决。,[],"2026-08-27 03:29:02.093249","2026-08-27 03:29:02.093249",,,,,
"3782e2b195d949d0a58cedbe70e88d99",周顺山,,,,,exact,exact,禾山江头,[],"[""伪厦门保卫团禾山区团长、决战联盟支部长""]",抗日战争时期,"",伪职：伪厦门保卫团禾山区团长、决战联盟支部长；罪行：掌握地方伪武装，训练壮丁，配合伪警镇压民间反抗。；结局：一审五年，后改判无罪释放。,[],"2026-08-27 03:29:02.080518","2026-08-27 03:29:02.080518",,,,,
"378b79ae2f55422c8835560ddc1e95cc",苗章甫,,,,,"","",江都,[],[],抗日战争时期,汪伪政权,伪任职务：伪自卫团团长，盘踞湖西公道桥一带，勾结日伪，残害地方抗日力量。。结局：抗战胜利后审判处决,[],"2026-08-26 17:52:47","2026-08-26 17:52:47",,,,,
"37a4e57990214d0c876e24a4f1109260",黄香谷,,,,,"","",不详,[],"[""县长""]",抗日战争时期,汪伪政权,伪任职务：汪伪末代伪镇江县县长，张修明调离后继任，直至日本投降，主持接收与物资搜刮。。结局：汉奸罪审判，判处重刑,[],"2026-08-26 17:52:47","2026-08-26 17:52:47",,,,,
"37ee7e29243442fc88b1d9af357ec163",解恒绪,,,,,exact,exact,辽宁,[],"[""伪盂县知事（1942‑1943）""]",抗日战争时期,"",伪职：伪盂县知事（1942‑1943）；罪行：编组保甲，强征民夫挖封锁沟，推行囚笼政策，多次配合日军扫荡，查禁法币。；结局：抗战胜利后逮捕重判,[],"2026-08-27 03:29:02.087650","2026-08-27 03:29:02.087650",,,,,
"38177ad213e848d3aa765323925af875",刘子俊,,,,,exact,exact,五原,[],"[""伪县政府职员，汉奸骨干；替日军搜集情报，胁迫地方士绅附日五原县人民...。""]",抗日战争时期,"",伪职：伪县政府职员，汉奸骨干；替日军搜集情报，胁迫地方士绅附日五原县人民...。；结局：战后镇压处决,[],"2026-08-27 03:29:02.086564","2026-08-27 03:29:02.086564",,,,,
"382f96ad0f6345b68879584d5c988cbd",张万镒,,,,,exact,exact,平鲁,[],"[""伪平鲁县县长""]",抗日战争时期,"",伪职：伪平鲁县县长；罪行：建立平鲁伪政权，修筑炮楼，配合讨伐队扫荡平鲁山区。；结局：战后汉奸罪判刑,[],"2026-08-27 03:29:02.088619","2026-08-27 03:29:02.088619",,,,,
"38431120b6064046948e281ccc7e877d",蔡雄飞,,,,,exact,exact,"",[],"[""伪山西省警备处处长、保安副司令""]",抗日战争时期,"",伪职：伪山西省警备处处长、保安副司令；罪行：统筹全省各县伪警备大队，策划联合清乡，训练伪军。；结局：1945 光复被捕，汉奸罪判刑,[],"2026-08-27 03:29:02.087260","2026-08-27 03:29:02.087260",,,,,
"3854f0bb2dac44258e6cb798e5f26132",史景堂,,,,,exact,exact,"",[],"[""伪固阳县县长；管控阴山北麓，强征牲畜粮草供给伪蒙古军。""]",抗日战争时期,"",伪职：伪固阳县县长；管控阴山北麓，强征牲畜粮草供给伪蒙古军。；结局：战后汉奸罪判处徒刑,[],"2026-08-27 03:29:02.084977","2026-08-27 03:29:02.084977",,,,,
"38680bc8851643fa803bd5389b7847b2",田铁夫,,,,,exact,exact,东台、富安、草堰,[],"[""伪 34 师师长""]",抗日战争时期,"",伪职：伪 34 师师长；罪行：伪杨仲华部主力师长，驻守东台南部，修筑数十处碉堡，多次配合日军 “清乡”，袭扰地方抗日武装，烧杀抢掠。；结局：抗战胜利后被俘伏法。,[],"2026-08-27 03:29:02.099844","2026-08-27 03:29:02.099844",,,,,
"387d300f03254ad48530f0924e255489",韩晋援,,,,,exact,exact,东北,[],"[""第四任伪石门市市长。""]",抗日战争时期,"",伪职：第四任伪石门市市长。；结局：抗战胜利逮捕判刑,[],"2026-08-27 03:29:02.078188","2026-08-27 03:29:02.078188",,,,,
"387f25511b0a4eeba5861ce70a6f8441",张翰庭,,,,,exact,exact,温岭、海门,[],"[""温岭资敌巨商""]",抗日战争时期,"",伪职：温岭资敌巨商；罪行：大地主商人，抗战期间多次大规模走私粮食、桐油出海，企图运送给日伪，被群众运动阻止，属重大资敌分子黄岩新闻网。；结局：战后受到清算。,[],"2026-08-27 03:29:02.102544","2026-08-27 03:29:02.102544",,,,,
"389679feae7e425bbcaa4fe5b672ec90",凌顺棋,,,,,exact,exact,芜湖,[],"[""原国军，投敌伪中队长""]",抗日战争时期,"",伪职：原国军，投敌伪中队长；罪行：国民党地方武装叛变投伪，扩充伪保安大队兵力，袭击抗日武装。；结局：日军投降后被国民党收编，后被清算。,[],"2026-08-27 03:29:02.103324","2026-08-27 03:29:02.103324",,,,,
"38a194425cf248fdb8dc9f4b76e4bcb6",宋子英,,,,,exact,exact,平遥,[],"[""便衣特务头目""]",抗日战争时期,"",伪职：便衣特务头目；罪行：投靠平遥宪兵队，四处搜捕地下人员，作恶多端。；结局：被我方武工队俘获处决文水县人民...,[],"2026-08-27 03:29:02.088892","2026-08-27 03:29:02.088892",,,,,
"38c0eff18c8c46be98878f3833289166",刘超群,,,,,exact,exact,任县,[],"[""伪任县警备联队长；日降后被国民党接收大员任晓民收编为旅长，收拢各县伪军固守邢台城。""]",抗日战争时期,"",伪职：伪任县警备联队长；日降后被国民党接收大员任晓民收编为旅长，收拢各县伪军固守邢台城。；结局：邢台解放被俘，公审枪决,[],"2026-08-27 03:29:02.082156","2026-08-27 03:29:02.082156",,,,,
"38d18f6836214fe1bd54fd2bce4c6644",刘植生（刘植森）,,,,,"","",广西柳江,[],[],抗日战争时期,汪伪政权,伪任职务：柳州维持总会会长，柳州沦陷后头号地方汉奸，设立民政财务机构，搜刮物资。结局：抗战胜利公审枪决,[],"2026-08-26 17:52:47","2026-08-26 17:52:47",,,,,
"38dc3488bb1648b49d57d47d8e557dc5",陈继善,,,,,exact,exact,化德,[],"[""伪化德县县长；此地为早期伪蒙古军政府驻地，执行日伪政令，为德王、李守信征集物资兵源。""]",抗日战争时期,"",伪职：伪化德县县长；此地为早期伪蒙古军政府驻地，执行日伪政令，为德王、李守信征集物资兵源。；结局：战后汉奸罪判处徒刑,[],"2026-08-27 03:29:02.087118","2026-08-27 03:29:02.087118",,,,,
"390780e7281843789d04d60b00169191",李郁周,,,,,exact,exact,张家口,[],"[""回奸，伪牛羊肉组合会会长；盘剥回族商户，欺压回民群众，充当日伪爪牙中共张家口...。""]",抗日战争时期,"",伪职：回奸，伪牛羊肉组合会会长；盘剥回族商户，欺压回民群众，充当日伪爪牙中共张家口...。；结局：张家口解放清算处决,[],"2026-08-27 03:29:02.082877","2026-08-27 03:29:02.082877",,,,,
"392a9b705e8440d39f9ea7461f28ea98",黄小癞子,,,,,exact,exact,石台广阳、七都,[],"[""石埭（石台）潜入密探""]",抗日战争时期,"",伪职：石埭（石台）潜入密探；罪行：从贵池敌占区伪装货郎潜入后方，刺探国军布防，散布谣言，企图发展内线。；结局：乡自卫队抓获，军法处置。,[],"2026-08-27 03:29:02.105942","2026-08-27 03:29:02.105942",,,,,
"394c261b5f5b4a8bb7ff70b655a772eb",程万军,,,,,exact,exact,吴兴、南浔、太湖沿线,[],"[""汪伪太湖警备司令、湖州绥靖军司令""]",抗日战争时期,"",伪职：汪伪太湖警备司令、湖州绥靖军司令；罪行：原忠义救国军，1938 年率部万余人投敌，司令部驻湖州；控制太湖水域，频繁下乡扫荡，劫掠水乡乡镇，配合日军清剿太湖抗日武装中国人民解...。；结局：抗战胜利后被国民党收编，汉奸罪未充分清算，去向存疑。,[],"2026-08-27 03:29:02.101931","2026-08-27 03:29:02.101931",,,,,
"3958478a129740d1b82fb936dffb2066",孟光恒,,,,,exact,exact,阳城,[],"[""原国民党党部书记长，日伪大特务""]",抗日战争时期,"",伪职：原国民党党部书记长，日伪大特务；罪行：十二月事变后率人马集体投日；组建特务网络，渗透太岳根据地，刺探情报、策反我方人员，破坏地下组织。；结局：抗战胜利后逮捕审判,[],"2026-08-27 03:29:02.088393","2026-08-27 03:29:02.088393",,,,,
"3980490585a842a79b947fe93f7a09db",唐阿毛,,,,,exact,exact,宁波城区,[],"[""日伪特务，大华理发店店主""]",抗日战争时期,"",伪职：日伪特务，大华理发店店主；罪行：以理发店做掩护，充当日军特务联络点，为日伪特务机关提供场地，结交三教九流搜集情报。；结局：解放后镇压反革命运动惩处。,[],"2026-08-27 03:29:02.100807","2026-08-27 03:29:02.100807",,,,,
"39825ecbaa5147c8bab410521cd966eb",林身,,,,,exact,exact,禾山（今湖里）,[],"[""伪禾山区长（人称禾山皇帝）""]",抗日战争时期,"",伪职：伪禾山区长（人称禾山皇帝）；罪行：把持禾山地方伪权；拆毁学校中饱私囊，掌控盐管处，勒派捐款献机给日军，压榨乡间。；结局：国民政府肃奸，判决后改判无罪；解放后重新清算治罪。,[],"2026-08-27 03:29:02.080495","2026-08-27 03:29:02.080495",,,,,
"39854f8ee33343c9b50a7581e59cb5c8",木村肥佐生,,,,,"","",日本外务省特务,[],[],抗日战争时期,汪伪政权,伪任职务：化名达瓦桑波，伪装蒙古喇嘛，经青海潜入拉萨，搜集西南国际援华通道情报，调查西藏社会民情；日本投降后经亚东逃往印度噶伦堡光明网。。结局：在印度被英军逮捕，遣送回日本，著有《潜伏西藏十年》,[],"2026-08-26 17:52:47","2026-08-26 17:52:47",,,,,
"398f057cf4ff4bf99f6ab5f7f149e356",于品卿,,,,,exact,exact,蔚县,[],"[""伪蒙疆联合自治政府副主席，常驻大同、张家口""]",抗日战争时期,"",伪职：伪蒙疆联合自治政府副主席，常驻大同、张家口；罪行：统筹蒙疆下属察南、晋北，参与分裂傀儡政权，督导晋北伪政务。；结局：1945 张家口公审枪决,[],"2026-08-27 03:29:02.087443","2026-08-27 03:29:02.087443",,,,,
"3a00aee65ae544edb3b8b1ba2446e0a9",周瑞符,,,,,exact,exact,"",[],"[""伪邯郸警备联队联队长，伪军军事主官；下辖 9 个中队 700 余人，配合日军清乡扫荡。""]",抗日战争时期,"",伪职：伪邯郸警备联队联队长，伪军军事主官；下辖 9 个中队 700 余人，配合日军清乡扫荡。；结局：邯郸解放被俘，判处死刑,[],"2026-08-27 03:29:02.081635","2026-08-27 03:29:02.081635",,,,,
"3a36645ea723442c88602e7b9596b489",许陟九,,,,,exact,exact,元氏,[],"[""伪保安大队首任大队长，500 人伪军主力，捕杀共产党员、抗日群众，多次袭击游击队。""]",抗日战争时期,"",伪职：伪保安大队首任大队长，500 人伪军主力，捕杀共产党员、抗日群众，多次袭击游击队。；结局：被伪县长王倜设计排挤，内部火拼后逃亡，解放后抓捕处决石家庄新闻...,[],"2026-08-27 03:29:02.089588","2026-08-27 03:29:02.089588",,,,,
"3a46ed1fd19c4cf7a54757428b3e2176",阮振铎,,,,,exact,exact,辽宁铁岭,[],"[""伪满外交部大臣、文教部大臣""]",抗日战争时期,"",伪职：伪满外交部大臣、文教部大臣；罪行：办理对日外交，推行奴化教育，美化伪满统治。；结局：苏军逮捕，抚顺战犯管理所，后期特赦释放。,[],"2026-08-27 03:29:02.093992","2026-08-27 03:29:02.093992",,,,,
"3a657d9becb34df08e8a28d80fee7e00",张致和,,,,,exact,exact,磁县,[],"[""伪磁县警备大队长；伪军主力，驻守磁县城、观台、彭城，多次扫荡西部山区。""]",抗日战争时期,"",伪职：伪磁县警备大队长；伪军主力，驻守磁县城、观台、彭城，多次扫荡西部山区。；结局：磁县解放被俘，公审枪决,[],"2026-08-27 03:29:02.081691","2026-08-27 03:29:02.081691",,,,,
"3a8a5851f6ea4f458c2772d784f9c400",周干臣,,,,,exact,exact,天长县城,[],"[""天长伪警察局局长""]",抗日战争时期,"",伪职：天长伪警察局局长；罪行：执掌伪警侦缉队，管控天长县城及高邮湖沿岸，搜捕地下交通人员，盘查水陆商旅。；结局：肃奸公审枪决。,[],"2026-08-27 03:29:02.104985","2026-08-27 03:29:02.104985",,,,,
"3a8e22936036456ea2296b8abc49ee01",刘万贵,,,,,exact,exact,白城县（洮安）,[],"[""伪满旧职员，洮安县国民党部骨干""]",抗日战争时期,"",伪职：伪满旧职员，洮安县国民党部骨干；罪行：接收国民党委任，联络旧伪人员，发展反动势力，策划地方叛乱活动。；结局：被民主政府惩处。,[],"2026-08-27 03:29:02.095564","2026-08-27 03:29:02.095564",,,,,
"3a936657dbe141029af4c38f98e22faa",彭济华,,,,,"","",广东,[],"[""旅长""]",抗日战争时期,汪伪政权,伪任职务：伪独立第二旅旅长，驻防东江一带，进攻东江纵队。结局：抗战胜利被俘，公审枪决,[],"2026-08-26 17:52:47","2026-08-26 17:52:47",,,,,
"3a988683c71140d6a45e30bf48264fcd",马守训,,,,,exact,exact,广平,[],"[""伪广平警备大队长；驻守广平县城，多次出城抢掠村庄，抓捕堡垒户。""]",抗日战争时期,"",伪职：伪广平警备大队长；驻守广平县城，多次出城抢掠村庄，抓捕堡垒户。；结局：广平解放被俘，公审枪决,[],"2026-08-27 03:29:02.081797","2026-08-27 03:29:02.081797",,,,,
"3aaff002f6f744c4903948f47d87c513",赵文志,,,,,exact,exact,长治东关,[],"[""伪警察署特务头目（四大汉奸之一）""]",抗日战争时期,"",伪职：伪警察署特务头目（四大汉奸之一）；罪行：掌管便衣特务队伍，刺探根据地情报，抓捕地下工作人员。；结局：解放后镇压处决,[],"2026-08-27 03:29:02.088081","2026-08-27 03:29:02.088081",,,,,
"3ac7832899cb482698c9b790b3f72518",仲养斋,,,,,exact,exact,沭阳及周边,[],"[""伪沭阳县伪军旅长""]",抗日战争时期,"",伪职：伪沭阳县伪军旅长；罪行：率伪军配合日军反复扫荡淮海区根据地，直接间接残害六十余名抗日志士与平民；日本投降后投靠国民党继续反共作恶。；结局：1945 年 11 月抓捕归案，公审枪决。,[],"2026-08-27 03:29:02.100398","2026-08-27 03:29:02.100398",,,,,
"3ac7fda7fe224f00a095c4ff627722de",陈光寒,,,,,exact,exact,阜宁、建湖北部,"[""史德林""]","[""伪阜宁县县长""]",抗日战争时期,"",伪职：伪阜宁县县长；罪行：原地方游击武装副司令，率部投敌；执掌阜宁伪县公署，出动伪武装下乡扫荡盐阜根据地，抓捕迫害抗日军民。；结局：1945 年被俘，公审处决。,[],"2026-08-27 03:29:02.099819","2026-08-27 03:29:02.099819",,,,,
"3ada0fe5551c42ce84c277d302963a04",金元一,,,,,exact,exact,宿县时村,"[""金跃三""]","[""时村首任维持会长""]",抗日战争时期,"",伪职：时村首任维持会长；罪行：原国民党团总，日军一到即率武装投降；抓丁拉夫、修筑据点，资敌助战，时村最早投敌头目。；结局：1939 年 4 月八路军苏鲁豫支队攻克时村，活捉后公审处决。,[],"2026-08-27 03:29:02.105229","2026-08-27 03:29:02.105229",,,,,
"3aeefa1006604074b35935a77cb77306",袁甫庭,,,,,exact,exact,六安城关,[],"[""维持会骨干""]",抗日战争时期,"",伪职：维持会骨干；罪行：盘查城门出入百姓，告密陷害平民。；结局：公审处决。,[],"2026-08-27 03:29:02.105484","2026-08-27 03:29:02.105484",,,,,
"3b426c3d3b4b4bfd97a64aff72bb2011",刘庆山,,,,,exact,exact,通辽,[],"[""伪通辽县县长；推行保甲十家连坐，强征粮食、劳工，管制铁路交通，检举抓捕爱国群众。""]",抗日战争时期,"",伪职：伪通辽县县长；推行保甲十家连坐，强征粮食、劳工，管制铁路交通，检举抓捕爱国群众。；结局：战后汉奸罪判处长期徒刑,[],"2026-08-27 03:29:02.085801","2026-08-27 03:29:02.085801",,,,,
"3b52a27c3a554eae990111f0a56401ec",马子玉,,,,,exact,exact,兴和,[],"[""伪自治军副司令，跟随于志谦进犯兴和。""]",抗日战争时期,"",伪职：伪自治军副司令，跟随于志谦进犯兴和。；结局：被傅作义部队俘获处决,[],"2026-08-27 03:29:02.087054","2026-08-27 03:29:02.087054",,,,,
"3b69c9a89be04204a8693fccae5c8030",毛有才,,,,,exact,exact,郎溪汤桥、双庙,[],"[""便衣汉奸队长""]",抗日战争时期,"",伪职：便衣汉奸队长；罪行：带队下乡武装抢粮，逼迫乡民缴纳伪捐，骚扰游击区村庄。；结局：作战被击溃，战后肃奸逮捕重判。,[],"2026-08-27 03:29:02.106275","2026-08-27 03:29:02.106275",,,,,
"3ba7a3dcb5f046198a4c254493951a22",王寿山,,,,,"","",湖北,[],"[""省级长官"", ""军长"", ""厅长""]",抗日战争时期,汪伪政权,伪任职务：伪湖北省财政厅长，负责为日军横征暴敛粮食物资。结局：镇反时期公审处决,[],"2026-08-26 17:52:47","2026-08-26 17:52:47",,,,,
"3bb07b6badd740f79d8d8bfc3743d626",尤美玉,,,,,exact,exact,吴桥尤庄,[],"[""原张国基部副司令投敌，伪宁吴反共自卫军司令；清乡反共，破坏吴桥根据地。""]",抗日战争时期,"",伪职：原张国基部副司令投敌，伪宁吴反共自卫军司令；清乡反共，破坏吴桥根据地。；结局：吴桥解放被俘处决,[],"2026-08-27 03:29:02.083697","2026-08-27 03:29:02.083697",,,,,
"3bbcea8f623c47dd9db960deea4e07e0",董灿章,,,,,exact,exact,南乐,[],"[""伪南乐县县长；推行保甲连坐，配合日军清乡，抓捕抗日人员。""]",抗日战争时期,"",伪职：伪南乐县县长；推行保甲连坐，配合日军清乡，抓捕抗日人员。；结局：抗战胜利公审枪决,[],"2026-08-27 03:29:02.081835","2026-08-27 03:29:02.081835",,,,,
"3bee1b87312f46848bab3bf8dc9d9b08",刘德明,,,,,"","",重庆，一贯道重庆坛主,[],[],抗日战争时期,汪伪政权,伪任职务：一贯道重庆地区负责人，执行张光璧指令，在重庆、川东发展道徒，传播日伪投降论调。。结局：抗战胜利后逮捕判刑,[],"2026-08-26 17:52:47","2026-08-26 17:52:47",,,,,
"3bef507c128b49bda63a9cce98c3c111",刘万顺,,,,,exact,exact,临汾,[],"[""宪兵队便衣特务头目""]",抗日战争时期,"",伪职：宪兵队便衣特务头目；罪行：发展密探网络，破获地下交通站，抓捕迫害抗日干部与抗属。；结局：解放后镇压处决,[],"2026-08-27 03:29:02.090102","2026-08-27 03:29:02.090102",,,,,
"3bf474ebc1d446a8a4fb14b7db5dcb46",袁琢斋,,,,,exact,exact,合肥老城区,[],"[""合肥维持会首任会长""]",抗日战争时期,"",伪职：合肥维持会首任会长；罪行：原红卐字会会长，合肥沦陷后牵头组建维持会，迎接日军入城，召集商户复业，强征粮草民夫资敌，办理良民证，是合肥最早投敌头目。；结局：抗战胜利后汉奸审判判处死刑。,[],"2026-08-27 03:29:02.102775","2026-08-27 03:29:02.102775",,,,,
"3c35f3e7dd3f423fb48ab0e2c0bf5c4b",郑德民,,,,,exact,exact,闽江口沿海,[],"[""伪和平救国军副司令""]",抗日战争时期,"",伪职：伪和平救国军副司令；罪行：张逸舟副手，率伪军袭扰平潭、长乐、连江沿海乡村，抓捕抗日人员党史学习教...。；结局：战后肃奸逮捕判刑。,[],"2026-08-27 03:29:02.080281","2026-08-27 03:29:02.080281",,,,,
"3c374f58bc944cb797d4dda8b343ce9f",李善斌,,,,,exact,exact,濮塘（今马鞍山花山区）,[],"[""伪濮塘乡乡长、乡自卫队总队长""]",抗日战争时期,"",伪职：伪濮塘乡乡长、乡自卫队总队长；罪行：濮塘头号汉奸，组织伪乡自卫队，配合日军扫荡横山根据地；日本投降后摇身投靠国民党，制造 “濮塘十月事件”，大肆捕杀地下党员、民兵与革命群众，血债累累中安在线。；结局：解放后公审判处死刑。,[],"2026-08-27 03:29:02.103978","2026-08-27 03:29:02.103978",,,,,
"3c685eca5ec843b7b78c0cdd251c3ddc",王玉祺,,,,,exact,exact,抚顺东社,[],"[""汉奸地主，伪地方势力""]",抗日战争时期,"",伪职：汉奸地主，伪地方势力；罪行：为抚顺炭矿专供坑木；勾结日伪，欺压乡里，私藏武器，勾结国民党残余。；结局：1946 东社三千群众大会公审枪决。,[],"2026-08-27 03:29:02.091455","2026-08-27 03:29:02.091455",,,,,
"3c73d78628fa4122b16f2ffe6d725d80",杨朋山,,,,,exact,exact,盐山,[],"[""伪盐山警备大队长；伪军主力，残害盐山、庆云交界群众。""]",抗日战争时期,"",伪职：伪盐山警备大队长；伪军主力，残害盐山、庆云交界群众。；结局：盐山解放被俘枪决,[],"2026-08-27 03:29:02.083651","2026-08-27 03:29:02.083651",,,,,
"3c853d782c194c2a9436636a9cb396d4",洪景祥,,,,,exact,exact,通辽,[],"[""伪兴安军中校参谋处长；出面诱降聚宝起义部队，欺骗谈判，配合日军屠杀起义人员。""]",抗日战争时期,"",伪职：伪兴安军中校参谋处长；出面诱降聚宝起义部队，欺骗谈判，配合日军屠杀起义人员。；结局：1945 年被俘，判处重刑,[],"2026-08-27 03:29:02.085793","2026-08-27 03:29:02.085793",,,,,
"3c91245154c741548374b3d3cb1061a0",王景堂,,,,,exact,exact,铁力、桃山林区,[],"[""伪铁力县森林警察讨伐队队长""]",抗日战争时期,"",伪职：伪铁力县森林警察讨伐队队长；罪行：熟悉小兴安岭山林，带队进山 “肃正讨伐”，捣毁多处抗联密营，抓捕伐木场中抗日工人。；结局：抗战胜利后被清算镇压。,[],"2026-08-27 03:29:02.096882","2026-08-27 03:29:02.096882",,,,,
"3c99811a6c32485391f4fd0f6e3fe0d1",汪曼云,,,,,"","",浙江杭州,[],"[""部长"", ""委员长"", ""清乡""]",抗日战争时期,汪伪政权,伪任职务：76 号、汪伪清乡委员会副秘书长，上海伪社会部高官。结局：战后判处有期徒刑，后再被捕关押，1954 年病逝狱中,[],"2026-08-26 17:52:47","2026-08-26 17:52:47",,,,,
"3c9a0a23d47b462bb4fadeed9404d799",赵香亭,,,,,exact,exact,临城,[],"[""伪临城县县长，新民会会长；配合日军对临城西部山区实施扫荡。""]",抗日战争时期,"",伪职：伪临城县县长，新民会会长；配合日军对临城西部山区实施扫荡。；结局：日本投降后潜逃，1946 抓捕归案判刑,[],"2026-08-27 03:29:02.082102","2026-08-27 03:29:02.082102",,,,,
"3ca32b4a25c449fcba4f54bfc9d726e5",于冲汉,,,,,exact,exact,辽阳,[],"[""伪奉天自治指导部部长、伪满监察院院长""]",抗日战争时期,"",伪职：伪奉天自治指导部部长、伪满监察院院长；罪行：九一八投敌，建立自治指导部，培训东北各地伪官吏；与日本合办弓长岭等铁矿，掠夺矿山资源；炮制伪满建国理论。主要任职沈阳抖音百科。；结局：1932 年病死大连，逃脱审判抖音百科。,[],"2026-08-27 03:29:02.092977","2026-08-27 03:29:02.092977",,,,,
"3caaa1cd6cee44f09ff5cb230a2257b0",姚锡九,,,,,exact,exact,哈尔滨道外,[],"[""伪满勾结日军的地方恶霸、特务""]",抗日战争时期,"",伪职：伪满勾结日军的地方恶霸、特务；罪行：投靠日本宪兵，充当特务眼线，盘剥劳工，欺压民众，资敌。；结局：1946 年与李九鹏一同被枪决。,[],"2026-08-27 03:29:02.095705","2026-08-27 03:29:02.095705",,,,,
"3cc4765da6d645269b6c7004f23e8a3b",刘秉钧,,,,,exact,exact,合肥,[],"[""伪合肥县教育科长""]",抗日战争时期,"",伪职：伪合肥县教育科长；罪行：推行奴化教育，改编中小学教材，强迫学校开设日语课，查禁爱国书刊。；结局：战后肃奸判刑。,[],"2026-08-27 03:29:02.103073","2026-08-27 03:29:02.103073",,,,,
"3cc941e88f27455490afa8d72b6ea874",于静远,,,,,exact,exact,辽阳，于冲汉长子,[],"[""伪满自治指导部训练处长、伪满经济部大臣""]",抗日战争时期,"",伪职：伪满自治指导部训练处长、伪满经济部大臣；罪行：继承其父亲日立场，培训伪官吏，主持伪满经济掠夺，管控工矿粮食。；结局：苏军逮捕，抚顺战犯管理所关押，后特赦释放。,[],"2026-08-27 03:29:02.092986","2026-08-27 03:29:02.092986",,,,,
"3cdeef8a9e2045638794b1a4219061e7",苏体仁,,,,,"","",山西五台,[],"[""省级长官""]",抗日战争时期,汪伪政权,伪任职务：伪山西省首任省长，搭建山西全套伪政权，推行治安强化运动，与阎锡山暗地联络。结局：抗战胜利隐匿北平，1948 年病亡，逃脱审判,[],"2026-08-26 17:52:47","2026-08-26 17:52:47",,,,,
"3cf87460e39e4da3895562820fbc623f",张济传,,,,,"","",不详,[],"[""县长""]",抗日战争时期,汪伪政权,伪任职务：第三任伪高邮县长，强化各乡镇伪政权，协助扫荡湖西抗日根据地。。结局：捕获后长期服刑,[],"2026-08-26 17:52:47","2026-08-26 17:52:47",,,,,
"3d3b39dad4e646fc8d132cd98bd7dc78",宋介湄,,,,,exact,exact,芜湖城关,[],"[""伪自治会副会长""]",抗日战争时期,"",伪职：伪自治会副会长；罪行：辅佐朱绣封，联络士绅，管控城区坊保体系，摊派苛捐杂税。；结局：肃奸运动判处有期徒刑。,[],"2026-08-27 03:29:02.103175","2026-08-27 03:29:02.103175",,,,,
"3d43619c8d0d4eab951983e67541e679",郝鹏举,,,,,exact,exact,徐州，徐海全境,[],"[""伪淮海省省长、汪伪第八方面军上将总司令、徐州绥靖公署主任""]",抗日战争时期,"",伪职：伪淮海省省长、汪伪第八方面军上将总司令、徐州绥靖公署主任；罪行：汪伪徐海地区头号大汉奸，执掌伪淮海省军政大权；扩充伪军数万，配合日军扫荡、清剿抗日武装，横征暴敛，掠夺粮食物资；日本投降后反复倒戈，先投国民党，后起义，再度叛变。；结局：1947 年因再次叛变被解放军处决。,[],"2026-08-27 03:29:02.098821","2026-08-27 03:29:02.098821",,,,,
"3d57e2c5003c4ed6a3d79bc4a1788f66",余阿徨,,,,,exact,exact,闽浙交界海面，嵛山岛,"[""余宏清""]","[""早期伪和平救国军总司令""]",抗日战争时期,"",伪职：早期伪和平救国军总司令；罪行：最早被日军收编的闽东海匪，以嵛山岛为据点袭扰福鼎、霞浦沿海，劫掠渔商，抓捕爱国渔民。；结局：内部火并垮台，残部并入张逸舟集团。,[],"2026-08-27 03:29:02.078904","2026-08-27 03:29:02.078904",,,,,
"3d7fade11d3f4e6b82b42095ae2c7688",吴履逊,,,,,"","",广东揭阳,[],"[""军长"", ""司令"", ""清乡""]",抗日战争时期,伪军,伪任职务：伪潮汕保安司令，粤东伪军头目，配合日军清乡。结局：战后被捕处决,[],"2026-08-26 17:52:47","2026-08-26 17:52:47",,,,,
"3d857a978d9e49e7b3376ef700041771",景阳春,,,,,exact,exact,富锦、同江,[],"[""伪富锦县警察讨伐大队长""]",抗日战争时期,"",伪职：伪富锦县警察讨伐大队长；罪行：带领伪讨伐队在松花江下游扫荡抗联，捣毁多处救国会组织，抓捕、残害抗日群众。；结局：抗战胜利后被反奸清算处决。,[],"2026-08-27 03:29:02.097493","2026-08-27 03:29:02.097493",,,,,
"3d92075711d04c96bcff5e05fab2f8ea",白万仁,,,,,exact,exact,濛江（靖宇县）,[],"[""原抗联副射手，伪讨伐队队员""]",抗日战争时期,"",伪职：原抗联副射手，伪讨伐队队员；罪行：叛变投敌，参加讨伐队，长期在白山山林追剿抗联将士新华网。；结局：建国后被管制。,[],"2026-08-27 03:29:02.095270","2026-08-27 03:29:02.095270",,,,,
"3da8a96c53004df7b03ae1e9bf66795f",尹保衡,,,,,exact,exact,扶余（今松原扶余）,"[""尹杰三""]","[""伪洮辽支队团长，驻防扶余城""]",抗日战争时期,"",伪职：伪洮辽支队团长，驻防扶余城；罪行：张海鹏部伪军头目，占据扶余县城，建立伪军警体系，镇压抗日武装，抓捕迫害爱国群众。；结局：抗战胜利后被民主政府惩处。,[],"2026-08-27 03:29:02.095373","2026-08-27 03:29:02.095373",,,,,
"3e09267d0b384e26a16ac3d1e5984826",赵启元,,,,,exact,exact,"",[],"[""伪开原县县长""]",抗日战争时期,"",伪职：伪开原县县长；罪行：开原被日伪定为 “模范县”；推行粮食出荷，疯狂掠夺大豆粮食，强征国兵、劳工，围剿抗联。；结局：光复后汉奸罪判刑。,[],"2026-08-27 03:29:02.093412","2026-08-27 03:29:02.093412",,,,,
"3e0d276743a44b39bac84c49ab9123fe",郑鲁岩,,,,,exact,exact,宝清、饶河完达山区域,[],"[""原抗联七军政治部主任，叛变特务""]",抗日战争时期,"",伪职：原抗联七军政治部主任，叛变特务；罪行：被俘投敌，完整出卖东线抗联全部密营坐标、交通网、地下救国会人员名册，致使宝清‑饶河抗联根据地遭受毁灭性扫荡。；结局：抗战胜利后被民主政府逮捕处决。,[],"2026-08-27 03:29:02.098090","2026-08-27 03:29:02.098090",,,,,
"3e22e2c00b7748878959f5eb62134cb2",赵郎斋,,,,,exact,exact,亳县全境,[],"[""汪伪亳县伪县长""]",抗日战争时期,"",伪职：汪伪亳县伪县长；罪行：正式伪政权主官，建立伪县府、伪警察，收编地方伪军，强化保甲，配合张岚峰部扫荡亳北抗日根据地，残害爱国群众。；结局：日本投降后被捕，判处死刑。,[],"2026-08-27 03:29:02.105652","2026-08-27 03:29:02.105652",,,,,
"3e5e40feabc241aa86819cd116aec2b9",罗英,,,,,exact,exact,宝清、饶河,[],"[""原抗联七军军部秘书，内奸特务""]",抗日战争时期,"",伪职：原抗联七军军部秘书，内奸特务；罪行：主动投敌，泄露抗联联席会议部署，引诱抗联进入日军伏击圈，直接造成军长陈荣久牺牲吉林省档案...。；结局：叛变阴谋败露，被抗联在宝清大叶子沟处决。,[],"2026-08-27 03:29:02.098101","2026-08-27 03:29:02.098101",,,,,
"3e8ffe2d7df14a2db2298249a9270fce",乔玉莲,,,,,exact,exact,寿阳,[],"[""“黑军” 伪军头目""]",抗日战争时期,"",伪职：“黑军” 伪军头目；罪行：土匪投敌，盘踞白草峪，袭扰盂寿根据地，捕杀区村干部。；结局：1940 武工队奔袭据点击毙,[],"2026-08-27 03:29:02.088932","2026-08-27 03:29:02.088932",,,,,
"3ea933996af34c5da4c6a104045e72cc",崔华山,,,,,exact,exact,亳县东北芦家庙,[],"[""伪军司令""]",抗日战争时期,"",伪职：伪军司令；罪行：率伪军进犯亳县，芦家庙战斗遭新四军游击支队重创，残部逃窜亳州新闻网。；结局：率残部退回商丘，抗战胜利后被国民党收编。,[],"2026-08-27 03:29:02.105684","2026-08-27 03:29:02.105684",,,,,
"3ebb0c6b36b74386ab202422e57c24be",李惠忱,,,,,exact,exact,"",[],"[""第二任伪平山县县长（1941‑1944），执行治安强化运动，策动根据地人员叛变。""]",抗日战争时期,"",伪职：第二任伪平山县县长（1941‑1944），执行治安强化运动，策动根据地人员叛变。；结局：战后归案判处长期徒刑,[],"2026-08-27 03:29:02.084258","2026-08-27 03:29:02.084258",,,,,
"3ebf7e0c26b249db953cf4e3f091dc98",刘老善,,,,,exact,exact,固安,[],"[""伪固安警备大队长；驻守固安县城、牛驼据点，多次出城扫荡。""]",抗日战争时期,"",伪职：伪固安警备大队长；驻守固安县城、牛驼据点，多次出城扫荡。；结局：固安解放被俘枪决,[],"2026-08-27 03:29:02.083978","2026-08-27 03:29:02.083978",,,,,
"3ec5df42930548ab8dbb185ce7092cbe",宋廷裕,,,,,"","",河北,[],"[""军长"", ""司令""]",抗日战争时期,华北伪临时政府,伪任职务：伪华北治安军第八集团司令，驻防河北、山东。结局：抗战胜利后被国民政府逮捕处决,[],"2026-08-26 17:52:47","2026-08-26 17:52:47",,,,,
"3ed4965b46274cb881ac410eb7906592",王存义,,,,,exact,exact,左云,[],"[""伪左云警备大队长""]",抗日战争时期,"",伪职：伪左云警备大队长；罪行：驻扎左云县城，频繁配合日军进山清剿大青山、雁北武工队。；结局：解放后公审枪决,[],"2026-08-27 03:29:02.087500","2026-08-27 03:29:02.087500",,,,,
"3f2dbc281c6d447396d2bc7237eb98f8",常建邦,,,,,exact,exact,潞城,[],"[""伪潞城县参议员，原我方参议员叛变""]",抗日战争时期,"",伪职：伪潞城县参议员，原我方参议员叛变；罪行：公开投敌，出卖根据地情报，破坏潞城地下组织。；结局：被抗日政府逮捕处决。,[],"2026-08-27 03:29:02.088116","2026-08-27 03:29:02.088116",,,,,
"3f3d0b302b464c60a2d149b8039ffefb",张耀武,,,,,exact,exact,襄汾,[],"[""伪襄陵县县长""]",抗日战争时期,"",伪职：伪襄陵县县长；罪行：管控汾河渡口，强征粮棉，配合日军清乡。；结局：光复后判刑,[],"2026-08-27 03:29:02.090185","2026-08-27 03:29:02.090185",,,,,
"3f731025ab604083b196ccb5aa26c5de",郝熹,,,,,exact,exact,延庆,[],"[""后期伪延庆县长；强化保甲，修筑炮楼，搜捕平北抗日干部延庆报数字...。""]",抗日战争时期,"",伪职：后期伪延庆县长；强化保甲，修筑炮楼，搜捕平北抗日干部延庆报数字...。；结局：解放后镇反处决,[],"2026-08-27 03:29:02.083083","2026-08-27 03:29:02.083083",,,,,
"3f9d6bd60fdd4b86b318a7f39185f1cb",张联璧,,,,,exact,exact,"",[],"[""伪锦州省末代副省长""]",抗日战争时期,"",伪职：伪锦州省末代副省长；罪行：伪满末期维持伪政权，疯狂掠夺辽西物资供给日军。；结局：光复后被捕，汉奸罪重判。,[],"2026-08-27 03:29:02.092460","2026-08-27 03:29:02.092460",,,,,
"3fb4e67f2afc410ab5958268e3b84003",李老山,,,,,exact,exact,唐县,[],"[""伪唐县警备大队长；依托县城据点出城抢掠，迫害抗日家属。""]",抗日战争时期,"",伪职：伪唐县警备大队长；依托县城据点出城抢掠，迫害抗日家属。；结局：唐县解放被俘枪决,[],"2026-08-27 03:29:02.082529","2026-08-27 03:29:02.082529",,,,,
"3fb640122e744e5693ee7f803d7e5bb3",梁振强,,,,,exact,exact,四甲坝,[],"[""伪保甲指导员""]",抗日战争时期,"",伪职：伪保甲指导员；罪行：协助朱崇汉推行伪保甲制度，检举地下抗日人员，为日伪搜集情报南通史志网。；结局：同朱崇汉一同被武工队处决。,[],"2026-08-27 03:29:02.099071","2026-08-27 03:29:02.099071",,,,,
"3fbd69cd3294488fa4ea8e533e78799a",戴凤鸣,,,,,exact,exact,逊克松树沟,[],"[""伪逊河松树沟警察署署长""]",抗日战争时期,"",伪职：伪逊河松树沟警察署署长；罪行：带领伪警察、自卫团驻守边境据点，围剿过境抗联部队，抓捕接济抗联的猎户与采金工人，迫害爱国群众央視網。；结局：光复后被民主政府清算处决。,[],"2026-08-27 03:29:02.098383","2026-08-27 03:29:02.098383",,,,,
"3fcdc46ea6a54add87e52ed847b41a2e",达木林,,,,,exact,exact,鄂托克旗,[],"[""草原告密分子；给包头日伪传递牧民动向，告发暗中支援游击队的牧户。""]",抗日战争时期,"",伪职：草原告密分子；给包头日伪传递牧民动向，告发暗中支援游击队的牧户。；结局：解放后斗争镇压,[],"2026-08-27 03:29:02.086055","2026-08-27 03:29:02.086055",,,,,
"3ffa735a07d840a08952fd09792e1221",王廷植,,,,,"","",不详,[],[],抗日战争时期,汪伪政权,伪任职务：伪金门特别区署长，管辖金门伪政权。结局：抗战胜利公审处决,[],"2026-08-26 17:52:47","2026-08-26 17:52:47",,,,,
"4004ba0cb7b84b2aa4bf5671758b1fb2",王声溶,,,,,exact,exact,长乐,[],"[""长乐三区维持会会长""]",抗日战争时期,"",伪职：长乐三区维持会会长；罪行：长乐沦陷头号乡伪头目，征粮派款，带路日军下乡烧杀抢掠福州新闻网。；结局：长乐游击武装锄奸处决。,[],"2026-08-27 03:29:02.081076","2026-08-27 03:29:02.081076",,,,,
"4005136c3eb94881bf601cfb269601b9",曹济民,,,,,exact,exact,安东（丹东）,[],"[""伪满特务，光复后 “东北保安第一支队” 司令""]",抗日战争时期,"",伪职：伪满特务，光复后 “东北保安第一支队” 司令；罪行：早年纠结地痞土匪投敌；为日伪搜集情报；日本投降后收拢伪警、土匪，在安东、凤城、宽甸一带杀害农会干部、民主联军人员。；结局：1946 年被俘公审枪决抖音百科。,[],"2026-08-27 03:29:02.092285","2026-08-27 03:29:02.092285",,,,,
"402c79db62424cd6b2429fcfaccfc76e",刘湘图,,,,,exact,exact,兴化全县,[],"[""伪第 22 师中将师长""]",抗日战争时期,"",伪职：伪第 22 师中将师长；罪行：原国军军官投敌，七千伪军盘踞兴化城；大修碉堡 170 余座，频繁下乡扫荡，抓捕残害抗日干部群众；日本投降后拒不向新四军投降，固守兴化负隅顽抗泰州市党史...。；结局：1945 年兴化攻城战斗被俘，公审枪决兴化日报。,[],"2026-08-27 03:29:02.100171","2026-08-27 03:29:02.100171",,,,,
"40319e205afe421c9382dfea0534a4b2",王作舟,,,,,exact,exact,"",[],"[""伪舒兰县县长""]",抗日战争时期,"",伪职：伪舒兰县县长；罪行：舒兰山区讨伐抗联，强征物资，迫害爱国群众。；结局：解放后逮捕惩处。,[],"2026-08-27 03:29:02.094444","2026-08-27 03:29:02.094444",,,,,
"4064e0fd51ac4dce919f49c4018d7a4f",李宝仁,,,,,exact,exact,遵化,[],"[""伪遵化警备大队长，伪军主力，多次配合日军扫荡盘山、鲁家峪根据地。""]",抗日战争时期,"",伪职：伪遵化警备大队长，伪军主力，多次配合日军扫荡盘山、鲁家峪根据地。；结局：解放后镇反枪决,[],"2026-08-27 03:29:02.091902","2026-08-27 03:29:02.091902",,,,,
"406bfc24514b46a0ace5506d0f194b10",吕律民,,,,,exact,exact,温州市区,[],"[""伪永嘉县警察局局长""]",抗日战争时期,"",伪职：伪永嘉县警察局局长；罪行：执掌伪警察，网罗地痞流氓组建便衣侦缉队，搜捕地下爱国人员，推行宵禁，抓捕迫害进步青年。；结局：战后逮捕法办。,[],"2026-08-27 03:29:02.100941","2026-08-27 03:29:02.100941",,,,,
"408728a2ecce41ea983cb06d765fdf27",龚金城,,,,,exact,exact,饶河县城周边,[],"[""饶河密探、汉奸眼线""]",抗日战争时期,"",伪职：饶河密探、汉奸眼线；罪行：配合苑福堂搜集地下党情报，告密出卖爱国群众，协助日伪逮捕反日会会员中国军网。；结局：解放后被惩处。,[],"2026-08-27 03:29:02.098136","2026-08-27 03:29:02.098136",,,,,
"4088563edd784b458cb75c9ed221de39",聂士庆,,,,,"","",山西长治,[],"[""县长""]",抗日战争时期,汪伪政权,伪任职务：原国民党长治县长，率全县投敌，伪长治伪政权头目，清剿太行根据地。结局：抗战胜利后逮捕公审处决,[],"2026-08-26 17:52:47","2026-08-26 17:52:47",,,,,
"4088f6b487fc44298428a8e038ea0224",薛玉衡,,,,,exact,exact,"",[],"[""伪西安县第三任县长""]",抗日战争时期,"",伪职：伪西安县第三任县长；罪行：强化治安肃正，执行粮食出荷，为煤矿强征劳工。；结局：战后汉奸罪判刑。,[],"2026-08-27 03:29:02.095009","2026-08-27 03:29:02.095009",,,,,
"4095e1ebfac748129c8c32ea3f802ed4",张冠英,,,,,exact,exact,"",[],"[""伪霸县首任知事；从天津被日军派来，扩充伪保卫团固守霸县城。""]",抗日战争时期,"",伪职：伪霸县首任知事；从天津被日军派来，扩充伪保卫团固守霸县城。；结局：城破逃跑，战后抓捕判刑廊坊市纪委...,[],"2026-08-27 03:29:02.083898","2026-08-27 03:29:02.083898",,,,,
"40ac401fd6c6414a902250533a034b84",刘永贵,,,,,exact,exact,时村，波及濉溪东部边境,[],"[""伪军团长（胡泽普部下）""]",抗日战争时期,"",伪职：伪军团长（胡泽普部下）；罪行：伪淮海省剿匪司令胡泽普手下主力团长，多次随同扫荡濉河两岸，烧杀劫掠，捕杀地方干部。；结局：1945 年时村战斗被俘，公审枪决。,[],"2026-08-27 03:29:02.104230","2026-08-27 03:29:02.104230",,,,,
"40cc865d21034ea7ad2039aea395312d",夏少山,,,,,exact,exact,当涂城关（今马鞍山当涂）,[],"[""当涂维持会首任会长""]",抗日战争时期,"",伪职：当涂维持会首任会长；罪行：县城沦陷头号汉奸，迎接日军入城，组建维持会、伪保安队；摊派粮饷物资资敌，陪同日军下乡扫荡，指认藏粮点与游击人员位置。；结局：1945 年抗战胜利公审处决。,[],"2026-08-27 03:29:02.103940","2026-08-27 03:29:02.103940",,,,,
"40d0c299a4424d429e488df858aaf5a9",王瑞华,,,,,exact,exact,盖平,[],"[""伪盖平县县长，后升任伪锦州省省长""]",抗日战争时期,"",伪职：伪盖平县县长，后升任伪锦州省省长；罪行：主持盖平伪政权，推行奴化统治，强征国兵、劳工；后调伪锦州省主政，对辽西实行殖民统治。；结局：抗战胜利被捕，关押改造。,[],"2026-08-27 03:29:02.092713","2026-08-27 03:29:02.092713",,,,,
"40dcdc3c4831453b8fa2db26c3630cd4",汪东海,,,,,exact,exact,泾县东岸,[],"[""叛徒""]",抗日战争时期,"",伪职：叛徒；罪行：原游击人员叛变投敌，冷枪射杀皖南县委副书记吕辉，之后潜逃敌占区藏身中共宣城市...。；结局：解放后缉拿归案镇压。,[],"2026-08-27 03:29:02.106490","2026-08-27 03:29:02.106490",,,,,
"4121dd95488741b2a858d9addcd53fe3",刘宏仁,,,,,"","",云南龙陵,[],[],抗日战争时期,汪伪政权,伪任职务：伪龙陵内务局长，主管户籍、保甲、民夫征用，迫害民间抗日人员。结局：被俘后判处死刑执行枪决,[],"2026-08-26 17:52:47","2026-08-26 17:52:47",,,,,
"4124ce7d8600452ab08d887a15afaf46",杨玉山,,,,,exact,exact,大厂夏垫,[],"[""夏垫据点伪警备中队长；为日军搜集情报，祸害周边村庄。""]",抗日战争时期,"",伪职：夏垫据点伪警备中队长；为日军搜集情报，祸害周边村庄。；结局：1944 年被县大队锄奸击毙,[],"2026-08-27 03:29:02.084036","2026-08-27 03:29:02.084036",,,,,
"41321bc40ead4cb399bcd2b382b9377c",林汝珩,,,,,"","",广东信宜,[],"[""省级长官"", ""厅长""]",抗日战争时期,汪伪政权,伪任职务：伪广东省教育厅厅长，推行华南奴化教育。结局：抗战胜利逮捕，判处徒刑,[],"2026-08-26 17:52:47","2026-08-26 17:52:47",,,,,
"413f92f46cd547fca39fbce7ab3f56eb",邵世恩,,,,,exact,exact,黄口（今杜集北部旧属萧县）抖音百科,[],"[""萧县黄口维持会会长""]",抗日战争时期,"",伪职：萧县黄口维持会会长；罪行：劣绅，日军一到黄口即组建维持会；征粮派夫，建立伪基层组织，残害爱国群众。其子邵竞生为主要帮凶。；结局：抗战胜利后肃奸逮捕法办。,[],"2026-08-27 03:29:02.104148","2026-08-27 03:29:02.104148",,,,,
"414496c2037640dc91ad772eaf1d08a3",诺尔布扎木苏,,,,,exact,exact,克什克腾,[],"[""伪克什克腾旗旗长；草原边界，配合日伪搜捕热北游击武装。""]",抗日战争时期,"",伪职：伪克什克腾旗旗长；草原边界，配合日伪搜捕热北游击武装。；结局：战后管制处理,[],"2026-08-27 03:29:02.085623","2026-08-27 03:29:02.085623",,,,,
"41475eb09e4347d9a6709b85324a2155",姜恩良,,,,,exact,exact,香河,[],"[""伪香河保安团团长；武桓手下，参与香河事变，镇压当地抗日运动。""]",抗日战争时期,"",伪职：伪香河保安团团长；武桓手下，参与香河事变，镇压当地抗日运动。；结局：香河解放被俘枪决香河方志,[],"2026-08-27 03:29:02.084005","2026-08-27 03:29:02.084005",,,,,
"414899e0fa044664bd69982d4912baf5",甘珠尔扎布,,,,,exact,exact,辽宁彰武,[],"[""伪兴安南警备军司令官、伪第九军管区中将司令官，司令部驻通辽；指挥兴安骑兵多次赴热河、冀东讨伐抗日武装，制造大量惨案，推行奴化教育，为日军搜集粮草马匹抖音百科。""]",抗日战争时期,"",伪职：伪兴安南警备军司令官、伪第九军管区中将司令官，司令部驻通辽；指挥兴安骑兵多次赴热河、冀东讨伐抗日武装，制造大量惨案，推行奴化教育，为日军搜集粮草马匹抖音百科。；结局：1945 被俘，关押改造，1966 年特赦释放,[],"2026-08-27 03:29:02.085738","2026-08-27 03:29:02.085738",,,,,
"418188d58ffd4439a92e7dcd8b9f0efb",陈维康,,,,,exact,exact,"",[],"[""伪临榆县县长，驻山海关；组建伪警察，盘查山海关关隘，征集劳工粮草，搜捕地下抗日人员，执行长城封锁政策。""]",抗日战争时期,"",伪职：伪临榆县县长，驻山海关；组建伪警察，盘查山海关关隘，征集劳工粮草，搜捕地下抗日人员，执行长城封锁政策。；结局：1945 冀热辽部队收复山海关被俘，公审处决,[],"2026-08-27 03:29:02.081326","2026-08-27 03:29:02.081326",,,,,
"41c835b8710740b085de2635c41242ad",翟书田,,,,,exact,exact,梨树十家堡,[],"[""九一八四平街维持会会长、伪四平街市政公所市长（早期），绰号 “翟小鬼”""]",抗日战争时期,"",伪职：九一八四平街维持会会长、伪四平街市政公所市长（早期），绰号 “翟小鬼”；罪行：九一八迅速投靠日军，组建维持会，协助日军接管四平；放高利贷，勾结日伪压榨百姓；八一五后仍依附国民党势力敛财吉林省地方...。；结局：四平解放后逮捕，没收全部家产，后病死狱中吉林省地方...。,[],"2026-08-27 03:29:02.094796","2026-08-27 03:29:02.094796",,,,,
"41f5e7e2a8d94ec88ccf9ec7fda47221",黄莲舫,,,,,exact,exact,厦门、鼓浪屿，谋划入侵漳州内地,"[""黄廉舫，龙溪籍""]","[""伪新华同盟会副会长、伪华侨公会会长，预定伪漳州维持会会长""]",抗日战争时期,"",伪职：伪新华同盟会副会长、伪华侨公会会长，预定伪漳州维持会会长；罪行：漳州籍大绅，厦门沦陷投敌；为兴亚院出谋划策，策划进攻东山、平潭，内定攻陷漳州后出任维持会会长，拉拢闽南士绅附逆，经济上协助日本掠夺侨务资源抖音百科。；结局：1940 年在鼓浪屿被爱国志士制裁击毙。,[],"2026-08-27 03:29:02.079278","2026-08-27 03:29:02.079278",,,,,
"41f678638f1b4d22accd92cb8e6aed00",米国璋,,,,,exact,exact,承德,[],"[""回奸；勾结日本特务，强抓劳工，盘剥回族商户，担任伪株式会社董事长承德日报。""]",抗日战争时期,"",伪职：回奸；勾结日本特务，强抓劳工，盘剥回族商户，担任伪株式会社董事长承德日报。；结局：解放后群众清算斗争,[],"2026-08-27 03:29:02.083243","2026-08-27 03:29:02.083243",,,,,
"41fbe35d5521476f90d521796d01b0c6",张保安,,,,,exact,exact,肇州、肇源,"[""张宝安""]","[""抗日救国会叛徒""]",抗日战争时期,"",伪职：抗日救国会叛徒；罪行：出卖三肇地下党组织，泄露地下机关地点、救国会人员名册，直接引发三肇大搜捕，造成三十二烈士惨案，大批地下党员被捕牺牲抖音百科。；结局：解放后镇压反革命公审处决。,[],"2026-08-27 03:29:02.096672","2026-08-27 03:29:02.096672",,,,,
"4249d44989ac4e80a54261649345dd81",郭健,,,,,exact,exact,平定,[],"[""白泉据点维持会长阳泉日报数...""]",抗日战争时期,"",伪职：白泉据点维持会长阳泉日报数...；罪行：盘踞白泉据点，搜集根据地情报，抓捕抗日积极分子，摊派粮款，鱼肉乡民。；结局：1943 武工队化装潜入据点将其击毙阳泉日报数...,[],"2026-08-27 03:29:02.087609","2026-08-27 03:29:02.087609",,,,,
"424cb98192674ee1a0f40df1d074bbe0",赫慕侠,,,,,exact,exact,吉林,[],"[""伪安奉地区警备司令、伪满第二军混成旅旅长""]",抗日战争时期,"",伪职：伪安奉地区警备司令、伪满第二军混成旅旅长；罪行：原东北军，投敌；指挥伪军对安东、凤城、岫岩三角抗日区多次大讨伐，围剿邓铁梅、苗可秀义勇军。；结局：抗战胜利被捕，汉奸罪判刑。,[],"2026-08-27 03:29:02.092293","2026-08-27 03:29:02.092293",,,,,
"4271127c6cd14b7790629aabcf551ce9",卢万寿,,,,,exact,exact,邯郸,[],"[""伪邯郸警察所长；配合特务李积玉抓捕抗日人员，参与插箭岭屠杀干部事件。""]",抗日战争时期,"",伪职：伪邯郸警察所长；配合特务李积玉抓捕抗日人员，参与插箭岭屠杀干部事件。；结局：镇反时期公审处决,[],"2026-08-27 03:29:02.078423","2026-08-27 03:29:02.078423",,,,,
"4273b539ba3c4e90bac1488ec35bde2e",董扒皮,,,,,exact,exact,"","[""董某""]","[""山奉铁路伪总监（铁路系统大汉奸）；掌控山海关铁路警务，抓捕铁路工人中的抗日分子，配合日军转运兵员物资，敲诈商旅百姓。""]",抗日战争时期,"",伪职：山奉铁路伪总监（铁路系统大汉奸）；掌控山海关铁路警务，抓捕铁路工人中的抗日分子，配合日军转运兵员物资，敲诈商旅百姓。；结局：山海关解放被俘，公审枪决,[],"2026-08-27 03:29:02.094143","2026-08-27 03:29:02.094143",,,,,
"428d298722b14b57bae8b69e1d38ed37",俞荣相,,,,,exact,exact,金东孝顺镇,[],"[""孝顺镇维持会会长""]",抗日战争时期,"",伪职：孝顺镇维持会会长；罪行：把持孝顺镇伪维持会，组建伪民团，征粮派夫，敲诈商户百姓，频繁向日军密报八大队活动踪迹，祸害金义交界百姓，民愤极大。；结局：八大队抓捕，傅村公审大会枪决。,[],"2026-08-27 03:29:02.078652","2026-08-27 03:29:02.078652",,,,,
"42b95d021d7c4e0c8c03c3471c543da4",姜车,,,,,"","",海南儋州,[],[],抗日战争时期,汪伪政权,伪任职务：海头伪警察队长（姜氏四霸之首），伪武装骨干，烧杀抢掠祸害海头百姓党史学习教...。结局：战斗中被抗日武装击毙,[],"2026-08-26 17:52:47","2026-08-26 17:52:47",,,,,
"42c4dc2709e6475ea13d61b5051cd138",王荆山,,,,,exact,exact,吉林,[],"[""伪吉林总商会会长""]",抗日战争时期,"",伪职：伪吉林总商会会长；罪行：吉林大商人，附逆日伪；为日军筹措军需物资，摊派报国捐，盘剥工商百姓。；结局：反奸清算，没收财产，判处徒刑。,[],"2026-08-27 03:29:02.094475","2026-08-27 03:29:02.094475",,,,,
"42d058fd3b3544df9c227c5718f4665d",周汉臣,,,,,exact,exact,洛河（大通东部淮河渡口）,[],"[""洛河伪维持代表""]",抗日战争时期,"",伪职：洛河伪维持代表；罪行：基层伪头目，管控渡口航运，为日军搜集船只，盘查淮河过往船只人员。；结局：日军投降后附逆罪判刑。,[],"2026-08-27 03:29:02.103863","2026-08-27 03:29:02.103863",,,,,
"42d83fe48b104ea6a5dd20f07d25c1c7",周海山,,,,,exact,exact,青龙,[],"[""伪青龙警备大队长；伪军主力头目，多次配合日军扫荡青平根据地，制造多起村庄惨案。""]",抗日战争时期,"",伪职：伪青龙警备大队长；伪军主力头目，多次配合日军扫荡青平根据地，制造多起村庄惨案。；结局：解放后镇反公审处决,[],"2026-08-27 03:29:02.096060","2026-08-27 03:29:02.096060",,,,,
"42fa63b9617044d0b565a93b245ff991",李喜山,,,,,exact,exact,饶河暴马顶子,[],"[""饶河伪走狗队头目""]",抗日战争时期,"",伪职：饶河伪走狗队头目；罪行：受日军扶持，武装袭扰抗联根据地，搜山抓捕抗日群众，残害地方百姓。；结局：被抗联武装剿灭击毙。,[],"2026-08-27 03:29:02.098169","2026-08-27 03:29:02.098169",,,,,
"4318b001382f4d02b83ed885e1bd54c2",王锡九,,,,,exact,exact,高阳,[],"[""伪高阳县县长；管控潴龙河沿线，掠夺棉花粮食资敌。""]",抗日战争时期,"",伪职：伪高阳县县长；管控潴龙河沿线，掠夺棉花粮食资敌。；结局：战后判处长期徒刑,[],"2026-08-27 03:29:02.082590","2026-08-27 03:29:02.082590",,,,,
"434ac0ec852640e1974a3d95a0fe1ed9",袁规,,,,,exact,exact,"","[""袁轨""]","[""后期伪唐山市市长，原北平特高系出身，破坏唐山地下党组织，搜捕爱国青年，强化城市管控。""]",抗日战争时期,"",伪职：后期伪唐山市市长，原北平特高系出身，破坏唐山地下党组织，搜捕爱国青年，强化城市管控。；结局：1946 年判处有期徒刑,[],"2026-08-27 03:29:02.086752","2026-08-27 03:29:02.086752",,,,,
"43a224e92ed84329b9ef73800aefef8b",王乐三,,,,,exact,exact,五原,[],"[""伪五原警备厅头目；协助田喜庭维持伪政权，抓捕迫害当地爱国人士五原县人民...。""]",抗日战争时期,"",伪职：伪五原警备厅头目；协助田喜庭维持伪政权，抓捕迫害当地爱国人士五原县人民...。；结局：五原光复后处决,[],"2026-08-27 03:29:02.086546","2026-08-27 03:29:02.086546",,,,,
"43a60fed541a4505bc4303652df6e96a",张逢吉,,,,,exact,exact,壶关,[],"[""伪壶关警备大队长""]",抗日战争时期,"",伪职：伪壶关警备大队长；罪行：驻守壶关县城，配合日本顾问笠实掠夺粮食，迫害百姓人民网。；结局：解放后公审枪决,[],"2026-08-27 03:29:02.088147","2026-08-27 03:29:02.088147",,,,,
"43b64ed5311849a8a25482662ee1a2a8",韩云阶,,,,,exact,exact,金州,[],"[""伪满经济大臣、伪满奉天省长（旅大派核心人物）""]",抗日战争时期,"",伪职：伪满经济大臣、伪满奉天省长（旅大派核心人物）；罪行：大连出身，留学日本；九一八后投敌，在伪满主管经济，配合日本经济掠夺，压榨东北工矿、粮食资源。；结局：抗战胜利被苏军逮捕，后病死狱中。,[],"2026-08-27 03:29:02.091064","2026-08-27 03:29:02.091064",,,,,
"43c6dff529e946b383af1d0fd97c0971",林海山,,,,,exact,exact,六安城关,[],"[""维持会骨干""]",抗日战争时期,"",伪职：维持会骨干；罪行：负责胁迫本地士绅附逆，传递民间情报。；结局：公审处决。,[],"2026-08-27 03:29:02.105457","2026-08-27 03:29:02.105457",,,,,
"440301199b1740879a483d22263ea6d6",刘长荣,,,,,exact,exact,归绥,[],"[""伪厚和警察局长；配合日本宪兵队搜捕大青山地下工作人员，刑讯迫害被捕群众。""]",抗日战争时期,"",伪职：伪厚和警察局长；配合日本宪兵队搜捕大青山地下工作人员，刑讯迫害被捕群众。；结局：绥远解放公审枪决,[],"2026-08-27 03:29:02.084870","2026-08-27 03:29:02.084870",,,,,
"4404b46b29544ef49f12355c66feaf83",胡熏,,,,,exact,exact,南昌县人,[],"[""伪南昌市长""]",抗日战争时期,"",伪职：伪南昌市长；罪行：暂无详细罪行记载；结局：暂无明确结局记载,[],"2026-08-27 03:29:02.077902","2026-08-27 03:29:02.077902",,,,,
"440872a6404e4218acdcf7ca1e3f3bf5",杨祖钰,,,,,"","",无锡,[],"[""军长"", ""特务""]",抗日战争时期,汪伪政权,伪任职务：日军宣抚班汉奸爪牙，胁迫地方士绅出任伪职，为日军物色傀儡人选，充当特务耳目。。结局：光复后公审枪决,[],"2026-08-26 17:52:47","2026-08-26 17:52:47",,,,,
"44202f33dda44be49226d42166039783",张少斋,,,,,"","",邵伯,[],[],抗日战争时期,汪伪政权,伪任职务：伪邵伯商会会长，胁迫镇上商铺缴纳苛捐，为日伪筹措物资，强制摊派购买伪债券。。结局：战后逮捕，保释后管制,[],"2026-08-26 17:52:47","2026-08-26 17:52:47",,,,,
"4422fddc3f2f4312a9feb801b9355119",庞景祁,,,,,exact,exact,海宁硖石,[],"[""汪伪中国合作社海宁支社社长""]",抗日战争时期,"",伪职：汪伪中国合作社海宁支社社长；罪行：伪经济汉奸，管控物资购销，为日军掠夺粮食蚕丝，压榨城乡百姓。；结局：抗日武装潜入硖石将其锄奸处决。,[],"2026-08-27 03:29:02.101174","2026-08-27 03:29:02.101174",,,,,
"443393d8c74843d9a78f1f6a0a13f71f",汤仁杰,,,,,"","",不详,[],"[""清乡"", ""县长""]",抗日战争时期,汪伪政权,伪任职务：第四任伪武进县长，拉拢地方士绅、乡镇势力出任伪职，清乡期间频繁下乡。。结局：战后逮捕，判处有期徒刑,[],"2026-08-26 17:52:47","2026-08-26 17:52:47",,,,,
"44341d73634f48a0aa06ce049f0679ac",色登道尔吉,,,,,exact,exact,准格尔旗,[],"[""准格尔旗西协理，蒙奸；暗通包头日本特务机关，鼓动准格尔旗上层投靠日伪，为日军搜集黄河沿线情报。""]",抗日战争时期,"",伪职：准格尔旗西协理，蒙奸；暗通包头日本特务机关，鼓动准格尔旗上层投靠日伪，为日军搜集黄河沿线情报。；结局：被白凤翔扣押，后交国民政府处置，判刑,[],"2026-08-27 03:29:02.086161","2026-08-27 03:29:02.086161",,,,,
"445ab21e33cf48bc8cbbc4b2d5870742",刘雨田,,,,,"","",辽宁普兰店（大连）,[],"[""军长""]",抗日战争时期,汪伪政权,伪任职务：老牌汉奸，变卖祖产捐飞机给日军，长期充当日本情报顾问。结局：1951 年 81 岁被捕，公审枪决,[],"2026-08-26 17:52:47","2026-08-26 17:52:47",,,,,
"446494085afb4de698acbd5ca7dc829a",麦兆丰,,,,,"","",海南儋州,[],"[""县长""]",抗日战争时期,汪伪政权,伪任职务：儋县海头伪维持分会会长，勾结伪警察姜氏四霸下乡劫掠、刺探情报党史学习教...。结局：1939 年被抗日军民捕获处决,[],"2026-08-26 17:52:47","2026-08-26 17:52:47",,,,,
"44a79ca29e9347d28a41d0175d19ecbd",刘振邦,,,,,exact,exact,昌黎,[],"[""伪昌黎特务系长；专门搜捕迁卢抚昌联合县干部，酷刑审讯被捕人员。""]",抗日战争时期,"",伪职：伪昌黎特务系长；专门搜捕迁卢抚昌联合县干部，酷刑审讯被捕人员。；结局：镇反时期公审枪决,[],"2026-08-27 03:29:02.081461","2026-08-27 03:29:02.081461",,,,,
"44a8432e115e4341bf5269911aee3e71",张逸舟,,,,,exact,exact,乌丘、湄洲、南日岛，闽海沿海,[],"[""伪福建和平救国军第二集团军总司令（仙游籍）""]",抗日战争时期,"",伪职：伪福建和平救国军第二集团军总司令（仙游籍）；罪行：闽海头号海上伪军头目，原土匪，投靠厦门日军；司令部驻马祖南竿塘，总兵力三千余人；以乌丘、湄洲为前进基地，劫掠渔船商船，走私鸦片，袭扰莆田忠门、东埔沿海村庄，进攻闽中海上抗日游击武装，为日军封锁闽中海岸线秀屿新闻网。；结局：抗战胜利被国民党军统收编；后被清算，逃亡海外。,[],"2026-08-27 03:29:02.079918","2026-08-27 03:29:02.079918",,,,,
"44ba980af6ba407bb00245b99f6d970c",谭英多,,,,,exact,exact,清原,[],"[""伪清原县末代县长""]",抗日战争时期,"",伪职：伪清原县末代县长；罪行：建立清原伪政权，推行集团部落，围剿东边道抗联；投降后勾结国民党继续作恶。；结局：公审枪决。,[],"2026-08-27 03:29:02.091463","2026-08-27 03:29:02.091463",,,,,
"44bd326f57d941bb9ae68e07fc0a5e07",孔玉书,,,,,exact,exact,郎溪梅渚‑钟桥,[],"[""伪军骨干""]",抗日战争时期,"",伪职：伪军骨干；罪行：赵君甫副手，勾结特务，抗缴公粮，破坏游击区基层，搜捕地下工作人员。；结局：武工队作战被俘，公审镇压。,[],"2026-08-27 03:29:02.106235","2026-08-27 03:29:02.106235",,,,,
"44dea49ec15b4274949a9812d4ecc158",陈汉南,,,,,exact,exact,泰兴全境,[],"[""伪泰兴县县长""]",抗日战争时期,"",伪职：伪泰兴县县长；罪行：执掌泰兴伪县公署，出动伪保安队配合日军扫荡黄桥周边根据地，迫害抗日群众。；结局：战后汉奸审判判刑。,[],"2026-08-27 03:29:02.100248","2026-08-27 03:29:02.100248",,,,,
"44e24a758a504e169db857185a1cc4bd",阎秉权,,,,,exact,exact,清水河,[],"[""伪清水河县县长；管控晋绥交界，修筑封锁线，抓捕往来地下人员。""]",抗日战争时期,"",伪职：伪清水河县县长；管控晋绥交界，修筑封锁线，抓捕往来地下人员。；结局：战后汉奸罪判处徒刑,[],"2026-08-27 03:29:02.084934","2026-08-27 03:29:02.084934",,,,,
"44f442f68dff4a9d8529f67578a3d187",张承铭,,,,,exact,exact,盱眙,"[""张大龙""]","[""盱眙伪特工队队长""]",抗日战争时期,"",伪职：盱眙伪特工队队长；罪行：日伪特务头目，网罗爪牙，暗杀抗日干部，刺探盱嘉支队情报，多次制造抓捕屠杀事件宿迁日报。；结局：解放后公审伏法。,[],"2026-08-27 03:29:02.100075","2026-08-27 03:29:02.100075",,,,,
"45033cd72aa24805b1c658ae423dd830",朱文俊,,,,,exact,exact,海宁斜桥,[],"[""斜桥维持会会长""]",抗日战争时期,"",伪职：斜桥维持会会长；罪行：铁路沿线铁杆汉奸，组建 “爱路队”，强迫百姓通宵看守沪杭铁路，防范抗日武装破路，获日军奖赏银盾。；结局：抗战胜利后公审惩处。,[],"2026-08-27 03:29:02.101159","2026-08-27 03:29:02.101159",,,,,
"45089ad5bc1047dc8eb8c2bbc8290108",赵凤臣,,,,,exact,exact,丰县,[],"[""丰县维持会会长""]",抗日战争时期,"",伪职：丰县维持会会长；罪行：依附日军，为日军征粮征夫，威逼地方士绅归顺日伪。；结局：战后被逮捕处理。,[],"2026-08-27 03:29:02.098867","2026-08-27 03:29:02.098867",,,,,
"450d8c400752437aa32da8bbe13bff24",王秀峰,,,,,exact,exact,汤原‑嘉荫交界山林,[],"[""伪兴山警察署特务""]",抗日战争时期,"",伪职：伪兴山警察署特务；罪行：受陈绍宾指挥，伪装猎户进山搜集情报，参与诱捕赵尚志的特务行动，长期在小兴安岭搜寻抗联小部队。；结局：解放后镇压反革命被公审处决。,[],"2026-08-27 03:29:02.097621","2026-08-27 03:29:02.097621",,,,,
"4568d4b640b140d080044442689d4b41",吴子玉,,,,,exact,exact,临榆,[],"[""伪临榆县警察局长；配合山海关宪兵队，抓捕进出关地下交通员，刑讯被捕群众。""]",抗日战争时期,"",伪职：伪临榆县警察局长；配合山海关宪兵队，抓捕进出关地下交通员，刑讯被捕群众。；结局：解放后镇反公审枪决,[],"2026-08-27 03:29:02.099563","2026-08-27 03:29:02.099563",,,,,
"45a9255499104dd0b37dd28641db31da",周俊彦,,,,,exact,exact,吴兴练市,[],"[""练市后期维持会会长""]",抗日战争时期,"",伪职：练市后期维持会会长；罪行：接替乐俊泉，继续为日伪筹措粮草，胁迫乡绅附逆。；结局：汉奸清算判处有期徒刑。,[],"2026-08-27 03:29:02.101988","2026-08-27 03:29:02.101988",,,,,
"45ad4609c0404b438723886011ae617f",道尔吉,,,,,exact,exact,杭锦旗,[],"[""伪地方武装头目；配合伪蒙古军在杭锦沿黄草原劫掠，抓捕支援八路军的牧民。""]",抗日战争时期,"",伪职：伪地方武装头目；配合伪蒙古军在杭锦沿黄草原劫掠，抓捕支援八路军的牧民。；结局：1944 被地方抗日武装击毙,[],"2026-08-27 03:29:02.086195","2026-08-27 03:29:02.086195",,,,,
"45b4089419684a9cbe1fcba4fa2f9739",郑汝康,,,,,exact,exact,缙云县城,[],"[""缙云临时维持会会长""]",抗日战争时期,"",伪职：缙云临时维持会会长；罪行：日军窜犯缙云期间组建维持会，筹措军需物资，办理良民证，维持日军占领市面。；结局：日军退走后被地方政府逮捕法办。,[],"2026-08-27 03:29:02.102662","2026-08-27 03:29:02.102662",,,,,
"45d92aa1a6844cf49dd864410456cbda",赵守伦,,,,,exact,exact,井陉,[],"[""宪兵队密探大头目，长期刺探太行根据地情报，残害地方干部；日降后伪装国民党员企图脱罪。""]",抗日战争时期,"",伪职：宪兵队密探大头目，长期刺探太行根据地情报，残害地方干部；日降后伪装国民党员企图脱罪。；结局：镇反时期公审枪决,[],"2026-08-27 03:29:02.084226","2026-08-27 03:29:02.084226",,,,,
"45ddbf28a7b84310874981aa29146d12",陈老歪,,,,,exact,exact,濉溪‑相山一带城乡,[],"[""濉溪宪兵队便衣""]",抗日战争时期,"",伪职：濉溪宪兵队便衣；罪行：地痞投靠日军宪兵队，混迹集镇乡村，侦查地下抗日活动，告密抓捕进步群众，敲诈商户。；结局：抗战后期被武工队锄奸击毙。,[],"2026-08-27 03:29:02.104246","2026-08-27 03:29:02.104246",,,,,
"45eaf9b3611b4264bc700292705872fa",谷次亨,,,,,exact,exact,大连,[],"[""伪安东省教育厅厅长""]",抗日战争时期,"",伪职：伪安东省教育厅厅长；罪行：“安东教育救国会惨案” 之后到任；清洗爱国师生，强力推行奴化教育；后升任伪满总务厅次长、民生部大臣，主导鸦片政策。；结局：抚顺战犯管理所关押，后期特赦抖音百科。,[],"2026-08-27 03:29:02.092260","2026-08-27 03:29:02.092260",,,,,
"45ef6dbb4ad8453481486e79bbaaf692",郭连庆,,,,,exact,exact,曲沃,[],"[""曲沃维持会会长""]",抗日战争时期,"",伪职：曲沃维持会会长；罪行：日军入城牵头组建维持会；为日军搜刮钱粮物资，刺探情报，抓捕爱国群众，勾结郭笃生作恶。；结局：同案侯马枪决,[],"2026-08-27 03:29:02.090160","2026-08-27 03:29:02.090160",,,,,
"45fe3c7932f8495c8f108b506e0cf0dd",马迪仕,,,,,exact,exact,阳原,[],"[""伪阳原警备头目；多次下乡扫荡，残害群众，掠夺物资中共张家口...。""]",抗日战争时期,"",伪职：伪阳原警备头目；多次下乡扫荡，残害群众，掠夺物资中共张家口...。；结局：公审处死,[],"2026-08-27 03:29:02.082963","2026-08-27 03:29:02.082963",,,,,
"4601a84968684b6aa4f7d04fcae1ba65",余石坪,,,,,exact,exact,芜湖,[],"[""伪县府民政科长""]",抗日战争时期,"",伪职：伪县府民政科长；罪行：主管伪民政、保甲户籍，办理良民证，任免伪区乡长中国人民政...。；结局：战后附逆判刑。,[],"2026-08-27 03:29:02.103266","2026-08-27 03:29:02.103266",,,,,
"46076dd59ba74be1932c4a7c7f9393db",张庆林,,,,,exact,exact,元氏,[],"[""伪元氏警察局侦缉队长，特务头目，在元氏车站抓捕来往交通员。""]",抗日战争时期,"",伪职：伪元氏警察局侦缉队长，特务头目，在元氏车站抓捕来往交通员。；结局：1946 年公审处死,[],"2026-08-27 03:29:02.084366","2026-08-27 03:29:02.084366",,,,,
"460fe1592ddd499fa9869592d5d98d0d",石佐民,,,,,exact,exact,广德城关,[],"[""广德维持会会长""]",抗日战争时期,"",伪职：广德维持会会长；罪行：广德沦陷头号汉奸，1943 年广德第四次沦陷牵头成立维持会；征集粮草、民夫，协助设立北门慰安所，残害妇女，带路扫荡乡村。；结局：抗战胜利公审枪决。,[],"2026-08-27 03:29:02.106037","2026-08-27 03:29:02.106037",,,,,
"461c92aced6540f99c3a3312ab284b43",陈阿财,,,,,exact,exact,永安‑大田边境,[],"[""日伪派遣潜入密探""]",抗日战争时期,"",伪职：日伪派遣潜入密探；罪行：受厦门日伪特工派遣，伪装商贩潜入闽中山区，搜集战时永安军政情报，发展内线，散布失败谣言。；结局：被地方保安团查获，军法审判处决。,[],"2026-08-27 03:29:02.079820","2026-08-27 03:29:02.079820",,,,,
"461d9e356b5b49988bbcce052fa7a5f7",刘守德,,,,,exact,exact,绛县,[],"[""伪警备队中队长""]",抗日战争时期,"",伪职：伪警备队中队长；罪行：驻董封据点，配合日军残害被俘抗日人员，制造多起惨案。；结局：被俘后审判处决,[],"2026-08-27 03:29:02.089249","2026-08-27 03:29:02.089249",,,,,
"46376450aac9438392aa7602f0e46fab",曹俊峰,,,,,exact,exact,稷山,[],"[""伪稷山警备大队长""]",抗日战争时期,"",伪职：伪稷山警备大队长；罪行：驻守稷山、翟店据点，多次袭扰稷麓抗日根据地。；结局：解放后镇压处决,[],"2026-08-27 03:29:02.089219","2026-08-27 03:29:02.089219",,,,,
"46407e21ad4d483fabca10f0e614cd4d",杨开山,,,,,exact,exact,潘集、沿淮一带,[],"[""伪绥靖六团副团长""]",抗日战争时期,"",伪职：伪绥靖六团副团长；罪行：杨立言侄子，伪军副团长，随同扫荡根据地，劫掠乡村百姓，奸淫掳掠无恶不作。；结局：与杨立言同一场战斗被击毙。,[],"2026-08-27 03:29:02.103774","2026-08-27 03:29:02.103774",,,,,
"4656afd9a43f48f9abca39158437ccb5",王廷基,,,,,exact,exact,铜陵城关、顺安,"[""王厚祥""]","[""伪自治会会长、反共团团长、伪县保安队情报主任""]",抗日战争时期,"",伪职：伪自治会会长、反共团团长、伪县保安队情报主任；罪行：铜陵早期投敌骨干，带领日伪军搜捕捕杀革命志士，唆使日军枪杀、打死多名群众，抢掠烧毁百姓家产，勒索财物，制造多起血案抖音百科。；结局：1944 年潜逃南京，1951 年被捕公审枪决抖音百科。,[],"2026-08-27 03:29:02.104312","2026-08-27 03:29:02.104312",,,,,
"466cd877c1994b55ab67c9a4663369c1",廉成灿,,,,,exact,exact,宁安、海林山林,[],"[""伪宁安森林警察大队大队长""]",抗日战争时期,"",伪职：伪宁安森林警察大队大队长；罪行：熟悉老爷岭地形，率领伪森林警察反复讨伐抗联五军，捣毁多处密营，抓捕接济抗联百姓。；结局：抗战胜利后被民主政府清算处决。,[],"2026-08-27 03:29:02.097166","2026-08-27 03:29:02.097166",,,,,
"46807a648cbf405583ee525304191aae",黄宗南,,,,,exact,exact,芜湖城内,[],"[""伪保安一中队中队长""]",抗日战争时期,"",伪职：伪保安一中队中队长；罪行：伪军主力，驻守伪县政府鼓楼，维护城区伪统治，下乡参与扫荡。；结局：战后被俘惩处。,[],"2026-08-27 03:29:02.103302","2026-08-27 03:29:02.103302",,,,,
"469347580a7045629eeeda85e9b4edaf",孙其昌,,,,,exact,exact,辽阳,[],"[""伪满民政部大臣、伪滨江省省长""]",抗日战争时期,"",伪职：伪满民政部大臣、伪滨江省省长；罪行：辽阳籍，伪满中央高官，执行日本殖民政策，经济掠夺。；结局：被俘关押抚顺战犯管理所，后病死。,[],"2026-08-27 03:29:02.093069","2026-08-27 03:29:02.093069",,,,,
"469da1eb5b7c4e9f9f1b57a5e31e8f03",夏恭,,,,,"","",山西大同,[],"[""县长""]",抗日战争时期,汪伪政权,伪任职务：伪晋北自治政府主席（雁北十三县），大同伪政权首脑，前清举人。结局：1941 年病亡，逃脱战后审判,[],"2026-08-26 17:52:47","2026-08-26 17:52:47",,,,,
"46d771b29f444ef5b1b26de706baef0e",白守义,,,,,exact,exact,太谷,[],"[""伪太谷警备大队长""]",抗日战争时期,"",伪职：伪太谷警备大队长；罪行：驻守太谷县城、范村据点，多次袭扰根据地边缘村庄。；结局：解放后公审枪决,[],"2026-08-27 03:29:02.088838","2026-08-27 03:29:02.088838",,,,,
"46f5547525444b3fab4dbae4b500a3ef",韩光太,,,,,exact,exact,密山西大林子（兴凯镇）,[],"[""地方汉奸密探""]",抗日战争时期,"",伪职：地方汉奸密探；罪行：向伪满军警告密，出卖地下党支部，多名党员牺牲，破坏密山地下党组织。；结局：解放后反奸清算被惩处。,[],"2026-08-27 03:29:02.096141","2026-08-27 03:29:02.096141",,,,,
"46f8e35480a04f34a91f795c1f171c11",郭满贵,,,,,exact,exact,固阳,[],"[""伪固阳讨伐大队长；下乡烧杀抢掠，搜捕游击小组。""]",抗日战争时期,"",伪职：伪固阳讨伐大队长；下乡烧杀抢掠，搜捕游击小组。；结局：固阳解放被俘处决,[],"2026-08-27 03:29:02.084985","2026-08-27 03:29:02.084985",,,,,
"4708179fc2734a8496e30334c7b2c14d",宋筱白,,,,,exact,exact,台安,[],"[""伪台安县县长""]",抗日战争时期,"",伪职：伪台安县县长；罪行：台安当时属伪锦州省；推行保甲、集团部落，强征壮丁，围剿地方抗日武装。；结局：战后逮捕判刑。,[],"2026-08-27 03:29:02.092556","2026-08-27 03:29:02.092556",,,,,
"473d39ad938d4cdeb92328211008a669",张二混子,,,,,exact,exact,昔阳,[],"[""宪兵队便衣头目""]",抗日战争时期,"",伪职：宪兵队便衣头目；罪行：刺探根据地情报，告密抓捕抗日军民。；结局：抗战时期被我方锄奸处决,[],"2026-08-27 03:29:02.088979","2026-08-27 03:29:02.088979",,,,,
"4756557daeff4814878bd258da1a9b4a",段泽如、宰广业,,,,,exact,exact,陵川,[],"[""日伪特务，附逆分子""]",抗日战争时期,"",伪职：日伪特务，附逆分子；罪行：参与情报出卖，配合敌伪破坏地方抗日组织。；结局：逮捕后依法惩处,[],"2026-08-27 03:29:02.088463","2026-08-27 03:29:02.088463",,,,,
"47566f2cf7e6471fbff4e8fbfd33e119",唐祖熙,,,,,exact,exact,昌平,[],"[""伪昌平县县长，殷汝耕委派接收官吏。""]",抗日战争时期,"",伪职：伪昌平县县长，殷汝耕委派接收官吏。；结局：抗战胜利逮捕判刑,[],"2026-08-27 03:29:02.092152","2026-08-27 03:29:02.092152",,,,,
"4758f5af10ed41939d837bb7e5cf8de1",冯小头,,,,,"","",浙江黄岩,[],"[""军长"", ""维持会""]",抗日战争时期,汪伪政权,伪任职务：黄岩伪维持会骨干，协助日军征粮抓夫。结局：战后公审执行死刑中国台州网,[],"2026-08-26 17:52:47","2026-08-26 17:52:47",,,,,
"47768841eb074eea992b14d72216eb56",左钦彝,,,,,"","",湖南湘阴,[],"[""司令"", ""县长""]",抗日战争时期,汪伪政权,伪任职务：伪湘阴县县长兼保安司令，掌握三千伪保安武装；后期暗中掩护抗日武装。结局：抗战胜利后获宽大处理，善终岳阳市情网,[],"2026-08-26 17:52:47","2026-08-26 17:52:47",,,,,
"477bf380bacf4200a3dd7e9843a8ae2f",范子和,,,,,exact,exact,"",[],"[""伪青龙特务头目；木头凳、龙王庙一带发展大批眼线，抓捕堡垒户、情报人员。""]",抗日战争时期,"",伪职：伪青龙特务头目；木头凳、龙王庙一带发展大批眼线，抓捕堡垒户、情报人员。；结局：1944 秋季锄奸行动被八路军击杀,[],"2026-08-27 03:29:02.099707","2026-08-27 03:29:02.099707",,,,,
"4795d8d057f343708c4f0075e6d7bf77",蔡金兰,,,,,exact,exact,福州城区,[],"[""日伪特务头目""]",抗日战争时期,"",伪职：日伪特务头目；罪行：便衣特务头子，带领爪牙搜捕地下抗日人员，滥捕平民，制造多起迫害案件。；结局：1946‑06‑05 公开枪决。,[],"2026-08-27 03:29:02.081007","2026-08-27 03:29:02.081007",,,,,
"47cf6f30ed794ebcaaf667ec287fe9e0",范俊文,,,,,"","",河南开封,[],"[""特务"", ""县长""]",抗日战争时期,汪伪政权,伪任职务：伪安义县特务队长，手段残暴，多次纵火屠村，残害大量群众。结局：抗战胜利后江西公审，执行死刑,[],"2026-08-26 17:52:47","2026-08-26 17:52:47",,,,,
"4812545a33e145a4aba8e51cfa114507",宫选三,,,,,exact,exact,铁力县城,[],"[""伪铁力维持会会长，地主""]",抗日战争时期,"",伪职：伪铁力维持会会长，地主；罪行：日伪时期依附日本；日本投降后组建维持会，收拢伪警察、地主武装，抗拒民主政权接收。；结局：1946 年反奸清算公审处决。,[],"2026-08-27 03:29:02.097652","2026-08-27 03:29:02.097652",,,,,
"4838f83356514c9784e020aaaadaa3b5",陈贯一,,,,,exact,exact,"",[],"[""伪新河县县长；搭建伪公署，推行治安强化运动。""]",抗日战争时期,"",伪职：伪新河县县长；搭建伪公署，推行治安强化运动。；结局：战后判处有期徒刑,[],"2026-08-27 03:29:02.082291","2026-08-27 03:29:02.082291",,,,,
"486b2071485d4d09a2cfe25cfbde1c49",陈春圃,,,,,"","",广东新会,[],"[""省级长官""]",抗日战争时期,汪伪政权,伪任职务：继任伪广东省省长、广州绥靖主任，汪伪公馆派核心。结局：抗战胜利被捕，判处无期徒刑，1966 年特赦释放,[],"2026-08-26 17:52:47","2026-08-26 17:52:47",,,,,
"487f81422ad94b44aeb4fc14e7fa9928",哈丰阿,,,,,exact,exact,阿鲁科尔沁,[],"[""伪旗警务科长；配合日本特务搜捕地下人员。""]",抗日战争时期,"",伪职：伪旗警务科长；配合日本特务搜捕地下人员。；结局：解放后镇反处决,[],"2026-08-27 03:29:02.085599","2026-08-27 03:29:02.085599",,,,,
"488d8dc737ef4b5a888678e267a5f0af",高仲祺,,,,,"","",广西桂平,[],"[""维持会"", ""县长""]",抗日战争时期,汪伪政权,伪任职务：伪桂平县维持会会长，下设多科室与伪警备队，桂平沦陷时期总傀儡头目。结局：抗战胜利逮捕判处死刑广西壮族自...,[],"2026-08-26 17:52:47","2026-08-26 17:52:47",,,,,
"48afa26259e74e45844a75b6e3bf241d",安钦呼图克图（安钦活佛）,,,,,"","",后藏扎什伦布寺,[],"[""特务""]",抗日战争时期,汪伪政权,伪任职务：九世班禅麾下重要活佛。抗战期间赴伪满洲国拜见溥仪，出任北平伪 “佛教同愿会” 会长；1939 年掩护日本特务野元甚藏进入西藏，试图为日本打通西藏工作渠道。后态度发生转变，脱离日伪。没有在西藏本地出任伪职，活动主要发生北平、东北西藏文化博...。。结局：国民政府对其警告，后期幡然悔悟，返回西藏，未按汉奸审判,[],"2026-08-26 17:52:47","2026-08-26 17:52:47",,,,,
"48bb618dd95a4d269138af727affc7e0",沈玉仁,,,,,exact,exact,涟水全境,[],"[""日伪密探（篾匠）""]",抗日战争时期,"",伪职：日伪密探（篾匠）；罪行：以走街串巷编织竹器为掩护搜集情报；告密新四军驻地，直接引发大胡庄惨案，致使大量指战员牺牲。；结局：解放后清算镇压。,[],"2026-08-27 03:29:02.099419","2026-08-27 03:29:02.099419",,,,,
"48bc1384617d4e05add36c5474ac2240",林熊祥,,,,,"","",台湾板桥（板桥林家）,[],"[""军长"", ""委员长""]",抗日战争时期,汪伪政权,伪任职务：皇民奉公会核心高层；日本投降当夜参与草山 “台湾自治委员会” 阴谋，企图借日军力量搞变相 “独立”，抗拒国民政府接收台湾。。结局：1946 年被捕，判处有期徒刑，后获减刑释放,[],"2026-08-26 17:52:47","2026-08-26 17:52:47",,,,,
"48c1030875164f018c590c01de7afabc",陈福安,,,,,"","",成都平民,[],[],抗日战争时期,汪伪政权,伪任职务：被日特收买，日机空袭成都时，夜间点燃火堆、挥舞反光白布，为轰炸机指示轰炸目标。。结局：抓获后以汉奸罪死刑,[],"2026-08-26 17:52:47","2026-08-26 17:52:47",,,,,
"48cf1c909f7c4f1f839ef15189336a5f",陶洁,,,,,exact,exact,南通三余镇,[],"[""伪三余大检问所主任""]",抗日战争时期,"",伪职：伪三余大检问所主任；罪行：清乡封锁线上检问所头目，敲诈过往百姓，抓捕、扣押抗日人员与物资，作恶多端南通史志网。；结局：被抗日武装捕获处死。,[],"2026-08-27 03:29:02.099100","2026-08-27 03:29:02.099100",,,,,
"48d3794a3fae458c8bfcd8ceff14eb5f",黄召贤,,,,,"","",启东,[],[],抗日战争时期,汪伪政权,伪任职务：伪启东自治会首任会长，启东沦陷初期傀儡。。结局：战后逮捕判处徒刑,[],"2026-08-26 17:52:47","2026-08-26 17:52:47",,,,,
"48f03e09b30d456ea6b9779626b2e1c4",赵锡禄,,,,,"","",云南龙陵,[],[],抗日战争时期,汪伪政权,伪任职务：伪龙陵教育科长，负责开办日语学校，推行奴化教育。结局：战后逮捕重刑关押，狱中死亡,[],"2026-08-26 17:52:47","2026-08-26 17:52:47",,,,,
"490626204693443bad1794ebbf57c259",王泽民,,,,,exact,exact,永年,[],"[""伪永年保安司令；与许铁英盘踞广府，抓捕迫害抗日家属；日降后改编国民党保安纵队。""]",抗日战争时期,"",伪职：伪永年保安司令；与许铁英盘踞广府，抓捕迫害抗日家属；日降后改编国民党保安纵队。；结局：城破逃窜，后抓获处决,[],"2026-08-27 03:29:02.081668","2026-08-27 03:29:02.081668",,,,,
"492c552590754fb1bedb11ceeac4482a",李印卿,,,,,exact,exact,沙河,[],"[""伪沙河警备大队长；驻守沙河城、褡裢、册井据点，多次扫荡沙河西部太行边沿村庄。""]",抗日战争时期,"",伪职：伪沙河警备大队长；驻守沙河城、褡裢、册井据点，多次扫荡沙河西部太行边沿村庄。；结局：沙河解放被俘，公审枪决,[],"2026-08-27 03:29:02.082071","2026-08-27 03:29:02.082071",,,,,
"4960d4d2570a4c1d8b2936ec5090eb9f",诸葛友三,,,,,exact,exact,兰溪城区及西乡,[],"[""伪兰溪县警察局侦缉队长""]",抗日战争时期,"",伪职：伪兰溪县警察局侦缉队长；罪行：特务头目，网罗流氓组建便衣队，搜捕金萧支队地下人员，施用酷刑迫害被捕群众。；结局：抗战胜利后公审伏法。,[],"2026-08-27 03:29:02.078725","2026-08-27 03:29:02.078725",,,,,
"49812b2a9f3b47c1808ba5b2994a72b4",丁默邨,,,,,"","",湖南常德,[],"[""部长"", ""特务""]",抗日战争时期,汪伪政权,伪任职务：汪伪 76 号特工总部主任，汪伪特务大头目，大肆捕杀爱国人士。结局：1947 年南京以汉奸罪枪决,[],"2026-08-26 17:52:47","2026-08-26 17:52:47",,,,,
"499609311b7a4e0a863f559f3e4cc3c7",许廷杰,,,,,"","",广东,[],"[""军长""]",抗日战争时期,伪军,伪任职务：伪广州绥靖公署参谋长，广东伪军高级将领。结局：抗战胜利被捕，判处徒刑,[],"2026-08-26 17:52:47","2026-08-26 17:52:47",,,,,
"49d2825c96e04a768c94b69c02e7249c",杨志玉,,,,,"","",山西陵川,[],"[""军长"", ""清乡"", ""县长""]",抗日战争时期,伪军,伪任职务：原国民党陵川县长，率县府投敌，伪陵川县知事，指挥伪军清乡。结局：陵川收复后审判镇压,[],"2026-08-26 17:52:47","2026-08-26 17:52:47",,,,,
"49de64d986af43deb8db1efb1fa223cf",王振东,,,,,exact,exact,吉林市,[],"[""伪吉林警察厅特务科头目""]",抗日战争时期,"",伪职：伪吉林警察厅特务科头目；罪行：领导华人密探网络，在吉林、磐石、桦甸到处抓捕抗日人员，刑讯逼供。；结局：吉林解放后公审枪决。,[],"2026-08-27 03:29:02.094467","2026-08-27 03:29:02.094467",,,,,
"49e5a2b403c543529d6e7d795bfbad64",张朴,,,,,exact,exact,应县,[],"[""伪应县警备大队长""]",抗日战争时期,"",伪职：伪应县警备大队长；罪行：伪蒙疆伪军主力，驻守应县；多次配合日军扫荡雁北，残害百姓；日本投降后投靠乔日成匪部抖音百科。；结局：解放后被俘处决,[],"2026-08-27 03:29:02.088707","2026-08-27 03:29:02.088707",,,,,
"49e9ea9cef514a21be1e70a9e62af531",周杰人,,,,,exact,exact,扶余,[],"[""伪扶余县公安局长（本地兵痞）""]",抗日战争时期,"",伪职：伪扶余县公安局长（本地兵痞）；罪行：投靠日军，执掌伪警察机构，抓捕抗日人士，压榨本地百姓。；结局：解放后镇压反革命时期被处理。,[],"2026-08-27 03:29:02.095383","2026-08-27 03:29:02.095383",,,,,
"4a18f89a5256432ca215e569cea898d7",李末屯、李双牛、李保全,,,,,exact,exact,晋城寺河,[],"[""红枪会汉奸头目""]",抗日战争时期,"",伪职：红枪会汉奸头目；罪行：依附东沟据点，组织会道门为日军服务，敲诈百姓，迫害抗日群众。；结局：抗日政府公审处决,[],"2026-08-27 03:29:02.088329","2026-08-27 03:29:02.088329",,,,,
"4a200b0c8ff847699e7557c096e8c27c",金子元,,,,,exact,exact,顺义,[],"[""伪顺义县长。""]",抗日战争时期,"",伪职：伪顺义县长。；结局：战后判刑,[],"2026-08-27 03:29:02.092144","2026-08-27 03:29:02.092144",,,,,
"4a2b82f4331f4453a1f29992746f057d",高鑑,,,,,exact,exact,平湖县城,[],"[""平湖治安维持会会长、伪平湖县知事""]",抗日战争时期,"",伪职：平湖治安维持会会长、伪平湖县知事；罪行：平湖沦陷头号汉奸，组建伪维持会，建立伪县公署，发放良民证，强征粮饷，配合日军清乡扫荡城乡。；结局：抗战胜利后汉奸审判判处死刑。,[],"2026-08-27 03:29:02.101128","2026-08-27 03:29:02.101128",,,,,
"4a2bca3ebdda432999a9e975d747aeb2",张其昌,,,,,exact,exact,临汾,[],"[""伪临汾县知事（一等县）""]",抗日战争时期,"",伪职：伪临汾县知事（一等县）；罪行：组建临汾伪县公署、伪警察、新民会；修筑据点，摊派苛捐杂税，搜捕地下抗日人员，城郊推行治安强化运动。；结局：光复后逮捕审判,[],"2026-08-27 03:29:02.090084","2026-08-27 03:29:02.090084",,,,,
"4a3e0cf8735241b19ece867c8e1c7d6e",曲秉善,,,,,exact,exact,辽宁沈阳,[],"[""伪四平省末代省长（1943‑1945.8）""]",抗日战争时期,"",伪职：伪四平省末代省长（1943‑1945.8）；罪行：疯狂推行粮食 “出荷”，四平省出荷粮占东北很大比重，动用武力搜刮农民粮食；强征劳工，配合治安肃正镇压抗日力量四平市档案...。；结局：苏军逮捕，抚顺战犯管理所关押，后期特赦。,[],"2026-08-27 03:29:02.094787","2026-08-27 03:29:02.094787",,,,,
"4a4068fed70e4c7292cb70849b097635",林忠,,,,,exact,exact,福州城内,[],"[""伪市政委员会委员""]",抗日战争时期,"",伪职：伪市政委员会委员；罪行：伪政权核心成员，参与伪行政、伪警机构组建，协助日军管控城区，搜集民间情报，迫害爱国人士。；结局：肃奸公审枪决。,[],"2026-08-27 03:29:02.080909","2026-08-27 03:29:02.080909",,,,,
"4a4908e5a2f346d69b956d2b9a669be5",臧式毅,,,,,exact,exact,辽宁沈阳,[],"[""伪奉天省首任省长；伪满民政部总长、参议府议长""]",抗日战争时期,"",伪职：伪奉天省首任省长；伪满民政部总长、参议府议长；罪行：原辽宁省政府主席，被日军软禁三月后投降；母亲自尽劝其拒敌仍不改；在奉天推行保甲连坐、集团部落，镇压东北抗日义勇军；代表伪满和汪伪签订《日满华三国共同宣言》抖音百科。；结局：苏军逮捕，引渡抚顺战犯管理所，1956 年死于狱中。,[],"2026-08-27 03:29:02.090602","2026-08-27 03:29:02.090602",,,,,
"4a5e062302b8410b993436c4f78a8b21",康三元,,,,,exact,exact,临河,[],"[""同唐兆铭，密谋投敌，拉拢地方势力准备迎接日军。""]",抗日战争时期,"",伪职：同唐兆铭，密谋投敌，拉拢地方势力准备迎接日军。；结局：1938 被门炳岳部抓捕镇压巴彦淖尔市...,[],"2026-08-27 03:29:02.086627","2026-08-27 03:29:02.086627",,,,,
"4a7031d6237d4b4086c379d23e0d9ff9",杨毓珣,,,,,"","",安徽泗县,[],"[""省级长官""]",抗日战争时期,汪伪政权,伪任职务：伪山东省省长（1945 年，抗战末期）。结局：抗战胜利后逮捕，狱中死亡,[],"2026-08-26 17:52:47","2026-08-26 17:52:47",,,,,
"4a7a8ba9501b4d99bc04deac6453f942",毛有才,,,,,exact,exact,郎溪汤桥、双庙,[],"[""便衣汉奸队长""]",抗日战争时期,"",伪职：便衣汉奸队长；罪行：带队下乡武装抢粮，逼迫乡民缴纳伪捐，骚扰游击区村庄。；结局：作战被击溃，战后肃奸逮捕重判。,[],"2026-08-27 03:29:02.106070","2026-08-27 03:29:02.106070",,,,,
"4a8f392521c44897a5168fae8a4cf70f",李文荣,,,,,exact,exact,"",[],"[""末代伪河东道道尹""]",抗日战争时期,"",伪职：末代伪河东道道尹；罪行：维持伪政权末期统治。；结局：光复后逮捕判刑,[],"2026-08-27 03:29:02.089138","2026-08-27 03:29:02.089138",,,,,
"4ad14d19ca3a4e92ae3404922d328810",冯仙洲,,,,,exact,exact,海城,[],"[""凌印清伪部参谋""]",抗日战争时期,"",伪职：凌印清伪部参谋；罪行：为凌印清出谋划策，替日军做策反工作。；结局：同案公审枪决中国·鞍山。,[],"2026-08-27 03:29:02.091249","2026-08-27 03:29:02.091249",,,,,
"4ad4b02cd8524b1aa32d0d59cbc49689",刘昆峰,,,,,exact,exact,成安,[],"[""伪成安县县长；成安惨案之后接管伪政权，协助日军维持占领秩序，搜刮物资。""]",抗日战争时期,"",伪职：伪成安县县长；成安惨案之后接管伪政权，协助日军维持占领秩序，搜刮物资。；结局：抗战胜利后逮捕判刑,[],"2026-08-27 03:29:02.078502","2026-08-27 03:29:02.078502",,,,,
"4ae48e0f2daf4f93880f4199ad415e60",孔繁义,,,,,exact,exact,邢台王会村,[],"[""伪邢台警备第三大队大队长，原旧保安队小队长，铁杆汉奸。""]",抗日战争时期,"",伪职：伪邢台警备第三大队大队长，原旧保安队小队长，铁杆汉奸。；结局：解放后镇反公审处决,[],"2026-08-27 03:29:02.082047","2026-08-27 03:29:02.082047",,,,,
"4b132f00096843518d7b09639db77961",侯世安,,,,,exact,exact,孝义,[],"[""伪孝义警备大队长""]",抗日战争时期,"",伪职：伪孝义警备大队长；罪行：驻守孝义、兑九峪据点，袭扰晋绥根据地。；结局：解放后公审枪决,[],"2026-08-27 03:29:02.090476","2026-08-27 03:29:02.090476",,,,,
"4b461c2af8774dc3918d1518bab60d85",刘德山,,,,,exact,exact,梧桐河、鹤立北部山区,"[""刘炮""]","[""伪梧桐河警备队小队长、日伪特务""]",抗日战争时期,"",伪职：伪梧桐河警备队小队长、日伪特务；罪行：受日伪重金收买，伪装成皮货商混入赵尚志小分队，背后开枪重伤赵尚志将军，直接造成赵尚志被俘牺牲。；结局：被负伤的赵尚志当场击毙。,[],"2026-08-27 03:29:02.096399","2026-08-27 03:29:02.096399",,,,,
"4b6c8263454e4c33a774cc125a037987",孙棣三,,,,,"","",浙江,[],"[""省级长官"", ""厅长""]",抗日战争时期,汪伪政权,伪任职务：伪浙江省民政厅长，汪瑞闿时期伪省府核心官僚。结局：抗战胜利逮捕，判刑后病亡狱中,[],"2026-08-26 17:52:47","2026-08-26 17:52:47",,,,,
"4b7271b112014726bf39e48ee194d6b1",金福荣,,,,,exact,exact,嵊县甘霖据点,[],"[""嵊县甘霖维持会会长""]",抗日战争时期,"",伪职：嵊县甘霖维持会会长；罪行：沦陷初期维持会头目，为日军征粮派夫，配合据点日军管控甘霖周边乡镇。；结局：抗战胜利后清算判刑。,[],"2026-08-27 03:29:02.101564","2026-08-27 03:29:02.101564",,,,,
"4b815f4a0fe94e7dad3a298f9d368696",刘昆峰,,,,,exact,exact,成安,[],"[""伪成安县县长；成安惨案之后接管伪政权，协助日军维持占领，搜刮物资。""]",抗日战争时期,"",伪职：伪成安县县长；成安惨案之后接管伪政权，协助日军维持占领，搜刮物资。；结局：抗战胜利逮捕判刑,[],"2026-08-27 03:29:02.081722","2026-08-27 03:29:02.081722",,,,,
"4baa74a04b4b45edbb3ad9cabbe16944",燕漫云,,,,,exact,exact,厚和,[],"[""伪巴彦塔拉盟师范学生，叛变投敌；出卖救国会成员，供出地下联络点。""]",抗日战争时期,"",伪职：伪巴彦塔拉盟师范学生，叛变投敌；出卖救国会成员，供出地下联络点。；结局：解放后镇反处决,[],"2026-08-27 03:29:02.084847","2026-08-27 03:29:02.084847",,,,,
"4bb0baf53ef8455a8fd03ac00a489b5b",黄宝忠,,,,,exact,exact,遵化,[],"[""伪遵化县县长，新民会会长；推行治安强化运动，制造遵化多处无人区，强修炮楼封锁沟。""]",抗日战争时期,"",伪职：伪遵化县县长，新民会会长；推行治安强化运动，制造遵化多处无人区，强修炮楼封锁沟。；结局：抗战胜利判处无期徒刑,[],"2026-08-27 03:29:02.091894","2026-08-27 03:29:02.091894",,,,,
"4be4a8b0a4cb4e0c826e4c19735aa0e5",石老会,,,,,exact,exact,完县,[],"[""伪完县警备大队长；驻守县城与腰山据点，进山扫荡。""]",抗日战争时期,"",伪职：伪完县警备大队长；驻守县城与腰山据点，进山扫荡。；结局：1944 年被地方武装击毙,[],"2026-08-27 03:29:02.082514","2026-08-27 03:29:02.082514",,,,,
"4bfbf1f951c5447db01d415ba30a9514",李炳臣,,,,,exact,exact,凤台全县,[],"[""汪伪凤台县伪县长""]",抗日战争时期,"",伪职：汪伪凤台县伪县长；罪行：汪伪正式委任伪县长，推行保甲良民证，强征粮食、抓壮丁，配合日伪军扫荡淮上抗日根据地，迫害抗日干部群众。；结局：抗战胜利后肃奸公审判处死刑。,[],"2026-08-27 03:29:02.103723","2026-08-27 03:29:02.103723",,,,,
"4c114ff36c534d199b56a5fbe3239af9",汪濂,,,,,"","",不详,[],"[""县长""]",抗日战争时期,汪伪政权,伪任职务：伪杭县首任知事，杭州近郊伪政权头目。结局：1939 年被爱国诛奸团刺杀身亡,[],"2026-08-26 17:52:47","2026-08-26 17:52:47",,,,,
"4cc2673a19a3489c8df985a82c43beed",池宗墨,,,,,exact,exact,浙江平阳,[],"[""伪冀东防共自治政府秘书长、行政长官（通州事变后），驻唐山，对日屈膝认罪赔款，修建日军慰灵塔，主导冀东伪政务。""]",抗日战争时期,"",伪职：伪冀东防共自治政府秘书长、行政长官（通州事变后），驻唐山，对日屈膝认罪赔款，修建日军慰灵塔，主导冀东伪政务。；结局：抗战胜利南京判处死刑执行,[],"2026-08-27 03:29:02.086730","2026-08-27 03:29:02.086730",,,,,
"4cf528e37a53416ab13c42a37f5afb52",徐绍卿,,,,,exact,exact,辽宁沈阳,[],"[""伪新京特别市市长、伪锦州省省长""]",抗日战争时期,"",伪职：伪新京特别市市长、伪锦州省省长；罪行：先后主政新京、锦州，推行保甲、集团部落，强征粮饷，镇压义勇军。；结局：苏军逮捕，关押抚顺战犯管理所，狱中病死吉林省地方...。,[],"2026-08-27 03:29:02.093952","2026-08-27 03:29:02.093952",,,,,
"4d3c091b3416499caefa509957b143df",阎受宸,,,,,exact,exact,"",[],"[""伪长垣县县长；搭建伪政权，盘查黄河渡口，抓捕抗日交通人员。""]",抗日战争时期,"",伪职：伪长垣县县长；搭建伪政权，盘查黄河渡口，抓捕抗日交通人员。；结局：战后汉奸罪判处徒刑,[],"2026-08-27 03:29:02.081881","2026-08-27 03:29:02.081881",,,,,
"4d4916314af44dfb8c53b39ede3087af",张冠英,,,,,exact,exact,建昌（凌南）,[],"[""伪凌南县（建昌前身）县长""]",抗日战争时期,"",伪职：伪凌南县（建昌前身）县长；罪行：建昌药王庙惨案发生时伪县长；配合日军扫荡，抓捕、杀害大量抗日志士与群众。；结局：光复后汉奸罪判刑。,[],"2026-08-27 03:29:02.093606","2026-08-27 03:29:02.093606",,,,,
"4d507a50ffbf4d6f9424d4960e421844",萧瑞臣,,,,,"","",河北,[],"[""省级长官""]",抗日战争时期,汪伪政权,伪任职务：伪河南省首任省长（伪河南省自治政府），伪政权初创。结局：抗战胜利后被捕，病死狱中,[],"2026-08-26 17:52:47","2026-08-26 17:52:47",,,,,
"4d73b7db47b34801936285997217b2a8",景鹤龄,,,,,exact,exact,鸡西城子河晓城煤矿,[],"[""煤矿劳务系内勤，日伪特务""]",抗日战争时期,"",伪职：煤矿劳务系内勤，日伪特务；罪行：被李文新发展为特务，监视煤矿工人，排查抗日分子，向日军密告工人动向城子河区人...。；结局：解放后管制改造。,[],"2026-08-27 03:29:02.096167","2026-08-27 03:29:02.096167",,,,,
"4da8281f28c447c7a959683b2da03962",黄二混子,,,,,exact,exact,涡阳义门、石弓边境,[],"[""涡阳边境便衣密探""]",抗日战争时期,"",伪职：涡阳边境便衣密探；罪行：受张岚峰伪军派遣，往返据点与乡间，刺探雪涡根据地情报，散布谣言，勒索乡民。；结局：雪涡县武工队锄奸击毙。,[],"2026-08-27 03:29:02.105754","2026-08-27 03:29:02.105754",,,,,
"4daa743423174d0192bd7a32ea8e7115",赵一,,,,,exact,exact,广宗,[],"[""原广宗县委书记，叛变投敌任伪广宗县县长；出卖党组织名单，大肆搜捕昔日同志。""]",抗日战争时期,"",伪职：原广宗县委书记，叛变投敌任伪广宗县县长；出卖党组织名单，大肆搜捕昔日同志。；结局：广宗解放被俘，公审死刑威县发布,[],"2026-08-27 03:29:02.082221","2026-08-27 03:29:02.082221",,,,,
"4db86a76147946be9e55643c12ebb47e",王长明,,,,,exact,exact,大通煤矿,[],"[""日伪矿区总监""]",抗日战争时期,"",伪职：日伪矿区总监；罪行：汉奸总管，替日军压榨矿工，逼迫矿工挖掘万人坑掩埋死难矿工，协助日军掠夺煤炭资源。；结局：抗战胜利后肃奸审判伏法。,[],"2026-08-27 03:29:02.103833","2026-08-27 03:29:02.103833",,,,,
"4e6c88da58f74d1fa854d44fa1fc6e52",于景超,,,,,exact,exact,林口全境,[],"[""伪林口县县长""]",抗日战争时期,"",伪职：伪林口县县长；罪行：主持林口伪县公署，推行集团部落、粮食出荷；协助日伪山林讨伐队围剿二路军；光复后组建维持会抗拒民主政权接收。；结局：1946 年反奸清算公审枪决。,[],"2026-08-27 03:29:02.097191","2026-08-27 03:29:02.097191",,,,,
"4e874ad201134345a294adb68bc92982",苗雨田,,,,,exact,exact,乐亭,[],"[""伪乐亭县长，组建伪县公署，推行保甲，搜捕冀东地下党组织。""]",抗日战争时期,"",伪职：伪乐亭县长，组建伪县公署，推行保甲，搜捕冀东地下党组织。；结局：抗战胜利逮捕判刑,[],"2026-08-27 03:29:02.091926","2026-08-27 03:29:02.091926",,,,,
"4e9338ef0342465b9a99334caa030bd5",郭估来,,,,,exact,exact,福州城区,[],"[""伪便衣特务""]",抗日战争时期,"",伪职：伪便衣特务；罪行：抓捕、刑讯嫌疑爱国分子，为日军充当耳目。；结局：1946‑06‑05 枪决。,[],"2026-08-27 03:29:02.081023","2026-08-27 03:29:02.081023",,,,,
"4ea4b31d0243444c98200f0bbb22bcb3",段纪福、段纪禄,,,,,exact,exact,井陉山区,[],"[""皇协军少校，兄弟匪首，盘踞井陉西部山区，烧杀抢掠村庄。""]",抗日战争时期,"",伪职：皇协军少校，兄弟匪首，盘踞井陉西部山区，烧杀抢掠村庄。；结局：1944 年被太行军区部队歼灭，二人被俘处决,[],"2026-08-27 03:29:02.089510","2026-08-27 03:29:02.089510",,,,,
"4eafe5f91769483f82957e30305c83e4",李品和,,,,,exact,exact,合肥,[],"[""汪伪合肥县后期县长""]",抗日战争时期,"",伪职：汪伪合肥县后期县长；罪行：抗战末期伪合肥主官，直到日军投降；统筹城乡伪行政，管控水陆交通，盘查过往行人，抓捕爱国群众。；结局：1945 年肃奸被捕判刑。,[],"2026-08-27 03:29:02.102802","2026-08-27 03:29:02.102802",,,,,
"4eb6221e3d28439889f1b70c22599fe9",郭木林,,,,,exact,exact,黎城,[],"[""汉奸向导""]",抗日战争时期,"",伪职：汉奸向导；罪行：黄崖洞保卫战给日军带路，残害彭清理一家八口，指认根据地道路。；结局：1951 镇反枪决。,[],"2026-08-27 03:29:02.087938","2026-08-27 03:29:02.087938",,,,,
"4ecc0134de514cf986c2eca1308449bd",凌印清,,,,,exact,exact,辽宁海城,[],"[""伪 “东北民众自卫军” 总司令，司令部驻盘山沙岭镇""]",抗日战争时期,"",伪职：伪 “东北民众自卫军” 总司令，司令部驻盘山沙岭镇；罪行：九一八被日军重金收买，在沙岭设立伪军总司令部；招降土匪地痞，策反义勇军，企图进攻锦州，充当日军侵辽西先锋，劫掠辽西村镇抖音百科。；结局：1931‑11‑03 被张海天、项青山义勇军生擒，沙岭公审枪决党史学习教...。,[],"2026-08-27 03:29:02.093135","2026-08-27 03:29:02.093135",,,,,
"4ed9089726284ef48d0e946b60f05f8f",赵兴武,,,,,exact,exact,"",[],"[""伪香河县正式县长；接管伪政权，推行新民会奴化教育，强征粮秣。""]",抗日战争时期,"",伪职：伪香河县正式县长；接管伪政权，推行新民会奴化教育，强征粮秣。；结局：战后逮捕，判处长期徒刑,[],"2026-08-27 03:29:02.084013","2026-08-27 03:29:02.084013",,,,,
"4efb5d43efe94755b782636205083a88",赵辅廷,,,,,exact,exact,东流县城（今东至东流镇）,[],"[""东流维持会会长""]",抗日战争时期,"",伪职：东流维持会会长；罪行：东流沦陷首要投敌分子，组织维持会，为日军征集船只粮食，管控长江江防，迫害沿江百姓。；结局：抗战胜利后公审处决。,[],"2026-08-27 03:29:02.105904","2026-08-27 03:29:02.105904",,,,,
"4f3d1b35251c46069c7936f36ee3663b",周老黑,,,,,exact,exact,颍上沙河沿岸,[],"[""日伪密探，怀远籍潜入人员""]",抗日战争时期,"",伪职：日伪密探，怀远籍潜入人员；罪行：经常往返凤台沦陷区‑颍上，伪装船工，侦查沙河航运、守军布防，散布日军谣言，拉拢沿江乡民资敌走私。；结局：颍上保安大队抓获，判处死刑。,[],"2026-08-27 03:29:02.105105","2026-08-27 03:29:02.105105",,,,,
"4f44e2a625364398bb8d124d0a68bd96",蔡圣孟,,,,,"","",辽宁,[],"[""厅长"", ""特务""]",抗日战争时期,汪伪政权,伪任职务：伪哈尔滨警察厅特务科头目，屠杀革命者，战后隐姓埋名。结局：1951 年抓捕押回哈尔滨，公审枪决,[],"2026-08-26 17:52:47","2026-08-26 17:52:47",,,,,
"4f575b0ddc1646c2b903e8d64a60c0dc",李锡三,,,,,exact,exact,板浦、灌云全县,[],"[""伪灌云县警察局长""]",抗日战争时期,"",伪职：伪灌云县警察局长；罪行：执掌伪警察，搜捕地下抗日人员，刑讯爱国群众，配合伪军下乡清剿。；结局：战后被捕法办。,[],"2026-08-27 03:29:02.099304","2026-08-27 03:29:02.099304",,,,,
"4f6bcedaab514cf285dbd738d7974c92",任水生,,,,,exact,exact,郎溪钟桥,[],"[""内奸惯匪""]",抗日战争时期,"",伪职：内奸惯匪；罪行：勾结伪军，密谋里应外合偷袭游击武装，企图暗杀乡干部，出卖游击区情报。；结局：游击连抓获就地枪毙。,[],"2026-08-27 03:29:02.106466","2026-08-27 03:29:02.106466",,,,,
"4f6e6a9df5be46d1bb468f75f266c3a0",徐老六,,,,,exact,exact,宁国河沥溪,[],"[""宁国潜入密探""]",抗日战争时期,"",伪职：宁国潜入密探；罪行：芜湖特工站派遣，伪装商贩潜入国统区，搜集第三战区驻军情报，发展内线。；结局：宁国军警破获，军法处死。,[],"2026-08-27 03:29:02.106529","2026-08-27 03:29:02.106529",,,,,
"4f70c06eb7644cb189b3549ca9b369df",林谦宣,,,,,exact,exact,福州城内,[],"[""伪市政委员会委员""]",抗日战争时期,"",伪职：伪市政委员会委员；罪行：追随林赤民，负责社会事务，胁迫士绅附逆，为日军征调民夫、物资。；结局：捕获后判处死刑。,[],"2026-08-27 03:29:02.080919","2026-08-27 03:29:02.080919",,,,,
"4f85214d6f86406184bc309941add0ef",吴阿七,,,,,exact,exact,乌丘岛,[],"[""伪乌丘岛伪小队长""]",抗日战争时期,"",伪职：伪乌丘岛伪小队长；罪行：伪军基层头目，带队登湄洲、南日岛抢掠，抓捕不肯纳贡的渔民，残害百姓。；结局：抗战胜利被俘，判处重刑。,[],"2026-08-27 03:29:02.079994","2026-08-27 03:29:02.079994",,,,,
"4f8942bdc70145e595eb89d0b23af0d6",孟庆文,,,,,exact,exact,长岭新安镇,[],"[""伪长岭新安镇警察署署长""]",抗日战争时期,"",伪职：伪长岭新安镇警察署署长；罪行：日伪时期残害百姓；光复后组建维持会与 “大排队” 武装，修筑炮台，武力抗拒民主政府接收。；结局：武装失败后被清算。,[],"2026-08-27 03:29:02.095425","2026-08-27 03:29:02.095425",,,,,
"4fb3af4270ff4503b9e861192a29674f",鲍宇门,,,,,exact,exact,芜湖,[],"[""伪县府教育科长""]",抗日战争时期,"",伪职：伪县府教育科长；罪行：推行奴化教育，强令中小学日语教学，查禁爱国书刊教材中国人民政...。；结局：肃奸判刑。,[],"2026-08-27 03:29:02.103280","2026-08-27 03:29:02.103280",,,,,
"4fbe3e374c0d4edab4491225a2463ced",吕庆和,,,,,exact,exact,岚棒山、大六站山林,[],"[""伪勃利县山林警察小队长""]",抗日战争时期,"",伪职：伪勃利县山林警察小队长；罪行：熟悉完达山北部山林，多次进山讨伐二路军，抓捕接济抗联的猎户、伐木工人，破坏密营。；结局：抗战胜利后被清算镇压。,[],"2026-08-27 03:29:02.097337","2026-08-27 03:29:02.097337",,,,,
"4fbe91a17adc406bb62e3aa48c8bfc11",于守业,,,,,exact,exact,大连西岗,[],"[""伪西岗街长""]",抗日战争时期,"",伪职：伪西岗街长；罪行：接受关东州任命；强征劳工、摊派战时物资，检举私吃细粮、拒绝出工居民，配合抓捕爱国工人。；结局：1946 群众控诉，判刑劳改。,[],"2026-08-27 03:29:02.090824","2026-08-27 03:29:02.090824",,,,,
"4fd6aeb6d5e44a589cf3e71f7985c4cb",苏景明,,,,,exact,exact,陵川,[],"[""伪陵川警备大队长""]",抗日战争时期,"",伪职：伪陵川警备大队长；罪行：盘踞陵川县城，下乡清剿，抓捕抗日干部。；结局：解放后公审枪决,[],"2026-08-27 03:29:02.088478","2026-08-27 03:29:02.088478",,,,,
"4fde33a64d214016b9eb555fada987cd",田杰,,,,,exact,exact,崞县,[],"[""首任伪崞县县长兼维持会长""]",抗日战争时期,"",伪职：首任伪崞县县长兼维持会长；罪行：日军占领崞阳，组建维持会，搭建伪政权体系。；结局：调走，战后逮捕判刑,[],"2026-08-27 03:29:02.089826","2026-08-27 03:29:02.089826",,,,,
"4fe971791f17458da5fa74f586d07e7f",叶雪松,,,,,exact,exact,蚌埠,[],"[""伪蚌埠县长兼第一区专员""]",抗日战争时期,"",伪职：伪蚌埠县长兼第一区专员；罪行：林柏生心腹，主理蚌埠地方伪行政，任用亲信、贪腐敛财，强化城乡保甲管控。；结局：抗战胜利后逮捕法办。,[],"2026-08-27 03:29:02.103546","2026-08-27 03:29:02.103546",,,,,
"4fef12c4f8854b08b02ab554b9e6a026",赵晋之,,,,,exact,exact,榆次,[],"[""伪榆次县县长""]",抗日战争时期,"",伪职：伪榆次县县长；罪行：建立榆次伪县公署、伪警察、新民会；推行保甲，管控正太铁路，征粮抓丁，配合治安强化运动。；结局：光复后逮捕，汉奸罪判刑,[],"2026-08-27 03:29:02.088799","2026-08-27 03:29:02.088799",,,,,
"4ffecbf7614b45528c03b877b655ca22",陈秉义,,,,,exact,exact,绥远,[],"[""伪绥西自治联军第一师师长；原国民党军官，1940 投日，率部进入河套，驻守五原外围，祸害河套百姓。""]",抗日战争时期,"",伪职：伪绥西自治联军第一师师长；原国民党军官，1940 投日，率部进入河套，驻守五原外围，祸害河套百姓。；结局：解放后逮捕处决,[],"2026-08-27 03:29:02.086572","2026-08-27 03:29:02.086572",,,,,
"4fffa05aa79c4fb8b8ce1e8dd993b11a",刘老三,,,,,"","",江宁秣陵关,[],[],抗日战争时期,汪伪政权,伪任职务：伪警察局侦缉队长，在秣陵关盘查行人，抓捕地下交通员，严刑逼供。。结局：抗战胜利公审枪决,[],"2026-08-26 17:52:47","2026-08-26 17:52:47",,,,,
"5026fdbe6dcc4ea9b73c64d97ccd531e",徐秉钧,,,,,"","",无锡,[],"[""特务""]",抗日战争时期,汪伪政权,伪任职务：伪无锡警察局局长，掌控伪警察武装，配合特务搜捕地下抗日人员。。结局：抗战胜利后判处死刑枪决,[],"2026-08-26 17:52:47","2026-08-26 17:52:47",,,,,
"502d4af862674a4995b2c1c23257255a",刘乙久,,,,,"","",不详,[],"[""军长"", ""维持会"", ""县长""]",抗日战争时期,汪伪政权,伪任职务：儋县治安维持会秘书，儋州伪政权核心，协助日军掠夺盐矿物资。结局：抗战胜利后审判处死,[],"2026-08-26 17:52:47","2026-08-26 17:52:47",,,,,
"503678042588403a92eb506268d34313",于琛澂,,,,,exact,exact,黑龙江,[],"[""伪吉林省剿匪司令、伪满上将""]",抗日战争时期,"",伪职：伪吉林省剿匪司令、伪满上将；罪行：吉林伪军头号头目；多次大规模进攻吉林义勇军，对磐石、桦甸抗联根据地反复扫荡，烧杀村镇。；结局：1943 年病死。,[],"2026-08-27 03:29:02.094351","2026-08-27 03:29:02.094351",,,,,
"504c3efcb1d440c2b2f7b8ecedec69e0",邵宝棠,,,,,exact,exact,义乌佛堂,"[""邵宝荣""]","[""佛堂华中矿业公司伪职员、特务""]",抗日战争时期,"",伪职：佛堂华中矿业公司伪职员、特务；罪行：日军矿业公司汉奸，掌管物资与情报，搜捕抗日人员，协助掠夺矿产资源。；结局：被南联俘虏，押解公审后执行枪决环球网。,[],"2026-08-27 03:29:02.078689","2026-08-27 03:29:02.078689",,,,,
"504ceffded8842a9a8cc9b7f0fcdea95",贺秉温,,,,,exact,exact,归绥,[],"[""第一任伪厚和市市长；日军入城牵头组织归绥维持会，迎接日军；后任伪蒙疆土药（鸦片）公司董事长，大规模收购鸦片，毒化沦陷区，搜刮巨额资财供给日军。""]",抗日战争时期,"",伪职：第一任伪厚和市市长；日军入城牵头组织归绥维持会，迎接日军；后任伪蒙疆土药（鸦片）公司董事长，大规模收购鸦片，毒化沦陷区，搜刮巨额资财供给日军。；结局：1945 北平被捕，1948 绥远高等法院判处无期徒刑，狱中病死,[],"2026-08-27 03:29:02.084769","2026-08-27 03:29:02.084769",,,,,
"50769c4bd8c7493c95b6c38b42c8062d",凌以忠,,,,,exact,exact,河北,[],"[""伪丰润县县长，兼警备大队长、新民会会长；参与策划潘家峪惨案，部署全县扫荡，强征粮款民夫资敌。""]",抗日战争时期,"",伪职：伪丰润县县长，兼警备大队长、新民会会长；参与策划潘家峪惨案，部署全县扫荡，强征粮款民夫资敌。；结局：抗战胜利公审判处死刑,[],"2026-08-27 03:29:02.091752","2026-08-27 03:29:02.091752",,,,,
"50be8dc8ac4348a7a75ff76c6d041e32",白凤翔,,,,,exact,exact,辽宁,[],"[""原东北军师长，投敌伪包头北部骑兵总指挥；统帅多支伪骑兵，封锁大青山西线通道，多次进山围剿大青山游击队，残害群众。""]",抗日战争时期,"",伪职：原东北军师长，投敌伪包头北部骑兵总指挥；统帅多支伪骑兵，封锁大青山西线通道，多次进山围剿大青山游击队，残害群众。；结局：1941 被日军设计毒杀,[],"2026-08-27 03:29:02.085125","2026-08-27 03:29:02.085125",,,,,
"50e72b48092b473bbb39d60c3a634159",安恩达,,,,,exact,exact,武川,[],"[""伪武川警备联队长；伪军主力，频繁进山围剿八路军大青山支队。""]",抗日战争时期,"",伪职：伪武川警备联队长；伪军主力，频繁进山围剿八路军大青山支队。；结局：武川解放被俘公审枪决,[],"2026-08-27 03:29:02.084970","2026-08-27 03:29:02.084970",,,,,
"50ef357f6bca4436b3177181e5f39f5b",杜三秃子,,,,,exact,exact,锦西缸窑岭,[],"[""伪缸窑岭警察署特务系头目（铁杆汉奸）""]",抗日战争时期,"",伪职：伪缸窑岭警察署特务系头目（铁杆汉奸）；罪行：带领伪警察到处搜捕抗日人员，充当日军向导下乡扫荡，告密抓捕群众，制造多起冤狱，血债较多。；结局：抗战后期被抗日武装锄奸击毙。,[],"2026-08-27 03:29:02.093729","2026-08-27 03:29:02.093729",,,,,
"50ef8dc15fb94400a418064deedba083",张雄南,,,,,exact,exact,德化、仙游、永泰山区，谋划下海投敌党史学习教...,[],"[""受日军委任伪福建和平救国军总司令（德化匪首）""]",抗日战争时期,"",伪职：受日军委任伪福建和平救国军总司令（德化匪首）；罪行：德化大股匪首，与日本谍报人员铃木三郎勾结，接受伪番号，刺探闽中军情、伪造货币，引诱地方人员附逆；企图率部下海投靠厦门日军，后被国军围剿党史学习教...。；结局：1939 年被福建省保安部队围剿，兵败身死。,[],"2026-08-27 03:29:02.079581","2026-08-27 03:29:02.079581",,,,,
"50f718a173c8406c8391e58f21ccd11b",耿少文,,,,,exact,exact,"",[],"[""伪柏乡县县长；组建伪公署，摊派粮款，推行保甲制度。""]",抗日战争时期,"",伪职：伪柏乡县县长；组建伪公署，摊派粮款，推行保甲制度。；结局：战后判处有期徒刑,[],"2026-08-27 03:29:02.082118","2026-08-27 03:29:02.082118",,,,,
"510234267da94b8c884bde72de624072",郭世魁,,,,,exact,exact,辽宁沈阳,[],"[""伪奉天警察厅厅长""]",抗日战争时期,"",伪职：伪奉天警察厅厅长；罪行：掌管奉天伪警察、特务系统，大肆搜捕地下反日人员，严刑迫害爱国志士。；结局：抗战胜利后公审处决。,[],"2026-08-27 03:29:02.090676","2026-08-27 03:29:02.090676",,,,,
"511e335948c74c1bbe58256134ce408f",窦光殿,,,,,exact,exact,濉溪百善、南坪、孙疃一带中共淮北市...,[],"[""汪伪暂编第十五师师长""]",抗日战争时期,"",伪职：汪伪暂编第十五师师长；罪行：皖北实力最强本地伪军头目，兵力五千余；盘踞宿西南，强拆民房、抓丁拉夫，设立侦缉队，杀害抗日军民六十余人，多次进攻豫皖苏抗日根据地，劫掠乡村。宿南战役核心伪军。；结局：1945 年宿南战役被新四军四师击毙，部队大部被歼灭中共淮北市...。,[],"2026-08-27 03:29:02.104128","2026-08-27 03:29:02.104128",,,,,
"511ebee7d832444890e8ec6435e70639",于化臣,,,,,exact,exact,交河,[],"[""伪交河警备大队长；驻守泊镇、富镇据点，祸害交河、献县一带百姓。""]",抗日战争时期,"",伪职：伪交河警备大队长；驻守泊镇、富镇据点，祸害交河、献县一带百姓。；结局：交河解放被俘枪决,[],"2026-08-27 03:29:02.083612","2026-08-27 03:29:02.083612",,,,,
"511ed3b9450f460e9c953f7cbec64c1b",王景岳,,,,,exact,exact,井陉长岗村,[],"[""维持会会长，唯一一任伪井陉县长，兼新民会会长；全县修筑 60 余座炮楼、200 余里封锁沟，捕杀大批抗日干部，掠夺矿产土地；日本投降后摇身投靠国民党，任先遣第八旅旅长。""]",抗日战争时期,"",伪职：维持会会长，唯一一任伪井陉县长，兼新民会会长；全县修筑 60 余座炮楼、200 余里封锁沟，捕杀大批抗日干部，掠夺矿产土地；日本投降后摇身投靠国民党，任先遣第八旅旅长。；结局：潜逃甘肃天水，1951 年抓捕押回井陉，公审处决,[],"2026-08-27 03:29:02.089485","2026-08-27 03:29:02.089485",,,,,
"5129e2193f0142369542a6292ba284c6",方颐,,,,,"","",广东,[],"[""军长"", ""师长""]",抗日战争时期,伪军,伪任职务：伪暂编 20 师师长，广州周边伪军主力。结局：战后被捕，汉奸罪处决,[],"2026-08-26 17:52:47","2026-08-26 17:52:47",,,,,
"51355dcecd264368829bfadbd1ba38d9",李运启,,,,,"","",江西彭泽,[],"[""县长""]",抗日战争时期,汪伪政权,伪任职务：伪彭泽县长，隶属伪安徽，搜刮物资，抓捕爱国人士。结局：被捕后判处死刑执行枪决,[],"2026-08-26 17:52:47","2026-08-26 17:52:47",,,,,
"514b2d30e2374cbe92dcd3dde981f7fe",王怀义,,,,,exact,exact,山阴,[],"[""伪山阴县县长""]",抗日战争时期,"",伪职：伪山阴县县长；罪行：建立岱岳伪县公署，管控同蒲铁路，强征劳工粮食，配合治安强化运动。；结局：光复后逮捕判刑,[],"2026-08-27 03:29:02.088667","2026-08-27 03:29:02.088667",,,,,
"51614006cf434ad9b05efa4d8f6a5e14",金壁东,,,,,exact,exact,辽宁铁岭（满族）,[],"[""伪新京特别市第一任市长""]",抗日战争时期,"",伪职：伪新京特别市第一任市长；罪行：伪满早期新京主官，参与城市殖民规划，强征土地、劳工，镇压城内爱国运动。；结局：抗战胜利前病死。,[],"2026-08-27 03:29:02.093944","2026-08-27 03:29:02.093944",,,,,
"519e9f542ada44e58e3d12c85069e763",臧式毅,,,,,exact,exact,辽宁沈阳,[],"[""伪满参议府议长，原民政部总长""]",抗日战争时期,"",伪职：伪满参议府议长，原民政部总长；罪行：参与筹建伪满，签署大量殖民法令；代表伪满签订《日满华共同宣言》；光复后参与长春治安维持会。；结局：苏军押苏联，引渡抚顺战犯管理所，1956 年狱中病死抖音百科。,[],"2026-08-27 03:29:02.093912","2026-08-27 03:29:02.093912",,,,,
"51ab93628d4f4b58abd5ae276f771304",某日本潜伏间谍（佚名）,,,,,"","",外籍,[],"[""军长""]",抗日战争时期,汪伪政权,伪任职务：日军派遣潜入贵阳，搜集西南公路、空军基地情报，发展个别下线，没有留下完整姓名档案。。结局：军统破获，就地处决,[],"2026-08-26 17:52:47","2026-08-26 17:52:47",,,,,
"51ea2096437f4e768fbc09c63e73bb69",郑慎三,,,,,exact,exact,乐清县城及周边,[],"[""伪乐清县警察局侦缉队长""]",抗日战争时期,"",伪职：伪乐清县警察局侦缉队长；罪行：特务头目，带领便衣四处搜集浙南抗日武装情报，告密抓捕爱国群众，施用酷刑。；结局：被抗日锄奸队处决。,[],"2026-08-27 03:29:02.100972","2026-08-27 03:29:02.100972",,,,,
"52041293c4bc44b0a84b8a02eeb8db04",郭炳,,,,,exact,exact,潞城,[],"[""伪潞城县县长""]",抗日战争时期,"",伪职：伪潞城县县长；罪行：建立伪县公署，修筑炮楼，管控白晋铁路，强征粮款。；结局：战后汉奸罪判刑,[],"2026-08-27 03:29:02.088124","2026-08-27 03:29:02.088124",,,,,
"5207cf029a0342199f3b54756b029234",殷汝耕,,,,,"","",浙江平阳,[],"[""县长""]",抗日战争时期,华北伪临时政府,伪任职务：冀东防共自治政府主席，割据冀东 22 县，华北最早傀儡政权头目抖音百科。结局：1947 年南京被执行死刑,[],"2026-08-26 17:52:47","2026-08-26 17:52:47",,,,,
"52182d0486474c5fa8f9aa8d9d6e3763",刘俊,,,,,exact,exact,代县,[],"[""伪据点伪军副班长（叛徒）""]",抗日战争时期,"",伪职：伪据点伪军副班长（叛徒）；罪行：背信弃义出卖我方敌工部长高凡，致使高凡被捕牺牲。；结局：被我方俘获处决,[],"2026-08-27 03:29:02.089880","2026-08-27 03:29:02.089880",,,,,
"521d55ec49684c2c864cf996494d5df1",刘长伦,,,,,exact,exact,宿县尹集周边,[],"[""伪连长""]",抗日战争时期,"",伪职：伪连长；罪行：率便衣特务偷袭尹集区公所，图谋杀害区长，四处搜集根据地情报，绑架勒索群众。；结局：时村攻破被俘，镇压处决。,[],"2026-08-27 03:29:02.105246","2026-08-27 03:29:02.105246",,,,,
"5224eb69002149d6b7407fa3006a62fb",张璧,,,,,exact,exact,河北,[],"[""伪冀东保安队司令，通州事变主要人物。""]",抗日战争时期,"",伪职：伪冀东保安队司令，通州事变主要人物。；结局：抗战胜利被捕，病死狱中,[],"2026-08-27 03:29:02.092098","2026-08-27 03:29:02.092098",,,,,
"5232c5ff19494813bf6b9729dae41e65",李际春,,,,,"","",河北,[],[],抗日战争时期,汪伪政权,伪任职务：九一八后天津便衣队暴乱主谋，日本雇佣汉奸武装头目。结局：抗战胜利后逮捕，病死狱中,[],"2026-08-26 17:52:47","2026-08-26 17:52:47",,,,,
"5240df2c63074df4bfe504e1b8258667",王秉臣,,,,,exact,exact,本溪湖煤铁公司大把头,[],"[""投靠日伪，管理劳工，残酷压榨矿工，迫害反抗工人，协助日军看管 “特殊工人” 战俘劳工。""]",抗日战争时期,"",伪职：投靠日伪，管理劳工，残酷压榨矿工，迫害反抗工人，协助日军看管 “特殊工人” 战俘劳工。；罪行：工人反奸清算大会公审处决。,[],"2026-08-27 03:29:02.091665","2026-08-27 03:29:02.091665",,,,,
"525868b604ba4e289bc013cae03cfe74",邢士廉,,,,,"","",辽宁沈阳,[],"[""部长"", ""军长"", ""司令""]",抗日战争时期,汪伪政权,伪任职务：伪满治安部大臣、第 4 军管区司令官，伪满上将，镇压东北抗联。结局：苏军俘获，抚顺战犯管理所，1954 年病亡狱中,[],"2026-08-26 17:52:47","2026-08-26 17:52:47",,,,,
"5258d96c9adb4b988dca8d84f9c78fee",王玉华,,,,,exact,exact,芜湖,[],"[""汪伪特工总部安徽区区长""]",抗日战争时期,"",伪职：汪伪特工总部安徽区区长；罪行：接管芜湖特工站，统管皖江南北特务网络，指挥搜捕地下党组织、抗日干部中国人民政...。；结局：战后审判伏法。,[],"2026-08-27 03:29:02.103222","2026-08-27 03:29:02.103222",,,,,
"525ce660afa2435286bef43de57957a1",严明,,,,,"","",不详,[],"[""清乡"", ""县长""]",抗日战争时期,汪伪政权,伪任职务：伪南通特别区公署署长（清乡时期，相当于伪县长），执行张北生清乡政令，编组伪区乡政权。。结局：抗战胜利判处死刑,[],"2026-08-26 17:52:47","2026-08-26 17:52:47",,,,,
"525fc709f94048ccbf97edbf66e68da9",鲍佐丞,,,,,exact,exact,芜湖城内,[],"[""伪芜湖警察局局长""]",抗日战争时期,"",伪职：伪芜湖警察局局长；罪行：执掌伪警察，组建侦缉队；日军投降初期，还借名义敲诈富商，民愤极大。；结局：商人联名控告，后被法办。,[],"2026-08-27 03:29:02.103252","2026-08-27 03:29:02.103252",,,,,
"5276503c6fcb451d928a5ab5a2ca9e31",胡兰成,,,,,"","",浙江嵊县,[],[],抗日战争时期,汪伪政权,伪任职务：汪伪《中华日报》总主笔，上海亲日文人，撰写大量投降论调。结局：抗战后潜逃，长期流亡海外，客死日本光明数字报,[],"2026-08-26 17:52:47","2026-08-26 17:52:47",,,,,
"5279ee348999475c91ccfad585bf7f27",王震生,,,,,exact,exact,蚌埠,[],"[""伪安徽省民政厅长、伪省党部常委""]",抗日战争时期,"",伪职：伪安徽省民政厅长、伪省党部常委；罪行：接续民政厅工作，调整各县伪政权人事，配合清乡运动清查户口。；结局：战后逮捕判刑。,[],"2026-08-27 03:29:02.103601","2026-08-27 03:29:02.103601",,,,,
"529294be8fa64f8bbd7eac1f3708f2ba",杨敬之,,,,,exact,exact,锦西（葫芦岛）,[],"[""伪锦西县县长""]",抗日战争时期,"",伪职：伪锦西县县长；罪行：管控锦西、葫芦岛港口，强征劳工，抓捕抗日人员。；结局：抗战胜利逮捕判刑。,[],"2026-08-27 03:29:02.092509","2026-08-27 03:29:02.092509",,,,,
"529c32acf40f4f9c89cf57f7f87166ea",贡布扎布,,,,,exact,exact,鄂托克旗,[],"[""伪旗协理，受伪伊盟公署遥控；秘密和包头特务机关联络，企图煽动旗内王公投日，因旗内上层抵制，未能建立正式伪政权。""]",抗日战争时期,"",伪职：伪旗协理，受伪伊盟公署遥控；秘密和包头特务机关联络，企图煽动旗内王公投日，因旗内上层抵制，未能建立正式伪政权。；结局：战后管制判刑,[],"2026-08-27 03:29:02.086047","2026-08-27 03:29:02.086047",,,,,
"52b1c2c558c842148070473fb5e85739",王振东,,,,,exact,exact,吉林市,[],"[""伪吉林警察厅特务科头目""]",抗日战争时期,"",伪职：伪吉林警察厅特务科头目；罪行：领导华人密探网络，在吉林、磐石、桦甸到处抓捕抗日人员，刑讯逼供。；结局：吉林解放后公审枪决。,[],"2026-08-27 03:29:02.094699","2026-08-27 03:29:02.094699",,,,,
"52b509123d304578843918cf01c7f447",赵玉昆,,,,,exact,exact,易县东邵村,[],"[""伪易县警备团长兼特务部长，见上。""]",抗日战争时期,"",伪职：伪易县警备团长兼特务部长，见上。；结局：公审枪决抖音百科,[],"2026-08-27 03:29:02.082707","2026-08-27 03:29:02.082707",,,,,
"52ca694e1ab94d7a998c5027f4f6167f",顾祝三,,,,,exact,exact,赣榆全县,[],"[""伪赣榆县县长""]",抗日战争时期,"",伪职：伪赣榆县县长；罪行：执掌赣榆伪政权，执行日伪清乡、抓丁征粮，出动伪县大队配合日军扫荡滨海抗日根据地。；结局：抗战胜利后汉奸罪判刑。,[],"2026-08-27 03:29:02.099297","2026-08-27 03:29:02.099297",,,,,
"52fa14df8a3f4838814367d895d62b34",周法乾,,,,,exact,exact,灌云龙苴、新坝一带,"[""周发乾""]","[""伪灌云县保安大队长""]",抗日战争时期,"",伪职：伪灌云县保安大队长；罪行：土匪出身投敌；诱杀八路军陇海南进支队团长汤曙红；修筑十余处碉堡，酷刑残害抗日军民；横征暴敛；日本投降后摇身变为国民党边防指挥官继续作恶。；结局：1948 年苏北兵团攻克据点，被击毙抖音百科。,[],"2026-08-27 03:29:02.099226","2026-08-27 03:29:02.099226",,,,,
"5318e6fb15794137a42d622f2e91444c",关文吉,,,,,exact,exact,桦南、依兰,"[""关文纪""]","[""抗联八军二师师长，叛徒""]",抗日战争时期,"",伪职：抗联八军二师师长，叛徒；罪行：率部投降日伪，加入伪讨伐队，搜捕抗联战士，迫害接济抗联的百姓，破坏下江抗日根据地。；结局：抗战胜利后被民主政府清算。,[],"2026-08-27 03:29:02.097459","2026-08-27 03:29:02.097459",,,,,
"532e477fa77045e791d1a68ef0163cfe",程鹤山,,,,,exact,exact,博野,[],"[""伪博野县县长；五一大扫荡后重建伪政权，搜捕冀中地下干部。""]",抗日战争时期,"",伪职：伪博野县县长；五一大扫荡后重建伪政权，搜捕冀中地下干部。；结局：战后汉奸罪判处徒刑,[],"2026-08-27 03:29:02.082560","2026-08-27 03:29:02.082560",,,,,
"5345629414c54ab680af1fdf4165a771",孟凌云,,,,,exact,exact,本溪南甸,[],"[""本溪县大地主，煤矿资本家，伪地方势力""]",抗日战争时期,"",伪职：本溪县大地主，煤矿资本家，伪地方势力；罪行：与日本财阀合作开采田师府煤矿，掠夺矿产；充当日伪地方爪牙，压榨矿工，协助日伪搜集山区情报，配合围剿抗联一师。；结局：解放后镇反公审处决。,[],"2026-08-27 03:29:02.091583","2026-08-27 03:29:02.091583",,,,,
"5346973b0e04499fa2ab06121b588cd7",徐善东,,,,,exact,exact,宿迁县城（宿城）,[],"[""伪宿迁县维持会会长、伪宿迁县知事（伪县长）""]",抗日战争时期,"",伪职：伪宿迁县维持会会长、伪宿迁县知事（伪县长）；罪行：宿迁沦陷后组建伪维持会，后任伪县公署知事，搭建全套伪政权，推行保甲、强征壮丁粮草，兼伪警察大队长，镇压本地抗日活动中共宿迁市...。；结局：抗战胜利后汉奸审判判处死刑。,[],"2026-08-27 03:29:02.100345","2026-08-27 03:29:02.100345",,,,,
"535143fc7cf64158b824e8636030fe64",朱道哲,,,,,exact,exact,柴塘,[],"[""柴塘维持会会长""]",抗日战争时期,"",伪职：柴塘维持会会长；罪行：地方劣绅出任维持会长，献粮资敌，多次带领日军进山搜捕地下党员，迫害抗日家庭。其子任伪军兴亚大队副官，父子同为汉奸。；结局：抗战胜利后公审处决。,[],"2026-08-27 03:29:02.104394","2026-08-27 03:29:02.104394",,,,,
"5356d252fb4a4fdf8871afebdeeb427e",王慕韩,,,,,exact,exact,"",[],"[""伪宝坻县县长；管控潮白河畔，配合日军扫荡蓟宝三根据地。""]",抗日战争时期,"",伪职：伪宝坻县县长；管控潮白河畔，配合日军扫荡蓟宝三根据地。；结局：战后逮捕判刑,[],"2026-08-27 03:29:02.084074","2026-08-27 03:29:02.084074",,,,,
"535a04ae845646648513731a94c75af0",陈升儒,,,,,exact,exact,泗阳众兴,[],"[""伪泗阳县县长、苏淮特区教育处长""]",抗日战争时期,"",伪职：伪泗阳县县长、苏淮特区教育处长；罪行：教育出身投敌，两度出任伪泗阳县长；建立伪保甲体系，奴化教育，征粮抓丁，配合日伪扫荡泗阳根据地。；结局：1945 年两淮战役被俘，1946 年两万群众公审处决。,[],"2026-08-27 03:29:02.099411","2026-08-27 03:29:02.099411",,,,,
"536b7c48e9194bdb9cdbfeca48892543",白巨山,,,,,exact,exact,太原,[],"[""特务，白文惠之子""]",抗日战争时期,"",伪职：特务，白文惠之子；罪行：充当日军特务机关人员，在城内敲诈勒索，欺压百姓，搜集情报抖音百科。；结局：解放后镇反公审处决,[],"2026-08-27 03:29:02.087295","2026-08-27 03:29:02.087295",,,,,
"5374464ee0e6434e9ed03b76b83c7486",朱盛林,,,,,exact,exact,承德,[],"[""伪满讨伐队头目，龙须门讨伐队；参与王厂沟惨案，屠杀平民 49 人、八路军干部战士多人，在承德‑青龙‑兴隆疯狂讨伐扫荡。""]",抗日战争时期,"",伪职：伪满讨伐队头目，龙须门讨伐队；参与王厂沟惨案，屠杀平民 49 人、八路军干部战士多人，在承德‑青龙‑兴隆疯狂讨伐扫荡。；结局：1946‑03‑13 承德特别法庭公审枪决,[],"2026-08-27 03:29:02.083235","2026-08-27 03:29:02.083235",,,,,
"53afa957996a445c8284eb667af511c3",李葆华,,,,,exact,exact,"",[],"[""伪固安县县长；依托平汉铁路，修筑大量炮楼，清乡扫荡固安西部。""]",抗日战争时期,"",伪职：伪固安县县长；依托平汉铁路，修筑大量炮楼，清乡扫荡固安西部。；结局：战后汉奸罪判处徒刑,[],"2026-08-27 03:29:02.083954","2026-08-27 03:29:02.083954",,,,,
"53fb4d2e1ee245a6b4beba70d329bd2e",许维本,,,,,exact,exact,"",[],"[""伪张家口高等法院院长；配合日军，罗织罪名迫害被捕干部群众。""]",抗日战争时期,"",伪职：伪张家口高等法院院长；配合日军，罗织罪名迫害被捕干部群众。；结局：1946 年公审死刑,[],"2026-08-27 03:29:02.082869","2026-08-27 03:29:02.082869",,,,,
"53fb4e13830e4815845b63a290db155b",姬振奎,,,,,exact,exact,高平,[],"[""伪高平县县长（上党四大天王之一）""]",抗日战争时期,"",伪职：伪高平县县长（上党四大天王之一）；罪行：建立高平伪政权，征粮抓丁，配合日军扫荡南部山区。；结局：抗战胜利公审镇压,[],"2026-08-27 03:29:02.087962","2026-08-27 03:29:02.087962",,,,,
"541bef8df22c4a1ebd128aa08fb45676",杜成业,,,,,exact,exact,太谷,[],"[""伪商会会长，伪政权骨干""]",抗日战争时期,"",伪职：伪商会会长，伪政权骨干；罪行：为日军筹措粮食、物资，胁迫地方士绅附日。；结局：战后汉奸罪判刑,[],"2026-08-27 03:29:02.088845","2026-08-27 03:29:02.088845",,,,,
"54235a05a26a4f398e68f46f5a429b07",肖贵米,,,,,exact,exact,长治关村,[],"[""伪便衣队长（四大汉奸之一）""]",抗日战争时期,"",伪职：伪便衣队长（四大汉奸之一）；罪行：搜捕地下党员，拷打抗属，下乡敲诈抢掠，作恶多端。；结局：解放后群众公审处决,[],"2026-08-27 03:29:02.088073","2026-08-27 03:29:02.088073",,,,,
"54968ee692a74d298179476d6794c653",林知渊,,,,,exact,exact,进犯诏安前线,[],"[""伪和平救国军总参谋长""]",抗日战争时期,"",伪职：伪和平救国军总参谋长；罪行：福建籍，追随黄大伟，策划进攻诏安，协助指挥伪军作战。诏安溃败被俘，押解重庆审判定罪。；结局：长期监禁。,[],"2026-08-27 03:29:02.079351","2026-08-27 03:29:02.079351",,,,,
"54c537470bd0470192a1f0fd16dc0ee1",程守正,,,,,exact,exact,"",[],"[""伪肥乡县县长；推行保甲，强征粮款，配合日军扫荡肥乡根据地。""]",抗日战争时期,"",伪职：伪肥乡县县长；推行保甲，强征粮款，配合日军扫荡肥乡根据地。；结局：战后汉奸罪判处徒刑,[],"2026-08-27 03:29:02.081707","2026-08-27 03:29:02.081707",,,,,
"54c69be6a6804d228129e8f53be67d9e",张揆伯,,,,,"","",无锡,[],"[""委员长"", ""维持会"", ""县长""]",抗日战争时期,汪伪政权,伪任职务：无锡治安维持会核心委员，汪伪第一任伪无锡县县长，主持组建早期伪县府，推行保甲、征调物资。。结局：战后逮捕，判处有期徒刑，病死狱中,[],"2026-08-26 17:52:47","2026-08-26 17:52:47",,,,,
"54e33a518a1b4a9a8bea4ce1b6512ca7",葛子久,,,,,exact,exact,获鹿,[],"[""获鹿治安维持会会长、第一任伪获鹿县知事，组建伪县公署，推行保甲征派物资；卷入内部案受日军反复传讯施压。""]",抗日战争时期,"",伪职：获鹿治安维持会会长、第一任伪获鹿县知事，组建伪县公署，推行保甲征派物资；卷入内部案受日军反复传讯施压。；结局：1941 年在石门受审后自杀身亡,[],"2026-08-27 03:29:02.084282","2026-08-27 03:29:02.084282",,,,,
"5502914ea339449286a3ce22a0a88b5d",张庆林,,,,,exact,exact,元氏,[],"[""伪元氏警察局侦缉队长，特务头目，在元氏车站抓捕来往交通员。""]",抗日战争时期,"",伪职：伪元氏警察局侦缉队长，特务头目，在元氏车站抓捕来往交通员。；结局：1946 年公审处死,[],"2026-08-27 03:29:02.089624","2026-08-27 03:29:02.089624",,,,,
"55186f67a1114f89886488a0be967c73",白受天,,,,,"","",黑龙江双城,[],"[""厅长"", ""特务""]",抗日战争时期,汪伪政权,伪任职务：伪哈尔滨警察厅特务科警佐，参与迫害抗联家属。结局：1950 年哈尔滨判处死刑执行枪决,[],"2026-08-26 17:52:47","2026-08-26 17:52:47",,,,,
"552573ec3be14d77882abb3cb525d759",马啸天,,,,,"","",浙江,[],[],抗日战争时期,汪伪政权,伪任职务：76 号上海区区长，抓捕迫害地下抗日人员。结局：抗战胜利逮捕，判处徒刑，狱中病亡,[],"2026-08-26 17:52:47","2026-08-26 17:52:47",,,,,
"55446cf8106341a1a26d3b4eb8b04968",戴凤鸣,,,,,exact,exact,逊克松树沟,[],"[""伪逊河松树沟警察署署长""]",抗日战争时期,"",伪职：伪逊河松树沟警察署署长；罪行：带领伪警察、自卫团驻守边境据点，围剿过境抗联部队，抓捕接济抗联的猎户与采金工人，迫害爱国群众央視網。；结局：光复后被民主政府清算处决。,[],"2026-08-27 03:29:02.098257","2026-08-27 03:29:02.098257",,,,,
"55ab4e34cc0a46c0bdc925b42e0f3744",张仁蠡,,,,,"","",河北南皮（张之洞之子）,[],"[""市长""]",抗日战争时期,汪伪政权,伪任职务：伪武汉特别市首任市长，后调伪天津特别市市长。结局：抗战胜利被捕，判处无期徒刑，1951 年狱中去世湖北省人民...,[],"2026-08-26 17:52:47","2026-08-26 17:52:47",,,,,
"55b44d7b371143d781b19ec64e05e77a",庞炳勋,,,,,"","",河北新河,[],"[""军长"", ""司令"", ""总司令""]",抗日战争时期,汪伪政权,伪任职务：伪第二十四集团军总司令，和孙殿英一同投敌，盘踞豫北。结局：抗战胜利后投靠国民党，逃往台湾，病亡台湾,[],"2026-08-26 17:52:47","2026-08-26 17:52:47",,,,,
"55c5539552df46e6a01ed1bd28ba64c4",朱四喜,,,,,exact,exact,天台城郊（1945 年日军北撤过境）,[],"[""天台日军向导汉奸""]",抗日战争时期,"",伪职：天台日军向导汉奸；罪行：1945 年 6 月日军溃退过境，充当向导带路，刺探乡间道路情报。；结局：被当地自卫队活捉处决浙江省地方...。,[],"2026-08-27 03:29:02.102551","2026-08-27 03:29:02.102551",,,,,
"55d4e3a743734dd3986a29a547351cd2",熊育衡,,,,,"","",不详,[],"[""军长"", ""司令""]",抗日战争时期,汪伪政权,伪任职务：伪绥靖第七团司令，驻守扬州近郊，多次跟随日军下乡扫荡、抢掠乡村。。结局：三垛河伏击战被新四军俘虏，后判刑关押,[],"2026-08-26 17:52:47","2026-08-26 17:52:47",,,,,
"55fb522175f046ebac247269a5cd58b2",厉文礼,,,,,"","",山东安丘,[],"[""军长"", ""司令""]",抗日战争时期,汪伪政权,伪任职务：国民党专员投敌，伪鲁东和平建国军司令，残害抗日军民、美军飞行员。结局：1946 年国民政府枪决,[],"2026-08-26 17:52:47","2026-08-26 17:52:47",,,,,
"55fc8582b05944209c5d8adabe35f339",于俊峰,,,,,exact,exact,汤旺河、老钱柜一带,"[""于五炮""]","[""伪山林警察大队副大队长，于四炮之弟""]",抗日战争时期,"",伪职：伪山林警察大队副大队长，于四炮之弟；罪行：协助兄长管理伪山林警察，迫害伐木工人，搜剿抗联密营；参与镇压汤原抗日群众。；结局：老钱柜战斗被俘，反正后又复叛，后被抗联处决。,[],"2026-08-27 03:29:02.097595","2026-08-27 03:29:02.097595",,,,,
"55feec6c14f14bb39c5b643ed1ee144f",邬捷飞,,,,,exact,exact,佳木斯市区,[],"[""伪满协和会骨干，光复后国民党特务""]",抗日战争时期,"",伪职：伪满协和会骨干，光复后国民党特务；罪行：伪满时期从事奴化宣传；1946 年制造佳木斯刺杀案，暗杀副市长孙西林等多名革命干部，策划城市暴乱阴谋抖音百科。；结局：潜逃后被抓捕处决。,[],"2026-08-27 03:29:02.096996","2026-08-27 03:29:02.096996",,,,,
"561a82a0efee48e09dd992e2dd04dd88",赵老印,,,,,exact,exact,永清,[],"[""伪永清警备大队长；驻守永清城、韩村据点，下乡烧杀抢掠，抓捕堡垒户。""]",抗日战争时期,"",伪职：伪永清警备大队长；驻守永清城、韩村据点，下乡烧杀抢掠，抓捕堡垒户。；结局：永清解放被俘枪决,[],"2026-08-27 03:29:02.083939","2026-08-27 03:29:02.083939",,,,,
"561ce7e9c16845cea34faa1d04cdf115",戴忠明,,,,,exact,exact,朔县,[],"[""伪朔县警务科长""]",抗日战争时期,"",伪职：伪朔县警务科长；罪行：指挥伪警察、便衣特务，搜捕朔平地下党组织，抓捕抗日干部群众。；结局：解放后镇反公审枪决,[],"2026-08-27 03:29:02.088564","2026-08-27 03:29:02.088564",,,,,
"5627d551f750483d8130d56a453c8e06",王德胜,,,,,exact,exact,代县,[],"[""伪代县警备大队长""]",抗日战争时期,"",伪职：伪代县警备大队长；罪行：驻守代县城、峨口据点，残害抗日军民。；结局：解放后公审枪决,[],"2026-08-27 03:29:02.089888","2026-08-27 03:29:02.089888",,,,,
"56326a047ba3415d870ea6193d4f37dd",于镜涛,,,,,exact,exact,辽宁大连,[],"[""伪勤劳奉仕部大臣、伪新京特别市末代市长""]",抗日战争时期,"",伪职：伪勤劳奉仕部大臣、伪新京特别市末代市长；罪行：主持强征劳工；八一五后自封长春特别市市长，全盘留用 80 多名伪官吏、伪警察，通电重庆等待国民党接收。；结局：苏军逮捕押苏联，引渡抚顺战犯管理所，后特赦释放。,[],"2026-08-27 03:29:02.093928","2026-08-27 03:29:02.093928",,,,,
"56367546b7e54fc2899b45649f43b337",宋宝山,,,,,exact,exact,平泉,[],"[""伪平泉讨伐队队长；反复扫荡承平宁联合县，残害堡垒户。""]",抗日战争时期,"",伪职：伪平泉讨伐队队长；反复扫荡承平宁联合县，残害堡垒户。；结局：1945 平泉解放被俘处决,[],"2026-08-27 03:29:02.083325","2026-08-27 03:29:02.083325",,,,,
"5678f95ea31c451a80b3e2e656d9c0eb",赵晋卿,,,,,exact,exact,交城,[],"[""伪交城县县长""]",抗日战争时期,"",伪职：伪交城县县长；罪行：建立交城伪公署，管控交山要道，抓夫征粮，迫害抗属。；结局：光复后逮捕判刑,[],"2026-08-27 03:29:02.090454","2026-08-27 03:29:02.090454",,,,,
"56aa9d48f1f54ee5a23338fb8e847d48",胡天扬,,,,,exact,exact,明光城区,[],"[""汪伪首任伪嘉山县（明光）县长""]",抗日战争时期,"",伪职：汪伪首任伪嘉山县（明光）县长；罪行：嘉山早期伪主官，搜刮钱粮，强征劳工，推行伪化，激起民愤。；结局：被当地百姓群情激愤当场打死。,[],"2026-08-27 03:29:02.104940","2026-08-27 03:29:02.104940",,,,,
"56b6234c1f7340aa857fa046c372e290",郭卫民,,,,,"","",广东,[],"[""市长""]",抗日战争时期,汪伪政权,伪任职务：伪广州市警察局局长，掌控广州伪警察，配合搜捕爱国人士。结局：汉奸罪公审枪决,[],"2026-08-26 17:52:47","2026-08-26 17:52:47",,,,,
"56c4311cad35446997e30538a5db87e8",赵得宝,,,,,"","",江宁禄口,[],"[""军长"", ""清乡""]",抗日战争时期,汪伪政权,伪任职务：伪禄口乡自卫团长，为日军征集粮草民夫，带路 “清乡”。。结局：抗战胜利后群众控诉，判刑劳改,[],"2026-08-26 17:52:47","2026-08-26 17:52:47",,,,,
"56ccd2088aac42fbba276441cd261183",杨志玉,,,,,exact,exact,陵川,[],"[""伪陵川县县长（上党四大天王之一）；原国民党陵川县长""]",抗日战争时期,"",伪职：伪陵川县县长（上党四大天王之一）；原国民党陵川县长；罪行：1943 日军占领陵川，率县政府整体投敌；组建伪区乡政权，指挥伪军清乡搜捕抗日人员。；结局：陵川收复后审判处决,[],"2026-08-27 03:29:02.088217","2026-08-27 03:29:02.088217",,,,,
"56e51ecf5d904a3eaf53d1bb7357f9a3",周少斋,,,,,exact,exact,合肥城内,[],"[""伪大民会庐州支部负责人""]",抗日战争时期,"",伪职：伪大民会庐州支部负责人；罪行：日伪特务组织大民会，负责亲日宣传，发展伪会员，下乡散发 “大东亚共荣” 传单，拉拢知识分子附逆。；结局：抗战胜利后附逆案判刑。,[],"2026-08-27 03:29:02.102860","2026-08-27 03:29:02.102860",,,,,
"56f4475dd3c848198a4f3df199aa0a41",陈南治,,,,,exact,exact,长乐乡间,[],"[""长乐四区汉奸""]",抗日战争时期,"",伪职：长乐四区汉奸；罪行：搜集游击队情报，检举接济抗日的乡民，勒索村庄钱财福州新闻网。；结局：抗日武装捕杀。,[],"2026-08-27 03:29:02.080257","2026-08-27 03:29:02.080257",,,,,
"5705b51d893d4861931902afe0170fcc",高砚然,,,,,exact,exact,"",[],"[""伪定县县长；多次写信诱降游击队长甄凤山，指挥伪警备队反复扫荡定县乡村。""]",抗日战争时期,"",伪职：伪定县县长；多次写信诱降游击队长甄凤山，指挥伪警备队反复扫荡定县乡村。；结局：抗战胜利归案审判,[],"2026-08-27 03:29:02.082464","2026-08-27 03:29:02.082464",,,,,
"570e85af47714815a709bf5d8a7033e3",于冲汉,,,,,exact,exact,本溪草河口,[],"[""伪满参议府参议，伪奉天自治指导部部长（本溪籍）""]",抗日战争时期,"",伪职：伪满参议府参议，伪奉天自治指导部部长（本溪籍）；罪行：伪满开国核心汉奸，策划伪满洲国建立，在东北全境培训伪官吏，推行殖民统治。主要任职在奉天，非本溪本地履职。；结局：1932 年病死，逃脱审判。,[],"2026-08-27 03:29:02.091640","2026-08-27 03:29:02.091640",,,,,
"5712c6d74abf43d5a7996c8a27c79179",张世功,,,,,exact,exact,崞县,[],"[""伪崞县警备大队长""]",抗日战争时期,"",伪职：伪崞县警备大队长；罪行：驻守原平、崞阳，配合日军同川大扫荡。；结局：解放后镇压处决,[],"2026-08-27 03:29:02.089863","2026-08-27 03:29:02.089863",,,,,
"5715609079004f8aa39f92b863595002",周振亚,,,,,"","",江西九江,[],"[""市长"", ""维持会""]",抗日战争时期,汪伪政权,伪任职务：伪九江市市长、九江治安维持会会长，赣北早期傀儡头目。结局：抗战胜利公审枪决,[],"2026-08-26 17:52:47","2026-08-26 17:52:47",,,,,
"572e129c4163492099b38a959eacb340",张相周,,,,,exact,exact,"",[],"[""末代伪抚宁县县长；强化物资统制，配合日军制造长城无人区。""]",抗日战争时期,"",伪职：末代伪抚宁县县长；强化物资统制，配合日军制造长城无人区。；结局：战后汉奸罪判处长期徒刑,[],"2026-08-27 03:29:02.099644","2026-08-27 03:29:02.099644",,,,,
"5769ef46406042ffa3b6f63b9937f29e",温茂林,,,,,exact,exact,阳城,[],"[""县城维持会会长""]",抗日战争时期,"",伪职：县城维持会会长；罪行：1938 举太阳旗出城迎接日军进城，组建维持会，张贴媚日标语，为日军摊派粮款。；结局：抗战初期被抗日政府处决,[],"2026-08-27 03:29:02.088378","2026-08-27 03:29:02.088378",,,,,
"576aab5064c4440793c26f80c2851739",王永山,,,,,exact,exact,永嘉（今鹿城）城区,[],"[""伪温州临时商会会长""]",抗日战争时期,"",伪职：伪温州临时商会会长；罪行：1941 年温州第一次沦陷即投靠日军，组建伪临时商会，强征物资，协助日军抢运粮食、布匹等战略物资，威逼商户资敌，城区臭名昭著的商界汉奸温州新闻网...。；结局：抗战胜利后以汉奸罪逮捕判刑。,[],"2026-08-27 03:29:02.100920","2026-08-27 03:29:02.100920",,,,,
"57753d0c325547838a7f7d4a2b989713",邓祖禹,,,,,exact,exact,汪伪江西省政府（省治九江）,[],"[""汪伪江西省长兼江西省保安司令部司令""]",抗日战争时期,"",伪职：汪伪江西省长兼江西省保安司令部司令；罪行：1943年5月出任汪伪江西省长，管辖九江、南昌等赣北沦陷区，配合日军推行殖民统治、掠夺资源、镇压抗日力量；结局：1943年12月被免职，1947年8月仍被苏州高等检察处通缉在逃，最终结局史料未明确记载（来源：汪伪江西省政府1943年6月在九江成立，为抗战时期江西日伪最高政权）,[],"2026-08-27 03:29:02.077482","2026-08-27 03:29:02.077482",,,,,
"578f499789c24682942cac1d010906c0",夏明才,,,,,exact,exact,官陡门、大官圩（当涂东南）,[],"[""伪官陡门据点总司令、黄池伪自卫大队长""]",抗日战争时期,"",伪职：伪官陡门据点总司令、黄池伪自卫大队长；罪行：手握三百余人伪军武装，盘踞圩区，烧杀掳掠，搜捕抗日干部群众；奇袭官陡门战斗前夜赴芜湖侥幸逃脱，武装被新四军全歼。；结局：战后潜伏芦苇荡，1951 年镇反检举落网，公审处决。,[],"2026-08-27 03:29:02.103970","2026-08-27 03:29:02.103970",,,,,
"57b347109dc74f909581fb94094eb78d",赵文志,,,,,exact,exact,长治东关,[],"[""伪警察署特务头目（四大汉奸之一）""]",抗日战争时期,"",伪职：伪警察署特务头目（四大汉奸之一）；罪行：掌管便衣特务队伍，刺探根据地情报，抓捕地下工作人员。；结局：解放后镇压处决,[],"2026-08-27 03:29:02.087818","2026-08-27 03:29:02.087818",,,,,
"57f131a245db4913a326d1fd747d235d",额宝斋,,,,,exact,exact,乌拉特前旗,[],"[""蒙奸，西协理""]",抗日战争时期,"",伪职：蒙奸，西协理；结局：1947 年清算处决,[],"2026-08-27 03:29:02.085329","2026-08-27 03:29:02.085329",,,,,
"57fda90c45aa4162b724f983a322defa",毕书文,,,,,exact,exact,徐州,[],"[""伪淮海省秘书长，郝鹏举副手""]",抗日战争时期,"",伪职：伪淮海省秘书长，郝鹏举副手；罪行：追随郝鹏举，主持伪淮海省政府日常政务，协助扩编伪军，推行日伪各项政令；日本投降后随郝鹏举辗转各方。；结局：1951 年判处死刑，后平反。,[],"2026-08-27 03:29:02.098832","2026-08-27 03:29:02.098832",,,,,
"5816da7cc0724efd84436337a6aee50d",吴赞周,,,,,"","",河北正定,[],"[""省级长官"", ""司令"", ""总司令""]",抗日战争时期,汪伪政权,伪任职务：伪河北省省长、全省警备总司令，参与五一大扫荡、治安强化运动。结局：北平解放后判处无期徒刑，1949 年狱中病亡,[],"2026-08-26 17:52:47","2026-08-26 17:52:47",,,,,
"584101eddfcf4e489609ef6d2238c0a3",管巨川,,,,,exact,exact,芜湖,[],"[""特工情报股股长""]",抗日战争时期,"",伪职：特工情报股股长；罪行：专门搜集皖江根据地、新四军军事情报，向日军传递。；结局：汉奸审判处决。,[],"2026-08-27 03:29:02.103356","2026-08-27 03:29:02.103356",,,,,
"585077ab50c24827aade46f09453e752",杜少山,,,,,exact,exact,三河,[],"[""伪警备大队长，盘踞三河东部。""]",抗日战争时期,"",伪职：伪警备大队长，盘踞三河东部。；结局：镇反枪决,[],"2026-08-27 03:29:02.092067","2026-08-27 03:29:02.092067",,,,,
"588ad9938be54897b45edeafcddd96c5",张祖荫,,,,,exact,exact,铁岭,[],"[""铁岭自治维持会副委员长，掌控伪警察系统""]",抗日战争时期,"",伪职：铁岭自治维持会副委员长，掌控伪警察系统；罪行：协助俞荣庆投敌，接管警察队伍，配合日军维持城内治安，抓捕反日人员，协助镇压辽北义勇军。；结局：光复后潜逃，被民主政府清算登记。,[],"2026-08-27 03:29:02.093328","2026-08-27 03:29:02.093328",,,,,
"589f903b3e294304aedf550935d0f72a",丁紫垣,,,,,exact,exact,定海城区,"[""丁中立，丁七爷""]","[""伪定海联合自治会首任会长""]",抗日战争时期,"",伪职：伪定海联合自治会首任会长；罪行：定海老牌士绅，80 岁出任伪会长，搭建日伪傀儡统治，推行良民证，为日军征粮征夫，协助管控城乡抖音百科。；结局：1940‑03‑20，被东区抗日警察队在帅旗弄铁棍击毙浙江省地方...。,[],"2026-08-27 03:29:02.102245","2026-08-27 03:29:02.102245",,,,,
"58c0dfd88329446a9eb1763d7d297798",苏绍泉,,,,,exact,exact,"",[],"[""伪翁牛特旗旗长；乌丹为伪热河北部重镇，管控西拉木伦河沿线，配合日伪大讨伐。""]",抗日战争时期,"",伪职：伪翁牛特旗旗长；乌丹为伪热河北部重镇，管控西拉木伦河沿线，配合日伪大讨伐。；结局：战后逮捕判刑,[],"2026-08-27 03:29:02.085536","2026-08-27 03:29:02.085536",,,,,
"58e2c89bed3a40c682750c40b86af303",周洛秉,,,,,exact,exact,赵县,[],"[""伪赵县警察局局长，配合郭炭块维持城防，抓捕抗日人员。""]",抗日战争时期,"",伪职：伪赵县警察局局长，配合郭炭块维持城防，抓捕抗日人员。；结局：赵县解放被俘，判处长期监禁,[],"2026-08-27 03:29:02.084390","2026-08-27 03:29:02.084390",,,,,
"58f27d6eb5774f52b59fac5f43cc5d97",齐寿山,,,,,exact,exact,"",[],"[""伪唐县县长；唐县大部分为晋察冀根据地，日伪仅控制县城及少数炮楼，疯狂搜捕抗日人员。""]",抗日战争时期,"",伪职：伪唐县县长；唐县大部分为晋察冀根据地，日伪仅控制县城及少数炮楼，疯狂搜捕抗日人员。；结局：日本投降后潜逃，后抓捕归案判刑,[],"2026-08-27 03:29:02.082521","2026-08-27 03:29:02.082521",,,,,
"5960ec7fca7b47a186c16eeede4133a7",杜耀卿,,,,,exact,exact,满城,[],"[""伪满城县县长；依托平汉铁路，修筑大量炮楼，扫荡满城西部山区根据地。""]",抗日战争时期,"",伪职：伪满城县县长；依托平汉铁路，修筑大量炮楼，扫荡满城西部山区根据地。；结局：战后汉奸罪判处长期徒刑,[],"2026-08-27 03:29:02.082426","2026-08-27 03:29:02.082426",,,,,
"596be29e69744cd69854ecde9c39e2b9",达木林,,,,,exact,exact,鄂托克旗,[],"[""草原告密分子；给包头日伪传递牧民动向，告发暗中支援游击队的牧户。""]",抗日战争时期,"",伪职：草原告密分子；给包头日伪传递牧民动向，告发暗中支援游击队的牧户。；结局：解放后斗争镇压,[],"2026-08-27 03:29:02.086226","2026-08-27 03:29:02.086226",,,,,
"597042c5b7444b1fbcec380cde137697",宋一夫,,,,,exact,exact,佳木斯、勃利、穆棱一带,[],"[""原中共吉东省委书记，大叛徒""]",抗日战争时期,"",伪职：原中共吉东省委书记，大叛徒；罪行：1938 年携巨款叛变投敌，出卖吉东地下党组织，供出大批党员、交通站情报，给抗联二路军造成重大打击。；结局：解放后被逮捕镇压。,[],"2026-08-27 03:29:02.097040","2026-08-27 03:29:02.097040",,,,,
"59775ef3af0a419587b2c9e7b24dd4a2",戴玉波,,,,,"","",河北衡水,[],"[""军长"", ""司令"", ""县长""]",抗日战争时期,伪军,伪任职务：衡水县伪警备司令，冀中重要伪军，多次带队扫荡根据地。结局：1946 年衡水万人公审，当场枪决,[],"2026-08-26 17:52:47","2026-08-26 17:52:47",,,,,
"59817446b2b649cc9625ef40d1741b6e",江辅华,,,,,"","",镇江,[],"[""清乡"", ""县长""]",抗日战争时期,汪伪政权,伪任职务：原镇丹县抗日副县长，随包建华投敌；伪别动队副大队长，驻守马陵据点，在镇句边境清乡扫荡，残害地方百姓镇江文明网。。结局：抗战胜利公审处决,[],"2026-08-26 17:52:47","2026-08-26 17:52:47",,,,,
"59beae9ecaad49c599acb6989cf4302f",佟衡,,,,,exact,exact,吉林,[],"[""伪第二军管区参谋长，伪军少将""]",抗日战争时期,"",伪职：伪第二军管区参谋长，伪军少将；罪行：协助吉兴策划对吉林抗联的多次大讨伐。；结局：苏军逮捕，抚顺战犯管理所，后期特赦。,[],"2026-08-27 03:29:02.094691","2026-08-27 03:29:02.094691",,,,,
"59d7a37086b043978ae3c4dcdb1049c2",赵佐周,,,,,exact,exact,绥中,[],"[""伪绥中县县长""]",抗日战争时期,"",伪职：伪绥中县县长；罪行：管控山海关外沿海，盘查过往人员，强征物资，镇压地方抗日力量。；结局：解放后以汉奸罪惩处。,[],"2026-08-27 03:29:02.092524","2026-08-27 03:29:02.092524",,,,,
"59db3c1ffb774a9ebcc618e67a2e7f0d",杨雄（杨丽章）,,,,,"","",广西贵县（贵港）,[],"[""县长""]",抗日战争时期,汪伪政权,伪任职务：伪贵县县长，设立伪县政府，设立良民证、赌场烟馆，强征粮夫，洗劫周边乡村。结局：1950 年公审枪决,[],"2026-08-26 17:52:47","2026-08-26 17:52:47",,,,,
"59e96cd7febd4015a3fc9957ab35463b",卢元善,,,,,exact,exact,辽宁金县,[],"[""伪满文教部大臣""]",抗日战争时期,"",伪职：伪满文教部大臣；罪行：强力推行日式奴化教育，清洗爱国师生。；结局：苏军逮捕，抚顺战犯管理所，后特赦。,[],"2026-08-27 03:29:02.094000","2026-08-27 03:29:02.094000",,,,,
"5a1731ad31db45d29b856facee151909",崔子和,,,,,exact,exact,"",[],"[""伪饶阳县县长；五一大扫荡之后强化保甲制度。""]",抗日战争时期,"",伪职：伪饶阳县县长；五一大扫荡之后强化保甲制度。；结局：战后汉奸罪判处徒刑,[],"2026-08-27 03:29:02.084616","2026-08-27 03:29:02.084616",,,,,
"5a17d35ecb214823b29c0fb1491a34c4",张温,,,,,exact,exact,绛县,[],"[""伪大交区长""]",抗日战争时期,"",伪职：伪大交区长；罪行：组建伪区政权，抓丁扩充伪警备队，为董封据点日军搜集情报。；结局：解放后清算处决,[],"2026-08-27 03:29:02.089241","2026-08-27 03:29:02.089241",,,,,
"5a1fe35a7a0248d6b72359c461dce419",余传忠,,,,,"","",江西瑞昌,[],"[""军长"", ""县长""]",抗日战争时期,汪伪政权,伪任职务：伪瑞昌县县长、伪保安总队长，多次带路扫荡，屠杀抗日军民。结局：1945 年日本投降后被诱捕捕杀,[],"2026-08-26 17:52:47","2026-08-26 17:52:47",,,,,
"5a4dadb8262940438c5304bc3cc2df59",补英达赖,,,,,"","",内蒙古锡林郭勒,[],[],抗日战争时期,汪伪政权,伪任职务：德王的姑父，伪蒙疆高官，多次派人潜入外蒙古游说王公投靠日本，本身是内蒙古人。结局：1945 年被外蒙古逮捕，关押，后引渡回国审判,[],"2026-08-26 17:52:47","2026-08-26 17:52:47",,,,,
"5a738668c68c451d9915a6d1e67132e6",许铁英,,,,,exact,exact,永年,"[""铁磨头""]","[""土匪投敌，伪铁血团司令；残害抗日军民数百人；日降后被国民党收编，固守广府城，四处烧杀抢掠，制造多起惨案抖音百科。""]",抗日战争时期,"",伪职：土匪投敌，伪铁血团司令；残害抗日军民数百人；日降后被国民党收编，固守广府城，四处烧杀抢掠，制造多起惨案抖音百科。；结局：1947 永年解放突围时被击毙,[],"2026-08-27 03:29:02.078433","2026-08-27 03:29:02.078433",,,,,
"5abc99ecdd994d9e967832abf2687cde",杨志玉,,,,,exact,exact,陵川,[],"[""伪陵川县县长（上党四大天王之一）""]",抗日战争时期,"",伪职：伪陵川县县长（上党四大天王之一）；罪行：原国民党陵川县长，1943 率县政府整套人马投敌；建立陵川伪政权，指挥伪军清乡搜捕抗日军民。；结局：陵川收复后审判处决,[],"2026-08-27 03:29:02.088470","2026-08-27 03:29:02.088470",,,,,
"5ae661328a2d41ae9a6397ca1bc68be6",唐仰杜,,,,,"","",山东邹城,[],"[""省级长官""]",抗日战争时期,汪伪政权,伪任职务：伪山东省省长（1939‑1945），推行治安强化运动，经济掠夺山东沦陷区人民网。结局：1951 年镇反被处决,[],"2026-08-26 17:52:47","2026-08-26 17:52:47",,,,,
"5af20751d5be4d6483465be435d84cac",李麟阁,,,,,exact,exact,蒙城县城,[],"[""蒙城沦陷时期伪商会会长""]",抗日战争时期,"",伪职：蒙城沦陷时期伪商会会长；罪行：蒙城沦陷时出任伪商会头目，摊派商捐，搜刮物资供给日军；蒙城收复后尚未逃窜即被爱国县长马忍言抓捕处决中安在线。；结局：1939 年被就地枪毙。,[],"2026-08-27 03:29:02.105714","2026-08-27 03:29:02.105714",,,,,
"5b070f1b5611489597226f2a8233973c",柴子敬,,,,,exact,exact,曲沃,[],"[""伪曲沃警备大队长""]",抗日战争时期,"",伪职：伪曲沃警备大队长；罪行：驻守曲沃、侯马据点，多次随同日军外出扫荡。；结局：解放后公审枪决,[],"2026-08-27 03:29:02.090168","2026-08-27 03:29:02.090168",,,,,
"5b18a0f4b2254f55ada2bca1fba7d090",葛明,,,,,exact,exact,安庆钱牌楼,[],"[""日伪华林剧院经理、日军翻译""]",抗日战争时期,"",伪职：日伪华林剧院经理、日军翻译；罪行：扬州籍翻译，勾结青帮，经营敌伪剧院，借演艺场所搜集社会情报，招待日军，扶持亲日文艺演出，盘剥削艺人员。；结局：抗战胜利附逆案判刑。,[],"2026-08-27 03:29:02.104597","2026-08-27 03:29:02.104597",,,,,
"5b32538e01324e279e0272dbbb334a75",王辅臣,,,,,exact,exact,辽阳,[],"[""伪辽阳县警务科长""]",抗日战争时期,"",伪职：伪辽阳县警务科长；罪行：掌管全县伪警察特务系统，在隆昌、吉洞峪、河栏一带推行集团部落，拆民房并屯，迫害抗联交通员与家属。；结局：解放后公审枪决。,[],"2026-08-27 03:29:02.093044","2026-08-27 03:29:02.093044",,,,,
"5b32a48b5b0747779777cae12a0d30e9",王臣盛,,,,,exact,exact,郎溪钟桥,"[""王巨盛""]","[""内奸匪徒""]",抗日战争时期,"",伪职：内奸匪徒；罪行：与任水生合伙通敌，传递情报，策划抢劫游击队武器物资。；结局：被游击连捕获处决。,[],"2026-08-27 03:29:02.106475","2026-08-27 03:29:02.106475",,,,,
"5b352e07302c48d889c312d47788ca95",田茂舟,,,,,exact,exact,盐城县城,[],"[""伪盐城县县长""]",抗日战争时期,"",伪职：伪盐城县县长；罪行：盐城伪政权主官，配合伪军赵云祥部，推行伪保甲、征粮抓丁，搜捕城内地下抗日人员。；结局：盐城解放时被逮捕，汉奸审判判刑中国新闻网。,[],"2026-08-27 03:29:02.099836","2026-08-27 03:29:02.099836",,,,,
"5b58ebd4d86a49bbbdd97fc43b6424e2",肖结贤,,,,,exact,exact,山西临汾,[],"[""伪邢台警备联队副联队长（实际军事主官），后升任顺德道警备教导团团长，训练全道伪军基层军官。""]",抗日战争时期,"",伪职：伪邢台警备联队副联队长（实际军事主官），后升任顺德道警备教导团团长，训练全道伪军基层军官。；结局：邢台解放被俘，公审枪决,[],"2026-08-27 03:29:02.082032","2026-08-27 03:29:02.082032",,,,,
"5b68025b11194edca1dfbc46e93cc731",张鸿飞,,,,,"","",山东胶州,[],"[""市长"", ""军长"", ""旅长"", ""特务"", ""县长""]",抗日战争时期,伪军,伪任职务：伪山东特务第四旅旅长，胶县伪军头目，鱼肉乡里中共青岛市...。结局：建国后逮捕，1954 年胶州处决,[],"2026-08-26 17:52:47","2026-08-26 17:52:47",,,,,
"5b759c2783814f34aa0ecea6f9089679",黄玉树,,,,,exact,exact,湄洲‑乌丘海域,[],"[""伪和平救国军支队头目""]",抗日战争时期,"",伪职：伪和平救国军支队头目；罪行：海匪出身，受日军收编，在莆田沿海烧杀抢劫，逼迫沿海百姓缴纳伪捐，贩卖毒品毒害沿海乡村。；结局：抗战胜利后溃散，解放后被镇压。,[],"2026-08-27 03:29:02.079966","2026-08-27 03:29:02.079966",,,,,
"5b816abf0396493e8a31bf3963727d5a",张雪涛,,,,,exact,exact,青龙,[],"[""伪讨伐队队长；抓捕杀害地下支部书记金成山等多名抗日干部，酷刑残害群众。""]",抗日战争时期,"",伪职：伪讨伐队队长；抓捕杀害地下支部书记金成山等多名抗日干部，酷刑残害群众。；结局：解放后抓获，判处长期徒刑,[],"2026-08-27 03:29:02.081509","2026-08-27 03:29:02.081509",,,,,
"5b99c29b766042e388d9383d752a9262",阎传绂,,,,,exact,exact,辽宁海城,[],"[""伪吉林省第三任省长、伪司法部大臣""]",抗日战争时期,"",伪职：伪吉林省第三任省长、伪司法部大臣；罪行：主持吉林殖民统治；后调伪满中央，执掌伪司法，大量判处 “国事犯”，迫害爱国志士。；结局：苏军逮捕，抚顺战犯管理所，后期特赦释放。,[],"2026-08-27 03:29:02.094327","2026-08-27 03:29:02.094327",,,,,
"5ba4ffe3a8b14f369e89e6db63acd8e8",王缵绪,,,,,exact,exact,"",[],"[""伪五寨县县长""]",抗日战争时期,"",伪职：伪五寨县县长；罪行：管控晋西北据点，摊派粮款，修筑炮楼。；结局：战后逮捕判刑,[],"2026-08-27 03:29:02.089930","2026-08-27 03:29:02.089930",,,,,
"5bb3c454ff5a4700b176408203141c6e",武修忠,,,,,exact,exact,抚宁,[],"[""伪警察大队长；盘踞抚宁东部，进山扫荡，残害山区百姓。""]",抗日战争时期,"",伪职：伪警察大队长；盘踞抚宁东部，进山扫荡，残害山区百姓。；结局：1942 隔河头战斗被八路军 12 团击毙,[],"2026-08-27 03:29:02.099636","2026-08-27 03:29:02.099636",,,,,
"5bb9bd23380e41cf8e94f3073bcaa967",韩铁汉,,,,,exact,exact,逊克、北安交界朝阳山,[],"[""原抗联三军人员，叛徒""]",抗日战争时期,"",伪职：原抗联三军人员，叛徒；罪行：叛变投敌，杀害抗联三军三师政治部主任常有钧；充当伪讨伐队向导，在朝阳山一带搜剿抗联西征部队，出卖山林密营信息。；结局：解放后镇压反革命公审枪决。,[],"2026-08-27 03:29:02.098391","2026-08-27 03:29:02.098391",,,,,
"5bd2dd582fe0400eb7fc5be5cd6b325d",倪道烺,,,,,exact,exact,蚌埠伪省府，籍贯今阜南抖音百科,[],"[""汪伪安徽省首任省主席（阜南县倪新寨人，驻蚌埠）""]",抗日战争时期,"",伪职：汪伪安徽省首任省主席（阜南县倪新寨人，驻蚌埠）；罪行：阜阳籍最大汉奸，主持安徽沦陷区伪政权；推行清乡、抓捕抗日军民，强征劳工，开设鸦片馆，设立慰安所，搜刮安徽沦陷区物资供给日军。；结局：抗战胜利被捕，1951 年蚌埠公审枪决抖音百科。,[],"2026-08-27 03:29:02.105083","2026-08-27 03:29:02.105083",,,,,
"5bdf9691a1f342c6a8a49e81da8c3f1b",杨敬之,,,,,exact,exact,"",[],"[""伪锦西县伪县长""]",抗日战争时期,"",伪职：伪锦西县伪县长；罪行：伪满正式建制后的锦西县主官；推行保甲连坐，强征劳工粮食，配合日伪对虹螺岘、缸窑岭山区义勇军进行讨伐，参与下五家子惨案相关治安部署。；结局：光复后汉奸罪判刑。,[],"2026-08-27 03:29:02.093712","2026-08-27 03:29:02.093712",,,,,
"5c0f9b11611940c487e40f3dd9207965",张士元,,,,,exact,exact,宣化,[],"[""伪宣化特务系长；发展大批乡村眼线，搜捕宣涿怀联合县地下干部。""]",抗日战争时期,"",伪职：伪宣化特务系长；发展大批乡村眼线，搜捕宣涿怀联合县地下干部。；结局：镇反时期处决,[],"2026-08-27 03:29:02.082910","2026-08-27 03:29:02.082910",,,,,
"5c14da85b9d342a8b62a18d952cb507a",李汉卿,,,,,exact,exact,石家庄,[],"[""石门治安维持会首任会长，日军入城最早傀儡，组织登记户口、征粮征夫，协助日军搜捕爱国人员。""]",抗日战争时期,"",伪职：石门治安维持会首任会长，日军入城最早傀儡，组织登记户口、征粮征夫，协助日军搜捕爱国人员。；结局：1945 年潜逃，1950 年镇反抓捕，判处有期徒刑 10 年,[],"2026-08-27 03:29:02.078147","2026-08-27 03:29:02.078147",,,,,
"5c1a75637a7e4fb8aeec138e117e6432",王臣盛,,,,,exact,exact,郎溪钟桥,"[""王巨盛""]","[""内奸匪徒""]",抗日战争时期,"",伪职：内奸匪徒；罪行：与任水生合伙通敌，传递情报，策划抢劫游击队武器物资。；结局：被游击连捕获处决。,[],"2026-08-27 03:29:02.106062","2026-08-27 03:29:02.106062",,,,,
"5c22bfbe4807424892d55721834e4f5b",邢士廉,,,,,exact,exact,辽宁沈阳,[],"[""伪满军事部大臣，伪满上将""]",抗日战争时期,"",伪职：伪满军事部大臣，伪满上将；罪行：原东北军投敌；掌管伪满军事，指挥伪军讨伐抗联，推行集家归屯。；结局：苏军逮捕，抚顺战犯管理所，1954 年狱中病死吉林省地方...。,[],"2026-08-27 03:29:02.094017","2026-08-27 03:29:02.094017",,,,,
"5c4c787f7672455591b464a742915638",杨顶恒,,,,,exact,exact,东海曹浦,[],"[""伪地方恶霸、武装头目""]",抗日战争时期,"",伪职：伪地方恶霸、武装头目；罪行：抗战时期私养数百人武装，投靠日伪，屠杀抗日干部民兵；战后变成还乡团继续反攻倒算，制造多起血案。；结局：解放后公审处决。,[],"2026-08-27 03:29:02.099288","2026-08-27 03:29:02.099288",,,,,
"5c59f605a08244f0b51470c590d9b1d6",张雨新,,,,,exact,exact,林口刁翎、三道通一带,"[""张黑子""]","[""日军特务，刁翎玉泉涌烧锅掌柜；光复后国民党先遣军中将总指挥""]",抗日战争时期,"",伪职：日军特务，刁翎玉泉涌烧锅掌柜；光复后国民党先遣军中将总指挥；罪行：九一八投靠日本，接受特务训练，以烧锅为据点搜集抗联情报，带队扫荡山林；光复后网罗伪军警土匪，烧杀劫掠，残害基层革命干部。；结局：1946 年剿匪被俘，公审枪决。,[],"2026-08-27 03:29:02.097136","2026-08-27 03:29:02.097136",,,,,
"5c64bcd880ca46b496c5c98594ae9287",周广生,,,,,exact,exact,肇源一带,[],"[""伪满国兵，告密叛徒""]",抗日战争时期,"",伪职：伪满国兵，告密叛徒；罪行：告密抗联十二支队支队长徐泽民隐蔽地点，威逼知情群众供出线索，直接促成徐泽民被捕，三肇抗联领导核心遭到破坏。；结局：解放后被公审处决。,[],"2026-08-27 03:29:02.097990","2026-08-27 03:29:02.097990",,,,,
"5c7670477ef74af4954f3bca98b964ce",陈见园,,,,,"","",不详,[],"[""市长""]",抗日战争时期,汪伪政权,伪任职务：伪厦门特别市政府秘书长，伪市府核心幕僚。结局：战后逮捕判处徒刑，狱中病亡,[],"2026-08-26 17:52:47","2026-08-26 17:52:47",,,,,
"5c77acb6538c4bc6b67013a3c74951a7",王连璧,,,,,exact,exact,昌黎,[],"[""伪昌黎县县长、新民会头目；推行奴化教育，掠夺粮食矿产，管控滦河沿线据点。""]",抗日战争时期,"",伪职：伪昌黎县县长、新民会头目；推行奴化教育，掠夺粮食矿产，管控滦河沿线据点。；结局：日本投降后逮捕判刑,[],"2026-08-27 03:29:02.099651","2026-08-27 03:29:02.099651",,,,,
"5c77c0394ff841aabbf3a858011abb5a",唐方英,,,,,exact,exact,福州城内,[],"[""伪特务""]",抗日战争时期,"",伪职：伪特务；罪行：混迹街巷搜集情报，罗织罪名构陷百姓。；结局：1946‑06‑05 枪决。,[],"2026-08-27 03:29:02.080210","2026-08-27 03:29:02.080210",,,,,
"5c7ffed3edc9462d82989c6c8e4cfa26",阎子良,,,,,exact,exact,猗氏,[],"[""伪猗氏县县长""]",抗日战争时期,"",伪职：伪猗氏县县长；罪行：组建伪政权，强征粮棉，配合日军清乡。；结局：战后逮捕判刑,[],"2026-08-27 03:29:02.089324","2026-08-27 03:29:02.089324",,,,,
"5cbc8911830041cb9d596ba67b2f90a9",王子林,,,,,exact,exact,丰南小集,"[""三嘎子""]","[""冀东大暴动失败后投敌，伪冀东警备队头目；盘踞小集、稻地一带，修建多处炮楼，频繁扫荡路南根据地，烧杀抢掠百姓。""]",抗日战争时期,"",伪职：冀东大暴动失败后投敌，伪冀东警备队头目；盘踞小集、稻地一带，修建多处炮楼，频繁扫荡路南根据地，烧杀抢掠百姓。；结局：1947 年小集据点被攻克被俘，公审枪决,[],"2026-08-27 03:29:02.086853","2026-08-27 03:29:02.086853",,,,,
"5cc1802710c0466fb19df37aa0f15c3d",杜运宇,,,,,"","",山东,[],"[""部长"", ""军长""]",抗日战争时期,汪伪政权,伪任职务：伪蒙疆交通部长，主管平绥铁路，为日军转运兵员物资。结局：关押改造期间病亡，未等到特赦,[],"2026-08-26 17:52:47","2026-08-26 17:52:47",,,,,
"5cd9d2c429624c9190edc1a12b5a07da",殷汝耕,亦农,,1885,1947,exact,exact,浙江平阳,"[""\u6BB7\u4EA6\u519C""]","[""\u4F2A\u5180\u4E1C\u9632\u5171\u81EA\u6CBB\u653F\u5E9C\u4E3B\u5E2D"",""\u534E\u5317\u8001\u724C\u6C49\u5978""]",抗日战争时期,伪冀东防共自治政府 / 汪伪政权,殷汝耕，字亦农，浙江平阳人。早年留学日本，毕业于早稻田大学，娶日本女子为妻。北洋时期服务于各系军阀。1935年11月25日在河北通县成立「冀东防共自治委员会」，后改称「冀东防共自治政府」，任主席，是抗战前第一个公开独立的汉奸政权。1947年12月1日在南京老虎桥监狱被执行枪决。,[],"2026-08-23 12:19:50.915127","2026-08-23 12:19:50.915128",,,,,
"5d13dd51f3264623b76e941e9149b4d4",王英,,,,,exact,exact,文水,[],"[""伪文水警备大队长""]",抗日战争时期,"",伪职：伪文水警备大队长；罪行：驻守文水县城、开栅据点，多次袭扰八分区根据地边缘。；结局：解放后公审枪决,[],"2026-08-27 03:29:02.090432","2026-08-27 03:29:02.090432",,,,,
"5d201cc9eaf64ca99be97bf92f1d4989",傅君实,,,,,exact,exact,蚌埠城区,[],"[""蚌埠维持会首任会长、伪安徽省政府秘书长""]",抗日战争时期,"",伪职：蚌埠维持会首任会长、伪安徽省政府秘书长；罪行：蚌埠最早投敌头目，1938 年 3 月牵头组建维持会，迎接日军入城；后任伪省府秘书长，辅佐多任伪省主席，参与全省伪政务规划，搜刮物资资敌。；结局：1951 年蚌埠公审枪决。,[],"2026-08-27 03:29:02.103430","2026-08-27 03:29:02.103430",,,,,
"5d9bd292055341e7b2e733573f2540bb",汤希铭,,,,,exact,exact,海伦县,[],"[""伪海伦县警务科长""]",抗日战争时期,"",伪职：伪海伦县警务科长；罪行：执掌海伦伪警察，带队讨伐抗联三、六支队，刑讯迫害被捕抗日军民，参与平原地区 “肃正” 扫荡。；结局：抗战胜利后被民主政府逮捕审判。,[],"2026-08-27 03:29:02.098546","2026-08-27 03:29:02.098546",,,,,
"5df7b8c291674aeeae2e3bf13192618c",董廷勋,,,,,exact,exact,穆棱下城子、马桥河,[],"[""伪穆棱县警察讨伐队警尉""]",抗日战争时期,"",伪职：伪穆棱县警察讨伐队警尉；罪行：带领伪讨伐队清剿吉东抗联，搜捕地下党、救国会员，酷刑审讯被捕爱国人士。；结局：解放后镇压反革命公审处决。,[],"2026-08-27 03:29:02.097174","2026-08-27 03:29:02.097174",,,,,
"5dfcb3e5597e4ff8a6982612fa86dca9",王子衡,,,,,exact,exact,黑河全省,[],"[""伪黑河省省长，后伪滨江省省长""]",抗日战争时期,"",伪职：伪黑河省省长，后伪滨江省省长；罪行：伪黑河省最高行政长官，全面执行日本殖民统治，推行粮食出荷、边境封锁，配合对三支队抗联的大讨伐；后调任滨江省省长抖音百科。；结局：1945 年苏军抓捕押往苏联，1950 年遣返回抚顺战犯管理所，后特赦释放。,[],"2026-08-27 03:29:02.098356","2026-08-27 03:29:02.098356",,,,,
"5e9608c2f24748759e7a39ceeda7b0f8",齐万才,,,,,exact,exact,隆化,[],"[""伪隆化讨伐队头目；盘踞隆化县城、张三营，下乡烧杀抢掠。""]",抗日战争时期,"",伪职：伪隆化讨伐队头目；盘踞隆化县城、张三营，下乡烧杀抢掠。；结局：解放后镇反处决,[],"2026-08-27 03:29:02.083356","2026-08-27 03:29:02.083356",,,,,
"5ec7bd2081574e58879ae5c19c26853d",朱万金,,,,,exact,exact,瑞昌县（今瑞昌市）,[],"[""日军向导、瑞昌知名汉奸""]",抗日战争时期,"",伪职：日军向导、瑞昌知名汉奸；罪行：湖北黄梅人，早年在瑞昌做小生意，抗战时为日军带路，引导日军进攻瑞昌磨山、蛤蟆洞等阵地，导致守军一个团全员牺牲，后长期为日军效力、祸害当地百姓；结局：解放后在群众强烈要求下被政府处决（来源：《瑞昌县志》有明确记载的汉奸，瑞昌沦陷期核心带路党）,[],"2026-08-27 03:29:02.077661","2026-08-27 03:29:02.077661",,,,,
"5f17981557364628ba82e9da67a602a6",吴冰（川岛芳子助手）,,,,,"","",混血，外籍背景，潜入成都,[],"[""市长"", ""军长"", ""旅长""]",抗日战争时期,汪伪政权,伪任职务：受川岛芳子派遣，经河内、昆明潜入成都，目标刺探川西军用机场、兵工厂情报，在牛市口旅馆落网。。结局：捕获审讯，后处决,[],"2026-08-26 17:52:47","2026-08-26 17:52:47",,,,,
"5f22e8151560420392f1e25099519f2c",魏曙东,,,,,exact,exact,芜湖,[],"[""汪伪末代芜湖县长""]",抗日战争时期,"",伪职：汪伪末代芜湖县长；罪行：日军投降前最后一任伪县长，维持日伪统治直至投降。；结局：1945 年肃奸被捕惩处。,[],"2026-08-27 03:29:02.103205","2026-08-27 03:29:02.103205",,,,,
"5f3e345a310f498aa09140028d473024",张晓舟,,,,,exact,exact,深泽,[],"[""原安平县抗日县长，叛变投敌；熟悉根据地内情，为日军出谋划策，瓦解抗日力量，危害极大。""]",抗日战争时期,"",伪职：原安平县抗日县长，叛变投敌；熟悉根据地内情，为日军出谋划策，瓦解抗日力量，危害极大。；结局：安平解放被俘，公审死刑,[],"2026-08-27 03:29:02.084631","2026-08-27 03:29:02.084631",,,,,
"5f58512df8234decb488ef937fc96fed",吴云生,,,,,exact,exact,新昌城区,[],"[""新昌伪治安委员会骨干""]",抗日战争时期,"",伪职：新昌伪治安委员会骨干；罪行：维持会核心成员，协助伪县长管控市面，为日军搜集物资，告密乡间抗日动态今日新昌数...。；结局：汉奸清算判处有期徒刑。,[],"2026-08-27 03:29:02.101813","2026-08-27 03:29:02.101813",,,,,
"5f62f8bb04fa48378d8d61bf291dd4b6",常建邦,,,,,exact,exact,潞城,[],"[""伪潞城县参议员，原我方参议员叛变""]",抗日战争时期,"",伪职：伪潞城县参议员，原我方参议员叛变；罪行：公开投敌，出卖根据地情报，破坏潞城地下组织。；结局：被抗日政府逮捕处决。,[],"2026-08-27 03:29:02.087852","2026-08-27 03:29:02.087852",,,,,
"5f77a397dae84266b81a0f47196d66aa",张相周,,,,,exact,exact,"",[],"[""末代伪抚宁县县长，强化物资统制，配合日军制造长城无人区。""]",抗日战争时期,"",伪职：末代伪抚宁县县长，强化物资统制，配合日军制造长城无人区。；结局：战后汉奸罪判处长期徒刑,[],"2026-08-27 03:29:02.096021","2026-08-27 03:29:02.096021",,,,,
"5f7cefa07f2542e59cd0e8797261a11d",侯本生,,,,,exact,exact,亳县北部、芦家庙一带,[],"[""伪军团长（张岚峰部）""]",抗日战争时期,"",伪职：伪军团长（张岚峰部）；罪行：豫东伪军主力，配合日军进犯亳县，频繁袭扰亳北根据地，抓捕地方抗日干部，劫掠乡村百姓中安在线。；结局：解放战争中被歼灭。,[],"2026-08-27 03:29:02.105669","2026-08-27 03:29:02.105669",,,,,
"5f7ebf4526f4421ca9f1fbd2f6de3c42",吕桂生,,,,,exact,exact,上虞全境,[],"[""伪上虞伪警察大队长""]",抗日战争时期,"",伪职：伪上虞伪警察大队长；罪行：伪武装头目，带队下乡搜捕地下党、抗日群众，多次配合日军扫荡虞北。；结局：公审枪决。,[],"2026-08-27 03:29:02.101604","2026-08-27 03:29:02.101604",,,,,
"5f868a0fff4e4e8491cf267f1a6e0484",黄大伟,,,,,"","",湖北,[],"[""军长"", ""司令"", ""总司令""]",抗日战争时期,伪军,伪任职务：伪闽粤边区绥靖总司令，盘踞粤东，收编潮汕土匪伪军。结局：1944 年在上海被军统刺杀,[],"2026-08-26 17:52:47","2026-08-26 17:52:47",,,,,
"5f8b34b4f30046aba88688d030dfde9f",高凌霨,,,,,"","",天津（战时属河北）,[],"[""省级长官"", ""维持会""]",抗日战争时期,汪伪政权,伪任职务：伪河北省首任省长、天津维持会会长。结局：抗战胜利后被捕，1940 年狱中病死,[],"2026-08-26 17:52:47","2026-08-26 17:52:47",,,,,
"5f8cbe99bc084540975f7801de9304b7",薛宝泉,,,,,exact,exact,莆田梧塘、涵江一带,[],"[""叛变地下交通员，日伪内线""]",抗日战争时期,"",伪职：叛变地下交通员，日伪内线；罪行：原渔溪特支书记，自首叛变；设计诱捕闽中特委王于洁等五位领导，出卖闽中地下组织，充当特务眼线，为日伪搜集内陆情报莆田新闻网。；结局：解放后清算公审处决。,[],"2026-08-27 03:29:02.079974","2026-08-27 03:29:02.079974",,,,,
"5fb39a9b41494792a15b25922e18bd04",郭估来,,,,,exact,exact,福州城区,[],"[""伪便衣特务""]",抗日战争时期,"",伪职：伪便衣特务；罪行：抓捕、刑讯嫌疑爱国分子，为日军充当耳目。；结局：1946‑06‑05 枪决。,[],"2026-08-27 03:29:02.080200","2026-08-27 03:29:02.080200",,,,,
"5fb9440d0c5445cf83f4576965054640",张惕勤,,,,,exact,exact,不在合肥本地活动,[],"[""汪伪空军，合肥籍""]",抗日战争时期,"",伪职：汪伪空军，合肥籍；罪行：原国军飞行员，1941 驾机投敌，加入汪伪空军，参与轰炸大后方，合肥籍贯的知名投敌人员。；结局：1948 年上海判处死刑枪决。,[],"2026-08-27 03:29:02.103020","2026-08-27 03:29:02.103020",,,,,
"5fd7c020090f4c59b67244e4249a5238",张公度,,,,,exact,exact,襄垣,[],"[""伪襄垣县县长""]",抗日战争时期,"",伪职：伪襄垣县县长；罪行：建立襄垣伪县公署，推行保甲，配合日军清乡。；结局：上党战役被俘，后审判处决。,[],"2026-08-27 03:29:02.088186","2026-08-27 03:29:02.088186",,,,,
"5fde229a3d314c8ba747cdd36651bd5b",李泽生,,,,,exact,exact,三河,[],"[""伪三河县长，新民会会长。""]",抗日战争时期,"",伪职：伪三河县长，新民会会长。；结局：抗战胜利判处徒刑,[],"2026-08-27 03:29:02.092060","2026-08-27 03:29:02.092060",,,,,
"5fe7201e43be4ee5a53f827d7352c571",王惠卿,,,,,exact,exact,海城,[],"[""伪海城县县长（伪奉天省）""]",抗日战争时期,"",伪职：伪海城县县长（伪奉天省）；罪行：海城当时归伪奉天省，建立伪县公署，推行保甲连坐，强征劳工粮食，围剿辽南抗日义勇军。；结局：抗战胜利逮捕，汉奸罪判刑。,[],"2026-08-27 03:29:02.091265","2026-08-27 03:29:02.091265",,,,,
"5febe84631ee4a52909d304b4584a1b9",孙景春,,,,,exact,exact,沭阳乡镇,[],"[""伪沭阳伪区长""]",抗日战争时期,"",伪职：伪沭阳伪区长；罪行：基层伪政权头目，下乡推行保甲，告密抗日武装情报，抓捕接济抗日队伍乡民中共宿迁市...。；结局：公审就地枪决。,[],"2026-08-27 03:29:02.100455","2026-08-27 03:29:02.100455",,,,,
"5fff5e1c504f469a855bc1ef8e17b43a",姜庆元,,,,,exact,exact,北票,[],"[""伪北票县县长""]",抗日战争时期,"",伪职：伪北票县县长；罪行：北票煤矿为日伪掠夺重点；主持伪县政，强征劳工，看管煤矿战俘劳工，镇压煤矿工人反抗。；结局：解放后汉奸罪惩处。,[],"2026-08-27 03:29:02.093575","2026-08-27 03:29:02.093575",,,,,
"600495fd99ed4fca80ea6ddbd1657c9a",郑阿财,,,,,exact,exact,蕉城飞鸾、三都澳周边,[],"[""日伪外围眼线""]",抗日战争时期,"",伪职：日伪外围眼线；罪行：混入三都澳难民之中，搜集港口防务情报，给海上伪军通风报信，指认爱国渔民。；结局：宁德地方自卫队抓获，判处有期徒刑。,[],"2026-08-27 03:29:02.078941","2026-08-27 03:29:02.078941",,,,,
"601ed34d94f945a8985c21f960c5ca42",陈炬民,,,,,exact,exact,滁县津浦沿线,[],"[""伪军谍报队队长""]",抗日战争时期,"",伪职：伪军谍报队队长；罪行：伪军情报头目，搜集淮南根据地军事情报，策反我方基层人员。；结局：肃奸运动法办重刑。,[],"2026-08-27 03:29:02.104893","2026-08-27 03:29:02.104893",,,,,
"60444f38b4204dfdb88e1aebb3906399",张哈飞,,,,,exact,exact,武清,[],"[""原抗日游击队叛变，伪安次‑武清自卫团大队长；分驻黄花店、东沽港，疯狂讨伐抗日武装。""]",抗日战争时期,"",伪职：原抗日游击队叛变，伪安次‑武清自卫团大队长；分驻黄花店、东沽港，疯狂讨伐抗日武装。；结局：抗战胜利被国民党收编，解放后镇反处决北方网,[],"2026-08-27 03:29:02.083874","2026-08-27 03:29:02.083874",,,,,
"6049fc0b7bdb46c8b6c630f7f73bade9",林忠,,,,,exact,exact,福州城内,[],"[""伪市政委员会委员""]",抗日战争时期,"",伪职：伪市政委员会委员；罪行：伪政权核心成员，参与伪行政、伪警机构组建，协助日军管控城区，搜集民间情报，迫害爱国人士。；结局：肃奸公审枪决。,[],"2026-08-27 03:29:02.080096","2026-08-27 03:29:02.080096",,,,,
"604d1eebf2364a3ebbd89eb75f518cee",张守业,,,,,exact,exact,乌衣（津浦铁路重镇）,[],"[""乌衣镇伪维持会长""]",抗日战争时期,"",伪职：乌衣镇伪维持会长；罪行：乌衣头号汉奸，迎接日军进驻，办理良民证，征夫征粮，充当向导，配合铁路沿线扫荡。；结局：抗战胜利后判处死刑。,[],"2026-08-27 03:29:02.105007","2026-08-27 03:29:02.105007",,,,,
"6081a164264e4b068c4b15536761daf7",韩守魁,,,,,exact,exact,哈尔滨、北满各地,"[""金赤民""]","[""原中共哈尔滨特委书记，叛徒""]",抗日战争时期,"",伪职：原中共哈尔滨特委书记，叛徒；罪行：被捕叛变，出卖哈尔滨及北满地下党组织，造成 700 余人被捕，198 名革命者牺牲，北满城市地下组织几乎毁灭。；结局：被日军用完后处决。,[],"2026-08-27 03:29:02.095714","2026-08-27 03:29:02.095714",,,,,
"60a63d4362a648d795e98919c4c3b783",任水生,,,,,exact,exact,郎溪钟桥,[],"[""内奸惯匪""]",抗日战争时期,"",伪职：内奸惯匪；罪行：勾结伪军，密谋里应外合偷袭游击武装，企图暗杀乡干部，出卖游击区情报。；结局：游击连抓获就地枪毙。,[],"2026-08-27 03:29:02.106259","2026-08-27 03:29:02.106259",,,,,
"60baa87c1d514130a43c75ad624e0529",郑贞藩,,,,,exact,exact,福州城区,[],"[""伪市政委员会委员""]",抗日战争时期,"",伪职：伪市政委员会委员；罪行：伪组织骨干，参与经济掠夺，管控粮食、布匹物资供给日军。；结局：战后处决。,[],"2026-08-27 03:29:02.080114","2026-08-27 03:29:02.080114",,,,,
"60da99d89c0f49ed99e87bc74116db46",李印泉,,,,,exact,exact,"",[],"[""伪盐山县县长；冀鲁边核心敌占点，配合日军扫荡冀鲁边根据地。""]",抗日战争时期,"",伪职：伪盐山县县长；冀鲁边核心敌占点，配合日军扫荡冀鲁边根据地。；结局：战后逮捕判刑,[],"2026-08-27 03:29:02.083643","2026-08-27 03:29:02.083643",,,,,
"60eda6460154486f97aedc0d09bdaa67",刘玉书,,,,,"","",四川,[],"[""市长""]",抗日战争时期,汪伪政权,伪任职务：伪北平特别市后期市长。结局：抗战胜利 “鸿门宴” 被捕，判处徒刑，狱中病逝,[],"2026-08-26 17:52:47","2026-08-26 17:52:47",,,,,
"60f35afd520f4cd4a315f41c2f0409fa",曹鼎,,,,,"","",浙江，活动越南老街‑河口,[],"[""军长"", ""特务""]",抗日战争时期,汪伪政权,伪任职务：日本特务，原为河口邮政局长，在老街为日军搜集滇南布防情报，测绘滇越铁路桥梁图纸，跨境从事间谍活动云南网民族...。结局：我方设计诱捕，就地处置,[],"2026-08-26 17:52:47","2026-08-26 17:52:47",,,,,
"612f7b8b5d564029831ed065985d9f3c",常景晟,,,,,exact,exact,陵川梧桐村,[],"[""原国民党教育局长，日伪咨议员""]",抗日战争时期,"",伪职：原国民党教育局长，日伪咨议员；罪行：跟随韩维屏投敌，搜集陵高抗日政府情报，参与策划偷袭根据地。；结局：同案公审枪毙,[],"2026-08-27 03:29:02.088454","2026-08-27 03:29:02.088454",,,,,
"61480465bc5249fd8e6cb9bde48c7b6b",苏盛江,,,,,"","",山西,[],"[""省级长官"", ""厅长"", ""特务""]",抗日战争时期,汪伪政权,伪任职务：伪山西省警务厅长，掌控全省伪警察特务系统，镇压根据地。结局：抗战胜利被捕，判处徒刑，狱中死亡,[],"2026-08-26 17:52:47","2026-08-26 17:52:47",,,,,
"61b3f241ab1b4724a9c3dcf79fbd2446",张介福,,,,,exact,exact,任丘,[],"[""伪警察局督察长；参与反共誓约，抓捕拷问群众。""]",抗日战争时期,"",伪职：伪警察局督察长；参与反共誓约，抓捕拷问群众。；结局：镇反时期公审枪决,[],"2026-08-27 03:29:02.082637","2026-08-27 03:29:02.082637",,,,,
"61b99a408fa44e5b95e20bab1e3bac0a",森盖,,,,,exact,exact,达拉特旗,[],"[""达拉特旗康王手下，伪达拉特旗保安司令；投日后充当伪蒙古军向导，多次渡过黄河袭扰东胜、桃力民抗日根据地，劫掠牧民牲畜。""]",抗日战争时期,"",伪职：达拉特旗康王手下，伪达拉特旗保安司令；投日后充当伪蒙古军向导，多次渡过黄河袭扰东胜、桃力民抗日根据地，劫掠牧民牲畜。；结局：1940 马占山部进攻东胜被俘，处决,[],"2026-08-27 03:29:02.086152","2026-08-27 03:29:02.086152",,,,,
"61bc417bd17a4f919d2a7b13ab5c3323",郭光斗,,,,,exact,exact,伪厦门特别市法院,[],"[""伪法院书记长""]",抗日战争时期,"",伪职：伪法院书记长；罪行：协助伪司法机构，罗织罪名迫害抗日群众。；结局：肃奸判刑。,[],"2026-08-27 03:29:02.080479","2026-08-27 03:29:02.080479",,,,,
"61c5b685097949d5b821eee913602900",贾振锋,,,,,"","",东北,[],"[""县长""]",抗日战争时期,汪伪政权,伪任职务：沁县伪保安大队长，铁杆汉奸，在太岳区烧杀抢掠，残害群众。结局：抗战胜利后公审枪决,[],"2026-08-26 17:52:47","2026-08-26 17:52:47",,,,,
"61ce2b1f089c423a935d74ad6aac4157",张金祥,,,,,exact,exact,青龙,[],"[""伪讨伐队副司令；驻守青龙县城，进山扫荡无人区，捕杀抗日干部。""]",抗日战争时期,"",伪职：伪讨伐队副司令；驻守青龙县城，进山扫荡无人区，捕杀抗日干部。；结局：拒不投降，交战中被八路军歼灭,[],"2026-08-27 03:29:02.099690","2026-08-27 03:29:02.099690",,,,,
"61fda3cd7c6347b9a4c8ed8cdd5f8b6c",米子祥,,,,,exact,exact,忻县,[],"[""首任伪忻县县长""]",抗日战争时期,"",伪职：首任伪忻县县长；罪行：日军入城牵头组建维持会；推行保甲十家连坐，设立粮谷公会掠夺粮食，抓捕城内地下抗日人员。；结局：1945 被俘，汉奸罪判处 8 年徒刑,[],"2026-08-27 03:29:02.089729","2026-08-27 03:29:02.089729",,,,,
"61ffdad8ec4f4711b7d476263886d1cf",于福,,,,,exact,exact,抚松县,[],"[""伪抚松伪警察营营长""]",抗日战争时期,"",伪职：伪抚松伪警察营营长；罪行：王永诚心腹，随部投日；熟悉长白山山林，多次进山围剿抗联，抓捕抗日群众。；结局：抗战胜利后被民主政府镇压。,[],"2026-08-27 03:29:02.095253","2026-08-27 03:29:02.095253",,,,,
"6215c04b2e8a44a6b5dc966fbc129b96",袁琢斋,,,,,exact,exact,合肥老城区,[],"[""合肥维持会首任会长""]",抗日战争时期,"",伪职：合肥维持会首任会长；罪行：原红卐字会会长，合肥沦陷后牵头组建维持会，迎接日军入城，召集商户复业，强征粮草民夫资敌，办理良民证，是合肥最早投敌头目。；结局：抗战胜利后汉奸审判判处死刑。,[],"2026-08-27 03:29:02.102953","2026-08-27 03:29:02.102953",,,,,
"625f6b46b6cf463ea878350406905994",谭裕卿,,,,,exact,exact,海宁硖石,[],"[""伪海宁县首任知事（伪县长）""]",抗日战争时期,"",伪职：伪海宁县首任知事（伪县长）；罪行：海宁早期伪县长，沦陷后张贴标语强迫百姓悬挂太阳旗，为日军献送牛羊礼品，组建伪警察、合作社搜刮物资。；结局：汉奸清算判处有期徒刑。,[],"2026-08-27 03:29:02.101151","2026-08-27 03:29:02.101151",,,,,
"626be955f67c4518beee8bf130e2472f",苏阿义,,,,,exact,exact,龙溪石码、海澄,[],"[""日伪潜入谍报员""]",抗日战争时期,"",伪职：日伪潜入谍报员；罪行：厦门日伪派遣，伪装商贩潜入龙溪内地，侦查国军海防部署，收买地方败类，搜集漳州军政情报。；结局：军统闽南站破获，军法处决。,[],"2026-08-27 03:29:02.079427","2026-08-27 03:29:02.079427",,,,,
"6271e85ef88e4a44bef7032891647a8c",王祝三,,,,,exact,exact,宝坻,[],"[""伪宝坻县长，推行保甲连坐，配合治安强化运动。""]",抗日战争时期,"",伪职：伪宝坻县长，推行保甲连坐，配合治安强化运动。；结局：判处长期监禁,[],"2026-08-27 03:29:02.092027","2026-08-27 03:29:02.092027",,,,,
"6291821dd4b342a580940dfcbf0af30a",提乾元,,,,,exact,exact,诏安县城（1939 年短期沦陷）,[],"[""诏安临时维持会民政委员长""]",抗日战争时期,"",伪职：诏安临时维持会民政委员长；罪行：黄大伟伪军占领诏安期间出面投敌，组建临时维持会，征粮派款，胁迫商户纳贡，为日伪军搜罗物资，迫害爱国群众。；结局：国军收复诏安后捕获公审处决。,[],"2026-08-27 03:29:02.079311","2026-08-27 03:29:02.079311",,,,,
"6293af4157754893a2d30979b06ad250",伍廷芳,,,,,exact,exact,海盐澉浦、六里堰,[],"[""海盐澉浦伪乡霸汉奸""]",抗日战争时期,"",伪职：海盐澉浦伪乡霸汉奸；罪行：投靠日伪，仗势鱼肉乡里，迫害接济抗日队伍乡民，民愤极大海盐新闻数...。；结局：澉浦地下党武工队锄奸处决海盐新闻数...。,[],"2026-08-27 03:29:02.101189","2026-08-27 03:29:02.101189",,,,,
"62aae256f22b4e69a2f3f2a8a2530b3d",张慕陶,,,,,exact,exact,"",[],"[""伪安新县县长；白洋淀周边设立大量炮楼，搜捕雁翎队。""]",抗日战争时期,"",伪职：伪安新县县长；白洋淀周边设立大量炮楼，搜捕雁翎队。；结局：战后逮捕判刑,[],"2026-08-27 03:29:02.082605","2026-08-27 03:29:02.082605",,,,,
"62de0a91dcb440538aeab840bf2cbcad",于琛澂,,,,,exact,exact,黑龙江,[],"[""伪吉林省剿匪司令、伪满上将""]",抗日战争时期,"",伪职：伪吉林省剿匪司令、伪满上将；罪行：吉林伪军头号头目；多次大规模进攻吉林义勇军，对磐石、桦甸抗联根据地反复扫荡，烧杀村镇。；结局：1943 年病死。,[],"2026-08-27 03:29:02.094584","2026-08-27 03:29:02.094584",,,,,
"62de939362ef4bb283e4031ee4f6dc96",马俊臣,,,,,exact,exact,东北流亡,[],"[""日军翻译；协助刑讯被捕人员，参与推行保甲，向各村勒索物资。""]",抗日战争时期,"",伪职：日军翻译；协助刑讯被捕人员，参与推行保甲，向各村勒索物资。；结局：投降后企图逃天津，被民兵抓获镇压,[],"2026-08-27 03:29:02.084501","2026-08-27 03:29:02.084501",,,,,
"62e2b52d9fab46f5a9ed7d687123dbac",申保元,,,,,exact,exact,潞城,[],"[""伪潞城警备大队长""]",抗日战争时期,"",伪职：伪潞城警备大队长；罪行：盘踞潞城、微子镇据点，多次袭扰太行根据地边缘村庄。；结局：解放后镇压处决,[],"2026-08-27 03:29:02.087868","2026-08-27 03:29:02.087868",,,,,
"62e7a6a06da14f508e8f22d8adbd1e4b",谢兴如,,,,,exact,exact,镇海（今北仑）,[],"[""伪镇海维持会会长、伪镇海县县长""]",抗日战争时期,"",伪职：伪镇海维持会会长、伪镇海县县长；罪行：沦陷初期牵头组建镇海伪自治会，后任伪县长；搭建全套伪政权，设立侦缉总队、水警队，推行保甲、征粮派款，镇压当地抗日活动。；结局：抗战胜利后汉奸审判判处死刑。,[],"2026-08-27 03:29:02.100744","2026-08-27 03:29:02.100744",,,,,
"62f0092344be434cb75d96de339a02a4",崔效骞,,,,,"","",山西大同,[],"[""厅长""]",抗日战争时期,汪伪政权,伪任职务：伪晋北政厅厅长，伪蒙疆体系雁北高官，管理大同工矿掠夺。结局：抗战后被捕，公审处决,[],"2026-08-26 17:52:47","2026-08-26 17:52:47",,,,,
"630a346b612b489ca6efe1b1b422dec1",周少斋,,,,,exact,exact,宣城孙家埠集镇,[],"[""孙家埠伪区长""]",抗日战争时期,"",伪职：孙家埠伪区长；罪行：把持伪区政权，修建碉堡，搜集山区游击队情报，多次引导日伪军进山清剿，敲诈沿江商旅。；结局：被皖南武工队锄奸击毙。,[],"2026-08-27 03:29:02.106505","2026-08-27 03:29:02.106505",,,,,
"63474dc5af034665b5df053b71fbf2e5",杨玉书,,,,,exact,exact,讷河,[],"[""伪讷河县县长""]",抗日战争时期,"",伪职：伪讷河县县长；罪行：执掌伪讷河县公署，强征 “粮食出荷”、强抓国兵，迫害抗日救国会员；光复后组建维持会，抗拒民主政府接收。；结局：1946 年公审枪决。,[],"2026-08-27 03:29:02.095856","2026-08-27 03:29:02.095856",,,,,
"635008110ad2421bb9f04c18725fd586",杨诚,,,,,"","",山西,[],"[""军长"", ""师长""]",抗日战争时期,伪军,伪任职务：伪山西保安第一师师长，太原周边伪军主力，配合日军扫荡。结局：建国后逮捕，镇反处决,[],"2026-08-26 17:52:47","2026-08-26 17:52:47",,,,,
"6382b7e16c724993bc418fad46aa4a73",杉荣,,,,,"","",日本籍,[],"[""部长""]",抗日战争时期,汪伪政权,伪任职务：日本派遣特工，潜伏祁连山区，伪装游历者，测绘祁连山地道路，侦察河西走廊运输线路，联络周边游牧部落。。结局：被青海保安处抓获，作为敌侨关押后遣送战俘营,[],"2026-08-26 17:52:47","2026-08-26 17:52:47",,,,,
"639dca5d127d41ef96cfe383557a83c2",二喇嘛,,,,,exact,exact,准格尔旗,[],"[""伪地方联庄会头目；为日军搜集黄河渡口情报，迫害爱国蒙汉群众。""]",抗日战争时期,"",伪职：伪地方联庄会头目；为日军搜集黄河渡口情报，迫害爱国蒙汉群众。；结局：被武工队就地锄奸,[],"2026-08-27 03:29:02.086210","2026-08-27 03:29:02.086210",,,,,
"63b3407b3ed04d03bc40056a945601cf",王景成,,,,,exact,exact,大连,[],"[""大连伪警察署华人特务系主任""]",抗日战争时期,"",伪职：大连伪警察署华人特务系主任；罪行：专门侦查、抓捕大连工人、学生中的地下抗日人员，刑讯迫害被捕爱国分子，搜集民间反日言论。；结局：1946 年逮捕，判处长期徒刑。,[],"2026-08-27 03:29:02.090815","2026-08-27 03:29:02.090815",,,,,
"63ce8cbbf00c44d29fd177d3bf1cc0d6",陈阿丑,,,,,exact,exact,浯屿岛,[],"[""伪浯屿警备队小头目""]",抗日战争时期,"",伪职：伪浯屿警备队小头目；罪行：莫清华心腹，执掌伪武装，抓捕岛上不愿顺从的渔民，带队上岸到港尾抢劫村庄。；结局：光复后公审处决。,[],"2026-08-27 03:29:02.079418","2026-08-27 03:29:02.079418",,,,,
"63ef675605a048559b5b17ea0e9c570d",刘永贵,,,,,exact,exact,宿县时村、尹集一带,[],"[""胡泽普部下伪军团长""]",抗日战争时期,"",伪职：胡泽普部下伪军团长；罪行：伪军主力，多次带队袭击抗日区公所，捕杀地方干部，劫掠乡村百姓。；结局：时村战斗被俘，公审枪决。,[],"2026-08-27 03:29:02.105238","2026-08-27 03:29:02.105238",,,,,
"63fdcb7bbc7f481f8db433fd64209eee",王槐山,,,,,exact,exact,海城,[],"[""凌印清伪部副手汉奸""]",抗日战争时期,"",伪职：凌印清伪部副手汉奸；罪行：协助凌印清招匪、策反义勇军，充当日军爪牙。；结局：同案被义勇军公审枪决中国·鞍山。,[],"2026-08-27 03:29:02.091233","2026-08-27 03:29:02.091233",,,,,
"6406dc322ae649358bb0c4e3d500f2d5",王龙,,,,,exact,exact,义乌赤岸,[],"[""赤岸日伪密探头目""]",抗日战争时期,"",伪职：赤岸日伪密探头目；罪行：投靠日军充当眼线，刺探南联游击队情报，抓捕残害爱国群众，协助日军下乡扫荡乡村。；结局：南联武装抓获，列举罪状就地正法。,[],"2026-08-27 03:29:02.078670","2026-08-27 03:29:02.078670",,,,,
"641f9725d89b4cf886a3f547b00c9bf2",杜锡钧,,,,,"","",河北河间,[],"[""军长""]",抗日战争时期,华北伪临时政府,伪任职务：伪华北治安总署督办，接替齐燮元，伪军高官，常驻北平。结局：1945 年北平被捕，判处徒刑，狱中死亡,[],"2026-08-26 17:52:47","2026-08-26 17:52:47",,,,,
"642f449445cb4c1d84729182472b656b",刘允升,,,,,exact,exact,齐齐哈尔,[],"[""伪黑龙江省会公安局长""]",抗日战争时期,"",伪职：伪黑龙江省会公安局长；罪行：掌管齐齐哈尔伪公安系统，抓捕爱国人士，镇压民间抗日活动，搭建城市伪警体系。；结局：解放后镇压反革命时期被惩处。,[],"2026-08-27 03:29:02.095823","2026-08-27 03:29:02.095823",,,,,
"64513685ff6b43f78a555cbe5634b7d3",孙荣久,,,,,exact,exact,桦南、勃利,"[""孙老兆""]","[""抗联八军师长，投敌伪山林队头目""]",抗日战争时期,"",伪职：抗联八军师长，投敌伪山林队头目；罪行：投降日军，充当伪山林讨伐队；日本投降后接受国民党委任，大肆劫掠、杀害基层干部，合江四大匪首之一。；结局：1947 年剿匪被俘处决。,[],"2026-08-27 03:29:02.097468","2026-08-27 03:29:02.097468",,,,,
"64982cfd1fef40b797fd4176c4896f65",胡常瑛,,,,,exact,exact,三门南田岛、石浦一带,[],"[""伪南田（三门湾）县长、伪三门湾水陆保安总队总队长""]",抗日战争时期,"",伪职：伪南田（三门湾）县长、伪三门湾水陆保安总队总队长；罪行：受汪伪浙东行政公署委任，海岛伪军政头目；拥伪军数百，盘踞南田岛，强征巨额开办费，袭扰三门沿海，企图向大陆扩张，多次与我方地方武装交战浙江省地方...。；结局：南田被我方攻克，率残部逃至石浦；抗战胜利后逮捕审判。,[],"2026-08-27 03:29:02.102471","2026-08-27 03:29:02.102471",,,,,
"649cb89ebd3c43c3b5d45ab5fd157c17",王云浩,,,,,exact,exact,河北平谷,[],"[""伪定襄县县长""]",抗日战争时期,"",伪职：伪定襄县县长；罪行：组织治安强化清乡，重金收买乡村密探，搜捕滹沱河沿岸地下党员。；结局：抗战胜利逮捕判刑,[],"2026-08-27 03:29:02.089773","2026-08-27 03:29:02.089773",,,,,
"64aab4517da04fb38108ee6d2c62b94d",相铭忱,,,,,"","",山东胶南,[],"[""市长"", ""军长""]",抗日战争时期,伪军,伪任职务：伪青岛特别市第四联队联队长，胶南伪军头目中共青岛市...。结局：1950 年青岛公审处决,[],"2026-08-26 17:52:47","2026-08-26 17:52:47",,,,,
"64b7f0d5493c491d9864d1197b6df4e8",余少山,,,,,exact,exact,霍邱北部（靠近凤台沦陷区）,[],"[""边境派遣特务""]",抗日战争时期,"",伪职：边境派遣特务；罪行：蚌埠特工站派遣潜入，伪装商贩，在霍邱边境搜集驻军情报，发展内线，走私资敌。；结局：霍邱军警破获，军法处死。,[],"2026-08-27 03:29:02.105565","2026-08-27 03:29:02.105565",,,,,
"64c817ae33634fc08c406224c341334d",于凤兰,,,,,exact,exact,绥化县城,[],"[""女特务，于长青之妹""]",抗日战争时期,"",伪职：女特务，于长青之妹；罪行：协同兄长于长青充当内应，为常栋彝通风报信，参与反动阴谋活动绥化新闻网。；结局：解放后依法惩处。,[],"2026-08-27 03:29:02.098570","2026-08-27 03:29:02.098570",,,,,
"65319c82c91244a68724349dfafb7e2a",黄文明,,,,,"","",高邮界首,[],[],抗日战争时期,汪伪政权,伪任职务：汉奸密探，为界首日伪提供情报，策划偷袭鲌鳝沟根据地，充当内应今日高邮。。结局：1944 年被民兵抓获，公审枪决今日高邮,[],"2026-08-26 17:52:47","2026-08-26 17:52:47",,,,,
"6549ea992d6241ce83236119759eaa7e",李庆萱,,,,,exact,exact,"",[],"[""伪锦西县后期县长""]",抗日战争时期,"",伪职：伪锦西县后期县长；罪行：执行战时粮食出荷，疯狂搜刮物资；强征劳工运往矿山与边境要塞。；结局：日本投降后被捕判刑。,[],"2026-08-27 03:29:02.093721","2026-08-27 03:29:02.093721",,,,,
"656051e6b03940fba73fd7397f4ffbe3",张北超,,,,,exact,exact,"",[],"[""伪鞍山市警察局副局长（华人最高警职）""]",抗日战争时期,"",伪职：伪鞍山市警察局副局长（华人最高警职）；罪行：掌管华人伪警察队伍，侦缉抓捕爱国工人、地下反日人员，配合日军镇压鞍山工人罢工。日本投降后自封临时警察局长，全部留用伪警察，加入治安维持会。；结局：解放后逮捕，汉奸罪重判。,[],"2026-08-27 03:29:02.091198","2026-08-27 03:29:02.091198",,,,,
"65c604d66653483a91d497c2004e1b34",郭子和,,,,,exact,exact,高平北王庄,[],"[""伪村长，恶霸汉奸""]",抗日战争时期,"",伪职：伪村长，恶霸汉奸；罪行：依仗据点势力，写黑信陷害抗日群众，盘剥村民。；结局：解放后公审镇压晋城市人民...,[],"2026-08-27 03:29:02.088354","2026-08-27 03:29:02.088354",,,,,
"65e9cc249f7940b48e250aadd7a8e2de",许丙,,,,,"","",台湾台北,[],[],抗日战争时期,汪伪政权,伪任职务：日据时期台湾金融界巨头，皇民奉公会要员；参与草山阴谋，谋划所谓台湾自治。。结局：战后被捕判刑，获释后经商,[],"2026-08-26 17:52:47","2026-08-26 17:52:47",,,,,
"6600fbfdc3db46f2814bdcd6741be5ff",谭玉福,,,,,exact,exact,长岭新安镇,[],"[""伪长岭新安镇协和会会长，维持会头目""]",抗日战争时期,"",伪职：伪长岭新安镇协和会会长，维持会头目；罪行：推行协和会奴化宣传；光复后参与组织反动武装，征粮派款，与民主政府为敌。；结局：解放后公审处理。,[],"2026-08-27 03:29:02.095442","2026-08-27 03:29:02.095442",,,,,
"6607e5e927dc458f9c92ac84b5851c9e",施仁心,,,,,"","",海门,[],"[""县长""]",抗日战争时期,汪伪政权,伪任职务：伪海门县自治会会长、伪海门县知事，海门沦陷头号傀儡，组建海门伪政权、伪警察局，推行良民证、保甲制度。。结局：战后汉奸罪审判，判处死刑,[],"2026-08-26 17:52:47","2026-08-26 17:52:47",,,,,
"6608353a99a64fa7a4e752dc2edd4cb1",张爱仁,,,,,exact,exact,"",[],"[""伪冀东警备团团长，团部驻北戴河‑海阳一线；假意联络八路军起义，实际勾结日军设伏，企图围歼我方部队，破坏滦东情报网。""]",抗日战争时期,"",伪职：伪冀东警备团团长，团部驻北戴河‑海阳一线；假意联络八路军起义，实际勾结日军设伏，企图围歼我方部队，破坏滦东情报网。；结局：被日军怀疑私通八路，逮捕押解，判处十年徒刑送回日本,[],"2026-08-27 03:29:02.097786","2026-08-27 03:29:02.097786",,,,,
"660c094029114b64b5225fd6377d3c5d",刘振邦,,,,,exact,exact,昌黎,[],"[""伪昌黎特务系长；专门搜捕迁卢抚昌联合县干部，酷刑审讯被捕人员。""]",抗日战争时期,"",伪职：伪昌黎特务系长；专门搜捕迁卢抚昌联合县干部，酷刑审讯被捕人员。；结局：镇反时期公审枪决,[],"2026-08-27 03:29:02.097849","2026-08-27 03:29:02.097849",,,,,
"6614cbd52678459cbb104e4935c9ddfa",宋仲元,,,,,exact,exact,大同,[],"[""伪晋北讨伐队大队长""]",抗日战争时期,"",伪职：伪晋北讨伐队大队长；罪行：伪军主力，盘踞大同周边据点，多次配合日军扫荡浑源、灵丘、广灵抗日根据地，烧杀抢掠。；结局：大同解放被俘公审枪决,[],"2026-08-27 03:29:02.087467","2026-08-27 03:29:02.087467",,,,,
"6617b28777e94da0b91ef99388dfbbcd",张老圈,,,,,exact,exact,博野,[],"[""伪博野警备大队长；下乡清乡，抓捕抗日人员。""]",抗日战争时期,"",伪职：伪博野警备大队长；下乡清乡，抓捕抗日人员。；结局：博野解放被俘枪决,[],"2026-08-27 03:29:02.082567","2026-08-27 03:29:02.082567",,,,,
"6629eeffeb4246c7a6597da132699d7a",谢文东,,,,,exact,exact,依兰、勃利、桦南，合江全境,[],"[""原抗联第八军军长，投降后伪三江省讨伐队头目""]",抗日战争时期,"",伪职：原抗联第八军军长，投降后伪三江省讨伐队头目；罪行：土龙山暴动起家，1939 年率抗联八军大部投降日寇；带领伪军进山讨伐抗联，残害抗日军民；日本投降后投靠国民党，成为 “四大旗杆” 匪首，制造多起屠杀惨案佳木斯广播...。；结局：1946 年依兰公审枪决。,[],"2026-08-27 03:29:02.097405","2026-08-27 03:29:02.097405",,,,,
"664ed29508f24850984246abf858eace",秦海清,,,,,exact,exact,迁西,[],"[""罗家屯反共自卫团团长，高首三的心腹；抓捕地下负责人李方州，施加酷刑，发展各村密探网络。""]",抗日战争时期,"",伪职：罗家屯反共自卫团团长，高首三的心腹；抓捕地下负责人李方州，施加酷刑，发展各村密探网络。；结局：镇反公审处决,[],"2026-08-27 03:29:02.091878","2026-08-27 03:29:02.091878",,,,,
"6656b81e60874851837803061a817892",万坪,,,,,exact,exact,太原县,[],"[""伪清源保安队副大队长，原我方人员叛变""]",抗日战争时期,"",伪职：伪清源保安队副大队长，原我方人员叛变；罪行：1938 投降日军，驻守清源，配合日军反复清乡扫荡，残害根据地军民。；结局：解放后镇压处决,[],"2026-08-27 03:29:02.087334","2026-08-27 03:29:02.087334",,,,,
"6657fec982b34ee1a1c4249e16398fb8",钟壬寿,,,,,"","",台湾,[],[],抗日战争时期,汪伪政权,伪任职务：赴南京汪伪政权，任职汪伪相关机构，作为台籍人员配合日方对东南沿海开展工作，吴浊流《无花果》有记载。。结局：抗战胜利后返回台湾,[],"2026-08-26 17:52:47","2026-08-26 17:52:47",,,,,
"6662e626a84f4baeb1c3fd795ed757d9",叶筱亭,,,,,exact,exact,沭城,[],"[""伪沭阳县商会会长""]",抗日战争时期,"",伪职：伪沭阳县商会会长；罪行：为日军筹措粮款物资，胁迫商户缴纳苛捐，拉拢地方士绅附逆，协助伪政权压榨城乡百姓中共宿迁市...。；结局：公审判处死刑执行枪决。,[],"2026-08-27 03:29:02.100406","2026-08-27 03:29:02.100406",,,,,
"66778bfad2124a898b44468a4537f341",曹梦九,,,,,exact,exact,"",[],"[""伪保定道道尹，伪保定道最高行政长官；统管 20 县伪政权，推行保甲连坐，配合日军反复扫荡冀中、晋察冀根据地。""]",抗日战争时期,"",伪职：伪保定道道尹，伪保定道最高行政长官；统管 20 县伪政权，推行保甲连坐，配合日军反复扫荡冀中、晋察冀根据地。；结局：日本投降后逮捕，判处无期徒刑,[],"2026-08-27 03:29:02.082401","2026-08-27 03:29:02.082401",,,,,
"66bf8a9217e4429db8746f470abedcf9",周隆庠,,,,,exact,exact,南京，原籍无锡,[],"[""汪伪外交部次长、行政院秘书长（无锡籍）""]",抗日战争时期,"",伪职：汪伪外交部次长、行政院秘书长（无锡籍）；罪行：汪精卫首席日语翻译，汪伪核心高官，参与汪伪外交、政务，追随陈公博抖音百科。；结局：1945 年被引渡回国，判处无期徒刑，1969 年狱中去世。,[],"2026-08-27 03:29:02.098723","2026-08-27 03:29:02.098723",,,,,
"66c4ae013a104afcbdb1a65577178b11",李弼臣,,,,,exact,exact,任丘,[],"[""伪任丘警备司令；铁杆汉奸，参与反共誓约惨案，四处烧杀抢掠。""]",抗日战争时期,"",伪职：伪任丘警备司令；铁杆汉奸，参与反共誓约惨案，四处烧杀抢掠。；结局：任丘解放被俘处决,[],"2026-08-27 03:29:02.082629","2026-08-27 03:29:02.082629",,,,,
"66dc9f44501f46798bb6ea72c7a5cf09",葛桂山,,,,,exact,exact,清河,[],"[""伪清河警备大队长；盘踞县城、油坊据点，袭扰运河两岸游击区。""]",抗日战争时期,"",伪职：伪清河警备大队长；盘踞县城、油坊据点，袭扰运河两岸游击区。；结局：清河解放被俘枪决,[],"2026-08-27 03:29:02.082269","2026-08-27 03:29:02.082269",,,,,
"66ebf645e3ad4d3fb4acd24d2c45d038",张芝文,,,,,"","",湖南长沙,[],"[""军长"", ""维持会""]",抗日战争时期,汪伪政权,伪任职务：长沙沦陷最早维持会骨干，主动举白旗迎日军，筹办伪商会。结局：抗战胜利后逮捕判刑中国新闻网,[],"2026-08-26 17:52:47","2026-08-26 17:52:47",,,,,
"66fcb5fdd20247c99ca4a29f6199b48c",陈几士,,,,,exact,exact,福州城区,[],"[""伪市政委员会委员""]",抗日战争时期,"",伪职：伪市政委员会委员；罪行：文人附逆，参与伪宣传，协助开办伪报刊、奴化学校。；结局：汉奸法庭重刑判决。,[],"2026-08-27 03:29:02.080936","2026-08-27 03:29:02.080936",,,,,
"66fdd9153f8447c98b23ded946b0168a",武修忠,,,,,exact,exact,抚宁,[],"[""伪警察大队长；盘踞抚宁东部，频繁进山扫荡，残害山区群众。""]",抗日战争时期,"",伪职：伪警察大队长；盘踞抚宁东部，频繁进山扫荡，残害山区群众。；结局：1942 年八路军 12 团隔河头战斗中将其击毙秦皇岛市人...,[],"2026-08-27 03:29:02.096013","2026-08-27 03:29:02.096013",,,,,
"6704d7bfe9e7433dbcf5a0c0318430a3",张公度,,,,,exact,exact,襄垣,[],"[""伪襄垣县县长""]",抗日战争时期,"",伪职：伪襄垣县县长；罪行：建立襄垣伪县公署，推行保甲，配合日军清乡。；结局：上党战役被俘，后审判处决。,[],"2026-08-27 03:29:02.087923","2026-08-27 03:29:02.087923",,,,,
"673694d8342a4731bc13212fd799c3c0",吴守诚,,,,,exact,exact,徐州市区,[],"[""伪淮海省立徐州师范首任校长""]",抗日战争时期,"",伪职：伪淮海省立徐州师范首任校长；罪行：推行奴化教育，宣扬大东亚共荣，刻意模仿日本人装束言行，打压进步师生，培养亲日分子。；结局：抗战胜利后以汉奸罪逮捕判刑。,[],"2026-08-27 03:29:02.098841","2026-08-27 03:29:02.098841",,,,,
"6757bc33af754c499f700c1220fe7cb7",袁庆汉,,,,,exact,exact,青龙干沟,"[""袁大白话""]","[""干沟维持会会长；逼迫百姓迁入人圈，告密山区群众与八路军往来，制造血案。""]",抗日战争时期,"",伪职：干沟维持会会长；逼迫百姓迁入人圈，告密山区群众与八路军往来，制造血案。；结局：1945 公审处决,[],"2026-08-27 03:29:02.097881","2026-08-27 03:29:02.097881",,,,,
"67eb0164f73b444f9205e1fb98df1528",杨姓暗探（佚名）,,,,,"","",江宁西善桥,[],"[""军长""]",抗日战争时期,汪伪政权,伪任职务：西善桥日军密探，长期混迹鸦片烟馆，刺探我方人员行踪。。结局：武工队闯入烟馆抓捕，送交民主政府审判南京雨花台...,[],"2026-08-26 17:52:47","2026-08-26 17:52:47",,,,,
"6834b3ce2ebd4e11a7e47de53ca63d6b",吉兴,,,,,"","",辽宁沈阳,[],"[""军长"", ""司令""]",抗日战争时期,汪伪政权,伪任职务：伪满第二军管区司令官（驻吉林）、伪尚书府大臣，上将，多次进山讨伐东北抗联抖音百科。结局：苏军俘获，1964 年特赦释放，1969 年去世,[],"2026-08-26 17:52:47","2026-08-26 17:52:47",,,,,
"6852db807d994b1bb749f76832c3164e",林柏生,,,,,"","",广东信宜,[],"[""部长""]",抗日战争时期,汪伪政权,伪任职务：汪伪宣传部部长，主管奴化宣传、报刊舆论，炮制投降论调中国社会科...。。结局：1946 年南京枪决,[],"2026-08-26 17:52:47","2026-08-26 17:52:47",,,,,
"6863d54939234d338a2d88547d72167f",陶干东,,,,,exact,exact,芜湖,[],"[""投敌伪中队长""]",抗日战争时期,"",伪职：投敌伪中队长；罪行：随凌顺棋投降日伪，驻守乡镇据点，残害地方群众。；结局：战后审判判刑。,[],"2026-08-27 03:29:02.103332","2026-08-27 03:29:02.103332",,,,,
"686a5e582f61434eb76ebeb942198a68",李逢春,,,,,exact,exact,肥乡,[],"[""伪肥乡警备大队长；带队多次下乡 “清乡”，抓捕抗日干部。""]",抗日战争时期,"",伪职：伪肥乡警备大队长；带队多次下乡 “清乡”，抓捕抗日干部。；结局：肥乡解放被俘，判处死刑,[],"2026-08-27 03:29:02.080768","2026-08-27 03:29:02.080768",,,,,
"686ce93209334d93a8fe5e2c1baf067c",周黎,,,,,"","",湖北沔阳,[],"[""维持会"", ""县长""]",抗日战争时期,汪伪政权,伪任职务：伪沔阳县维持会会长、伪县长，祸害襄南地区。结局：抗战胜利公审枪决,[],"2026-08-26 17:52:47","2026-08-26 17:52:47",,,,,
"686ea6476ba54599b28f03cc63f29017",苏盛江,,,,,exact,exact,山西,[],"[""第二任伪河东道道尹""]",抗日战争时期,"",伪职：第二任伪河东道道尹；罪行：接续统治晋南，强化剿共，搜刮物资，抓捕抗日人员。；结局：战后逮捕判刑,[],"2026-08-27 03:29:02.089129","2026-08-27 03:29:02.089129",,,,,
"68b22b55b15449309ce582a639731f05",沈义轩,,,,,exact,exact,涟水佃湖,[],"[""伪涟水六区区长""]",抗日战争时期,"",伪职：伪涟水六区区长；罪行：原国民党保长，日军占领后投敌；建立伪区政权，征粮抓丁，告密抗日武装行踪，迫害当地百姓淮安市政协。；结局：被抗日武工队锄奸处决。,[],"2026-08-27 03:29:02.100092","2026-08-27 03:29:02.100092",,,,,
"68c9ded582ee4d7795d35d3b40780550",安恩达,,,,,exact,exact,固阳,[],"[""伪固阳警备联队长；伪军主力，反复进山围剿大青山支队。""]",抗日战争时期,"",伪职：伪固阳警备联队长；伪军主力，反复进山围剿大青山支队。；结局：固阳解放被俘公审枪决,[],"2026-08-27 03:29:02.085201","2026-08-27 03:29:02.085201",,,,,
"68fd752377a7400b88f8668aabe70638",宋清云,,,,,exact,exact,慈溪、庄桥一带,[],"[""伪慈溪县保安大队大队长""]",抗日战争时期,"",伪职：伪慈溪县保安大队大队长；罪行：原国民党地方武装头目，率部公开投敌；盘踞庄桥、长石桥据点，多次配合日军扫荡慈北、三北抗日根据地，烧杀劫掠。；结局：抗战后期被抗日武装歼灭，本人被俘处决。,[],"2026-08-27 03:29:02.100776","2026-08-27 03:29:02.100776",,,,,
"6908905de4794b689367ff15a6841c20",王忠武,,,,,exact,exact,承德,[],"[""回奸；伪伊斯兰教协会头目，借宗教迫害回民群众，充当日伪爪牙承德日报。""]",抗日战争时期,"",伪职：回奸；伪伊斯兰教协会头目，借宗教迫害回民群众，充当日伪爪牙承德日报。；结局：解放后群众清算斗争,[],"2026-08-27 03:29:02.083251","2026-08-27 03:29:02.083251",,,,,
"6936fb5b1b5c4e8ebcc4652eb89d1eb9",杨作舟,,,,,exact,exact,安东,[],"[""伪安东警察厅特务系主任""]",抗日战争时期,"",伪职：伪安东警察厅特务系主任；罪行：指挥华人密探网络，搜捕安东城内地下党、爱国工人与学生，刑讯迫害被捕人员。；结局：安东解放后公审枪决。,[],"2026-08-27 03:29:02.092368","2026-08-27 03:29:02.092368",,,,,
"693e983c272041bb8783670a618e9d06",李存善,,,,,"","",陕西商洛,[],[],抗日战争时期,汪伪政权,伪任职务：黑煞道骨干，发展会徒千余人，参与叛乱策划商洛日报。。结局：被捕处决,[],"2026-08-26 17:52:47","2026-08-26 17:52:47",,,,,
"697568ba6f6142a99ca7cac9c30e45eb",吕荣寰,,,,,exact,exact,抚顺,[],"[""伪满实业部、民生部大臣，驻汪伪大使""]",抗日战争时期,"",伪职：伪满实业部、民生部大臣，驻汪伪大使；罪行：抚顺籍，伪满中央高官；参与伪满建国，主导经济掠夺，压榨东北工矿粮食资源。；结局：苏军逮捕押往西伯利亚，1946 年病死苏联狱中。,[],"2026-08-27 03:29:02.091471","2026-08-27 03:29:02.091471",,,,,
"69789c721b354727b448a0162bac5102",金焕章,,,,,exact,exact,逊克（逊河）,[],"[""伪逊河地方自卫团头目，光复后挺进军团长""]",抗日战争时期,"",伪职：伪逊河地方自卫团头目，光复后挺进军团长；罪行：伪满时期协助日军维持边境治安，搜捕抗联；日本投降后接收国民党委任，率领匪团攻打民主新政权，杀害逊克首任县长顾延龄及多名干部战士央视网。；结局：剿匪战斗中被俘处决。,[],"2026-08-27 03:29:02.098407","2026-08-27 03:29:02.098407",,,,,
"69845e17e2b24f2dabc7849e40009de6",王叙五,,,,,exact,exact,沭阳李恒一带,[],"[""伪军头目，参与谋害汤曙红""]",抗日战争时期,"",伪职：伪军头目，参与谋害汤曙红；罪行：参与诱杀八路军陇海南进支队汤曙红，长期在沭东南作恶，残害革命干部群众中共宿迁市...。；结局：万余人公审，烈士碑前枪决。,[],"2026-08-27 03:29:02.100470","2026-08-27 03:29:02.100470",,,,,
"69b01427c4ef4f299bb07bbe9443bc5f",王佐华,,,,,exact,exact,濛江（靖宇县）,[],"[""原抗联弹药手，伪讨伐队队员""]",抗日战争时期,"",伪职：原抗联弹药手，伪讨伐队队员；罪行：叛变，跟随伪讨伐队进山清剿抗联，参与围捕杨靖宇战斗新华网。；结局：建国后被管制。,[],"2026-08-27 03:29:02.095278","2026-08-27 03:29:02.095278",,,,,
"69cdec504b5a4457b1e2834953ef6b10",刘三柱、要三寿、李荣桂、阎祥云,,,,,exact,exact,左权,[],"[""日伪特务团伙""]",抗日战争时期,"",伪职：日伪特务团伙；罪行：秘密潜入根据地，密谋刺杀彭德怀，企图建立地下伪政权。；结局：1943 麻田军民公审，全部枪决晋中长安网,[],"2026-08-27 03:29:02.089002","2026-08-27 03:29:02.089002",,,,,
"69d3b2e7d4614e15aca284137c4d84db",黄云生,,,,,exact,exact,宣城狸桥,[],"[""伪乡维持头目""]",抗日战争时期,"",伪职：伪乡维持头目；罪行：基层伪头目，为伪 15 旅提供情报、粮草，协助抓捕民兵农会干部，周小木、陈思春遇害案有牵连宣城新闻网。；结局：解放后镇反判刑。,[],"2026-08-27 03:29:02.106544","2026-08-27 03:29:02.106544",,,,,
"6a0b948779ca4239ac60b7fa3d369bbf",沈瑞麟,,,,,exact,exact,浙江吴兴,[],"[""伪满祭祀府副总裁""]",抗日战争时期,"",伪职：伪满祭祀府副总裁；罪行：伪满宫廷高官，参与伪满礼制、奴化宣传。；结局：苏军逮捕，押往苏联，死于苏联。,[],"2026-08-27 03:29:02.094041","2026-08-27 03:29:02.094041",,,,,
"6a179695ab1940ae90f57dcd27ed1daa",黄富俊,,,,,"","",辽宁沈阳,[],"[""省级长官"", ""部长""]",抗日战争时期,汪伪政权,伪任职务：伪北安省省长，推行粮食出荷、集团部落，迫害北满百姓。结局：苏军逮捕，抚顺战犯管理所，1964 年特赦,[],"2026-08-26 17:52:47","2026-08-26 17:52:47",,,,,
"6a181a9ae1a44ec5938d996789069784",萧淑宇,,,,,"","",江西永新,[],"[""省级长官""]",抗日战争时期,汪伪政权,伪任职务：汪伪预定伪江西省省长，尚未到任，准备赴南昌就职。结局：1941 年在吉安被军统就地刺杀，未正式上任伪职,[],"2026-08-26 17:52:47","2026-08-26 17:52:47",,,,,
"6a433a7b71e84b83a046e83c08ff2e07",朱育人,,,,,exact,exact,德清县城,[],"[""汪伪德清县伪县长""]",抗日战争时期,"",伪职：汪伪德清县伪县长；罪行：执掌德清伪政权，征粮抓丁，出动伪保安队袭扰莫干山抗日游击区湖州市档案...。；结局：1941 年被浙西行署突击队员击毙于县政府门口。,[],"2026-08-27 03:29:02.101965","2026-08-27 03:29:02.101965",,,,,
"6a4d0a9d8801420194a75e7c630d84ea",赵培炎,,,,,exact,exact,沁水,[],"[""沁水最早维持会长""]",抗日战争时期,"",伪职：沁水最早维持会长；罪行：日军第一次占领沁水即主动投敌，出面维持县城，为日军征集粮草物资。；结局：抗战时期被抗日政府镇压,[],"2026-08-27 03:29:02.088417","2026-08-27 03:29:02.088417",,,,,
"6a7b00497dd545ab93cef6b73f369a09",贾春太,,,,,exact,exact,鸡泽,[],"[""伪鸡泽警备大队长；率伪军四处骚扰村庄，抓捕抗日人员。""]",抗日战争时期,"",伪职：伪鸡泽警备大队长；率伪军四处骚扰村庄，抓捕抗日人员。；结局：鸡泽解放被俘处决,[],"2026-08-27 03:29:02.081771","2026-08-27 03:29:02.081771",,,,,
"6a7b2ff63330487aba0309fe559ff4d1",苏大板子,,,,,exact,exact,锦西,[],"[""伪锦西高桥伪警察分署署长""]",抗日战争时期,"",伪职：伪锦西高桥伪警察分署署长；罪行：欺压百姓，动辄打骂群众；侦查搜捕铁路沿线抗日分子，检举 “思想犯”，老百姓称之为苏大板子。；结局：解放后判处长期徒刑。,[],"2026-08-27 03:29:02.093745","2026-08-27 03:29:02.093745",,,,,
"6a81174127ba4c398cb9245f314a6109",熊剑东,,,,,"","",浙江新昌,[],"[""军长""]",抗日战争时期,伪军,伪任职务：伪军将领，长期在江苏作战活动。结局：被军统策反，后续战死,[],"2026-08-26 17:52:47","2026-08-26 17:52:47",,,,,
"6ad2366d90424d498887c7c4960afe50",吴漱泉,,,,,exact,exact,淮城（淮安区）,"[""吴独膀子""]","[""伪淮海省第五支队司令，伪军城防司令""]",抗日战争时期,"",伪职：伪淮海省第五支队司令，伪军城防司令；罪行：土匪出身，被俘投敌，手握四千余伪军；运河沿线劫掠百姓，抓捕平民服苦役；日本投降后接受国民党收编死守淮城，拒不投降，疯狂迫害城内进步人士。；结局：1945 年 9 月新四军攻克淮安城，战斗中被击毙。,[],"2026-08-27 03:29:02.100000","2026-08-27 03:29:02.100000",,,,,
"6ad354c3096f4688a10e441ba8a5e58e",方礼高,,,,,exact,exact,怀宁石牌周边,[],"[""怀宁地方劣绅、伪乡情报联络员""]",抗日战争时期,"",伪职：怀宁地方劣绅、伪乡情报联络员；罪行：暗地为日伪搜集游击武装情报，通风报信，勾结敌伪势力欺压乡里，阻挠根据地开展工作。；结局：游击区公判大会宣布九大罪状，就地处决中安在线。,[],"2026-08-27 03:29:02.104589","2026-08-27 03:29:02.104589",,,,,
"6addd3bc0d59462b836acbdbf94c3b50",王义山,,,,,exact,exact,宣化,[],"[""伪宣化警备大队长；伪军主力，驻守宣化城、沙岭子据点，多次扫荡南山抗日根据地。""]",抗日战争时期,"",伪职：伪宣化警备大队长；伪军主力，驻守宣化城、沙岭子据点，多次扫荡南山抗日根据地。；结局：宣化解放被俘，公审枪决,[],"2026-08-27 03:29:02.082902","2026-08-27 03:29:02.082902",,,,,
"6af9536df46d4696997696a2fe8dabed",祁老幺,,,,,exact,exact,萨拉齐,[],"[""伪萨拉齐警备大队长；伪军铁杆，经常进山 “清剿” 大青山游击区。""]",抗日战争时期,"",伪职：伪萨拉齐警备大队长；伪军铁杆，经常进山 “清剿” 大青山游击区。；结局：萨拉齐解放被俘公审枪决,[],"2026-08-27 03:29:02.085185","2026-08-27 03:29:02.085185",,,,,
"6b63a5d6a17c4b938351e794bb00005c",李逢春,,,,,exact,exact,偏关,[],"[""伪偏关县县长""]",抗日战争时期,"",伪职：伪偏关县县长；罪行：建立偏关伪县公署，管控黄河渡口，盘查过往交通人员。；结局：战后汉奸罪判刑,[],"2026-08-27 03:29:02.089947","2026-08-27 03:29:02.089947",,,,,
"6b833babfab248ee8aa45cd123f9b4fb",王蕴璞,,,,,exact,exact,肇源（三肇惨案）,[],"[""伪哈尔滨警察厅警尉，特搜班骨干""]",抗日战争时期,"",伪职：伪哈尔滨警察厅警尉，特搜班骨干；罪行：随叶永年进驻肇源，主持刑讯，抓捕迫害大量三肇爱国群众，制造多起酷刑冤案。；结局：1951 年镇压反革命被处决。,[],"2026-08-27 03:29:02.096761","2026-08-27 03:29:02.096761",,,,,
"6b913d08afa3400f94fc9cca78a460f5",黄云生,,,,,exact,exact,宣城狸桥,[],"[""伪乡维持头目""]",抗日战争时期,"",伪职：伪乡维持头目；罪行：基层伪头目，为伪 15 旅提供情报、粮草，协助抓捕民兵农会干部，周小木、陈思春遇害案有牵连宣城新闻网。；结局：解放后镇反判刑。,[],"2026-08-27 03:29:02.106132","2026-08-27 03:29:02.106132",,,,,
"6b9e26a309f14be5831e2c01f37a886b",亢锦荣,,,,,exact,exact,固阳,[],"[""伪固阳县县长；推行集家并村，制造固阳北部无人区，强征劳工，石拐煤矿强抓矿工。""]",抗日战争时期,"",伪职：伪固阳县县长；推行集家并村，制造固阳北部无人区，强征劳工，石拐煤矿强抓矿工。；结局：战后逮捕，判处无期徒刑,[],"2026-08-27 03:29:02.085193","2026-08-27 03:29:02.085193",,,,,
"6ba615a9b8084dde87754548608096e3",张海鹏,,,,,exact,exact,辽宁盖平,[],"[""伪热河省省长兼警备司令官，伪满上将""]",抗日战争时期,"",伪职：伪热河省省长兼警备司令官，伪满上将；罪行：热河沦陷后主政热河全省，司令部驻承德；指挥伪军在朝阳、凌源、北票、建平疯狂讨伐抗日义勇军，推行集家并村、集团部落，强征粮食、劳工，掠夺北票煤矿资源。；结局：1949 年被捕，1951 年以汉奸罪处决。,[],"2026-08-27 03:29:02.093508","2026-08-27 03:29:02.093508",,,,,
"6bb41ce369f74a16b4505b9c87b75291",赵儒,,,,,exact,exact,昔阳,[],"[""伪昔阳警备大队长""]",抗日战争时期,"",伪职：伪昔阳警备大队长；罪行：驻守昔阳县城，多次配合日军制造多起惨案。；结局：解放后公审枪决,[],"2026-08-27 03:29:02.088971","2026-08-27 03:29:02.088971",,,,,
"6bb5b6fafcf742e1b336c6a7743d252e",吴子玉,,,,,exact,exact,临榆,[],"[""伪临榆警察局长，配合山海关宪兵搜捕地下交通员。""]",抗日战争时期,"",伪职：伪临榆警察局长，配合山海关宪兵搜捕地下交通员。；结局：解放后清算枪决,[],"2026-08-27 03:29:02.091996","2026-08-27 03:29:02.091996",,,,,
"6bdfda60a3aa46fa92bd1030550257c6",白守义,,,,,exact,exact,"",[],"[""伪中阳县县长""]",抗日战争时期,"",伪职：伪中阳县县长；罪行：建立中阳伪县公署，修筑炮楼，配合日军扫荡中阳南山根据地。；结局：县城收复后逮捕判刑,[],"2026-08-27 03:29:02.090484","2026-08-27 03:29:02.090484",,,,,
"6be143199f2f40d1946884096fd02888",张其云,,,,,"","",高邮张庄,[],"[""部长"", ""军长"", ""县长""]",抗日战争时期,伪军,伪任职务：地方劣绅，原国民党高邮县党部人员；投日后引伪军进驻张庄修筑据点，豢养家丁打手，残害周边百姓，血债累累。。结局：抗战胜利后公审处决,[],"2026-08-26 17:52:47","2026-08-26 17:52:47",,,,,
"6befc7c87ab24615860eb5d258ca0c85",王慎修,,,,,exact,exact,"",[],"[""伪汾城县县长""]",抗日战争时期,"",伪职：伪汾城县县长；罪行：建立汾城伪政权，修筑炮楼，疯狂摊派粮款，制造多起村庄惨案。；结局：战后逮捕判刑,[],"2026-08-27 03:29:02.090177","2026-08-27 03:29:02.090177",,,,,
"6c0f2b1c908245938e5c4c37e28388cf",张慕陶,,,,,exact,exact,合肥城区,[],"[""伪合肥县财政科长""]",抗日战争时期,"",伪职：伪合肥县财政科长；罪行：经济汉奸，主管伪财政，征收苛捐杂税，统制粮食布匹，为日军搜刮战略物资。；结局：汉奸清算判处有期徒刑。,[],"2026-08-27 03:29:02.102876","2026-08-27 03:29:02.102876",,,,,
"6c20e0d4648e448fb373d9e636c0b850",温宗尧,,,,,"","",广东台山,[],"[""院长""]",抗日战争时期,汪伪政权,伪任职务：汪伪司法院院长，旧政客，参与伪维新政府，后并入汪伪。。结局：判处无期徒刑，1947 年狱中病死,[],"2026-08-26 17:52:47","2026-08-26 17:52:47",,,,,
"6c2340ecddcf498a8bede8be54c6db21",陈猴子,,,,,exact,exact,大通‑九龙岗矿区,[],"[""大通宪兵队便衣密探""]",抗日战争时期,"",伪职：大通宪兵队便衣密探；罪行：地痞投靠日军，混迹矿工中间，侦查地下抗日活动，告密抓捕矿工，敲诈矿工钱财。；结局：抗战后期被地下锄奸队处决。,[],"2026-08-27 03:29:02.103856","2026-08-27 03:29:02.103856",,,,,
"6c3da2df4eef453dafb523bf200b4eb0",韩维屏,,,,,exact,exact,陵川万章村,[],"[""原国民党二区区长，日伪咨议员""]",抗日战争时期,"",伪职：原国民党二区区长，日伪咨议员；罪行：被峰头据点抓捕随即叛变；出卖万章村民兵情报，直接酿成万章惨案，多名民兵牺牲。；结局：万章村公审就地枪决,[],"2026-08-27 03:29:02.088447","2026-08-27 03:29:02.088447",,,,,
"6c5ba2da6ea44304850b0ba8ac242a4f",刘建昌,,,,,exact,exact,宝清,[],"[""抗联二路军后方管理处主任，叛徒""]",抗日战争时期,"",伪职：抗联二路军后方管理处主任，叛徒；罪行：被俘投降日伪，出卖抗联后方基地、储备物资地点，给日伪提供讨伐向导情报。；结局：抗战胜利后被逮捕镇压。,[],"2026-08-27 03:29:02.098151","2026-08-27 03:29:02.098151",,,,,
"6c7d7a72120941a5acf93a7449d80b25",谷次亨,,,,,exact,exact,大连,[],"[""本溪湖煤铁公司首席秘书""]",抗日战争时期,"",伪职：本溪湖煤铁公司首席秘书；罪行：九一八后直接把煤铁公司全部资产移交日军；后进入伪满中央任高官，推行奴化教育、鸦片政策抖音百科。；结局：抚顺战犯管理所关押，后期特赦。,[],"2026-08-27 03:29:02.091649","2026-08-27 03:29:02.091649",,,,,
"6c9e4b5cb6134920813bfb1e0e91cc09",张相周,,,,,exact,exact,"",[],"[""末代伪抚宁县县长，强化物资统制，配合日军制造长城无人区。""]",抗日战争时期,"",伪职：末代伪抚宁县县长，强化物资统制，配合日军制造长城无人区。；结局：战后汉奸罪判处长期徒刑,[],"2026-08-27 03:29:02.094202","2026-08-27 03:29:02.094202",,,,,
"6ca99ab10f2f4e95aa111cfcf771ef12",刘磨头,,,,,exact,exact,南和,"[""刘增山""]","[""土匪投敌，伪南和保安联队长；烧杀抢掠，血债累累；日降后被国民党收编为旅长，退守邢台。""]",抗日战争时期,"",伪职：土匪投敌，伪南和保安联队长；烧杀抢掠，血债累累；日降后被国民党收编为旅长，退守邢台。；结局：邢台解放被俘，公审枪决,[],"2026-08-27 03:29:02.082173","2026-08-27 03:29:02.082173",,,,,
"6cb579ebbac64f3db27c38146e21a806",周桂生,,,,,exact,exact,护驾墩（当涂）,[],"[""伪护驾墩乡长""]",抗日战争时期,"",伪职：伪护驾墩乡长；罪行：劣绅投敌任伪乡长，多次充当向导，带领日伪军下乡清乡，催缴粮款，迫害拒绝附逆乡民。；结局：抗战胜利后汉奸审判处决。,[],"2026-08-27 03:29:02.104016","2026-08-27 03:29:02.104016",,,,,
"6ccb885fd2864298b3f720eb3d2ab62c",佘侉子,,,,,"","",不详,[],"[""军长""]",抗日战争时期,伪军,伪任职务：邵伯伪军三营头目，经常带队渡过邵伯湖窜扰湖西黄珏、同兴圩一带，入室抢劫粮食棉被，殴打百姓，多次劫掠 60 余户村庄。。结局：1945 年 12 月邵伯战斗被俘，按汉奸罪行审判关押邗江史志网,[],"2026-08-26 17:52:47","2026-08-26 17:52:47",,,,,
"6cd7ee41c60f4231ad527c4c2d470d14",王绍武,,,,,exact,exact,香河,[],"[""伪香河县县长。""]",抗日战争时期,"",伪职：伪香河县县长。；结局：战后判刑,[],"2026-08-27 03:29:02.092075","2026-08-27 03:29:02.092075",,,,,
"6cd9ea072bf540c0af76e0d1cfc2151c",王阿发,,,,,exact,exact,霞浦三沙、牙城一带,[],"[""日伪潜入谍报员""]",抗日战争时期,"",伪职：日伪潜入谍报员；罪行：受厦门日伪派遣，伪装渔贩登陆闽东，侦查海防工事，搜集国军布防情报，收买沿海地痞当眼线，散布亡国谣言。；结局：霞浦保安团破获，军法处决。,[],"2026-08-27 03:29:02.078914","2026-08-27 03:29:02.078914",,,,,
"6d0cac08755a4784be6c1bfb0967fd7b",王绍禹,,,,,exact,exact,克山,[],"[""伪克山县警察署长""]",抗日战争时期,"",伪职：伪克山县警察署长；罪行：带领伪警察讨伐队进山围剿抗联第三路军，参与克山周边扫荡，抓捕残害地下抗日人员。；结局：抗战胜利后被清算。,[],"2026-08-27 03:29:02.095864","2026-08-27 03:29:02.095864",,,,,
"6d1c0ab9263848ea82eeb4afdd49559f",吴振铎,,,,,exact,exact,东宁、老黑山要塞周边,[],"[""伪东宁县警务科特务股长""]",抗日战争时期,"",伪职：伪东宁县警务科特务股长；罪行：专门针对边境地下党组织，破坏东宁老黑山党支部，抓捕抗日人员，配合要塞警备。；结局：日本投降后潜逃，后被捕获审判。,[],"2026-08-27 03:29:02.097182","2026-08-27 03:29:02.097182",,,,,
"6d532fb627cd41e88eb3465d1920ca7c",安厚斋,,,,,exact,exact,香河岭子村,[],"[""香河事变伪代理县长；依附日寇，参与香河自治闹剧。""]",抗日战争时期,"",伪职：香河事变伪代理县长；依附日寇，参与香河自治闹剧。；结局：战后判刑管制香河方志,[],"2026-08-27 03:29:02.083997","2026-08-27 03:29:02.083997",,,,,
"6d6b098531cc423ab3f77c23e8d6f672",王怀仁,,,,,exact,exact,祁县,[],"[""伪祁县维持会会长""]",抗日战争时期,"",伪职：伪祁县维持会会长；罪行：商人，1937 祁县沦陷主动投敌；组建侦缉队，建立保甲，出卖情报，致使八路军子洪口作战受挫。；结局：1938 八路军锄奸处决,[],"2026-08-27 03:29:02.088853","2026-08-27 03:29:02.088853",,,,,
"6d7c3c830fa749c284e7b4942a9448fa",宝音扎布,,,,,exact,exact,察哈尔右翼后旗,[],"[""蒙奸，伪察哈尔盟旗参事；协助日伪管控察哈尔各旗，征调壮丁编入伪蒙古军，搜集草原情报。""]",抗日战争时期,"",伪职：蒙奸，伪察哈尔盟旗参事；协助日伪管控察哈尔各旗，征调壮丁编入伪蒙古军，搜集草原情报。；结局：战后判处徒刑,[],"2026-08-27 03:29:02.087134","2026-08-27 03:29:02.087134",,,,,
"6d851671dd8741a6baa0b2ce885af0d8",郝寿恒,,,,,exact,exact,正定,[],"[""正定维持会核心成员，伪县公署科长，新民会骨干，协助吴赞周推行奴化教育、保甲连坐抖音百科。""]",抗日战争时期,"",伪职：正定维持会核心成员，伪县公署科长，新民会骨干，协助吴赞周推行奴化教育、保甲连坐抖音百科。；结局：抗战胜利后逮捕判刑,[],"2026-08-27 03:29:02.084183","2026-08-27 03:29:02.084183",,,,,
"6d9d0dd65d7748328733f6c8abf8ed09",孟和吉雅,,,,,exact,exact,莫力达瓦,[],"[""伪警务科长；指挥伪警察搜捕山林抗日小分队。""]",抗日战争时期,"",伪职：伪警务科长；指挥伪警察搜捕山林抗日小分队。；结局：解放后镇反处决,[],"2026-08-27 03:29:02.086427","2026-08-27 03:29:02.086427",,,,,
"6dbeddb573fb4296873af97a1e63abc8",乐秀华,,,,,exact,exact,芜湖北乡,[],"[""伪保安三中队中队长""]",抗日战争时期,"",伪职：伪保安三中队中队长；罪行：盘踞万春圩北乡，骚扰乡间百姓，配合日军清剿。；结局：抗战胜利后清算。,[],"2026-08-27 03:29:02.103317","2026-08-27 03:29:02.103317",,,,,
"6df3158b76524c45b6e698e66c241592",千万西,,,,,exact,exact,南昌幽兰镇人,[],"[""伪南昌市长""]",抗日战争时期,"",伪职：伪南昌市长；罪行：长期为日军征粮，抓捕爱国人士；结局：暂无明确结局记载,[],"2026-08-27 03:29:02.077882","2026-08-27 03:29:02.077882",,,,,
"6dfaa708110d474b8d5d179cb02f943b",韦长镇,,,,,exact,exact,无锡县城,[],"[""伪无锡警察局局长""]",抗日战争时期,"",伪职：伪无锡警察局局长；罪行：执掌伪警察，镇压城内抗日活动，配合日军搜捕进步人士。；结局：被抗日锄奸团击毙无锡市档案...。,[],"2026-08-27 03:29:02.098699","2026-08-27 03:29:02.098699",,,,,
"6e02b44eca7e4af99d6fd405d233f326",汪笃斋,,,,,exact,exact,安庆老城区,[],"[""安庆维持会首任会长、自治委员会委员长""]",抗日战争时期,"",伪职：安庆维持会首任会长、自治委员会委员长；罪行：安庆沦陷头号汉奸，日军进城举太阳旗出城迎接；组建维持会，发放盐商执照收受贿赂，胁迫商户复业，办理良民证，协助日军搜捕爱国人士，其子在天津出任伪警察分局长。；结局：抗战胜利后肃奸逮捕，判处死刑处决。,[],"2026-08-27 03:29:02.104504","2026-08-27 03:29:02.104504",,,,,
"6e09dcd7493f4224aa4740d9d3dbea41",周海山,,,,,exact,exact,青龙,[],"[""伪青龙警备大队长；伪军主力，配合日军反复扫荡迁青平无人区根据地。""]",抗日战争时期,"",伪职：伪青龙警备大队长；伪军主力，配合日军反复扫荡迁青平无人区根据地。；结局：解放后镇反公审处决,[],"2026-08-27 03:29:02.083300","2026-08-27 03:29:02.083300",,,,,
"6e190fa3aa7e4d27b6547cd41cc31011",郎介三,,,,,exact,exact,迁安郎庄,[],"[""区分：虽任伪玉田县长，但属于我方统战爱国士绅，利用伪职掩护抗日，不属于汉奸抖音百科。""]",抗日战争时期,"",伪职：区分：虽任伪玉田县长，但属于我方统战爱国士绅，利用伪职掩护抗日，不属于汉奸抖音百科。；结局：抗战胜利后闲居原籍,[],"2026-08-27 03:29:02.091813","2026-08-27 03:29:02.091813",,,,,
"6e22a58f815343bba76feceabfd4bcb3",刘培英,,,,,exact,exact,厦门,"[""台籍""]","[""新华同盟会理事，日伪骨干""]",抗日战争时期,"",伪职：新华同盟会理事，日伪骨干；罪行：台籍汉奸，协助黄莲舫搭建汉奸组织，为兴亚院联络部搜集情报。；结局：光复后作为台奸审讯定罪。,[],"2026-08-27 03:29:02.080544","2026-08-27 03:29:02.080544",,,,,
"6e2483fd977548b690dad069785cb12a",刘兴,,,,,exact,exact,三肇全域,[],"[""伪满刘兴讨伐队头目""]",抗日战争时期,"",伪职：伪满刘兴讨伐队头目；罪行：伪军讨伐队司令，配合日军围剿抗联十二支队，参与三肇肃正，四处搜捕、屠杀抗日军民。；结局：伪满后期病死。,[],"2026-08-27 03:29:02.096754","2026-08-27 03:29:02.096754",,,,,
"6e26545a54624021bea515a54d3caa79",洪立勋,,,,,exact,exact,厦门、鼓浪屿,[],"[""伪厦门市商会会长厦门网""]",抗日战争时期,"",伪职：伪厦门市商会会长厦门网；罪行：胁迫商界纳贡资敌，配合日军经济掠夺，参与 “大东亚共荣” 宣传。；结局：1939 年鼓浪屿被厦门血魂团伏击暗杀毙命厦门网。,[],"2026-08-27 03:29:02.080389","2026-08-27 03:29:02.080389",,,,,
"6e5245c433734df8823e726f4a92c9ff",夏孝义,,,,,"","",江宁陆郎花塘,[],"[""军长""]",抗日战争时期,汪伪政权,伪任职务：陆郎独立警备队头目，原游击队员叛变投敌；盘踞陆郎据点，招募散兵，多次扫荡横山根据地，残害抗日军民，谈判劝降拒不悔改。。结局：1944‑08‑21 新四军四十六团攻坚，击毙于据点内南京雨花台...,[],"2026-08-26 17:52:47","2026-08-26 17:52:47",,,,,
"6e714e80808e4ee48e7114eb8f807abd",张联文,,,,,exact,exact,"",[],"[""伪新京特别市市长""]",抗日战争时期,"",伪职：伪新京特别市市长；罪行：伪满中期新京主官，配合日本当局强化城市治安管控。；结局：光复后被捕判刑。,[],"2026-08-27 03:29:02.093968","2026-08-27 03:29:02.093968",,,,,
"6e80ad6bd6a34a3cb7b233036f0c338f",臧式毅,,,,,"","",辽宁沈阳,[],"[""省级长官"", ""部长"", ""军长""]",抗日战争时期,汪伪政权,伪任职务：伪奉天省首任省长、伪满民政部大臣、参议府议长；母殉国劝降不从仍投敌，推行保甲、集团部落镇压义勇军。结局：苏军俘虏引渡回国，1956 年病死于抚顺战犯管理所,[],"2026-08-26 17:52:47","2026-08-26 17:52:47",,,,,
"6eaa6aa9374e41a8ae15076d192ae842",于品卿,,,,,exact,exact,河北南宫,[],"[""伪察南自治政府主席，伪蒙疆联合自治政府副主席；张家口头号大汉奸，率士绅出城迎接日军，组建维持会，推行保甲、征粮抓丁，掠夺物资，镇压察南抗日运动。""]",抗日战争时期,"",伪职：伪察南自治政府主席，伪蒙疆联合自治政府副主席；张家口头号大汉奸，率士绅出城迎接日军，组建维持会，推行保甲、征粮抓丁，掠夺物资，镇压察南抗日运动。；结局：1945‑12‑24 晋察冀特别法庭公审，汉卿桥执行死刑今日头条,[],"2026-08-27 03:29:02.082830","2026-08-27 03:29:02.082830",,,,,
"6ed197bde0d54b6a962b35602f4878b6",王显廷,,,,,exact,exact,四平,[],"[""伪四平警察厅特务科主任""]",抗日战争时期,"",伪职：伪四平警察厅特务科主任；罪行：领导华人密探网络，在四平、梨树、怀德搜捕爱国分子，刑讯迫害 “思想犯”。；结局：四平解放后公审枪决。,[],"2026-08-27 03:29:02.094905","2026-08-27 03:29:02.094905",,,,,
"6ed472eb08f74f6f87d9aa6491757170",兰子彬,,,,,exact,exact,定兴,[],"[""伪定兴县县长；受赵玉昆伪军支持，推行日伪政令。""]",抗日战争时期,"",伪职：伪定兴县县长；受赵玉昆伪军支持，推行日伪政令。；结局：战后逮捕判刑,[],"2026-08-27 03:29:02.082690","2026-08-27 03:29:02.082690",,,,,
"6f2e33cb642f4ad78df46f0d62433c28",崔勋臣,,,,,exact,exact,宝坻,[],"[""伪宝坻警备大队长；伪军主力，下乡清乡，抓捕抗日干部。""]",抗日战争时期,"",伪职：伪宝坻警备大队长；伪军主力，下乡清乡，抓捕抗日干部。；结局：宝坻解放被俘枪决,[],"2026-08-27 03:29:02.084082","2026-08-27 03:29:02.084082",,,,,
"6f34233bb1df46df9e144e13fda997b5",董双印,,,,,exact,exact,隆尧,[],"[""伪尧山警备大队长；伪军主力，多次下乡清乡。""]",抗日战争时期,"",伪职：伪尧山警备大队长；伪军主力，多次下乡清乡。；结局：隆尧解放被俘枪决,[],"2026-08-27 03:29:02.082148","2026-08-27 03:29:02.082148",,,,,
"6f3c8cf081db4616a775826be7ef16fa",吕海峰,,,,,exact,exact,青龙,[],"[""伪青龙讨伐队大队长；多次进山 “清剿”，抓捕杀害地方干部。""]",抗日战争时期,"",伪职：伪青龙讨伐队大队长；多次进山 “清剿”，抓捕杀害地方干部。；结局：青龙解放被俘枪决,[],"2026-08-27 03:29:02.083309","2026-08-27 03:29:02.083309",,,,,
"6f499e0c18ff4366b9b6f7fe82065df6",周阿四,,,,,exact,exact,建瓯、建阳一带,[],"[""日伪派遣潜入谍报员""]",抗日战争时期,"",伪职：日伪派遣潜入谍报员；罪行：受福州日伪特工机关派遣，伪装成逃难商贩潜入闽北，侦查建瓯机场、国军驻军布防，搜集第三战区闽北防务情报，暗中散播失败谣言。；结局：建瓯军警联合稽查处破获，军法审判处决。,[],"2026-08-27 03:29:02.079127","2026-08-27 03:29:02.079127",,,,,
"6f8295cc45084b3380e9e88a5d280759",沈大方,,,,,exact,exact,吴兴练市,"[""麻子阿方""]","[""伪练市镇镇长""]",抗日战争时期,"",伪职：伪练市镇镇长；罪行：基层伪头目，配合清乡，敲诈商户，告密地下人员线索。；结局：抗战胜利后公审惩处。,[],"2026-08-27 03:29:02.101377","2026-08-27 03:29:02.101377",,,,,
"6fb960fdd27946338fda7fe00aa8a660",韩老印,,,,,exact,exact,满城,[],"[""伪满城警备大队长；驻守满城县城、方顺桥据点，多次进山袭扰游击队。""]",抗日战争时期,"",伪职：伪满城警备大队长；驻守满城县城、方顺桥据点，多次进山袭扰游击队。；结局：满城解放被俘处决,[],"2026-08-27 03:29:02.082433","2026-08-27 03:29:02.082433",,,,,
"6fd0fa738bc34019ba5d987b749f1606",李法标,,,,,exact,exact,蔡家岗（谢家集）,[],"[""伪绥靖团团长""]",抗日战争时期,"",伪职：伪绥靖团团长；罪行：伪军盘踞蔡家岗据点，仗势欺压百姓，强抢民女，多次配合日军扫荡八公山周边乡村淮南市人民...。；结局：被淮上支队内应配合锄奸，当场击毙于蔡家岗周家大院淮南市人民...。,[],"2026-08-27 03:29:02.103789","2026-08-27 03:29:02.103789",,,,,
"6ffe932c6a7b488c9768940553920ce0",李相阁,,,,,exact,exact,七台河吉兴（今七台河东部）,[],"[""伪勃利县吉兴区伪村长，地主汉奸""]",抗日战争时期,"",伪职：伪勃利县吉兴区伪村长，地主汉奸；罪行：效忠日伪，执行粮食出荷、集团部落；压榨乡民，为伪警察、特务提供情报、食宿；光复后勾结反动武装对抗民主政权。；结局：1946 年反奸清算运动被惩处。,[],"2026-08-27 03:29:02.097313","2026-08-27 03:29:02.097313",,,,,
"704d3334cc314963af583641d0d2aad3",张凤岐,,,,,exact,exact,汤原、佛山（嘉荫）,[],"[""伪特务，原抗联人员""]",抗日战争时期,"",伪职：伪特务，原抗联人员；罪行：随同王秀峰伪装山货商人潜入山林，刺探赵尚志小队行踪，传递情报给日伪警察机关。；结局：解放后被管制惩处。,[],"2026-08-27 03:29:02.097629","2026-08-27 03:29:02.097629",,,,,
"705d72d9858945e78cbdd011235eb862",童曼卿,,,,,exact,exact,绍兴城区、平水,[],"[""梅机关派遣女间谍""]",抗日战争时期,"",伪职：梅机关派遣女间谍；罪行：上海梅机关派来的女特务，周旋绍兴军政上层，刺探钱塘江防务情报，为日军攻破绍兴城提供关键情报支持中国社会科...。；结局：抗战胜利后下落不明。,[],"2026-08-27 03:29:02.101515","2026-08-27 03:29:02.101515",,,,,
"7061f497838e48b1a39053b01efbfe3f",陈公博,,,,,"","",广东南海,[],"[""市长"", ""院长""]",抗日战争时期,汪伪政权,伪任职务：汪伪上海特别市市长，汪伪立法院长，后期伪国民政府代主席。结局：1946 年南京枪决上海图书馆...,[],"2026-08-26 17:52:47","2026-08-26 17:52:47",,,,,
"7072f0d2e34645d5aebf9673cc9e4657",李曰琪（李日其）,,,,,"","",云南腾冲,[],"[""军长"", ""维持会""]",抗日战争时期,汪伪政权,伪任职务：腾冲治安维持会首任会长，日军刚占领腾冲时首要傀儡，招诱百姓回城，摊派物资夫役。结局：战后汉奸罪判刑,[],"2026-08-26 17:52:47","2026-08-26 17:52:47",,,,,
"70776946b3434f43b7123116383ee3bb",周麻子,,,,,exact,exact,霍山大河厂‑下符桥,[],"[""霍山便衣汉奸""]",抗日战争时期,"",伪职：霍山便衣汉奸；罪行：带路日军扫荡大河厂，砍断电话线嫁祸乡民，酿成石洞全家 13 口被炸死惨案，烧杀劫掠乡村。；结局：霍山地方武装捕获正法。,[],"2026-08-27 03:29:02.105549","2026-08-27 03:29:02.105549",,,,,
"70aaa1418b3f4ca081dfbe4fe7582ba5",周象九,,,,,exact,exact,睢宁县城,[],"[""伪睢宁维持会会长""]",抗日战争时期,"",伪职：伪睢宁维持会会长；罪行：睢宁沦陷后出面组建维持会，投靠日军，为伪政权铺路，搜刮物资供给日军。；结局：抗战胜利后公审伏法。,[],"2026-08-27 03:29:02.098883","2026-08-27 03:29:02.098883",,,,,
"70c9f9c86c304c049c35d07a5abe991d",门致中,,,,,"","",吉林，曾任宁夏省主席（1927‑1929）,[],"[""省级长官"", ""部长"", ""军长"", ""司令"", ""委员长"", ""总司令""]",抗日战争时期,华北伪临时政府,伪任职务：早年做过宁夏省主席，抗战期间在华北投敌，伪华北政务委员会常务委员、华北治安军总司令，指挥伪治安军扫荡华北抗日根据地，作恶全部在华北，不在宁夏。。结局：抗战胜利被国民政府收编，之后逃往香港，客死香港,[],"2026-08-26 17:52:47","2026-08-26 17:52:47",,,,,
"70edaaa00dd747fcbf12de8fb87c8425",杨显青,,,,,exact,exact,"",[],"[""伪辽阳县首任县长""]",抗日战争时期,"",伪职：伪辽阳县首任县长；罪行：九一八后投敌，组建辽阳县伪公署；推行保甲连坐，配合日军围剿辽阳、吉洞峪一带抗日义勇军，强征粮食、劳工。；结局：抗战胜利逮捕，汉奸罪判刑。,[],"2026-08-27 03:29:02.093011","2026-08-27 03:29:02.093011",,,,,
"71208cb703144f3c8ae5a8459891a87e",郝相臣,,,,,exact,exact,营口,[],"[""伪营口总商会会长""]",抗日战争时期,"",伪职：伪营口总商会会长；罪行：九一八事变即附逆，为日军筹措军需物资，摊派各类报国捐，压榨营口商民，配合日伪经济掠夺。；结局：反奸清算，没收财产，判处徒刑。,[],"2026-08-27 03:29:02.092666","2026-08-27 03:29:02.092666",,,,,
"712a5873520e41ca8994f1da1faec5b2",单永善,,,,,exact,exact,朝阳,[],"[""伪朝阳地方检察厅华人检察官、特务骨干""]",抗日战争时期,"",伪职：伪朝阳地方检察厅华人检察官、特务骨干；罪行：掌管伪司法，迫害爱国志士；大肆受理 “国事犯”，刑讯逼供；日本投降后组建朝阳保安军司令部，收拢伪警伪军图谋暴动，对抗民主政权。；结局：暴动被粉碎，公审枪决。,[],"2026-08-27 03:29:02.093527","2026-08-27 03:29:02.093527",,,,,
"71388a6710fc4d4d9ae50e53e938a447",王连璧,,,,,exact,exact,昌黎,[],"[""伪昌黎县县长、新民会头目；推行奴化教育，掠夺粮食矿产，管控滦河沿线据点。""]",抗日战争时期,"",伪职：伪昌黎县县长、新民会头目；推行奴化教育，掠夺粮食矿产，管控滦河沿线据点。；结局：日本投降后逮捕判刑,[],"2026-08-27 03:29:02.081445","2026-08-27 03:29:02.081445",,,,,
"713d166f05c3498384f5127587272b8c",石连丰,,,,,exact,exact,固安,[],"[""伪后备队队长；配合王凤岗搜捕我方干部，抓捕杀害革命人员。""]",抗日战争时期,"",伪职：伪后备队队长；配合王凤岗搜捕我方干部，抓捕杀害革命人员。；结局：固安解放被俘处决廊坊市人民...,[],"2026-08-27 03:29:02.083971","2026-08-27 03:29:02.083971",,,,,
"7153ddf7e15844cdbe839427471e2e4e",陈孝顺,,,,,exact,exact,坝埂头水路口岸,[],"[""坝埂头叛徒特务""]",抗日战争时期,"",伪职：坝埂头叛徒特务；罪行：原我方人员叛变，加入崔光汉特务武装；利用码头便利搜集来往人员情报，破坏沿江地下交通线。；结局：解放后镇反镇压。,[],"2026-08-27 03:29:02.104417","2026-08-27 03:29:02.104417",,,,,
"7158209d2c044bfda2cef7da25f8f9bd",张凤岐,,,,,exact,exact,汤原、佛山（嘉荫）,[],"[""伪特务，原抗联人员""]",抗日战争时期,"",伪职：伪特务，原抗联人员；罪行：随同王秀峰伪装山货商人潜入山林，刺探赵尚志小队行踪，传递情报给日伪警察机关。；结局：解放后被管制惩处。,[],"2026-08-27 03:29:02.096874","2026-08-27 03:29:02.096874",,,,,
"715853d8d2a241f88f0433c4cb1e5e5c",王景堂,,,,,exact,exact,铁力、桃山林区,[],"[""伪铁力县森林警察讨伐队队长""]",抗日战争时期,"",伪职：伪铁力县森林警察讨伐队队长；罪行：熟悉小兴安岭山林，带队进山 “肃正讨伐”，捣毁多处抗联密营，抓捕伐木场中抗日工人。；结局：抗战胜利后被清算镇压。,[],"2026-08-27 03:29:02.097637","2026-08-27 03:29:02.097637",,,,,
"717919cd3948417e8348232fd8cc129a",褚德山,,,,,exact,exact,内丘,[],"[""伪内丘警备大队长；盘踞内丘县城、神头、獐么据点，频繁袭扰太行根据地边沿。""]",抗日战争时期,"",伪职：伪内丘警备大队长；盘踞内丘县城、神头、獐么据点，频繁袭扰太行根据地边沿。；结局：1945 年县城解放被俘处决,[],"2026-08-27 03:29:02.082094","2026-08-27 03:29:02.082094",,,,,
"718c9c46b4a94747b6612ad6a117ccdc",关雅亭,,,,,exact,exact,通辽,[],"[""伪兴安南警备军副官处长；参与策划 “归还兵惨案”，诱骗起义蒙古武装，协助日军解除武装、屠杀起义官兵。""]",抗日战争时期,"",伪职：伪兴安南警备军副官处长；参与策划 “归还兵惨案”，诱骗起义蒙古武装，协助日军解除武装、屠杀起义官兵。；结局：解放后镇反公审枪决,[],"2026-08-27 03:29:02.085776","2026-08-27 03:29:02.085776",,,,,
"719d6df593e2479e993eabc540528f78",王砚田,,,,,exact,exact,垣曲,[],"[""伪垣曲县县长""]",抗日战争时期,"",伪职：伪垣曲县县长；罪行：日军占领垣曲后组建伪政权，配合日军扫荡垣曲山区。；结局：县城收复后逮捕判刑,[],"2026-08-27 03:29:02.089361","2026-08-27 03:29:02.089361",,,,,
"71aa113b9b0d4caebe23a99e8b55d369",张梦九,,,,,exact,exact,安东,[],"[""伪安东市副市长（华人最高职务）""]",抗日战争时期,"",伪职：伪安东市副市长（华人最高职务）；罪行：协助日本市长管理安东市政，强征劳工、物资配给，推行奴化宣传。；结局：光复后逮捕，汉奸罪判刑。,[],"2026-08-27 03:29:02.092360","2026-08-27 03:29:02.092360",,,,,
"71c64e434123463bb03026f278cbf497",刘老贵,,,,,exact,exact,海阳镇,[],"[""伪海阳镇伪大乡长；给据点输送情报，强征粮款民夫，告密多名堡垒户。""]",抗日战争时期,"",伪职：伪海阳镇伪大乡长；给据点输送情报，强征粮款民夫，告密多名堡垒户。；结局：抗战胜利群众控诉，镇压处决,[],"2026-08-27 03:29:02.097778","2026-08-27 03:29:02.097778",,,,,
"7214044c91774a75b258f4d77d67d3c3",霍世九,,,,,exact,exact,合肥东北、定合县交界,[],"[""定合边界汉奸联络站头目""]",抗日战争时期,"",伪职：定合边界汉奸联络站头目；罪行：建立日伪情报联络站，策反我方人员，搜集淮南根据地军事情报，传递给日军据点中安在线。；结局：根据地公安局破案抓捕处决。,[],"2026-08-27 03:29:02.102845","2026-08-27 03:29:02.102845",,,,,
"721b5435c266400fa6e8202c625584e6",王占一,,,,,exact,exact,宁城,[],"[""伪协和会会长；奴化宣传，检举抓捕爱国群众，为讨伐队搜集情报。""]",抗日战争时期,"",伪职：伪协和会会长；奴化宣传，检举抓捕爱国群众，为讨伐队搜集情报。；结局：土改时期镇压处决中国人民政...,[],"2026-08-27 03:29:02.085496","2026-08-27 03:29:02.085496",,,,,
"7228fa0283664abca5fbdc4dfe629715",刘海轩,,,,,exact,exact,阜新新邱,[],"[""煤矿大资本家，满铁代理人""]",抗日战争时期,"",伪职：煤矿大资本家，满铁代理人；罪行：九一八之前就投靠日本；把大量矿区低价卖给日本大新、大兴公司，帮助日本攫取阜新煤田；充当日本在阜新地方的代理人，压榨矿工，勾结日伪势力。；结局：建国前病死，部分家产被没收。,[],"2026-08-27 03:29:02.092816","2026-08-27 03:29:02.092816",,,,,
"722d23dc9a724b71b792f52e527303c9",马良,,,,,"","",河北保定,[],"[""省级长官"", ""军长""]",抗日战争时期,汪伪政权,伪任职务：伪山东省公署省长（1938‑1939），山东最早伪省长，旧军阀出身人民网。结局：抗战后被捕，病死狱中,[],"2026-08-26 17:52:47","2026-08-26 17:52:47",,,,,
"7268df3ba0da413ba956a5964afc8b8f",孙梅生,,,,,exact,exact,湖州城区,[],"[""伪吴兴警察局局长""]",抗日战争时期,"",伪职：伪吴兴警察局局长；罪行：掌控伪警察武装，网罗地痞组建侦缉队，搜捕城内地下抗日人员，施用酷刑迫害被捕群众。；结局：抗战胜利后汉奸审判伏法。,[],"2026-08-27 03:29:02.101996","2026-08-27 03:29:02.101996",,,,,
"727031541b714a5082820c1fca87a8b2",赵欣伯,,,,,exact,exact,河北宛平,[],"[""伪奉天市第一任市长，伪立法院院长""]",抗日战争时期,"",伪职：伪奉天市第一任市长，伪立法院院长；罪行：留日亲日派，参与炮制伪满洲国，主持奉天伪市政，制定伪法规，搜刮商民，镇压城内反日力量。；结局：抗战胜利被捕，1951 年看守所猝死。,[],"2026-08-27 03:29:02.090612","2026-08-27 03:29:02.090612",,,,,
"7270fc22c269464dae81fabc5952745a",张本政,,,,,exact,exact,旅顺,[],"[""关东州厅参事、大连市商会会长，身兼 49 项伪职，政记轮船公司老板""]",抗日战争时期,"",伪职：关东州厅参事、大连市商会会长，身兼 49 项伪职，政记轮船公司老板；罪行：甲午即投敌；全部轮船供日军运输军火兵员；捐献飞机 40 架，受日本天皇接见；日本投降后组建大连治安维持会，勾结残留日军与国民党势力，迫害爱国人士。；结局：1947 初判 12 年，保外就医潜逃；1951 年公审枪决，家产全部没收抖音百科。,[],"2026-08-27 03:29:02.090885","2026-08-27 03:29:02.090885",,,,,
"72753d933bc44cc3ab0306d9da3b6474",薛德顺,,,,,"","",陕西华县,[],[],抗日战争时期,汪伪政权,伪任职务：和尚，黑煞道核心骨干，传播日伪宣传，发展会众，筹备暴乱商洛日报。。结局：暴乱失败后捕获处决,[],"2026-08-26 17:52:47","2026-08-26 17:52:47",,,,,
"7281ee66e10c45e6a02b3416ec201455",王梦龄,,,,,exact,exact,大同,[],"[""伪大同县警务科长""]",抗日战争时期,"",伪职：伪大同县警务科长；罪行：指挥便衣特务，在大同城内外抓捕爱国志士，刑讯迫害被捕群众，发展大批乡村密探。；结局：解放后镇反枪决,[],"2026-08-27 03:29:02.087459","2026-08-27 03:29:02.087459",,,,,
"7286286f71ae4b65aa21e2340020b02e",陈守谦,,,,,exact,exact,长子,[],"[""伪长子警备大队长""]",抗日战争时期,"",伪职：伪长子警备大队长；罪行：下乡清剿，残害堡垒户，勒索地方百姓。；结局：解放后处决,[],"2026-08-27 03:29:02.087899","2026-08-27 03:29:02.087899",,,,,
"7298083cd0c644c09065258cbd270116",周洛秉,,,,,exact,exact,赵县,[],"[""伪赵县警察局局长，配合郭炭块维持城防，抓捕抗日人员。""]",抗日战争时期,"",伪职：伪赵县警察局局长，配合郭炭块维持城防，抓捕抗日人员。；结局：赵县解放被俘，判处长期监禁,[],"2026-08-27 03:29:02.089649","2026-08-27 03:29:02.089649",,,,,
"72a2e216576e47888d3f59f04075db99",李麟书,,,,,exact,exact,大赉（大安）,[],"[""伪大赉县（今大安）县长""]",抗日战争时期,"",伪职：伪大赉县（今大安）县长；罪行：主持大赉伪县公署，执行粮食出荷、抓国兵，迫害爱国群众；光复后任维持会会长，把持县城抗拒民主政府接收。；结局：1946 年公审处决。,[],"2026-08-27 03:29:02.095572","2026-08-27 03:29:02.095572",,,,,
"72aa3fb9d94c4d0e9d521562036c344a",韩二虎,,,,,exact,exact,洪洞,[],"[""伪洪洞警备大队长""]",抗日战争时期,"",伪职：伪洪洞警备大队长；罪行：带队下乡清乡扫荡，祸害汾河两岸村庄。；结局：解放后公审枪决,[],"2026-08-27 03:29:02.090127","2026-08-27 03:29:02.090127",,,,,
"72c971d8af374389a40d3960f4c62464",张万昌,,,,,exact,exact,辽源,[],"[""伪西安县总商会会长""]",抗日战争时期,"",伪职：伪西安县总商会会长；罪行：依附日伪，摊派报国捐，为矿山、日军筹措物资，盘剥工商业。；结局：没收财产，判处徒刑。,[],"2026-08-27 03:29:02.095070","2026-08-27 03:29:02.095070",,,,,
"731a84ef29ab488383fb614e92dc43c7",林其应,,,,,exact,exact,台江南台,[],"[""第一次沦陷伪商会骨干""]",抗日战争时期,"",伪职：第一次沦陷伪商会骨干；罪行：吴郎藩副手，勒索商户，替日军筹措经费物资。；结局：1941 年光复枪决。,[],"2026-08-27 03:29:02.080164","2026-08-27 03:29:02.080164",,,,,
"731e91eff0694eaea4744bdfd33cf177",王子衡,,,,,exact,exact,黑河全省,[],"[""伪黑河省省长，后伪滨江省省长""]",抗日战争时期,"",伪职：伪黑河省省长，后伪滨江省省长；罪行：伪黑河省最高行政长官，全面执行日本殖民统治，推行粮食出荷、边境封锁，配合对三支队抗联的大讨伐；后调任滨江省省长抖音百科。；结局：1945 年苏军抓捕押往苏联，1950 年遣返回抚顺战犯管理所，后特赦释放。,[],"2026-08-27 03:29:02.098228","2026-08-27 03:29:02.098228",,,,,
"731f5446a7594060bd2cf59378246da5",王五权,,,,,"","",杭州,[],"[""军长"", ""维持会""]",抗日战争时期,汪伪政权,伪任职务：维持会副会长，杭州救火会会长，配合日军搜刮，参与早期伪政权建立。。结局：战后逮捕判刑,[],"2026-08-26 17:52:47","2026-08-26 17:52:47",,,,,
"73446e191356488f85755cb4e4c276c5",时育德,,,,,exact,exact,肇源,[],"[""伪肇源县村长""]",抗日战争时期,"",伪职：伪肇源县村长；罪行：执行日伪 “粮食出荷”，盘剥乡民；光复后秘密串联地主、伪官吏策划武装暴乱，图谋推翻民主区政府。；结局：1946 年公审枪决。,[],"2026-08-27 03:29:02.096737","2026-08-27 03:29:02.096737",,,,,
"738887f1e2854c90b742ac7ba1f485f3",金绍宗,,,,,exact,exact,"",[],"[""伪涿县县长；平汉铁路要地，管控进出北平门户，抓捕来往交通人员。""]",抗日战争时期,"",伪职：伪涿县县长；平汉铁路要地，管控进出北平门户，抓捕来往交通人员。；结局：战后汉奸罪判处徒刑,[],"2026-08-27 03:29:02.082738","2026-08-27 03:29:02.082738",,,,,
"73d257c76bcf4539a1c6a361e2a44d74",张治邦,,,,,"","",江宁湖熟赤山,[],"[""军长""]",抗日战争时期,汪伪政权,伪任职务：伪镇长，多次向日军通风报信；我方多次警告仍死心塌地附敌，搬迁至湖熟依仗据点作恶。。结局：短枪队伏击，在赤山‑湖熟道口被击毙南京市江宁...,[],"2026-08-26 17:52:47","2026-08-26 17:52:47",,,,,
"73dbce9321f944588a127661de052029",李维周,,,,,exact,exact,齐齐哈尔,[],"[""齐齐哈尔地方维持会会长""]",抗日战争时期,"",伪职：齐齐哈尔地方维持会会长；罪行：九一八事变后率先组织维持会迎接日军进城，协助建立伪龙江省傀儡政权，为日军筹措物资，胁迫地方士绅归顺伪满。；结局：抗战胜利后被民主政府逮捕清算。,[],"2026-08-27 03:29:02.095802","2026-08-27 03:29:02.095802",,,,,
"73ea19f02dea421097f0c7c900cec8ae",郭剑石,,,,,exact,exact,嘉兴城区、新塍,[],"[""苏嘉湖沿线维持总会会长、嘉兴维持会会长""]",抗日战争时期,"",伪职：苏嘉湖沿线维持总会会长、嘉兴维持会会长；罪行：嘉兴沦陷最早的总汉奸，出城迎接日军，串联苏嘉湖各县组建维持会，网罗地痞建立基层傀儡组织，为日军征粮派差浙江省地方...。；结局：抗战胜利后汉奸审判判处死刑。,[],"2026-08-27 03:29:02.101082","2026-08-27 03:29:02.101082",,,,,
"73ece5a2aa58461e81b120d5c40004d7",冯捷三,,,,,exact,exact,鸡西城子河晓城煤矿,"[""冯守田""]","[""煤矿劳务系外勤，日伪特务""]",抗日战争时期,"",伪职：煤矿劳务系外勤，日伪特务；罪行：充当日军耳目，检举有抗日倾向矿工，协助日伪抓捕群众城子河区人...。；结局：解放后管制改造。,[],"2026-08-27 03:29:02.096183","2026-08-27 03:29:02.096183",,,,,
"74199626a6854009a7ab937bbbd414f3",夏恭,,,,,exact,exact,大同,[],"[""伪晋北自治政府最高委员；伪蒙疆联合自治政府副主席、大同炭矿理事长（1937‑1941）""]",抗日战争时期,"",伪职：伪晋北自治政府最高委员；伪蒙疆联合自治政府副主席、大同炭矿理事长（1937‑1941）；罪行：清末举人，日军占领大同牵头组建维持会，建立伪晋北自治政府；推行 “铲共防共”，编闾保甲，协助日军掠夺大同煤炭、粮食，推行奴化教育，配合日军扫荡雁北各抗日根据地。；结局：1941 年病死，逃脱战后审判，钉在历史耻辱柱上,[],"2026-08-27 03:29:02.087406","2026-08-27 03:29:02.087406",,,,,
"742a3bf329ee41e0849eb1303aae7552",萧叔宣,,,,,exact,exact,南京汪伪，谋划接管福建沦陷区，战时曾谋划对永安省府诱降抖音百科,"[""闽侯人，与三明战时机构有关联""]","[""汪伪陆军部长、伪福建省政府主席""]",抗日战争时期,"",伪职：汪伪陆军部长、伪福建省政府主席；罪行：汪伪高级将领，主持伪福建政务规划，参与诱降国民政府，筹划接收福州厦门伪政权。；结局：1945 年 8 月南京逮捕汉奸冲突中中弹身亡抖音百科。,[],"2026-08-27 03:29:02.079805","2026-08-27 03:29:02.079805",,,,,
"74637ba91e2c44e4827e2dfd787d85bd",顾六子,,,,,exact,exact,凤阳临淮关,[],"[""临淮关伪侦缉队长""]",抗日战争时期,"",伪职：临淮关伪侦缉队长；罪行：盘踞临淮关水陆要道，盘查往来人员，多次引导日军下乡扫荡淮河两岸游击区百姓。；结局：抗战胜利后公审处决。,[],"2026-08-27 03:29:02.103627","2026-08-27 03:29:02.103627",,,,,
"7474e96a914b4107a40632ef6738b945",张致和,,,,,exact,exact,磁县,[],"[""伪磁县警备大队长；伪军主力头目，驻守磁县城、观台、彭城，多次配合日军扫荡磁县西部山区。""]",抗日战争时期,"",伪职：伪磁县警备大队长；伪军主力头目，驻守磁县城、观台、彭城，多次配合日军扫荡磁县西部山区。；结局：磁县解放被俘，公审枪决,[],"2026-08-27 03:29:02.080744","2026-08-27 03:29:02.080744",,,,,
"7487dfa687a44accacb95db5e261d115",郭柏雷,,,,,exact,exact,孙吴东兴山,[],"[""孙吴东兴山炭窑大把头、密探""]",抗日战争时期,"",伪职：孙吴东兴山炭窑大把头、密探；罪行：向孙吴日本宪兵告密，出卖抗联三支队姚世同小队，致使抗联战士被大批日伪军包围，多人牺牲央视网。；结局：日本投降后被受害劳工群众当场打死。,[],"2026-08-27 03:29:02.098249","2026-08-27 03:29:02.098249",,,,,
"74f6c59f194142dcbe9b89a4380456ab",梅思平,,,,,"","",浙江永嘉（温州）,[],"[""省级长官"", ""部长""]",抗日战争时期,汪伪政权,伪任职务：汪伪组织部长，兼任伪浙江省主席，汪伪核心大员。结局：1946 年南京以汉奸罪枪决浙江省地方...,[],"2026-08-26 17:52:47","2026-08-26 17:52:47",,,,,
"74ff27a4d2a74d0b8fd3f0da4d28e92d",郑俊生,,,,,exact,exact,"",[],"[""继任伪唐山宪兵大队长，延续白色恐怖，配合治安强化运动搜捕城乡交通员。""]",抗日战争时期,"",伪职：继任伪唐山宪兵大队长，延续白色恐怖，配合治安强化运动搜捕城乡交通员。；结局：汉奸罪审判服刑,[],"2026-08-27 03:29:02.086770","2026-08-27 03:29:02.086770",,,,,
"75130251d5af4c0fbf704bec4af4bacf",郭逸民,,,,,exact,exact,宁波城区（鄞县）,[],"[""伪鄞县维持会骨干""]",抗日战争时期,"",伪职：伪鄞县维持会骨干；罪行：沦陷初期出面张罗伪维持会，拉拢商界士绅归顺日伪，组织奴化宣传。；结局：战后逮捕判刑。,[],"2026-08-27 03:29:02.100800","2026-08-27 03:29:02.100800",,,,,
"752c7afd90b24ed88f0cdfc825f73ccd",李讴一,,,,,"","",广东,[],"[""军长""]",抗日战争时期,伪军,伪任职务：伪广州绥靖公署副主任，整编广东各路伪军，围剿珠江抗日游击队。结局：抗战胜利逮捕，判处死刑枪决,[],"2026-08-26 17:52:47","2026-08-26 17:52:47",,,,,
"754c1b9cb0ff4101a54685c06c3e75d1",王炳宸,,,,,exact,exact,"",[],"[""伪梨树县县长""]",抗日战争时期,"",伪职：伪梨树县县长；罪行：梨树为四平省核心县；强力推行粮食出荷，武力征粮，推行集团部落。；结局：战后汉奸罪判刑。,[],"2026-08-27 03:29:02.094874","2026-08-27 03:29:02.094874",,,,,
"756639d6c8f449769d9d56fc496c4ab6",宝音乌勒吉,,,,,"","",外蒙古,[],[],抗日战争时期,汪伪政权,伪任职务：逃亡伪蒙疆的外蒙古分裂分子，在张家口伪蒙疆政权任职，策划渗透外蒙古。结局：日本战败后被外蒙古逮捕处决,[],"2026-08-26 17:52:47","2026-08-26 17:52:47",,,,,
"757b2df8de104c8f9776b3663b2812cc",尤柳门,,,,,"","",福建福州,[],"[""军长"", ""维持会""]",抗日战争时期,汪伪政权,伪任职务：福州沦陷头号汉奸，伪福州维持会核心，为日军搜刮物资，策反地方势力。结局：战后判处无期徒刑，狱中病逝,[],"2026-08-26 17:52:47","2026-08-26 17:52:47",,,,,
"75a3540444874829beb5bb369e76c8be",于惠洲,,,,,exact,exact,"",[],"[""伪新海县县长；管控沿海，抓劳工，掠夺海盐物资。""]",抗日战争时期,"",伪职：伪新海县县长；管控沿海，抓劳工，掠夺海盐物资。；结局：战后判处徒刑,[],"2026-08-27 03:29:02.083659","2026-08-27 03:29:02.083659",,,,,
"75b20f860dc44785a8cc9fd13c86563b",修长余,,,,,exact,exact,"",[],"[""伪吉林省警务处处长""]",抗日战争时期,"",伪职：伪吉林省警务处处长；罪行：掌管吉林全省伪警察系统，指挥特务密探，大肆搜捕地下党、抗联关系与爱国群众。；结局：光复后逮捕，汉奸罪重判。,[],"2026-08-27 03:29:02.094391","2026-08-27 03:29:02.094391",,,,,
"7614d35eb6e04ca6848f45f8a91d888c",庄洪业,,,,,exact,exact,抚顺,[],"[""伪警察署翻译特务""]",抗日战争时期,"",伪职：伪警察署翻译特务；罪行：充当日军翻译，告密、指认抗日群众，参与抓捕迫害。；结局：抗战时期被我方锄奸处决。,[],"2026-08-27 03:29:02.091408","2026-08-27 03:29:02.091408",,,,,
"7624f6cf3f384dfaa23c74c925e5c415",周福海,,,,,exact,exact,象山沿海,[],"[""伪象山保安大队长""]",抗日战争时期,"",伪职：伪象山保安大队长；罪行：伪军头目，驻守石浦、丹城据点，骚扰沿海乡村，抓捕抗日爱国群众。；结局：抗战胜利后被俘处决。,[],"2026-08-27 03:29:02.100847","2026-08-27 03:29:02.100847",,,,,
"762e1251548749c0ba5fe2cd127d3912",周瑞符,,,,,exact,exact,"",[],"[""伪邯郸警备联队联队长，邯郸伪军军事主官；下辖 9 个中队 700 余人，驻守城乡各个据点，配合日军清乡扫荡。""]",抗日战争时期,"",伪职：伪邯郸警备联队联队长，邯郸伪军军事主官；下辖 9 个中队 700 余人，驻守城乡各个据点，配合日军清乡扫荡。；结局：邯郸解放被俘，判处死刑,[],"2026-08-27 03:29:02.080686","2026-08-27 03:29:02.080686",,,,,
"7640e21e268341358d494992b5494188",赵书纬,,,,,exact,exact,"",[],"[""伪蛟河县县长""]",抗日战争时期,"",伪职：伪蛟河县县长；罪行：管控长白山边缘，搜捕抗联交通线，推行集团部落。；结局：光复后逮捕判刑。,[],"2026-08-27 03:29:02.094669","2026-08-27 03:29:02.094669",,,,,
"7649ecdb78ea425892373ec17395efe7",秦亮功（秦亮工）,,,,,"","",无锡,[],"[""委员长"", ""维持会"", ""县长""]",抗日战争时期,汪伪政权,伪任职务：维持会委员，第三任伪无锡县长，周旋于日伪与地方士绅之间。。结局：抗战胜利逮捕，汉奸罪判处徒刑关押,[],"2026-08-26 17:52:47","2026-08-26 17:52:47",,,,,
"76539adc978f4a0e8ae6fe4102e88007",王特生,,,,,exact,exact,彭泽县（今属九江）,[],"[""伪彭泽县政府军事科科长""]",抗日战争时期,"",伪职：伪彭泽县政府军事科科长；罪行：掌管伪政府军事事务，配合日军行动、管控地方伪武装、抓捕抗日人员；结局：史料未明确记载其最终结局（来源：彭泽伪政府核心官员）,[],"2026-08-27 03:29:02.077693","2026-08-27 03:29:02.077693",,,,,
"7659b0d6d1f042578252c7427148a57f",杜凤山,,,,,exact,exact,五原,[],"[""伪五原伪政权骨干，伪军头目；随同日军下乡骚扰、敲诈百姓五原县人民...。""]",抗日战争时期,"",伪职：伪五原伪政权骨干，伪军头目；随同日军下乡骚扰、敲诈百姓五原县人民...。；结局：五原战役被俘处决,[],"2026-08-27 03:29:02.086555","2026-08-27 03:29:02.086555",,,,,
"769777cbc7ed4121a39f88c1e003d08e",丁良贤,,,,,exact,exact,义乌佛堂镇,[],"[""佛堂镇维持会会长""]",抗日战争时期,"",伪职：佛堂镇维持会会长；罪行：义乌南部铁杆汉奸；告密带路引导日军扫荡山盆村，全村几乎焚毁；为日军华中矿业公司搜刮砩矿资源，迫害义南抗日力量。；结局：1942 年被南联抗日武装锄奸处决。,[],"2026-08-27 03:29:02.078660","2026-08-27 03:29:02.078660",,,,,
"76d1a64d051249f6adbad2d8f3344692",王亚民,,,,,exact,exact,盱眙,[],"[""伪盱眙警察局局长""]",抗日战争时期,"",伪职：伪盱眙警察局局长；罪行：执掌伪警察系统，执行日伪政令，抓捕地下抗日人员，协助伪县长维持傀儡统治宿迁日报。；结局：战后逮捕惩处。,[],"2026-08-27 03:29:02.100084","2026-08-27 03:29:02.100084",,,,,
"76e01d96d47447ca99c8cdfe8d8b5427",钱慰宗,,,,,exact,exact,蚌埠,[],"[""伪安徽省教育厅厅长""]",抗日战争时期,"",伪职：伪安徽省教育厅厅长；罪行：主持全省奴化教育，中小学强制日语教学，查禁爱国书刊，创办伪《安徽日报》开展亲日宣传。；结局：抗战胜利后逮捕判刑。,[],"2026-08-27 03:29:02.103498","2026-08-27 03:29:02.103498",,,,,
"7710d72c50de4fa6adbbc3f9f3d6c518",林济川,,,,,exact,exact,厦门全岛,[],"[""伪禁烟局长（实为鸦片专卖）""]",抗日战争时期,"",伪职：伪禁烟局长（实为鸦片专卖）；罪行：推行毒化政策，大开烟馆，贩卖鸦片牟利。；结局：肃奸拘押判刑。,[],"2026-08-27 03:29:02.080416","2026-08-27 03:29:02.080416",,,,,
"772fead3c0c543479d4d44f4b6930a56",张阿毛,,,,,exact,exact,温岭松门、石塘沿海,[],"[""温岭海上密探向导""]",抗日战争时期,"",伪职：温岭海上密探向导；罪行：熟悉海湾航道，多次引导日舰登陆袭扰盐场渔村，刺探沿海自卫队布防情报。；结局：抗战胜利后公审枪决。,[],"2026-08-27 03:29:02.102512","2026-08-27 03:29:02.102512",,,,,
"773bea09de6648a5b6a6872e1fab2e91",徐日晓,,,,,exact,exact,黑河市区（瑷珲）,[],"[""振边酒厂老板，黑河维持会主席、伪保安队长""]",抗日战争时期,"",伪职：振边酒厂老板，黑河维持会主席、伪保安队长；罪行：伪满时期勾结日本特务机关；日本投降后出任黑河维持会主席，收拢伪警组建反动保安队，策划对抗民主政权，参与黑河反革命暴乱阴谋今日头条。；结局：暴乱失败后逃脱，下落不明。,[],"2026-08-27 03:29:02.098366","2026-08-27 03:29:02.098366",,,,,
"773d59a9fc294c79b48631d16b785de5",沈元,,,,,exact,exact,大丰白驹,[],"[""伪台北县伪自卫团长""]",抗日战争时期,"",伪职：伪台北县伪自卫团长；罪行：地主武装投敌，带领伪自卫团下乡清剿，抓捕民兵、抗日群众。；结局：公审处决盐城市史志...。,[],"2026-08-27 03:29:02.099900","2026-08-27 03:29:02.099900",,,,,
"777757734af749df8eaf87436f619e11",钱阿毛,,,,,exact,exact,长兴县城、泗安,[],"[""长兴伪宪兵队情报组长""]",抗日战争时期,"",伪职：长兴伪宪兵队情报组长；罪行：地痞投敌，充当日军耳目，引导日军进山扫荡长兴山区，迫害游击根据地百姓。；结局：抗战胜利后公审枪决。,[],"2026-08-27 03:29:02.102011","2026-08-27 03:29:02.102011",,,,,
"777a2c2d6b634ff8a21dd4130520b24a",王河,,,,,exact,exact,长治南关,[],"[""潞安宪兵队便衣特务头目（上党四大汉奸之一）""]",抗日战争时期,"",伪职：潞安宪兵队便衣特务头目（上党四大汉奸之一）；罪行：叛变投敌，带领宪兵抓捕抗日军民；协助日军拿平民做活体解剖，制造多起惨案。；结局：长治解放公审枪决,[],"2026-08-27 03:29:02.088065","2026-08-27 03:29:02.088065",,,,,
"77a8b626ea5343449cfc7585b05528a0",管翼贤,,,,,"","",湖北蕲春,[],[],抗日战争时期,华北伪临时政府,伪任职务：伪华北《新民报》总编辑，北平头号新闻文化汉奸，大肆宣传日伪理论。结局：初判无期，1951 年北京军管会判处死刑执行枪决,[],"2026-08-26 17:52:47","2026-08-26 17:52:47",,,,,
"77cdf34d02b2459aa6edd5a6640311bc",林景仁,,,,,"","",台湾板桥,[],"[""部长""]",抗日战争时期,汪伪政权,伪任职务：板桥林家，赴伪满洲国任职，伪满外交部政务司欧美科科长，服务伪满傀儡政权。。结局：抗战胜利后被捕，后释放返回台湾,[],"2026-08-26 17:52:47","2026-08-26 17:52:47",,,,,
"77ce7e94f58e442a8570c6e33046e32c",张绍堂,,,,,exact,exact,包头,[],"[""包头维持会核心头目，漠南公司经理；联合商会士绅出城迎接日军入城，协助接管城市。""]",抗日战争时期,"",伪职：包头维持会核心头目，漠南公司经理；联合商会士绅出城迎接日军入城，协助接管城市。；结局：战后汉奸罪判刑,[],"2026-08-27 03:29:02.085134","2026-08-27 03:29:02.085134",,,,,
"77d08488e61d419f9cfa1b6f7889439b",张爱仁,,,,,exact,exact,"",[],"[""伪冀东警备团团长，团部驻北戴河‑海阳一线；假意联络八路军起义，实际勾结日军设伏，企图围歼我方部队，破坏滦东情报网。""]",抗日战争时期,"",伪职：伪冀东警备团团长，团部驻北戴河‑海阳一线；假意联络八路军起义，实际勾结日军设伏，企图围歼我方部队，破坏滦东情报网。；结局：被日军怀疑私通八路，逮捕押解，判处十年徒刑送回日本,[],"2026-08-27 03:29:02.099603","2026-08-27 03:29:02.099603",,,,,
"77dd353ca2ae4ca7a2c7cedfc5a4f682",王慎之,,,,,exact,exact,"",[],"[""伪安平县县长；依附伪军，推行日伪各项政令。""]",抗日战争时期,"",伪职：伪安平县县长；依附伪军，推行日伪各项政令。；结局：战后逮捕判处无期徒刑,[],"2026-08-27 03:29:02.084646","2026-08-27 03:29:02.084646",,,,,
"77df93a490dc4d568bc2335a29e90fba",李易山,,,,,exact,exact,朔县,"[""王润""]","[""我方干部叛变，日伪特务头目""]",抗日战争时期,"",伪职：我方干部叛变，日伪特务头目；罪行：原朔县我方干部，1942 投敌，交出 260 多名地下人员名单，配合日伪在平鲁、朔县大搜捕，制造大量抓捕惨案。；结局：解放后公审处决,[],"2026-08-27 03:29:02.088575","2026-08-27 03:29:02.088575",,,,,
"77e669a56e61468b91f88a879492ac73",沈传志,,,,,exact,exact,彭泽县（今属九江）,[],"[""伪彭泽县政府宣传科科长""]",抗日战争时期,"",伪职：伪彭泽县政府宣传科科长；罪行：梅家州人，为日军推行奴化教育、宣传“中日亲善”、管控舆论、欺骗百姓；结局：史料未明确记载其最终结局（来源：彭泽伪政府核心官员）,[],"2026-08-27 03:29:02.077702","2026-08-27 03:29:02.077702",,,,,
"77f11b3596de4cb8acf2814d4d92e28b",王连璧,,,,,exact,exact,昌黎,[],"[""伪昌黎县县长、新民会头目；推行奴化教育，掠夺粮食矿产，管控滦河沿线据点。""]",抗日战争时期,"",伪职：伪昌黎县县长、新民会头目；推行奴化教育，掠夺粮食矿产，管控滦河沿线据点。；结局：日本投降后逮捕判刑,[],"2026-08-27 03:29:02.096029","2026-08-27 03:29:02.096029",,,,,
"780dbb370a35410695c68e5b1380c855",万茂祥,,,,,exact,exact,莲塘本地人,[],"[""日军专职翻译""]",抗日战争时期,"",伪职：日军专职翻译；罪行：常年带队下乡告密，指认抗日家属；结局：暂无明确结局记载,[],"2026-08-27 03:29:02.077910","2026-08-27 03:29:02.077910",,,,,
"780f748f264f4016b57afa6d726eff98",宫相臣,,,,,exact,exact,开通（通榆）,[],"[""伪开通县（通榆）警察署长""]",抗日战争时期,"",伪职：伪开通县（通榆）警察署长；罪行：执掌伪警察，抓捕抗日人士，搜刮民财；光复后收编伪警组建反动武装。；结局：叛乱失败被镇压。,[],"2026-08-27 03:29:02.095580","2026-08-27 03:29:02.095580",,,,,
"783ee9d8e667498c874685a7d4397035",刘寿天,,,,,exact,exact,"",[],"[""伪桦甸县县长""]",抗日战争时期,"",伪职：伪桦甸县县长；罪行：桦甸为抗联重要游击区；配合日伪大讨伐，强征粮食劳工。；结局：战后汉奸罪判刑。,[],"2026-08-27 03:29:02.094661","2026-08-27 03:29:02.094661",,,,,
"783f71f1cbe140ac953a8cd007725543",林柏生,,,,,exact,exact,蚌埠,[],"[""汪伪末代安徽省主席、蚌埠绥靖公署主任""]",抗日战争时期,"",伪职：汪伪末代安徽省主席、蚌埠绥靖公署主任；罪行：汪伪宣传头目，1945 年初到蚌埠，大肆安插亲信，企图扩军自保；日军投降后逃往日本，被引渡回国。；结局：1946 年南京汉奸审判枪决。,[],"2026-08-27 03:29:02.103483","2026-08-27 03:29:02.103483",,,,,
"7853b9a8fa5945cbb53db3ee94147a86",郑某,,,,,exact,exact,沙县夏茂一带,[],"[""日伪潜伏谍报员""]",抗日战争时期,"",伪职：日伪潜伏谍报员；罪行：伪装逃难难民，混入内地，建立简易情报传递渠道，向沿海敌占区传递消息，鼓动走私资敌。；结局：被沙县军警破获，判处有期徒刑。,[],"2026-08-27 03:29:02.079841","2026-08-27 03:29:02.079841",,,,,
"78650aff4aaa4a3bb5e3daa2d3fe963c",王景堂,,,,,exact,exact,"",[],"[""伪丰宁县县长；制造丰宁西部无人区，抓捕抗日军民。""]",抗日战争时期,"",伪职：伪丰宁县县长；制造丰宁西部无人区，抓捕抗日军民。；结局：日本投降后潜逃，后抓捕归案判刑,[],"2026-08-27 03:29:02.083372","2026-08-27 03:29:02.083372",,,,,
"7868fedef78643d0bd9c0041bd237567",张秀宝,,,,,exact,exact,乌丘屿，泉州近海,[],"[""伪军大队长（张逸舟部）""]",抗日战争时期,"",伪职：伪军大队长（张逸舟部）；罪行：驻守乌丘，频繁驾船到晋江、惠安沿海抢粮抓人，截击我方海上交通船，给日军输送情报物资。；结局：解放战争时期被歼灭。,[],"2026-08-27 03:29:02.079652","2026-08-27 03:29:02.079652",,,,,
"786c344fd95e4ee0a740b278adaeee33",史怀安,,,,,exact,exact,霍县,[],"[""伪霍县警备大队长""]",抗日战争时期,"",伪职：伪霍县警备大队长；罪行：盘踞霍县城、白龙据点，袭扰根据地边缘村庄。；结局：解放后镇压处决,[],"2026-08-27 03:29:02.090144","2026-08-27 03:29:02.090144",,,,,
"788b416ccc5c4bfead73be4616e024f2",李景友,,,,,exact,exact,盂县,[],"[""伪先锋队队长""]",抗日战争时期,"",伪职：伪先锋队队长；罪行：带队下乡清乡扫荡，抓捕地方干部，掠夺粮食牲畜。；结局：抗战结束后清算处决,[],"2026-08-27 03:29:02.087687","2026-08-27 03:29:02.087687",,,,,
"788e68c44c1d4aada3ca87c7677e4fd9",王介三,,,,,exact,exact,"",[],"[""伪望都县县长；管控望都铁路沿线，修筑封锁沟，抓捕堡垒户。""]",抗日战争时期,"",伪职：伪望都县县长；管控望都铁路沿线，修筑封锁沟，抓捕堡垒户。；结局：战后判处徒刑,[],"2026-08-27 03:29:02.082487","2026-08-27 03:29:02.082487",,,,,
"78ac2482be7c47f28cbcf13db2d5aae6",樊景周,,,,,exact,exact,托克托,[],"[""伪托克托县县长；管控黄河渡口，强征粮秣，抓捕渡河地下交通人员。""]",抗日战争时期,"",伪职：伪托克托县县长；管控黄河渡口，强征粮秣，抓捕渡河地下交通人员。；结局：战后逮捕判刑,[],"2026-08-27 03:29:02.084902","2026-08-27 03:29:02.084902",,,,,
"78b4d8e4a1754da29d879805e224d4bb",水从伟,,,,,exact,exact,芜湖,[],"[""投敌伪中队长""]",抗日战争时期,"",伪职：投敌伪中队长；罪行：原芜湖县常备队，叛变附逆，跟随伪军下乡扫荡。；结局：抗战胜利后逮捕法办。,[],"2026-08-27 03:29:02.103339","2026-08-27 03:29:02.103339",,,,,
"78c97ad5f73a4064a53b2ce82537d518",郭二虎,,,,,exact,exact,昌黎,[],"[""伪警备队头目，盘踞碣石山区；多次进山扫荡游击区，烧杀抢掠村庄。""]",抗日战争时期,"",伪职：伪警备队头目，盘踞碣石山区；多次进山扫荡游击区，烧杀抢掠村庄。；结局：1945 昌黎解放被俘处决,[],"2026-08-27 03:29:02.081453","2026-08-27 03:29:02.081453",,,,,
"78e680a6420645fab1cbb9c7f2a3d667",李从政,,,,,exact,exact,濉溪铁佛集镇据点濉溪县人民...,[],"[""铁佛维持会会长""]",抗日战争时期,"",伪职：铁佛维持会会长；罪行：铁佛头号汉奸，组建维持会，抓人质、搜捕抗日干部，给日军提供情报，迫害当地抗日家属。；结局：抗战胜利后汉奸审判判处死刑。,[],"2026-08-27 03:29:02.104174","2026-08-27 03:29:02.104174",,,,,
"78faa382cb0a498b9c4bc2a5cc2adc2c",葛老拐,,,,,exact,exact,故城,[],"[""伪故城警备大队长；驻守故城、郑家口据点，祸害运河沿岸群众。""]",抗日战争时期,"",伪职：伪故城警备大队长；驻守故城、郑家口据点，祸害运河沿岸群众。；结局：故城解放被俘枪决,[],"2026-08-27 03:29:02.084661","2026-08-27 03:29:02.084661",,,,,
"790d2a26cad045cebf043d07a0b81ebd",阎传绂,,,,,exact,exact,辽宁海城,[],"[""伪吉林省第三任省长、伪司法部大臣""]",抗日战争时期,"",伪职：伪吉林省第三任省长、伪司法部大臣；罪行：主持吉林殖民统治；后调伪满中央，执掌伪司法，大量判处 “国事犯”，迫害爱国志士。；结局：苏军逮捕，抚顺战犯管理所，后期特赦释放。,[],"2026-08-27 03:29:02.094560","2026-08-27 03:29:02.094560",,,,,
"790e10cbddde4c54b5114832538f51b2",李冠英,,,,,exact,exact,怀仁,[],"[""伪怀仁县县长""]",抗日战争时期,"",伪职：伪怀仁县县长；罪行：建立怀仁伪县公署，修筑炮楼，配合日军扫荡雁北西部山区。；结局：战后汉奸罪判刑,[],"2026-08-27 03:29:02.087492","2026-08-27 03:29:02.087492",,,,,
"79428b1f771941c5a2fa6f400a4fbab5",张逢吉,,,,,exact,exact,壶关,[],"[""伪壶关警备大队长""]",抗日战争时期,"",伪职：伪壶关警备大队长；罪行：驻守壶关县城，配合日本顾问笠实掠夺粮食，迫害百姓人民网。；结局：解放后公审枪决,[],"2026-08-27 03:29:02.087884","2026-08-27 03:29:02.087884",,,,,
"7947643bc0fa4d7da6133636bee082fe",范子和,,,,,exact,exact,"",[],"[""伪青龙特务头目；木头凳、龙王庙一带发展大批眼线，抓捕堡垒户、情报人员。""]",抗日战争时期,"",伪职：伪青龙特务头目；木头凳、龙王庙一带发展大批眼线，抓捕堡垒户、情报人员。；结局：1944 秋季锄奸行动被八路军击杀,[],"2026-08-27 03:29:02.081502","2026-08-27 03:29:02.081502",,,,,
"794e1a8ce1b142e1b945f9128d25c1cf",赵保原,,,,,"","",山东蓬莱,[],"[""军长"", ""县长""]",抗日战争时期,伪军,伪任职务：伪军，胶东最大伪军头目，盘踞莱阳、胶县一带，反复叛变抖音百科。结局：1946 年胶县战斗中被击毙,[],"2026-08-26 17:52:47","2026-08-26 17:52:47",,,,,
"796ee7a9fa614c15876883c00ead6216",成达民,,,,,exact,exact,怀来,[],"[""联庄会头目，追随董九吉叛变，出卖抗日救国会。""]",抗日战争时期,"",伪职：联庄会头目，追随董九吉叛变，出卖抗日救国会。；结局：公审处死,[],"2026-08-27 03:29:02.083024","2026-08-27 03:29:02.083024",,,,,
"796f46f762b94af68c07d8746974bdec",王英儒,,,,,"","",广东,[],"[""省级长官"", ""厅长""]",抗日战争时期,汪伪政权,伪任职务：伪广东省民政厅厅长，主管伪地方行政、保甲制度。结局：抗战胜利逮捕，判处重刑，狱中病逝,[],"2026-08-26 17:52:47","2026-08-26 17:52:47",,,,,
"798776fbf1c647038a75bc80bac7400f",张本政,,,,,exact,exact,旅顺,[],"[""关东州厅参事、大连市商会会长，身兼 49 项伪职，政记轮船公司老板""]",抗日战争时期,"",伪职：关东州厅参事、大连市商会会长，身兼 49 项伪职，政记轮船公司老板；罪行：甲午即投敌；全部轮船供日军运输军火兵员；捐献飞机 40 架，受日本天皇接见；日本投降后组建大连治安维持会，勾结残留日军与国民党势力，迫害爱国人士。；结局：1947 初判 12 年，保外就医潜逃；1951 年公审枪决，家产全部没收抖音百科。,[],"2026-08-27 03:29:02.090742","2026-08-27 03:29:02.090742",,,,,
"7992622395da47fbb2f22b77c5b21899",赵奎武,,,,,exact,exact,卢龙,[],"[""伪卢龙特务队队长，专门搜捕迁卢抚昌联合县干部。""]",抗日战争时期,"",伪职：伪卢龙特务队队长，专门搜捕迁卢抚昌联合县干部。；结局：1944 年被地方武工队击毙,[],"2026-08-27 03:29:02.091949","2026-08-27 03:29:02.091949",,,,,
"799b5a031c664d71807371a7f8c30f2e",王琦斋,,,,,exact,exact,宁城,[],"[""伪喀喇沁中旗旗长；依附日伪，推行部落制度，配合集家并村。""]",抗日战争时期,"",伪职：伪喀喇沁中旗旗长；依附日伪，推行部落制度，配合集家并村。；结局：战后判刑管制,[],"2026-08-27 03:29:02.085488","2026-08-27 03:29:02.085488",,,,,
"79b8cc6e059f409e97f8014bd796e34f",黄功灼等5人,,,,,exact,exact,赣北（九江及周边）,[],"[""地方汉奸、地主土劣""]",抗日战争时期,"",伪职：地方汉奸、地主土劣；罪行：卖国求荣，为日军提供情报、带路扫荡、祸害当地百姓；结局：被赣北抗日游击队依法镇压处决（来源：赣北地区基层汉奸代表，史料仅记载姓名及被处决事实）,[],"2026-08-27 03:29:02.077744","2026-08-27 03:29:02.077744",,,,,
"79ca35c8c8864a36a34640bf40643978",陈阿源,,,,,exact,exact,晋江安海、石狮,[],"[""资敌奸商""]",抗日战争时期,"",伪职：资敌奸商；罪行：暗中与厦门敌占区贸易，大量输送粮食、土产给日伪，走私日货，为间谍提供经费掩护。；结局：战后肃奸，没收全部商号财产，判处有期徒刑。,[],"2026-08-27 03:29:02.079698","2026-08-27 03:29:02.079698",,,,,
"79cd9c2fb08f4ff9b0776495da8b1927",岳岐山,,,,,exact,exact,淮南矿区、寿凤边界,"[""岳葫芦""]","[""日伪淮南稽查队长""]",抗日战争时期,"",伪职：日伪淮南稽查队长；罪行：惯匪，1944 投靠日军，任稽查队长，在田家庵、大通码头盘查商旅，勒索抢劫；日本投降后被国民党收编继续为匪抖音百科。；结局：解放后匪乱被剿灭，公审枪决。,[],"2026-08-27 03:29:02.103805","2026-08-27 03:29:02.103805",,,,,
"79d5f2282ae34154b6302554c5d510b4",关文吉,,,,,exact,exact,桦南、依兰,"[""关文纪""]","[""抗联八军二师师长，叛徒""]",抗日战争时期,"",伪职：抗联八军二师师长，叛徒；罪行：率部投降日伪，加入伪讨伐队，搜捕抗联战士，迫害接济抗联的百姓，破坏下江抗日根据地。；结局：抗战胜利后被民主政府清算。,[],"2026-08-27 03:29:02.097023","2026-08-27 03:29:02.097023",,,,,
"79da1d0fa3714bd7a6d11404f646df36",和梦九,,,,,exact,exact,威县,[],"[""威县维持会头目，最早迎接日军入城，后转任伪平乡县长（见平乡）。""]",抗日战争时期,"",伪职：威县维持会头目，最早迎接日军入城，后转任伪平乡县长（见平乡）。；结局：公审枪决威县发布,[],"2026-08-27 03:29:02.082237","2026-08-27 03:29:02.082237",,,,,
"7a330508143348b2b54f8a321cd91f18",刘化南,,,,,exact,exact,河北,[],"[""伪石门保安军总指挥，统辖两万伪军，驻守石门城郊铁路沿线，多次配合日军扫荡周边根据地。""]",抗日战争时期,"",伪职：伪石门保安军总指挥，统辖两万伪军，驻守石门城郊铁路沿线，多次配合日军扫荡周边根据地。；结局：1947 石家庄解放被俘，判处监禁,[],"2026-08-27 03:29:02.078222","2026-08-27 03:29:02.078222",,,,,
"7a3ef5167a46463aa92db37caf984a7d",张楚英,,,,,exact,exact,上虞丰惠、百官,[],"[""伪上虞县县长""]",抗日战争时期,"",伪职：伪上虞县县长；罪行：上虞伪政权主官，组建伪县公署与保安队，配合日军扫荡虞北平原，搜刮粮食蚕丝。；结局：抗战胜利后汉奸审判判处重刑。,[],"2026-08-27 03:29:02.101783","2026-08-27 03:29:02.101783",,,,,
"7a4b75005d4946fb94e3b966599cbb8c",魏老乔,,,,,exact,exact,南宫,[],"[""伪南宫警备大队长；伪军主力，多次出城扫荡。""]",抗日战争时期,"",伪职：伪南宫警备大队长；伪军主力，多次出城扫荡。；结局：南宫解放被俘处决,[],"2026-08-27 03:29:02.082284","2026-08-27 03:29:02.082284",,,,,
"7a7e0fedd6cd4dda9791a90caf64cd7e",阿拉坦鄂济尔,,,,,exact,exact,杭锦旗,"[""阿王""]","[""伪伊克昭盟公署盟长，公署常驻包头；游说各旗王公投日，强征牛羊马匹供给伪蒙古军，引导日军渡河扫荡伊盟根据地。""]",抗日战争时期,"",伪职：伪伊克昭盟公署盟长，公署常驻包头；游说各旗王公投日，强征牛羊马匹供给伪蒙古军，引导日军渡河扫荡伊盟根据地。；结局：日降后交印，居家管制，草场没收,[],"2026-08-27 03:29:02.085219","2026-08-27 03:29:02.085219",,,,,
"7a82606424c5497693274ba0633829fe",倪祥,,,,,exact,exact,福州城区,[],"[""伪特务爪牙""]",抗日战争时期,"",伪职：伪特务爪牙；罪行：参与抓捕、勒索，残害普通民众。；结局：1946‑06‑05 枪决。,[],"2026-08-27 03:29:02.081038","2026-08-27 03:29:02.081038",,,,,
"7ac15e19c0ec41d69d34d84678b51fc3",吴阿苟,,,,,exact,exact,歙县岩寺、徽杭公路沿线,[],"[""日伪派遣便衣密探""]",抗日战争时期,"",伪职：日伪派遣便衣密探；罪行：原籍芜湖，潜入歙东，打探驻军布防，收买当地闲散人员传递情报，企图发展内线。；结局：被地方军警抓获，判处死刑。,[],"2026-08-27 03:29:02.104723","2026-08-27 03:29:02.104723",,,,,
"7ac595aa226d4a568ebd805968a6d4c3",李桂林,,,,,"","",吉林,[],"[""军长"", ""旅长""]",抗日战争时期,伪军,伪任职务：原东北军旅长，九一八投敌，伪满伪军旅长，驻防吉林各地镇压抗日武装。结局：抗战结束被俘，后病死狱中,[],"2026-08-26 17:52:47","2026-08-26 17:52:47",,,,,
"7acf8aada11f4d8196a8f413c6c519d9",额尔和道尔吉,,,,,exact,exact,巴林右旗,[],"[""伪巴林右旗旗长；协助伪满推行部落制度，监视草原抗日活动。""]",抗日战争时期,"",伪职：伪巴林右旗旗长；协助伪满推行部落制度，监视草原抗日活动。；结局：战后管制处理,[],"2026-08-27 03:29:02.085576","2026-08-27 03:29:02.085576",,,,,
"7afab8924b4446b7be2485c740e5dd39",刘尔嘉,,,,,"","",湖北,[],"[""省级长官"", ""厅长""]",抗日战争时期,汪伪政权,伪任职务：伪湖北省民政厅厅长，伪省府核心官僚，推行保甲连坐。结局：1946 年武汉公审判处死刑执行枪决,[],"2026-08-26 17:52:47","2026-08-26 17:52:47",,,,,
"7b0870b7eb9441a2a9e612773abe1430",张存真,,,,,exact,exact,霸县,[],"[""霸县维持会会长；1937 年日军入城，率先投敌，搭建伪地方组织。""]",抗日战争时期,"",伪职：霸县维持会会长；1937 年日军入城，率先投敌，搭建伪地方组织。；结局：1938 年我军攻克霸县城被俘，公审处决廊坊市纪委...,[],"2026-08-27 03:29:02.083890","2026-08-27 03:29:02.083890",,,,,
"7b0f199b443442398793d29db848d3ce",王步熙,,,,,"","",不详,[],"[""特务""]",抗日战争时期,汪伪政权,伪任职务：界首据点伪特工组组长，界首特务头目，搜集六区游击连情报，参与鲌鳝沟偷袭行动今日高邮。。结局：1944 鲌鳝沟伏击战中被击毙今日高邮,[],"2026-08-26 17:52:47","2026-08-26 17:52:47",,,,,
"7b199e55d1a74370bf7f868117db1827",李文新,,,,,exact,exact,鸡宁（鸡西）,[],"[""伪管烟所所长，特务联络人""]",抗日战争时期,"",伪职：伪管烟所所长，特务联络人；罪行：受日本特务机关指令，发展多名矿场、警察系统人员充当特务，构建本地情报网，为日军搜集情报城子河区人...。；结局：解放后被逮捕惩处。,[],"2026-08-27 03:29:02.096159","2026-08-27 03:29:02.096159",,,,,
"7b21694b53d44953a4e51b5a486b24af",凌启鸿,,,,,"","",上海,[],"[""市长""]",抗日战争时期,汪伪政权,伪任职务：伪上海特别市社会局局长，管控上海工商社团，搜刮物资。结局：汉奸罪判处死刑执行枪决,[],"2026-08-26 17:52:47","2026-08-26 17:52:47",,,,,
"7b327ce24e79414f966ef37186868d56",吴朗之,,,,,exact,exact,宿城,[],"[""伪宿迁县商会副会长""]",抗日战争时期,"",伪职：伪宿迁县商会副会长；罪行：协助胡杰生管控商业，借伪合作社敛财，搜刮金银物资供应日伪，迫害爱国工商业者中共宿迁市...。；结局：汉奸清算判刑。,[],"2026-08-27 03:29:02.100382","2026-08-27 03:29:02.100382",,,,,
"7b4a2bb373a64b60ac2d1017302619c0",铃木住子,,,,,"","",日本,[],[],抗日战争时期,汪伪政权,伪任职务：日本女特工，被安排与和加尼牙孜进行政治联姻；担任日特须田正继秘书，专门负责西北新疆方向情报工作，遥控流亡新疆籍人员，本人从未进入新疆境内环球网。。结局：日本投降后遣返回日本,[],"2026-08-26 17:52:47","2026-08-26 17:52:47",,,,,
"7b6e6ee8782a4aa996bae18bf60020a6",韩希梦,,,,,exact,exact,定县,[],"[""伪定县警备大队长；铁杆汉奸，每次日军扫荡充当先锋，残害百姓。""]",抗日战争时期,"",伪职：伪定县警备大队长；铁杆汉奸，每次日军扫荡充当先锋，残害百姓。；结局：被我方武工队锄奸击毙党史学习教...,[],"2026-08-27 03:29:02.082471","2026-08-27 03:29:02.082471",,,,,
"7b9238ada6a84726a82f86784e627726",祖光勋,,,,,exact,exact,"",[],"[""伪四平省劳工大队长（驻西安煤矿）""]",抗日战争时期,"",伪职：伪四平省劳工大队长（驻西安煤矿）；罪行：掌管辽源一带劳工抓捕，强抓大量劳工押入西安煤矿；八一五后组织西安煤矿自治委员会反革命组织，网罗伪旧人员企图接管矿山，对抗民主政权辽源市人民...。；结局：1945 年被民主政府镇压。,[],"2026-08-27 03:29:02.095017","2026-08-27 03:29:02.095017",,,,,
"7bad8145b1b441e1af64830cfeb54584",叶景福,,,,,exact,exact,莲都县城,[],"[""丽水县维持会副会长""]",抗日战争时期,"",伪职：丽水县维持会副会长；罪行：协助王楚卿，联络城内商绅附逆，下乡催缴粮草，盘查往来行人，迫害拒绝合作百姓。；结局：抗战胜利后判处有期徒刑。,[],"2026-08-27 03:29:02.102630","2026-08-27 03:29:02.102630",,,,,
"7bae1e0bcf9049ed8c959a8b36f89332",张仁秋,,,,,exact,exact,六安孙岗乡,[],"[""乡维持会头目""]",抗日战争时期,"",伪职：乡维持会头目；罪行：在乡下组建伪化组织，带路下乡劫掠，残害乡村抗日积极分子，事迹被编入当年扫盲课本作为反面教材。；结局：逮捕后公审枪决。,[],"2026-08-27 03:29:02.105499","2026-08-27 03:29:02.105499",,,,,
"7bbea2b4425f4964962e835505fde8cd",孙咸熙,,,,,exact,exact,浙江,[],"[""伪盘山县第一任县长（1932‑1933）""]",抗日战争时期,"",伪职：伪盘山县第一任县长（1932‑1933）；罪行：组建盘山县伪公署，配合日本参事官，推行保甲，强征粮饷，对抗义勇军进攻县城，向伪省求援调兵镇压抗日武装。；结局：抗战胜利后以汉奸罪逮捕判刑。,[],"2026-08-27 03:29:02.093163","2026-08-27 03:29:02.093163",,,,,
"7bdfce8dba6a41028aec30d91625c11a",朱维民,,,,,exact,exact,合肥西乡龟山,[],"[""龟山据点伪维持代表、情报联络员""]",抗日战争时期,"",伪职：龟山据点伪维持代表、情报联络员；罪行：为日军据点充当汉奸耳目，多次告密抗日武装行踪，引导日军下乡烧杀劫掠，祸害西乡乡村百姓党史学习教...。；结局：被抗日武装锄奸处决。,[],"2026-08-27 03:29:02.102818","2026-08-27 03:29:02.102818",,,,,
"7bdfeca1ff17453cab59f6cd705b174f",韩永恩,,,,,"","",不详,[],"[""清乡""]",抗日战争时期,汪伪政权,伪任职务：伪中校副团长，马佑铭副手，参与多次扫荡、清乡封锁。。结局：三垛河伏击战被俘，判刑关押今日高邮,[],"2026-08-26 17:52:47","2026-08-26 17:52:47",,,,,
"7be4dd4b3e6241f0b29a5da260b94967",王殿忠,,,,,"","",辽宁盖县,[],"[""军长"", ""司令""]",抗日战争时期,伪军,伪任职务：伪满第六军管区司令官（驻齐齐哈尔），指挥伪军在黑龙江各地讨伐抗日武装。结局：建国后逮捕处决,[],"2026-08-26 17:52:47","2026-08-26 17:52:47",,,,,
"7bfc50a6f42c4ff182fb6d609aedad4b",郭木林,,,,,exact,exact,黎城,[],"[""汉奸向导""]",抗日战争时期,"",伪职：汉奸向导；罪行：黄崖洞保卫战给日军带路，残害彭清理一家八口，指认根据地道路。；结局：1951 镇反枪决。,[],"2026-08-27 03:29:02.088201","2026-08-27 03:29:02.088201",,,,,
"7c02a3d2bfe04964a6624d6f7d3821bc",王少武,,,,,exact,exact,新城,[],"[""伪新城警备大队长；多次配合日军扫荡新城周边。""]",抗日战争时期,"",伪职：伪新城警备大队长；多次配合日军扫荡新城周边。；结局：新城解放被俘枪决,[],"2026-08-27 03:29:02.082683","2026-08-27 03:29:02.082683",,,,,
"7c06134cac734ec684ca24974db69338",韩云阶,,,,,exact,exact,金州,[],"[""伪满经济大臣、伪满奉天省长（旅大派核心人物）""]",抗日战争时期,"",伪职：伪满经济大臣、伪满奉天省长（旅大派核心人物）；罪行：大连出身，留学日本；九一八后投敌，在伪满主管经济，配合日本经济掠夺，压榨东北工矿、粮食资源。；结局：抗战胜利被苏军逮捕，后病死狱中。,[],"2026-08-27 03:29:02.090916","2026-08-27 03:29:02.090916",,,,,
"7c1e55caa24a45a38607cf85cc2bd38e",李士群,,,,,"","",浙江遂昌,[],"[""部长"", ""清乡""]",抗日战争时期,汪伪政权,伪任职务：76 号特工总部副主任，实际操盘人，上海、苏南清乡元凶。结局：1943 年被日方毒杀于苏州,[],"2026-08-26 17:52:47","2026-08-26 17:52:47",,,,,
"7c26ffe6754342fab506113ae0634c38",徐家桓,,,,,exact,exact,吉林永吉,[],"[""伪吉林省末代省长（永吉本地人）""]",抗日战争时期,"",伪职：伪吉林省末代省长（永吉本地人）；罪行：伪满末期吉林省华人最高长官；执行战时物资搜刮，强征劳工粮食；八一五后组建吉林治安维持会，妄图完整保留伪政权等待国民党接收。；结局：被苏军逮捕，关押抚顺战犯管理所，后特赦。,[],"2026-08-27 03:29:02.094568","2026-08-27 03:29:02.094568",,,,,
"7c27c4c348334d06ada7fb5c74e8b565",李允声,,,,,"","",河北遵化,[],[],抗日战争时期,汪伪政权,伪任职务：伪冀东保安队头目，盘踞冀东唐山一带。结局：抗战胜利后公审处决,[],"2026-08-26 17:52:47","2026-08-26 17:52:47",,,,,
"7c2b48f58fbc41899542b569381720b5",张其昌,,,,,exact,exact,滦县,[],"[""伪滦县县长，冀东道重点傀儡，管控滦河沿线据点，掠夺粮食矿产资敌。""]",抗日战争时期,"",伪职：伪滦县县长，冀东道重点傀儡，管控滦河沿线据点，掠夺粮食矿产资敌。；结局：1946 年判处长期徒刑,[],"2026-08-27 03:29:02.091918","2026-08-27 03:29:02.091918",,,,,
"7c35df1a01784eaeb6d2bb5d70ec45ad",程玉山,,,,,exact,exact,肥东、巢湖西北一带,"[""程小元""]","[""伪军团长，肥东籍""]",抗日战争时期,"",伪职：伪军团长，肥东籍；罪行：土匪投敌，历任伪军大队长、伪二团团长；多次袭击新四军地方武装，抓捕杀害抗日干部，残害根据地群众。；结局：抗战胜利后被国民党收编；1949 年捕获镇压。,[],"2026-08-27 03:29:02.102829","2026-08-27 03:29:02.102829",,,,,
"7c4a8cfe6d19408aa1c3fee56ea50317",陈耿,,,,,exact,exact,长乐县城,[],"[""长乐附逆骨干""]",抗日战争时期,"",伪职：长乐附逆骨干；罪行：依附日伪，为日军传递乡间情报，迫害爱国群众福州新闻网。；结局：游击武装捕杀。,[],"2026-08-27 03:29:02.080265","2026-08-27 03:29:02.080265",,,,,
"7c533af8767b4ed39a6379fe69f52cdb",李守业,,,,,exact,exact,右玉,[],"[""伪右玉警务科长""]",抗日战争时期,"",伪职：伪右玉警务科长；罪行：指挥伪警察，在杀虎口边境盘查，抓捕地下交通人员。；结局：解放后镇反处决,[],"2026-08-27 03:29:02.088691","2026-08-27 03:29:02.088691",,,,,
"7c7475e7439d4c08bcaeb4cbeca75351",张楚英,,,,,exact,exact,上虞丰惠、百官,[],"[""伪上虞县县长""]",抗日战争时期,"",伪职：伪上虞县县长；罪行：上虞伪政权主官，组建伪县公署与保安队，配合日军扫荡虞北平原，搜刮粮食蚕丝。；结局：抗战胜利后汉奸审判判处重刑。,[],"2026-08-27 03:29:02.101588","2026-08-27 03:29:02.101588",,,,,
"7c8666fc057d4233a75e8445f6050eae",任遒武,,,,,"","",不详,[],"[""师长""]",抗日战争时期,汪伪政权,伪任职务：伪 42 师副师长，协助王和民防守高邮城。。结局：高邮战役被俘，判刑服刑高邮日报数...,[],"2026-08-26 17:52:47","2026-08-26 17:52:47",,,,,
"7c917b25f7064303a9247f1ed8377b25",秦松亭,,,,,"","",安徽凤阳,[],"[""县长""]",抗日战争时期,汪伪政权,伪任职务：伪凤阳县县长，皖北伪地方核心人物。结局：1951 年蚌埠公审枪决,[],"2026-08-26 17:52:47","2026-08-26 17:52:47",,,,,
"7c964885829e42dc83fc0447724d3202",陈农荪,,,,,"","",杭县临平,[],"[""军长"", ""清乡"", ""维持会""]",抗日战争时期,汪伪政权,伪任职务：临平伪维持会长、伪区长，搜刮粮饷，配合日军下乡清乡。。结局：战后捕获，判处死刑,[],"2026-08-26 17:52:47","2026-08-26 17:52:47",,,,,
"7cd2da28ff594380bc908fe81e0d5b3d",张燕卿,,,,,"","",河北南皮（张之洞之子，长期在吉林任职）,[],"[""省级长官"", ""部长"", ""厅长""]",抗日战争时期,汪伪政权,伪任职务：伪吉林省实业厅厅长、伪满外交部大臣，熙洽重要助手。结局：1945 年逃亡日本，滞留海外，未受审判,[],"2026-08-26 17:52:47","2026-08-26 17:52:47",,,,,
"7cd742e5952e45a98cf7209aa74b5036",刘庆溥,,,,,exact,exact,"",[],"[""伪四平街市末代市长""]",抗日战争时期,"",伪职：伪四平街市末代市长；罪行：伪满末期，疯狂搜刮物资，强征劳工送往矿山与边境。；结局：八一五后被民主政府逮捕。,[],"2026-08-27 03:29:02.094858","2026-08-27 03:29:02.094858",,,,,
"7cda4f4005914f0dbefde1d73c4014e0",李仲学,,,,,exact,exact,下塘集（今长丰，旧属合肥）,[],"[""伪下塘乡特务""]",抗日战争时期,"",伪职：伪下塘乡特务；罪行：受伪乡长指派潜伏，搜集根据地情报，传递日伪，多次参与抓捕抗日干部中安在线。；结局：定合县锄奸小组捕获镇压。,[],"2026-08-27 03:29:02.102852","2026-08-27 03:29:02.102852",,,,,
"7ce7e13b03ef457aa41855ef5dcbeb51",吕伯荪,,,,,"","",江西永修,[],"[""军长"", ""县长""]",抗日战争时期,汪伪政权,伪任职务：伪永修县县长，配合日军修筑据点，强征粮食劳工。结局：抗战胜利被捕，判处死刑,[],"2026-08-26 17:52:47","2026-08-26 17:52:47",,,,,
"7ceceb7520e24a4c8dec8ae7fe5e31a5",叶永年,,,,,"","",山东,[],"[""厅长"", ""特务""]",抗日战争时期,汪伪政权,伪任职务：伪哈尔滨警察厅特务科，北满大特务，抓捕残害大量地下党、爱国群众。结局：1951 年哈尔滨公审枪决,[],"2026-08-26 17:52:47","2026-08-26 17:52:47",,,,,
"7cf7f660e7264352b1a135e932336b65",额宝斋,,,,,exact,exact,乌拉特前旗,[],"[""蒙奸，西协理；投靠德王、伪蒙疆。暗中勾结包头日本特务机关，挑拨旗内矛盾，告密支援奇俊峰抗日的蒙民，策划叛乱。""]",抗日战争时期,"",伪职：蒙奸，西协理；投靠德王、伪蒙疆。暗中勾结包头日本特务机关，挑拨旗内矛盾，告密支援奇俊峰抗日的蒙民，策划叛乱。；结局：1947 年清算处决,[],"2026-08-27 03:29:02.086598","2026-08-27 03:29:02.086598",,,,,
"7d139ed8da974046b5bca544d2993af2",刘勋臣,,,,,"","",天津静海,[],"[""军长"", ""司令""]",抗日战争时期,伪军,伪任职务：静海‑大城伪治安军司令，河防伪军，制毒贩毒。结局：抗战后被捕，审判判刑,[],"2026-08-26 17:52:47","2026-08-26 17:52:47",,,,,
"7d189950f55c43e39ea992eeea789af4",刘贯一,,,,,exact,exact,"",[],"[""伪衡水县县长；依附戴玉波伪军，强征壮丁粮草，修建炮楼封锁沟。""]",抗日战争时期,"",伪职：伪衡水县县长；依附戴玉波伪军，强征壮丁粮草，修建炮楼封锁沟。；结局：战后汉奸罪判处长期徒刑,[],"2026-08-27 03:29:02.084510","2026-08-27 03:29:02.084510",,,,,
"7d18aa54daf44402a435ded96b43dd09",陈小三,,,,,exact,exact,宣城水东,[],"[""水东便衣特务""]",抗日战争时期,"",伪职：水东便衣特务；罪行：汪伪特工站派遣便衣，混迹茶市，侦查游击队交通线，告密抓捕地下交通员。；结局：武工队捕获正法。,[],"2026-08-27 03:29:02.106513","2026-08-27 03:29:02.106513",,,,,
"7d232818b71f4beb86b8080c89b79148",王芝佐,,,,,exact,exact,抚宁,[],"[""台头营据点伪警备队长；驻守抚宁北部山区，多次扫荡迁卢抚昌根据地，刺探情报，抓捕爱国群众；七家寨暴动提前告密，致使暴动受损秦皇岛党史...。""]",抗日战争时期,"",伪职：台头营据点伪警备队长；驻守抚宁北部山区，多次扫荡迁卢抚昌根据地，刺探情报，抓捕爱国群众；七家寨暴动提前告密，致使暴动受损秦皇岛党史...。；结局：抗战后期被抗日武装就地锄奸击毙,[],"2026-08-27 03:29:02.099628","2026-08-27 03:29:02.099628",,,,,
"7d344bb67a604f379c44f20508a89f8c",裴宝堂,,,,,exact,exact,长治,[],"[""早期长治维持会长""]",抗日战争时期,"",伪职：早期长治维持会长；罪行：1938 短暂出任维持会长；日军第一次撤出长治后被我方释放，之后离开山西，不属于铁杆汉奸，1941 病死于陕西三原抖音百科。；结局：病死，未按汉奸处决,[],"2026-08-27 03:29:02.087836","2026-08-27 03:29:02.087836",,,,,
"7d6bb5c479db447f9c092a0538cc7e5a",潘招财,,,,,exact,exact,嵊山渔场,[],"[""伪嵊山自治会会长""]",抗日战争时期,"",伪职：伪嵊山自治会会长；罪行：海岛大匪首，接受日伪委任；设立海上检查船，在洋面敲诈渔船，为日军搜集海上航运情报嵊泗新闻网。；结局：抗战胜利后被缉拿归案。,[],"2026-08-27 03:29:02.102348","2026-08-27 03:29:02.102348",,,,,
"7d74c716602e4dd3b38f7f41900d4c04",刘德胜,,,,,exact,exact,榆次,[],"[""宪兵队便衣特务头目""]",抗日战争时期,"",伪职：宪兵队便衣特务头目；罪行：发展密探网络，破获地下交通站，抓捕地下党员。；结局：解放后镇反处决,[],"2026-08-27 03:29:02.088816","2026-08-27 03:29:02.088816",,,,,
"7d885d994be9498287d553834eb12bc5",王子林,,,,,exact,exact,丰南小集,"[""三嘎子""]","[""伪冀东警备队头目、路南反共联防主任；盘踞小集、稻地，修筑大量炮楼，频繁扫荡路南根据地；惯用麻袋沉河杀害群众，血债累累。""]",抗日战争时期,"",伪职：伪冀东警备队头目、路南反共联防主任；盘踞小集、稻地，修筑大量炮楼，频繁扫荡路南根据地；惯用麻袋沉河杀害群众，血债累累。；结局：1947 小集据点攻克被俘，公审枪决,[],"2026-08-27 03:29:02.091823","2026-08-27 03:29:02.091823",,,,,
"7d98218b8d7d47e2b726a182d8bd1cb0",乔效曾,,,,,exact,exact,徐沟,[],"[""伪徐沟保安大队长""]",抗日战争时期,"",伪职：伪徐沟保安大队长；罪行：盘踞徐沟据点，多次扫荡清太徐根据地，伏击抗日武装，残害地方干部群众。；结局：解放后公审处决,[],"2026-08-27 03:29:02.087326","2026-08-27 03:29:02.087326",,,,,
"7d9e8c6e515646749ddb9a6bd0389bb8",潘子钧,,,,,exact,exact,徐州市区,[],"[""伪淮海省警务局局长""]",抗日战争时期,"",伪职：伪淮海省警务局局长；罪行：郝鹏举亲信，执掌伪警察系统，搜捕地下抗日人员，主持城内特务侦缉。；结局：抗战胜利后被逮捕清算抖音百科。,[],"2026-08-27 03:29:02.098938","2026-08-27 03:29:02.098938",,,,,
"7da2b240ac424bd49a3f5fa518a5907e",郭二虎,,,,,exact,exact,昌黎,[],"[""伪警备队头目，盘踞碣石山区；多次进山扫荡游击区，烧杀抢掠村庄。""]",抗日战争时期,"",伪职：伪警备队头目，盘踞碣石山区；多次进山扫荡游击区，烧杀抢掠村庄。；结局：1945 昌黎解放被俘处决,[],"2026-08-27 03:29:02.097841","2026-08-27 03:29:02.097841",,,,,
"7da8bb00463043eaa8a298cf4b6bba69",赵汉臣,,,,,exact,exact,四平,"[""赵翰臣""]","[""伪四平总商会会长、协和会顾问、伪若叶区区长""]",抗日战争时期,"",伪职：伪四平总商会会长、协和会顾问、伪若叶区区长；罪行：四平头号附逆商人；参加 “请愿团” 欺骗国联调查团；为日军筹措军需、摊派报国捐；八一五任四平维持会会长，把持城市工商，家财巨万吉林省地方...。；结局：反奸清算，没收全部财产，因苏军干预未执行死刑，后病死。,[],"2026-08-27 03:29:02.094817","2026-08-27 03:29:02.094817",,,,,
"7db35f0a7ab54709a112b9aaecfbdf91",阚朝玺,,,,,exact,exact,辽宁盘山县,[],"[""伪奉天省维持会委员、伪满中央银行监事""]",抗日战争时期,"",伪职：伪奉天省维持会委员、伪满中央银行监事；罪行：奉系旧军阀，九一八后投敌，参与奉天维持会，协助日军稳定沈阳局势，参与镇压抗日力量。；结局：1945 年被捕，1951 年镇反被处决。,[],"2026-08-27 03:29:02.090636","2026-08-27 03:29:02.090636",,,,,
"7db8ad489c69426fb13ff93e4a2a3a48",王万合,,,,,exact,exact,和顺,[],"[""伪和顺警备大队长""]",抗日战争时期,"",伪职：伪和顺警备大队长；罪行：盘踞和顺县城，袭扰太行二分区根据地。；结局：解放后镇压处决,[],"2026-08-27 03:29:02.088994","2026-08-27 03:29:02.088994",,,,,
"7dc43daea1af49909fb42e9059164c08",李丙寅,,,,,exact,exact,怀仁,[],"[""伪怀仁县长、维持会会长""]",抗日战争时期,"",伪职：伪怀仁县长、维持会会长；罪行：1937 率人举白旗出城迎接日军，组建维持会，被伪晋北自治政府委任伪县长，怀仁被日伪称为 “模范县”；推行保甲，征粮抓丁，残酷压榨百姓。；结局：抗战胜利逮捕，汉奸罪重刑关押,[],"2026-08-27 03:29:02.088634","2026-08-27 03:29:02.088634",,,,,
"7de02e7e927847c1a41237663d2cd916",彭东原,,,,,"","",广东吴川,[],"[""市长"", ""委员长"", ""维持会""]",抗日战争时期,汪伪政权,伪任职务：广州治安维持会委员长、伪广州市首任市长，广州沦陷最早傀儡头目。结局：抗战胜利被捕，判处死刑执行枪决抖音百科,[],"2026-08-26 17:52:47","2026-08-26 17:52:47",,,,,
"7dea5287e3ad4088bd73ca93c70d537b",贺平,,,,,exact,exact,岱山沿海,[],"[""伪舟山保安总队贺平独立中队头目""]",抗日战争时期,"",伪职：伪舟山保安总队贺平独立中队头目；罪行：伪军中队主官，追随王继能，参与大鱼山战斗，在岱山各海岛据点驻防，骚扰沿海乡村渔民岱山新闻网。；结局：抗战胜利后被俘惩处。,[],"2026-08-27 03:29:02.102380","2026-08-27 03:29:02.102380",,,,,
"7e1e75c8398345c88a2c54462f345884",张世昌,,,,,exact,exact,中阳,[],"[""伪中阳警备大队长""]",抗日战争时期,"",伪职：伪中阳警备大队长；罪行：带队下乡清乡，抓捕抗日积极分子。；结局：解放后镇压处决,[],"2026-08-27 03:29:02.090491","2026-08-27 03:29:02.090491",,,,,
"7e1eb5fc1c6d4257933d6d8fddce2e8e",王歪头,,,,,exact,exact,诏安四都、分水关一带,[],"[""诏安边境潜伏密探""]",抗日战争时期,"",伪职：诏安边境潜伏密探；罪行：受汕头、厦门日伪指使，在闽粤边境刺探驻军情报，散布失败谣言，引诱地痞下海当伪军。；结局：地方自卫队捕获正法。,[],"2026-08-27 03:29:02.079446","2026-08-27 03:29:02.079446",,,,,
"7e3d68488ffa49b3b437b4697120c51a",沈尔乔,,,,,"","",浙江萧山,[],"[""省级长官"", ""厅长""]",抗日战争时期,汪伪政权,伪任职务：伪浙江省民政厅长，代理伪省主席，主持保甲、奴化行政。结局：抗战胜利被捕，判处徒刑，狱中病逝,[],"2026-08-26 17:52:47","2026-08-26 17:52:47",,,,,
"7e5e640c5c144f538d54749b954cb26d",蔡宗熙,,,,,"","",河北大兴,[],"[""县长""]",抗日战争时期,汪伪政权,伪任职务：伪吴县县长，兼任保安、自卫团头目，推行奴化教育、封锁管制。。结局：抗战胜利被捕判刑苏州市地方...,[],"2026-08-26 17:52:47","2026-08-26 17:52:47",,,,,
"7e64b681f035402bac0f0115dd95a3e0",龚金城,,,,,exact,exact,饶河县城周边,[],"[""饶河密探、汉奸眼线""]",抗日战争时期,"",伪职：饶河密探、汉奸眼线；罪行：配合苑福堂搜集地下党情报，告密出卖爱国群众，协助日伪逮捕反日会会员中国军网。；结局：解放后被惩处。,[],"2026-08-27 03:29:02.096572","2026-08-27 03:29:02.096572",,,,,
"7e81ce3a2e264e40a13b180c7845c9bf",徐宝明,,,,,exact,exact,海门曹家镇,[],"[""伪海东区清乡办事处主任""]",抗日战争时期,"",伪职：伪海东区清乡办事处主任；罪行：清乡基层头目，策反我方人员不成，抓捕干部家属做人质，疯狂迫害抗日群众。；结局：苏中短枪队锄奸处决。,[],"2026-08-27 03:29:02.099108","2026-08-27 03:29:02.099108",,,,,
"7e8a5435a62348a8a6979c02ee906022",杨先葆,,,,,exact,exact,湾沚,[],"[""湾沚自治会骨干""]",抗日战争时期,"",伪职：湾沚自治会骨干；罪行：协助张世安办理自治会事务，征夫征粮，侦查周边抗日武装动向。；结局：肃奸立案判处有期徒刑。,[],"2026-08-27 03:29:02.106354","2026-08-27 03:29:02.106354",,,,,
"7ea016ee177a4d6098b03d9a444ab70b",戴金荣,,,,,exact,exact,太平（黄山区仙源）,[],"[""太平仙源投敌叛徒""]",抗日战争时期,"",伪职：太平仙源投敌叛徒；罪行：原地方自卫队士兵，被俘投降日伪后潜回，企图煽动乡自卫队哗变，拉拢人员投靠敌伪。；结局：被地方自卫队逮捕处决。,[],"2026-08-27 03:29:02.104779","2026-08-27 03:29:02.104779",,,,,
"7ea810582d054c3ca3e0ed570915b17b",吉思恭（吉尔悌）,,,,,"","",不详,[],"[""军长"", ""县长""]",抗日战争时期,汪伪政权,伪任职务：日本派遣间谍，在渭北、耀县、华阴活动；测绘军事地图、刺探驻军情报，给日军飞机打地面信号，散布亡国谣言党史学习教...。。结局：1938 年延安公审，判处死刑立即执行,[],"2026-08-26 17:52:47","2026-08-26 17:52:47",,,,,
"7eaebd8d6c144c04a0da4c80409fea79",刘绪宗,,,,,exact,exact,"",[],"[""伪盘山县县长""]",抗日战争时期,"",伪职：伪盘山县县长；罪行：盘山县伪主官，压榨城乡百姓。；结局：光复后逮捕判刑。,[],"2026-08-27 03:29:02.093195","2026-08-27 03:29:02.093195",,,,,
"7eb2f580b6e74c09806fab695864dba5",米子祥,,,,,"","",山西忻县,[],"[""维持会"", ""县长""]",抗日战争时期,汪伪政权,伪任职务：伪忻县首任县长，组建维持会，推行保甲连坐，搜捕地下人员。结局：判处 8 年徒刑，服刑后释放,[],"2026-08-26 17:52:47","2026-08-26 17:52:47",,,,,
"7ec491d90b824ea3b050b85de25c234c",李逢春,,,,,exact,exact,肥乡,[],"[""伪肥乡警备大队长；多次下乡清乡，抓捕抗日干部。""]",抗日战争时期,"",伪职：伪肥乡警备大队长；多次下乡清乡，抓捕抗日干部。；结局：肥乡解放被俘，判处死刑,[],"2026-08-27 03:29:02.081714","2026-08-27 03:29:02.081714",,,,,
"7ecca7f5ee864100a69b57a4f7104540",李凤岐,,,,,exact,exact,北戴河,[],"[""伪北戴河海滨维持会会长；为日军提供疗养驻地，摊派物资，管控海滨伪自卫团。""]",抗日战争时期,"",伪职：伪北戴河海滨维持会会长；为日军提供疗养驻地，摊派物资，管控海滨伪自卫团。；结局：日本投降后逮捕，判处管制改造,[],"2026-08-27 03:29:02.081405","2026-08-27 03:29:02.081405",,,,,
"7ece0b247f474d72874243b7e846c9ec",张世雄,,,,,exact,exact,九江县（今浔阳区）,[],"[""伪九江县政府警察局长""]",抗日战争时期,"",伪职：伪九江县政府警察局长；罪行：掌管伪警察武装，为日军维持治安、抓捕抗日人士、盘查百姓；结局：史料未明确记载其最终结局（来源：九江伪政权“三巨头”之一，掌握地方伪武装）,[],"2026-08-27 03:29:02.077632","2026-08-27 03:29:02.077632",,,,,
"7ed5fa37faca46d09506ca4eef606c24",熊三秃子,,,,,exact,exact,泗阳洋河,[],"[""洋河维持会会长""]",抗日战争时期,"",伪职：洋河维持会会长；罪行：投靠日寇，把持洋河地方伪组织，搜刮酒粮物资供给日军，祸害洋河周边百姓中共宿迁市...。；结局：解放后被镇压。,[],"2026-08-27 03:29:02.100627","2026-08-27 03:29:02.100627",,,,,
"7ed79626ec9d47b5ac734cb546831278",邵本良,,,,,exact,exact,吉林海龙,[],"[""伪满国军少将，东边道讨伐司令""]",抗日战争时期,"",伪职：伪满国军少将，东边道讨伐司令；罪行：原东北军，投敌；盘踞本溪、桓仁、新宾一带，多次大规模围剿杨靖宇抗联第一师，烧杀村庄，制造多起惨案。；结局：1936 年被抗联重创，重伤逃回奉天，伤重而死。,[],"2026-08-27 03:29:02.091624","2026-08-27 03:29:02.091624",,,,,
"7ee8334b6142459d95c0df1ae7da3bc4",李凤岐,,,,,exact,exact,北戴河,[],"[""伪北戴河海滨维持会会长；为日军提供疗养驻地，摊派物资，管控海滨伪自卫团。""]",抗日战争时期,"",伪职：伪北戴河海滨维持会会长；为日军提供疗养驻地，摊派物资，管控海滨伪自卫团。；结局：日本投降后逮捕，判处管制改造,[],"2026-08-27 03:29:02.097794","2026-08-27 03:29:02.097794",,,,,
"7f02e96591854295b618dbddc2f525f3",郑孝胥,,,,,exact,exact,福建闽侯,[],"[""伪满首任国务总理大臣""]",抗日战争时期,"",伪职：伪满首任国务总理大臣；罪行：起草《日满议定书》，出卖东北主权，构建伪满傀儡体制，推行殖民统治。；结局：1938 年病死于长春中国社会科...。,[],"2026-08-27 03:29:02.093892","2026-08-27 03:29:02.093892",,,,,
"7f25136bc4cc4075a3a89879d9edef00",赵德谦（赵大欠）,,,,,"","",天津津南,[],"[""军长"", ""司令""]",抗日战争时期,伪军,伪任职务：卫南洼伪军司令，袭扰津南抗日武装。结局：1944 年津南支队作战中将其击毙,[],"2026-08-26 17:52:47","2026-08-26 17:52:47",,,,,
"7f27bfd3a6e7409982175814a4c2b90b",叶蓬,,,,,"","",湖北黄陂,[],"[""省级长官"", ""军长""]",抗日战争时期,汪伪政权,伪任职务：伪末代湖北省省长、武汉绥靖公署主任，汪伪陆军将领，掌控武汉伪军。结局：1945 年武汉被捕，押解南京执行死刑,[],"2026-08-26 17:52:47","2026-08-26 17:52:47",,,,,
"7f30f8a88b554c2287e56da5f4e4273a",王少安,,,,,exact,exact,"",[],"[""伪广平县县长；强征粮秣，配合日军扫荡广平抗日根据地。""]",抗日战争时期,"",伪职：伪广平县县长；强征粮秣，配合日军扫荡广平抗日根据地。；结局：战后汉奸罪判处徒刑,[],"2026-08-27 03:29:02.081789","2026-08-27 03:29:02.081789",,,,,
"7f361e0189c14ef1890a5676888f38de",奇子义,,,,,exact,exact,准格尔旗,[],"[""旗内台吉，勾结包头日伪；秘密接受伪委任，为日伪刺探准格尔、府谷一带河防情报。""]",抗日战争时期,"",伪职：旗内台吉，勾结包头日伪；秘密接受伪委任，为日伪刺探准格尔、府谷一带河防情报。；结局：抗战胜利后逮捕判刑,[],"2026-08-27 03:29:02.086203","2026-08-27 03:29:02.086203",,,,,
"7f44ddb6c69d4414add1501bf2235af2",李元进,,,,,exact,exact,鹤立七号屯一带,"[""李元晋""]","[""日伪地方特务""]",抗日战争时期,"",伪职：日伪地方特务；罪行：出卖汤原县委地下组织，当场指认地下党干部，造成裴治云等 12 名党员被捕牺牲，北满地下党组织遭受重大损失。；结局：解放后镇压反革命公审处决。,[],"2026-08-27 03:29:02.096419","2026-08-27 03:29:02.096419",,,,,
"7f4fc065da14492e8358ef77f23ce3b8",白化安,,,,,exact,exact,铁岭第七区,[],"[""伪地方保安大队副，恶霸汉奸""]",抗日战争时期,"",伪职：伪地方保安大队副，恶霸汉奸；罪行：伪满依附日伪；光复后勾结国民党，杀害农会干部 8 人，反攻倒算，祸害辽北乡村。；结局：1951 年镇反公审枪决。,[],"2026-08-27 03:29:02.093436","2026-08-27 03:29:02.093436",,,,,
"7f60a06f1559402a9215bd180b191bd7",姜启泰,,,,,exact,exact,龙游县城,[],"[""龙游维持会会长""]",抗日战争时期,"",伪职：龙游维持会会长；罪行：1942 年龙游沦陷，出任临时维持会会长，迎接日军入城，摊派粮款，强征民夫抢修铁路、机场工事。；结局：日军撤退后被第三战区逮捕惩处。,[],"2026-08-27 03:29:02.102094","2026-08-27 03:29:02.102094",,,,,
"7f642d0b60734b4d962fc10e20121a92",吴应墀,,,,,exact,exact,九江县（今浔阳区）,"[""亦作吴应池""]","[""伪九江治安维持会会长""]",抗日战争时期,"",伪职：伪九江治安维持会会长；罪行：1938年冬在日军扶持下成立九江维持会，为日军维持城区治安、征粮征夫、管控百姓；结局：史料未明确记载其最终结局（来源：九江沦陷初期核心汉奸，维持会为伪九江县政府前身）,[],"2026-08-27 03:29:02.077597","2026-08-27 03:29:02.077597",,,,,
"7f755a95f98d480cb9a7236a35c2a713",刘昌义,,,,,"","",河北,[],"[""军长""]",抗日战争时期,华北伪临时政府,伪任职务：伪华北绥靖军第十三集团军，驻防晋南，进攻太岳根据地。结局：抗战后被国民党收编，后起义,[],"2026-08-26 17:52:47","2026-08-26 17:52:47",,,,,
"7f8c1610c9d24adda71a62cd27e776d5",高首三,,,,,exact,exact,迁西罗家屯,"[""高甲第，高阎王""]","[""伪治安军独立二十团团长，兵力千余；迁安‑迁西北部最强伪军；反复清乡扫荡迁青平根据地，制造多起村庄惨案，扶持乡村特务眼线；日降后投靠国民党潜伏。""]",抗日战争时期,"",伪职：伪治安军独立二十团团长，兵力千余；迁安‑迁西北部最强伪军；反复清乡扫荡迁青平根据地，制造多起村庄惨案，扶持乡村特务眼线；日降后投靠国民党潜伏。；结局：1952 罗家屯万人公审枪决,[],"2026-08-27 03:29:02.091869","2026-08-27 03:29:02.091869",,,,,
"7f98b06bd2a242b68484359fbef4ec09",朝克图,,,,,exact,exact,乌审旗,[],"[""王府下级官员，私通日伪；秘密接受伪委任，试图策动部分保安队投敌，阴谋败露后逃窜。""]",抗日战争时期,"",伪职：王府下级官员，私通日伪；秘密接受伪委任，试图策动部分保安队投敌，阴谋败露后逃窜。；结局：解放后抓获处决,[],"2026-08-27 03:29:02.086071","2026-08-27 03:29:02.086071",,,,,
"7fa4c0f8ddc64f6289f3c7dec1b9008c",凌云卿,,,,,"","",湖南长沙,[],"[""市长"", ""军长"", ""维持会""]",抗日战争时期,汪伪政权,伪任职务：伪长沙维持会骨干，人力车工会头目，协助日军管控城市劳工。结局：战后逮捕判刑中国新闻网,[],"2026-08-26 17:52:47","2026-08-26 17:52:47",,,,,
"7fb3a13f585444ad846400c847da4be6",胡栋林,,,,,exact,exact,岱山长涂、高亭,"[""吴东林""]","[""伪长涂维持会会长、伪高亭区区长""]",抗日战争时期,"",伪职：伪长涂维持会会长、伪高亭区区长；罪行：海岛伪区长，推行伪保甲，盘剥渔盐，战后还冒领东极渔民救助英军战俘的荣誉，被报纸公开揭穿。；结局：汉奸罪判刑。,[],"2026-08-27 03:29:02.102357","2026-08-27 03:29:02.102357",,,,,
"7fdbce01379e4ce781bc7fdff686327b",王绪高,,,,,"","",辽宁,[],"[""市长""]",抗日战争时期,汪伪政权,伪任职务：伪天津特别市市长（1943）。结局：抗战胜利被捕，判处徒刑，狱中病逝,[],"2026-08-26 17:52:47","2026-08-26 17:52:47",,,,,
"7fec3b7379d142909baac8696720d024",朱能云,,,,,exact,exact,"",[],"[""第二任伪获鹿县知事（1940‑1943），强化物资统制，管控山尹村、南铜冶各个据点。""]",抗日战争时期,"",伪职：第二任伪获鹿县知事（1940‑1943），强化物资统制，管控山尹村、南铜冶各个据点。；结局：战后汉奸罪判处徒刑,[],"2026-08-27 03:29:02.084290","2026-08-27 03:29:02.084290",,,,,
"80140b52be3a44a994f7d6dc98feea4f",于祯,,,,,exact,exact,伊春老钱柜、汤旺河林区,"[""于四炮""]","[""伪汤原山林警察大队大队长""]",抗日战争时期,"",伪职：伪汤原山林警察大队大队长；罪行：受日军收买，掌控百余人山林警察武装；帮助日军盗伐小兴安岭木材，进山讨伐抗联，抓捕接济抗联的伐木工人；后经李兆麟争取一度反正，不久动摇重新倒向日军，继续围剿抗联六军根据地中共黑龙江...。；结局：1937 年被抗联六军击毙。,[],"2026-08-27 03:29:02.097582","2026-08-27 03:29:02.097582",,,,,
"801f41944e5f423681d170a8a3cd3172",黄毅斋,,,,,"","",不详,[],"[""特务""]",抗日战争时期,汪伪政权,伪任职务：汪伪苏州特工站（祥符寺巷 90 号魔窟）站长，苏州特务头目，抓捕、残害地下抗日人员，《孤舟》周知非原型。。结局：抗战胜利被捕，判处死刑执行枪决《国家人文...,[],"2026-08-26 17:52:47","2026-08-26 17:52:47",,,,,
"80322829bf61486fbf92f3a3b32e2881",孙老嘎,,,,,exact,exact,敖汉,[],"[""伪敖汉警察讨伐队头目；下乡清剿，残害堡垒户。""]",抗日战争时期,"",伪职：伪敖汉警察讨伐队头目；下乡清剿，残害堡垒户。；结局：敖汉解放被俘枪决,[],"2026-08-27 03:29:02.085528","2026-08-27 03:29:02.085528",,,,,
"804ba910841f4c8486cbf150b27cd14b",陈维康,,,,,exact,exact,"",[],"[""伪临榆县县长，驻山海关；组建伪警察，盘查山海关关隘，征集劳工粮草，搜捕地下抗日人员，执行长城封锁政策。""]",抗日战争时期,"",伪职：伪临榆县县长，驻山海关；组建伪警察，盘查山海关关隘，征集劳工粮草，搜捕地下抗日人员，执行长城封锁政策。；结局：1945 冀热辽部队收复山海关被俘，公审处决,[],"2026-08-27 03:29:02.097722","2026-08-27 03:29:02.097722",,,,,
"8063cceee3544c2c9cb9595e2d261143",冯江涛,,,,,exact,exact,九江县（今浔阳区）,[],"[""伪“皇协维新队”组织者""]",抗日战争时期,"",伪职：伪“皇协维新队”组织者；罪行：九江沦陷后积极投敌，为日军组建“皇协维新队”伪军（对外宣称超千人），是日军占领九江初期重点宣传的汉奸，配合日军扫荡、宣传奴化思想；结局：史料未明确记载其最终结局（来源：九江沦陷初期最活跃的汉奸之一，多次出现在日军侵华史料宣传中）,[],"2026-08-27 03:29:02.077650","2026-08-27 03:29:02.077650",,,,,
"808c042607264f3e986a0440a1a3b9ed",柳世平（柳小五）,,,,,"","",天津武清,[],"[""军长"", ""县长""]",抗日战争时期,伪军,伪任职务：武清伪警备副大队长，郊县伪军头目，多次扫荡冀中根据地。结局：1945 年日本投降前夕被日军处决,[],"2026-08-26 17:52:47","2026-08-26 17:52:47",,,,,
"80a2782058b54b15983f704a1a74bb10",魏达天,,,,,exact,exact,泰兴县城,[],"[""泰兴伪维持会委员""]",抗日战争时期,"",伪职：泰兴伪维持会委员；罪行：沦陷初期维持会骨干，奔走游说地方士绅归顺日伪，为日军筹措物资粮草。；结局：战后逮捕审判。,[],"2026-08-27 03:29:02.100264","2026-08-27 03:29:02.100264",,,,,
"80cce5648b33447f93ede2edad225f73",贾德成,,,,,exact,exact,朔县,[],"[""商会会长，朔县惨案中告密汉奸""]",抗日战争时期,"",伪职：商会会长，朔县惨案中告密汉奸；罪行：城破当众指认抗日县长郭同仁，致使郭同仁被日军烧死；后被日军杀死，未等到战后审判。；结局：被日军刺死,[],"2026-08-27 03:29:02.088585","2026-08-27 03:29:02.088585",,,,,
"80d1d3afb7d34e5fa1ee36e4928ef3d3",林炳东,,,,,exact,exact,福州城内,[],"[""伪特务骨干""]",抗日战争时期,"",伪职：伪特务骨干；罪行：蔡金兰同伙，告密陷害进步群众，敲诈市民财物。；结局：1946‑06‑05 枪决。,[],"2026-08-27 03:29:02.081015","2026-08-27 03:29:02.081015",,,,,
"80e78c6dbbf14952ab728b201947aec4",王和民,,,,,"","",不详,[],"[""部长"", ""军长"", ""师长""]",抗日战争时期,汪伪政权,伪任职务：汪伪第 42 师师长，孙良诚部，主力驻守高邮城内，高邮战役守城伪军主官高邮日报数...。。结局：高邮战役被俘，汉奸罪审判关押,[],"2026-08-26 17:52:47","2026-08-26 17:52:47",,,,,
"81113926945e4eb49db0727c09fafac3",赫奎武,,,,,exact,exact,依兰、勃利,[],"[""抗联八军副军长，叛将""]",抗日战争时期,"",伪职：抗联八军副军长，叛将；罪行：原伪满军官，加入抗联后动摇叛变，带走 200 余人投敌；受日军指派策反谢文东等人，围剿下江抗日武装。；结局：伪满后期病死。,[],"2026-08-27 03:29:02.097014","2026-08-27 03:29:02.097014",,,,,
"813a7b210e704cdd8640a7906cd4587d",李长江,,,,,"","",南京,[],"[""部长"", ""军长"", ""司令"", ""总司令""]",抗日战争时期,汪伪政权,伪任职务：汪伪第一集团军总司令，总部前期驻泰州，部队经常进出扬州辖区，投敌之后多次进攻苏中根据地。1943 年赴扬州赴宴被日军下毒致终身瘫痪。。结局：建国后病逝江西抖音百科,[],"2026-08-26 17:52:47","2026-08-26 17:52:47",,,,,
"814c1fe93cd64d029cbb37c2aa257250",阿拉坦鄂济尔,,,,,exact,exact,杭锦旗,"[""阿王""]","[""伪伊克昭盟公署盟长，杭锦旗札萨克；1938 主动赴包头投靠日军，游说各旗王公附日，强征牛羊马匹供给伪蒙古军，引导日伪骑兵渡河袭扰伊盟沿河地带。""]",抗日战争时期,"",伪职：伪伊克昭盟公署盟长，杭锦旗札萨克；1938 主动赴包头投靠日军，游说各旗王公附日，强征牛羊马匹供给伪蒙古军，引导日伪骑兵渡河袭扰伊盟沿河地带。；结局：1945 投降交印，居家管制，草场没收,[],"2026-08-27 03:29:02.085966","2026-08-27 03:29:02.085966",,,,,
"8179954891f04ee08029f6a1fae95e0b",杨保贵,,,,,exact,exact,宝清本德堡,[],"[""伪宝清四区自卫大队大队长（地主）""]",抗日战争时期,"",伪职：伪宝清四区自卫大队大队长（地主）；罪行：地主武装头目，受日军委任，率领 80 余人伪自卫团，搜捕接济抗联百姓，盘剥残害乡民。；结局：1933 年被抗日武装伏击生擒处决。,[],"2026-08-27 03:29:02.096556","2026-08-27 03:29:02.096556",,,,,
"818e1439a8684b75abe727488814c74b",武桓,,,,,exact,exact,香河柴庄,"[""武宜亭""]","[""臭名昭著香河事变主谋，大地主士绅；勾结日本特务发动 “华北自治” 暴动，组建伪自治政府。事变失败后仍充当日伪高级顾问，为日军出谋划策。""]",抗日战争时期,"",伪职：臭名昭著香河事变主谋，大地主士绅；勾结日本特务发动 “华北自治” 暴动，组建伪自治政府。事变失败后仍充当日伪高级顾问，为日军出谋划策。；结局：抗战胜利逮捕，汉奸罪判处死刑,[],"2026-08-27 03:29:02.083988","2026-08-27 03:29:02.083988",,,,,
"81bf6541282d4a6286be307d3d6c899f",韩叔瑗,,,,,exact,exact,海州、新浦,"[""韩玉卿""]","[""伪东海县县长""]",抗日战争时期,"",伪职：伪东海县县长；罪行：东海首任伪县长，组建伪县公署；推行保甲、粮食征缴，协助日军掠夺海盐；拉拢地方士绅归顺日伪，巩固傀儡统治。；结局：抗战胜利后汉奸审判判刑。,[],"2026-08-27 03:29:02.099246","2026-08-27 03:29:02.099246",,,,,
"81cd604041794ed19263acd945d9c377",王少安,,,,,exact,exact,"",[],"[""伪阜城县县长；原属伪渤海道，修筑炮楼，强征壮丁粮草。""]",抗日战争时期,"",伪职：伪阜城县县长；原属伪渤海道，修筑炮楼，强征壮丁粮草。；结局：战后汉奸罪判处徒刑,[],"2026-08-27 03:29:02.084684","2026-08-27 03:29:02.084684",,,,,
"81daa4fd4e1342d7ab17cdc5cf617e7a",张海鹏,,,,,exact,exact,辽宁,[],"[""伪热河省省长兼热河警备总司令，热河头号大汉奸；1933 年充当日军先锋攻占承德；统筹全省集家并村，制造千里无人区；掠夺粮食矿产鸦片，指挥上万伪军反复扫荡冀热辽根据地，推行协和会奴化教育。""]",抗日战争时期,"",伪职：伪热河省省长兼热河警备总司令，热河头号大汉奸；1933 年充当日军先锋攻占承德；统筹全省集家并村，制造千里无人区；掠夺粮食矿产鸦片，指挥上万伪军反复扫荡冀热辽根据地，推行协和会奴化教育。；结局：日本战败潜逃长春，被揭发抓捕，1951 公审处决,[],"2026-08-27 03:29:02.083170","2026-08-27 03:29:02.083170",,,,,
"81e317ab1184409c80205cb5f603432f",金名世,,,,,exact,exact,辽宁兴京,[],"[""伪新京特别市市长、伪民生部大臣""]",抗日战争时期,"",伪职：伪新京特别市市长、伪民生部大臣；罪行：执行战时物资统制，强征国兵劳工，迫害爱国人士。；结局：苏军逮捕，抚顺战犯管理所关押，后特赦。,[],"2026-08-27 03:29:02.093960","2026-08-27 03:29:02.093960",,,,,
"82341022e07c4c16aeb288221318db67",卢用川,,,,,exact,exact,厦门城区,[],"[""伪特别市经济局长""]",抗日战争时期,"",伪职：伪特别市经济局长；罪行：主导物资统制，掠夺粮食、土产，管控进出口为日军服务。；结局：光复后逮捕，汉奸法庭判处重刑。,[],"2026-08-27 03:29:02.080398","2026-08-27 03:29:02.080398",,,,,
"8238a86f655e48e69355a6f779c49d54",刘焕文,,,,,exact,exact,霸县,[],"[""伪霸县保卫团头目；协助张冠英守城，监视伪军，残害爱国群众。""]",抗日战争时期,"",伪职：伪霸县保卫团头目；协助张冠英守城，监视伪军，残害爱国群众。；结局：城破被俘，就地枪决廊坊市纪委...,[],"2026-08-27 03:29:02.083906","2026-08-27 03:29:02.083906",,,,,
"8241b40331cc481186e8fb40d9d5bf86",陈阿兴,,,,,exact,exact,邵武、和顺一带,[],"[""日特眼线""]",抗日战争时期,"",伪职：日特眼线；罪行：外来潜入分子，混迹集镇，收买当地地痞，搜集后方仓储、兵源情报，鼓动走私资敌。；结局：邵武地方自卫队抓获，判处有期徒刑。,[],"2026-08-27 03:29:02.079163","2026-08-27 03:29:02.079163",,,,,
"826600badd734ee886a6ab78725110b5",朱兆槐,,,,,exact,exact,上虞百官,[],"[""伪上虞维持会会长""]",抗日战争时期,"",伪职：伪上虞维持会会长；罪行：上虞沦陷牵头组建维持会，胁迫商户出钱出物资敌，拉拢乡绅附逆。；结局：战后逮捕判刑。,[],"2026-08-27 03:29:02.101790","2026-08-27 03:29:02.101790",,,,,
"8279f20f2d5e4998b5ae6ab47d708963",刘德义,,,,,exact,exact,平鲁,[],"[""伪平鲁警备大队长""]",抗日战争时期,"",伪职：伪平鲁警备大队长；罪行：盘踞井坪据点，多次下乡清乡扫荡，残害堡垒户。；结局：解放后公审枪决,[],"2026-08-27 03:29:02.088626","2026-08-27 03:29:02.088626",,,,,
"827f7b1f3f2648b8b09f7fe8de108260",余兆南,,,,,exact,exact,衢县城关,[],"[""衢县临时维持会副会长""]",抗日战争时期,"",伪职：衢县临时维持会副会长；罪行：协助徐柏如，胁迫商户出钱出物资敌，办理良民证，协助日军管控城区。；结局：汉奸清算判处有期徒刑。,[],"2026-08-27 03:29:02.102085","2026-08-27 03:29:02.102085",,,,,
"8290d648dcf84385bf63a6cc9ef0100e",王佐升,,,,,exact,exact,山西,[],"[""第二任伪上党道道尹""]",抗日战争时期,"",伪职：第二任伪上党道道尹；罪行：接续统治晋东南，强化剿共委员会，搜刮物资，抓捕抗日人员。；结局：战后逮捕判刑,[],"2026-08-27 03:29:02.088048","2026-08-27 03:29:02.088048",,,,,
"8294acc8100e4f00a7e399252c0adf54",张世安,,,,,exact,exact,湾沚（旧属芜湖县）,[],"[""湾沚伪自治会会长""]",抗日战争时期,"",伪职：湾沚伪自治会会长；罪行：湾沚沦陷组建维持自治会，征粮派夫，协助日军控制宣芜交通要道。；结局：抗战胜利后公审处决。,[],"2026-08-27 03:29:02.103295","2026-08-27 03:29:02.103295",,,,,
"8296d962381c47b5bfe41dbfb24bb639",汪兆乾,,,,,exact,exact,沭阳胡集一带,[],"[""伪沭阳县伪军大队长""]",抗日战争时期,"",伪职：伪沭阳县伪军大队长；罪行：手上杀害群众七十余人，下乡扫荡烧杀劫掠，祸害胡集周边乡村，群众愤恨极大中共宿迁市...。；结局：胡集区公审枪决。,[],"2026-08-27 03:29:02.100601","2026-08-27 03:29:02.100601",,,,,
"8304b580c3584b0e8b8d1796c169adf2",俞松如,,,,,exact,exact,绍兴越城,[],"[""伪绍兴县警察局局长""]",抗日战争时期,"",伪职：伪绍兴县警察局局长；罪行：网罗地痞组建侦缉队，城内大肆搜捕地下抗日人员，酷刑审讯爱国志士，推行宵禁。；结局：抗战胜利后公审伏法。,[],"2026-08-27 03:29:02.101540","2026-08-27 03:29:02.101540",,,,,
"8309b21e52954159b547aa2fa65038db",王绍武,,,,,"","",山东宁阳,[],"[""县长""]",抗日战争时期,汪伪政权,伪任职务：伪宁阳县长、兖济道道尹，掌控鲁西南十余县伪政权，推行保甲连坐。结局：镇反时期被处决,[],"2026-08-26 17:52:47","2026-08-26 17:52:47",,,,,
"83523ba3a4b24ba79e002f1ae3ef6bbd",殷同,,,,,exact,exact,南京，江阴原籍,[],"[""伪维新政府建设部总长（江阴人）""]",抗日战争时期,"",伪职：伪维新政府建设部总长（江阴人）；罪行：伪维新政府高层，主管华北、华中交通，为日军掠夺资源服务，汪伪政权重要人物。；结局：1942 年病亡，未及战后清算。,[],"2026-08-27 03:29:02.098739","2026-08-27 03:29:02.098739",,,,,
"8362d3da0fe1456792f39b6e5598c562",武修忠,,,,,exact,exact,抚宁,[],"[""伪警察大队长；盘踞抚宁东部，频繁进山扫荡，残害山区群众。""]",抗日战争时期,"",伪职：伪警察大队长；盘踞抚宁东部，频繁进山扫荡，残害山区群众。；结局：1942 年八路军 12 团隔河头战斗中将其击毙秦皇岛市人...,[],"2026-08-27 03:29:02.094194","2026-08-27 03:29:02.094194",,,,,
"83abba8412ee4785b737703bccbda9da",陈维康,,,,,exact,exact,"",[],"[""伪临榆县县长，驻山海关；组建伪警察，管控山海关关隘，盘查进出关人员，征集劳工粮草，搜捕地下抗日人员，执行长城封锁政策。""]",抗日战争时期,"",伪职：伪临榆县县长，驻山海关；组建伪警察，管控山海关关隘，盘查进出关人员，征集劳工粮草，搜捕地下抗日人员，执行长城封锁政策。；结局：1945 年冀热辽部队收复山海关被俘，公审处决秦皇岛发布,[],"2026-08-27 03:29:02.094129","2026-08-27 03:29:02.094129",,,,,
"83b5d3fb49e44814966aace096477299",某蒙旗札萨克（姓名档案缺失）,,,,,"","",青海海北蒙古王公,[],"[""特务""]",抗日战争时期,汪伪政权,伪任职务：秘密和天津日本特务机关书信往来，接受日方礼品，私下传递情报，但不敢公开接受伪职，未公开叛乱。。结局：被青海当局警告管控，未正式司法审判,[],"2026-08-26 17:52:47","2026-08-26 17:52:47",,,,,
"83cdf60f7a704553a92a44b1a9797a1a",张四朗,,,,,exact,exact,当涂、濮塘、采石,[],"[""汪伪当涂县后期县长、伪保安大队长""]",抗日战争时期,"",伪职：汪伪当涂县后期县长、伪保安大队长；罪行：张星侪之弟，青帮骨干；历任伪保安课长、警察局长，后行贿罗君强出任伪县长；多次率伪军配合日军围剿新四军当芜游击根据地，搜刮土地财产，残害爱国群众抖音百科。；结局：1949 年后镇反公审枪决。,[],"2026-08-27 03:29:02.103962","2026-08-27 03:29:02.103962",,,,,
"83d9be05123a42ee8a7161205ede8bb4",王诚斋,,,,,exact,exact,顺安‑梁家垄一带,[],"[""顺安特务骨干""]",抗日战争时期,"",伪职：顺安特务骨干；罪行：铁杆告密汉奸，探得铜陵大队驻地情报，连夜引路日伪军包围梁家垄，是范家湾战斗直接告密人；常年搜集根据地情报，指认抗日干部群众安青网。；结局：抗战胜利后公审处决。,[],"2026-08-27 03:29:02.104333","2026-08-27 03:29:02.104333",,,,,
"83e6d2815f6246dab9c8b516d7fe59a6",张少华,,,,,"","",武进奔牛,[],"[""军长"", ""师长""]",抗日战争时期,汪伪政权,伪任职务：原国民党游击武装头目，公开投靠日伪，汪伪伪军第 22 师师长，盘踞常州、武进、宜兴一带，配合日军扫荡，作恶极多。。结局：抗战胜利被国民政府收编，后因汉奸罪行被处决,[],"2026-08-26 17:52:47","2026-08-26 17:52:47",,,,,
"83f1a9556f6a43f29ed623d2088fb02f",王怀珠,,,,,exact,exact,平乡,[],"[""伪平乡警备大队长；多次扫荡平乡、广宗交界根据地。""]",抗日战争时期,"",伪职：伪平乡警备大队长；多次扫荡平乡、广宗交界根据地。；结局：平乡解放被俘处决,[],"2026-08-27 03:29:02.082214","2026-08-27 03:29:02.082214",,,,,
"8422e77247514174bd76aeeb8c02c26c",田汝弼,,,,,exact,exact,浑源,[],"[""伪晋北政厅长官（伪大同省前身）""]",抗日战争时期,"",伪职：伪晋北政厅长官（伪大同省前身）；罪行：留日出身，接续管理晋北 13 县；强化治安肃正，强征劳工、粮食，疯狂封锁晋察冀、晋绥边区，推行日语奴化教育。；结局：抗战胜利被捕，汉奸罪判刑,[],"2026-08-27 03:29:02.087426","2026-08-27 03:29:02.087426",,,,,
"842cd3d7b98b497286d05a4915f2e59c",老来好,,,,,exact,exact,双鸭山大叶沟,"[""匪号""]","[""山林队头目，预谋投敌""]",抗日战争时期,"",伪职：山林队头目，预谋投敌；罪行：杀害抗联四军三师团长唐青山，打算率百余人队伍投降日军，阴谋败露。；结局：被抗联四军逮捕处决。,[],"2026-08-27 03:29:02.096598","2026-08-27 03:29:02.096598",,,,,
"844739662e87400c8a929d4b9b6f972e",王骧,,,,,exact,exact,寿阳,[],"[""第三任（末代）伪山西省省长，兼伪山西保安司令、新民会会长、剿共委员会主任（1944‑1945）晋中市人民...""]",抗日战争时期,"",伪职：第三任（末代）伪山西省省长，兼伪山西保安司令、新民会会长、剿共委员会主任（1944‑1945）晋中市人民...；罪行：扩充伪军，强征粮食、鸦片；封锁晋绥、晋察冀根据地；继续和阎锡山秘密联络。；结局：日本投降后先被阎锡山短期留用，后国民政府肃奸逮捕判刑,[],"2026-08-27 03:29:02.087243","2026-08-27 03:29:02.087243",,,,,
"844bf422ceea4915b61a79529d2c64be",周鼎臣,,,,,exact,exact,承德,[],"[""承德维持会首任会长；迎接日军进城，盘查城门，推行良民证制度，搜刮商户物资。""]",抗日战争时期,"",伪职：承德维持会首任会长；迎接日军进城，盘查城门，推行良民证制度，搜刮商户物资。；结局：1945 潜逃，1950 抓捕，判 10 年徒刑,[],"2026-08-27 03:29:02.083219","2026-08-27 03:29:02.083219",,,,,
"844dd48505d04ad98ff9155614c6f83a",王洛先,,,,,exact,exact,徐水,[],"[""伪徐水警备大队长；伪军铁杆，配合日军扫荡徐水、定兴交界地带。""]",抗日战争时期,"",伪职：伪徐水警备大队长；伪军铁杆，配合日军扫荡徐水、定兴交界地带。；结局：徐水解放被俘枪决,[],"2026-08-27 03:29:02.082455","2026-08-27 03:29:02.082455",,,,,
"8461895d2da24acf8bfb52932d891268",王秉孝,,,,,exact,exact,玉田,[],"[""玉田本地铁杆汉奸，隋明福心腹，主持伪大乡建设、良民证登记，告密大批党员干部，策动地方士绅附逆唐山党史网。""]",抗日战争时期,"",伪职：玉田本地铁杆汉奸，隋明福心腹，主持伪大乡建设、良民证登记，告密大批党员干部，策动地方士绅附逆唐山党史网。；结局：抗战胜利公审处决,[],"2026-08-27 03:29:02.086844","2026-08-27 03:29:02.086844",,,,,
"84749b413c744e3281ee651105eaf2f1",王道一,,,,,exact,exact,"",[],"[""伪大汉义军副总司令；王英副手，盘踞商都，1936 率部进攻红格尔图，战败逃回商都被日军枪决。""]",抗日战争时期,"",伪职：伪大汉义军副总司令；王英副手，盘踞商都，1936 率部进攻红格尔图，战败逃回商都被日军枪决。；结局：1936 被日军处决,[],"2026-08-27 03:29:02.087102","2026-08-27 03:29:02.087102",,,,,
"84791b5a36c1414a8750abac1254b762",阎振海,,,,,exact,exact,柳林大武,[],"[""伪据点伪军头目""]",抗日战争时期,"",伪职：伪据点伪军头目；罪行：盘踞大武，随同贺焕之作恶，多次进山袭扰。；结局：1945 大武战斗被俘处决,[],"2026-08-27 03:29:02.090506","2026-08-27 03:29:02.090506",,,,,
"84ce915e3108471cb22c9d0a26bacb97",黄芝生,,,,,exact,exact,东台县城,[],"[""东台伪维持会骨干""]",抗日战争时期,"",伪职：东台伪维持会骨干；罪行：协同吕景颜组建早期伪维持会，拉拢地方士绅归顺日伪，协助日军搜刮物资。；结局：抗战胜利后逮捕判刑。,[],"2026-08-27 03:29:02.099923","2026-08-27 03:29:02.099923",,,,,
"850237c1236145a38597f552748c4814",尚连生,,,,,exact,exact,讷河、克山,[],"[""抗联三路军九支队秘书、叛徒""]",抗日战争时期,"",伪职：抗联三路军九支队秘书、叛徒；罪行：1940 年叛变投敌，出卖讷河中心县委全部秘密，造成 “一二二〇大逮捕”，尹子魁、方冰玉等上百名地下党员、救国会员被捕遇害，北满西部地下组织遭受毁灭性打击qqhrnews.c...。；结局：解放后被依法处决。,[],"2026-08-27 03:29:02.095848","2026-08-27 03:29:02.095848",,,,,
"852fd64c39804a9986d79a0baa30d924",苏阿狗,,,,,exact,exact,惠安崇武、辋川,[],"[""潜入日伪密探""]",抗日战争时期,"",伪职：潜入日伪密探；罪行：厦门日伪派遣，伪装渔贩登陆惠安沿海，侦查海防工事，散布失败言论，引诱渔民下海参加伪军。；结局：闽东南武工队锄奸处决。,[],"2026-08-27 03:29:02.079690","2026-08-27 03:29:02.079690",,,,,
"853bf80a6a244e5f93ad092b56ccda66",程守正,,,,,exact,exact,"",[],"[""伪肥乡县县长；推行保甲，强征粮款，配合日军扫荡肥乡抗日根据地。""]",抗日战争时期,"",伪职：伪肥乡县县长；推行保甲，强征粮款，配合日军扫荡肥乡抗日根据地。；结局：战后汉奸罪判处徒刑,[],"2026-08-27 03:29:02.078485","2026-08-27 03:29:02.078485",,,,,
"8547c26bf1dc45dc883c1953353ea43d",彭天柱,,,,,exact,exact,平定,[],"[""伪警备队第二中队长，驻守河底据点""]",抗日战争时期,"",伪职：伪警备队第二中队长，驻守河底据点；罪行：带队下乡扫荡，制造大西庄惨案，残害地道内避难百姓。；结局：解放后公审枪决,[],"2026-08-27 03:29:02.087625","2026-08-27 03:29:02.087625",,,,,
"8556cfeb8c3b4f8285650749aa589418",芮义发,,,,,exact,exact,宣城城关（宣州区）,[],"[""宣城县维持会会长""]",抗日战争时期,"",伪职：宣城县维持会会长；罪行：宣城沦陷首要汉奸，组建维持会，征粮抓夫，发行良民证，充当向导带领日伪军下乡扫荡，胁迫商户纳贡资敌。；结局：抗战胜利肃奸公审枪决。,[],"2026-08-27 03:29:02.106415","2026-08-27 03:29:02.106415",,,,,
"855d4f9352ac48b0af9c54e60d06e439",赵君甫,,,,,exact,exact,郎溪梅渚、钟桥,[],"[""伪军大队长""]",抗日战争时期,"",伪职：伪军大队长；罪行：驻守梅渚伪军头目，率部四处抢粮、勒索乡民，勾结地方土顽，多次袭击郎广游击根据地乡公所，图谋暗杀乡长乐凤鸣。；结局：抗战胜利后被国民党收编；解放后镇反处决。,[],"2026-08-27 03:29:02.106022","2026-08-27 03:29:02.106022",,,,,
"85a2c1ca30cc46358b488b792f54b604",补英达赉,,,,,exact,exact,锡林郭勒,[],"[""伪蒙疆最高法院院长；在厚和审判迫害蒙汉抗日人员；日降后搞分裂 “临时政府”。""]",抗日战争时期,"",伪职：伪蒙疆最高法院院长；在厚和审判迫害蒙汉抗日人员；日降后搞分裂 “临时政府”。；结局：被俘后处决,[],"2026-08-27 03:29:02.084862","2026-08-27 03:29:02.084862",,,,,
"85b5028f58144f90acf6c0302ed217b8",王水山,,,,,exact,exact,绥棱东升合屯,[],"[""地方汉奸密探""]",抗日战争时期,"",伪职：地方汉奸密探；罪行：协同于金池向敌伪告密，出卖抗联地下人员，致使多名抗日骨干落入敌手。；结局：解放后公审处决。,[],"2026-08-27 03:29:02.098529","2026-08-27 03:29:02.098529",,,,,
"85c9415307314c1cbde2daad3ba41ca1",张万才,,,,,exact,exact,瑷珲、呼玛边境山林,[],"[""伪瑷珲县山林警察小队长""]",抗日战争时期,"",伪职：伪瑷珲县山林警察小队长；罪行：熟悉黑龙江沿岸山林，带队搜捕抗联三支队，盘查采金工人，抓捕秘密支援抗联的边民。；结局：抗战胜利后被反奸清算镇压。,[],"2026-08-27 03:29:02.098415","2026-08-27 03:29:02.098415",,,,,
"85f92772f4834c378c0c098f9556b460",李实甫,,,,,exact,exact,板浦（灌云）、海属全境,[],"[""伪淮海保安司令部中将司令""]",抗日战争时期,"",伪职：伪淮海保安司令部中将司令；罪行：海州头号伪军头目，依靠青帮收编土匪散兵，伪军最多 2000 余人；配合日军扫荡海属抗日根据地，控制淮北盐场，掠夺海盐物资，镇压民众反抗。；结局：抗战胜利后被捕判刑，后获释，1979 年病死。,[],"2026-08-27 03:29:02.099213","2026-08-27 03:29:02.099213",,,,,
"867185aef49c40a19c1d28dffe16eb67",陈乔,,,,,exact,exact,盐城城区,[],"[""盐城汪伪特务""]",抗日战争时期,"",伪职：盐城汪伪特务；罪行：潜伏城内特务，搜集盐阜根据地情报，告密地下工作人员，参与抓捕爱国分子。；结局：盐城解放后逮捕法办中国新闻网。,[],"2026-08-27 03:29:02.099908","2026-08-27 03:29:02.099908",,,,,
"8693e7aed64c43c79bdcbad49ff7a692",李占元,,,,,exact,exact,神池,[],"[""伪神池警备大队长""]",抗日战争时期,"",伪职：伪神池警备大队长；罪行：配合日军扫荡神池南山，抓捕抗日干部。；结局：解放后镇压处决,[],"2026-08-27 03:29:02.089921","2026-08-27 03:29:02.089921",,,,,
"86a5b2cae97248589bf040f94a8c6ac1",姚秉忠,,,,,exact,exact,滦平,[],"[""伪滦平讨伐大队长；伪军铁杆，多次扫荡丰滦边沿游击区。""]",抗日战争时期,"",伪职：伪滦平讨伐大队长；伪军铁杆，多次扫荡丰滦边沿游击区。；结局：滦平解放被俘枪决,[],"2026-08-27 03:29:02.083341","2026-08-27 03:29:02.083341",,,,,
"86be6713c4674073b5e8dc85be398b4a",田文炳,,,,,"","",河南新乡,[],"[""省级长官""]",抗日战争时期,汪伪政权,伪任职务：伪河南省省长（1943‑1944）。结局：抗战胜利后逮捕，1951 年镇反处决河南党史方...,[],"2026-08-26 17:52:47","2026-08-26 17:52:47",,,,,
"86c23e7f832244a797871e3c53ad8322",刘昌毅,,,,,exact,exact,清苑,"[""刘润斋""]","[""保定维持会会长，首任伪清苑县长；迎接日军入城，组建伪公署、新民会，在保定城乡摊派粮款抓丁。""]",抗日战争时期,"",伪职：保定维持会会长，首任伪清苑县长；迎接日军入城，组建伪公署、新民会，在保定城乡摊派粮款抓丁。；结局：抗战胜利逮捕，汉奸罪判处徒刑,[],"2026-08-27 03:29:02.082391","2026-08-27 03:29:02.082391",,,,,
"86d0301835e9421bab9fde2103a1352c",郑孝胥,,,,,"","",福建闽侯,[],[],抗日战争时期,汪伪政权,伪任职务：伪满国务总理大臣，伪满开国，常驻长春，管辖黑龙江在内东北全境。结局：1938 年暴病死于长春，逃脱审判,[],"2026-08-26 17:52:47","2026-08-26 17:52:47",,,,,
"86f1417246b845ecb184f166058e437a",金名世,,,,,"","",吉林,[],"[""省级长官""]",抗日战争时期,汪伪政权,伪任职务：伪吉林省公署机要秘书，后任伪三江省省长，伪满核心官僚。结局：苏军逮捕，抚顺关押，1964 年特赦,[],"2026-08-26 17:52:47","2026-08-26 17:52:47",,,,,
"86fe3d31768e425fb591c17872f58f9b",王者贵,,,,,exact,exact,铁岭,[],"[""伪铁岭县执行委员会委员长""]",抗日战争时期,"",伪职：伪铁岭县执行委员会委员长；罪行：九一八后投靠日军，主持铁岭早期伪政权，协同伪警察、伪军围剿赵亚洲抗日总队，对抗义勇军进攻县城。；结局：抗战胜利后汉奸罪逮捕判刑。,[],"2026-08-27 03:29:02.093337","2026-08-27 03:29:02.093337",,,,,
"873adc7fab6e49e4878df64e3adeb857",芦石庵,,,,,exact,exact,阳城,[],"[""城内汉奸""]",抗日战争时期,"",伪职：城内汉奸；罪行：用反光镜给日机指示轰炸目标，造成阳城县城大量平民伤亡。；结局：1938 公开枪毙,[],"2026-08-27 03:29:02.088385","2026-08-27 03:29:02.088385",,,,,
"8765393d0408493690f8b8ad37931c3e",郭笃生,,,,,exact,exact,曲沃,[],"[""伪曲沃县知事""]",抗日战争时期,"",伪职：伪曲沃县知事；罪行：1938 投敌；建立伪县公署，推行奴化教育，强征壮丁送往矿山，配合日伪清乡扫荡，迫害抗属。；结局：1945 年侯马闹市公审枪决,[],"2026-08-27 03:29:02.090152","2026-08-27 03:29:02.090152",,,,,
"87a6087fa612426ab887e59bda0903f5",屈玉灿,,,,,exact,exact,"",[],"[""第一任伪唐山市市长（1938），组建伪唐山市公署，从丰润、滦县划 18 村扩充市区，推行保甲、奴化教育、物资掠夺唐山党史网。""]",抗日战争时期,"",伪职：第一任伪唐山市市长（1938），组建伪唐山市公署，从丰润、滦县划 18 村扩充市区，推行保甲、奴化教育、物资掠夺唐山党史网。；结局：战后汉奸罪判处长期徒刑,[],"2026-08-27 03:29:02.086740","2026-08-27 03:29:02.086740",,,,,
"87e6e763e57f49cc82f61b3582eacf68",李长江,,,,,exact,exact,泰州、姜堰全境,[],"[""伪第一集团军总司令""]",抗日战争时期,"",伪职：伪第一集团军总司令；罪行：原鲁苏皖边区游击副总指挥，1941 年 2 月率万余部队公开投敌，盘踞泰州；配合日军扫荡苏中根据地，掠夺物资，残害抗日军民；讨逆战役遭新四军重创西逃，后被日军下毒致瘫痪抖音百科。；结局：抗战胜利后被捕，病死狱中。,[],"2026-08-27 03:29:02.100160","2026-08-27 03:29:02.100160",,,,,
"87eb2c87eddc49cbb4708063595e5cb3",侯保善,,,,,exact,exact,濉溪岳集据点濉溪县人民...,[],"[""岳集伪军分队长""]",抗日战争时期,"",伪职：岳集伪军分队长；罪行：铁杆伪军骨干，多次下乡扫荡；告密诬陷我方潜伏人员李彦三，致使其被捕遭受酷刑。；结局：抗战胜利后公审处决。,[],"2026-08-27 03:29:02.104199","2026-08-27 03:29:02.104199",,,,,
"88228e8012c049b08ae20c41590c76f7",廖国强,,,,,"","",广西柳江成团大荣乡,[],"[""维持会""]",抗日战争时期,汪伪政权,伪任职务：大荣乡伪维持会长，管制乡村，摊派苛捐物资。结局：战后逮捕处决,[],"2026-08-26 17:52:47","2026-08-26 17:52:47",,,,,
"8835d17f55c342a391b4cfbfdb3f4be3",周万银,,,,,exact,exact,饶阳,[],"[""伪饶阳特务头目；扫荡带路，告密地下组织，搜刮粮食，破坏饶阳根据地。""]",抗日战争时期,"",伪职：伪饶阳特务头目；扫荡带路，告密地下组织，搜刮粮食，破坏饶阳根据地。；结局：1943 年被冀中武工队伏击击毙,[],"2026-08-27 03:29:02.084608","2026-08-27 03:29:02.084608",,,,,
"8849160c6b9e428abd0dfd223a7717af",刘山狗,,,,,exact,exact,遂昌大柘、石练山区,[],"[""遂昌便衣向导""]",抗日战争时期,"",伪职：遂昌便衣向导；罪行：给日军带路进山，搜捕溃散国军士兵，劫掠乡村财物。；结局：日军撤走后被乡民扭送政府处决。,[],"2026-08-27 03:29:02.102703","2026-08-27 03:29:02.102703",,,,,
"886f5bdb363241a9b62aa6018c975008",何生时,,,,,exact,exact,潘集一带,[],"[""乡维持会头目""]",抗日战争时期,"",伪职：乡维持会头目；罪行：基层维持会，配合杨立言伪军，催粮派款，刺探抗日民主政府情报，祸害当地群众淮南日报。；结局：根据地锄奸小组捕获镇压。,[],"2026-08-27 03:29:02.103826","2026-08-27 03:29:02.103826",,,,,
"887c4279ca3a4f95860459c310b1cfa1",唐振东,,,,,exact,exact,抚松县,[],"[""伪抚松县警察讨伐大队大队长""]",抗日战争时期,"",伪职：伪抚松县警察讨伐大队大队长；罪行：投靠日军，率伪警察大队进山 “讨伐” 抗联，参与围剿杨靖宇部队，残害抗日军民。；结局：解放后被逮捕公审惩处。,[],"2026-08-27 03:29:02.095226","2026-08-27 03:29:02.095226",,,,,
"888eb0200caf4ed9996adff616ce3f05",王百善,,,,,exact,exact,"",[],"[""后期伪安国县长；五一大扫荡之后强化伪大乡制度，强征粮米。""]",抗日战争时期,"",伪职：后期伪安国县长；五一大扫荡之后强化伪大乡制度，强征粮米。；结局：解放后镇反处决,[],"2026-08-27 03:29:02.082545","2026-08-27 03:29:02.082545",,,,,
"8890e518b03545989725e978d3f96ef5",谢介石,,,,,exact,exact,台湾新竹,[],"[""伪吉林省交涉署署长、伪满外交部大臣""]",抗日战争时期,"",伪职：伪吉林省交涉署署长、伪满外交部大臣；罪行：台湾籍，早期投靠熙洽，参与伪满外交，出卖国家利益。；结局：1946 年被捕，病死狱中。,[],"2026-08-27 03:29:02.094638","2026-08-27 03:29:02.094638",,,,,
"8894f536b94e4cbcad7bdb8e93e84a40",葛老星,,,,,exact,exact,望都,[],"[""伪望都警备大队长；多次袭扰望都、唐县交界游击区。""]",抗日战争时期,"",伪职：伪望都警备大队长；多次袭扰望都、唐县交界游击区。；结局：望都解放被俘处决,[],"2026-08-27 03:29:02.082494","2026-08-27 03:29:02.082494",,,,,
"88bb9bf3ee814d24a8a337ae1a2edd7e",张海生,,,,,exact,exact,泗县张楼,"[""张抱平""]","[""伪淮海省第六总队司令兼自卫团团长""]",抗日战争时期,"",伪职：伪淮海省第六总队司令兼自卫团团长；罪行：大地主恶霸，千余武装固守张楼大圩；与日军勾结，杀害革命军民百余人，与新四军交战百余次；张楼战斗造成我方重大伤亡。；结局：1951 年公审枪决。,[],"2026-08-27 03:29:02.105295","2026-08-27 03:29:02.105295",,,,,
"88bde8d0a098490b91347574c3654e26",孙少山,,,,,exact,exact,安庆东郊广济圩,[],"[""广济圩伪区团长""]",抗日战争时期,"",伪职：广济圩伪区团长；罪行：把持圩区伪自卫团，强征圩民出工修碉堡，多次引导日军扫荡广济圩，抓捕接济新四军群众。；结局：解放后镇反公审处决。,[],"2026-08-27 03:29:02.104634","2026-08-27 03:29:02.104634",,,,,
"88e4751c2ae346959906e9134deb7428",顾宜我,,,,,exact,exact,南通刘桥段桥乡,"[""顾尚义""]","[""汪伪伪乡长，特务骨干""]",抗日战争时期,"",伪职：汪伪伪乡长，特务骨干；罪行：与姜颂平勾结，充当清乡爪牙，告密抗日武装情报，欺压当地百姓。；结局：被新四军短枪队锄奸处决。,[],"2026-08-27 03:29:02.099055","2026-08-27 03:29:02.099055",,,,,
"88e6a8057a8e470e9d0681ca6cd07f6e",齐默特色木丕勒,,,,,exact,exact,郭尔罗斯前旗,[],"[""伪满蒙政部大臣，哲里木盟盟长；投靠伪满，协助日军控制哲里木各旗，强征牲畜粮草，推行殖民统治。""]",抗日战争时期,"",伪职：伪满蒙政部大臣，哲里木盟盟长；投靠伪满，协助日军控制哲里木各旗，强征牲畜粮草，推行殖民统治。；结局：1942 病死长春,[],"2026-08-27 03:29:02.085817","2026-08-27 03:29:02.085817",,,,,
"88e774c079094199a177c32758963bab",郭景林,,,,,exact,exact,商都,[],"[""伪商都县县长；管控察北门户，强征粮草马匹供给伪蒙古军。""]",抗日战争时期,"",伪职：伪商都县县长；管控察北门户，强征粮草马匹供给伪蒙古军。；结局：战后逮捕判刑,[],"2026-08-27 03:29:02.087110","2026-08-27 03:29:02.087110",,,,,
"891679dd6f5e4472aa7bb98b605f636c",雄诺敦都布（雄努敦都布）,,,,,"","",内蒙古,[],"[""军长"", ""师长""]",抗日战争时期,汪伪政权,伪任职务：伪蒙古军警卫师师长，伪蒙疆保安负责人。结局：1959 年特赦释放,[],"2026-08-26 17:52:47","2026-08-26 17:52:47",,,,,
"8918d579a4c84687aa1d4569a6c40627",刘洛玉,,,,,exact,exact,容城,[],"[""伪容城警备大队长；袭扰容城、雄县交界村庄。""]",抗日战争时期,"",伪职：伪容城警备大队长；袭扰容城、雄县交界村庄。；结局：1944 年被县大队击毙,[],"2026-08-27 03:29:02.082668","2026-08-27 03:29:02.082668",,,,,
"892c6067a2034dd98a2157b64fbc5423",姚震宇,,,,,exact,exact,福州台江,[],"[""第一次沦陷伪商会附逆骨干""]",抗日战争时期,"",伪职：第一次沦陷伪商会附逆骨干；罪行：协助伪商会摊派苛捐，迫害拒绝合作商人。；结局：1941 年枪决。,[],"2026-08-27 03:29:02.080999","2026-08-27 03:29:02.080999",,,,,
"89347dd53a484c7bbbb03915e58ae70f",方星樵,,,,,exact,exact,合肥全县,[],"[""汪伪合肥县公署首任知事（伪县长）""]",抗日战争时期,"",伪职：汪伪合肥县公署首任知事（伪县长）；罪行：1939‑02‑01 伪合肥县公署正式成立，首任主官；组建伪警察、大民会庐州支部，推行保甲、奴化教育，搜刮粮食物资，镇压城内抗日活动。；结局：抗战胜利后逮捕伏法。,[],"2026-08-27 03:29:02.102963","2026-08-27 03:29:02.102963",,,,,
"894de05a483b431f9ac48cb418098851",张海鹏,,,,,exact,exact,洮南（大本营），势力覆盖整个白城地区,[],"[""伪洮辽警备司令，伪满侍从武官长""]",抗日战争时期,"",伪职：伪洮辽警备司令，伪满侍从武官长；罪行：九一八事变投降日本，以洮南为基地组建伪军，充当日军进攻黑龙江马占山的先锋；镇压嘎达梅林起义，在白城‑洮南一带搜刮粮草、围剿抗日武装，残害爱国群众。；结局：1945 年被苏军捕获，1951 年病死抚顺战犯管理所。,[],"2026-08-27 03:29:02.095502","2026-08-27 03:29:02.095502",,,,,
"8952d2b4292546169e65c43e1e3ded00",计国桢,,,,,"","",上海,[],"[""维持会""]",抗日战争时期,汪伪政权,伪任职务：武汉治安维持会会长，武汉沦陷最早傀儡头目。结局：抗战胜利逮捕，判处徒刑，狱中病逝,[],"2026-08-26 17:52:47","2026-08-26 17:52:47",,,,,
"899cc474597f4e16b4e40968c9424610",王秉孝,,,,,exact,exact,"",[],"[""末代伪邯郸县县长，配合王冠英固守县城，强征粮草民夫加固城防邯郸党史网。""]",抗日战争时期,"",伪职：末代伪邯郸县县长，配合王冠英固守县城，强征粮草民夫加固城防邯郸党史网。；结局：邯郸解放被俘，汉奸罪判处长期徒刑,[],"2026-08-27 03:29:02.080693","2026-08-27 03:29:02.080693",,,,,
"8a250d2f7dbb4c8dbca1844cd95b15ee",金福荣,,,,,exact,exact,嵊县甘霖据点,[],"[""嵊县甘霖维持会会长""]",抗日战争时期,"",伪职：嵊县甘霖维持会会长；罪行：沦陷初期维持会头目，为日军征粮派夫，配合据点日军管控甘霖周边乡镇。；结局：抗战胜利后清算判刑。,[],"2026-08-27 03:29:02.101758","2026-08-27 03:29:02.101758",,,,,
"8a5f1829a4fb48d9b7612105f4ff5f6c",段万庆,,,,,exact,exact,威县,[],"[""伪威县警备大队长；威县伪军实权头目，多次配合日军扫荡冀南根据地。""]",抗日战争时期,"",伪职：伪威县警备大队长；威县伪军实权头目，多次配合日军扫荡冀南根据地。；结局：威县解放被俘处决,[],"2026-08-27 03:29:02.082253","2026-08-27 03:29:02.082253",,,,,
"8a76ae78e00745e4872389aba1a37558",苏湖,,,,,"","",不详,[],[],抗日战争时期,汪伪政权,伪任职务：界首特工总站长，配合王步熙，专门捕杀地方抗日人员。。结局：鲌鳝沟战斗被击毙今日高邮,[],"2026-08-26 17:52:47","2026-08-26 17:52:47",,,,,
"8a997e9c473c4d02933ca468d493ca84",周佛海,,,1897,1948,exact,exact,湖南沅陵,[],"[""\u4F2A\u884C\u653F\u9662\u526F\u9662\u957F"",""\u4F2A\u8D22\u653F\u90E8\u957F"",""\u4E09\u53F7\u6C49\u5978""]",抗日战争时期,汪伪政权,周佛海，湖南沅陵人。早年留学日本，1921年作为旅日代表出席中共一大，1924年退出共产党加入国民党。抗战爆发后随汪精卫投敌，历任汪伪国民党中央执委、中央政治委员会委员、行政院副院长兼财政部长、警政部长、中央储备银行总裁。日本投降前与军统戴笠秘密联系，为重庆方面效力。1946年被判处死刑，后蒋介石特赦改判无期徒刑。1948年2月28日病死南京老虎桥监狱。,[],"2026-08-23 12:23:35.004373","2026-08-23 12:23:35.004373",,,,,
"8aa3742440cc4bd1a9b12617935eb6bd",蔡雄飞,,,,,"","",山西离石,[],"[""军长"", ""师长""]",抗日战争时期,伪军,伪任职务：原晋绥军军官投敌，伪伪军师长，盘踞晋西，围剿晋绥根据地。结局：1946 年公审枪决,[],"2026-08-26 17:52:47","2026-08-26 17:52:47",,,,,
"8aeab2411fc94daabf37596af992f6a8",张奚若,,,,,exact,exact,濛江（靖宇县）、临江一带,[],"[""原抗联一军机枪射手，伪讨伐队队员""]",抗日战争时期,"",伪职：原抗联一军机枪射手，伪讨伐队队员；罪行：随程斌叛变；参与围剿杨靖宇三道崴子战斗，开枪射击杨靖宇；参与分割遗体邀功新华网。；结局：改名换姓隐匿，80 年代病亡。,[],"2026-08-27 03:29:02.095261","2026-08-27 03:29:02.095261",,,,,
"8b2fee3416f349a1b123eec54ef62e77",巴图敖其尔,,,,,exact,exact,达拉特旗,[],"[""伪达拉特旗警务科长；接受包头伪公署指令，在沿黄渡口布置密探，抓捕渡河往来的抗日人员。""]",抗日战争时期,"",伪职：伪达拉特旗警务科长；接受包头伪公署指令，在沿黄渡口布置密探，抓捕渡河往来的抗日人员。；结局：解放后镇反公审处决,[],"2026-08-27 03:29:02.086179","2026-08-27 03:29:02.086179",,,,,
"8b54a0fb794c4b6f88e16aa5a99b6a85",钱阿毛,,,,,exact,exact,长兴县城、泗安,[],"[""长兴伪宪兵队情报组长""]",抗日战争时期,"",伪职：长兴伪宪兵队情报组长；罪行：地痞投敌，充当日军耳目，引导日军进山扫荡长兴山区，迫害游击根据地百姓。；结局：抗战胜利后公审枪决。,[],"2026-08-27 03:29:02.101433","2026-08-27 03:29:02.101433",,,,,
"8b55167f5a1240d2ad5d70326d3b64fe",王嘉猷,,,,,exact,exact,寿阳,[],"[""伪寿阳县首任县长""]",抗日战争时期,"",伪职：伪寿阳县首任县长；罪行：旧官僚，1937 沦陷出任伪县长；建立伪公署、维持会，推行保甲，抓夫修炮楼，配合扫荡盂寿根据地。；结局：抗战胜利逮捕判刑,[],"2026-08-27 03:29:02.088916","2026-08-27 03:29:02.088916",,,,,
"8b5af911ebe043cd9cfaed6ead405842",周云亭,,,,,exact,exact,屯溪、休宁（潜入国统区）,[],"[""芜湖汪伪特工站派遣情报特务""]",抗日战争时期,"",伪职：芜湖汪伪特工站派遣情报特务；罪行：受芜湖 “十一号” 特工站派遣，伪装商人潜入屯溪，建立秘密情报点，搜集第三战区军事情报，策动部分商人资敌，联络潜伏内奸。；结局：被皖南行署军统查获，1943 年军法审判处决。,[],"2026-08-27 03:29:02.104711","2026-08-27 03:29:02.104711",,,,,
"8b641d1d1c7244ac978ffb9475f97975",袁金铠,,,,,exact,exact,辽宁辽阳,[],"[""奉天地方治安维持会委员长；伪满尚书府大臣、参议府参议""]",抗日战争时期,"",伪职：奉天地方治安维持会委员长；伪满尚书府大臣、参议府参议；罪行：九一八事变后立刻牵头组建奉天维持会，协助日军接管沈阳，恢复伪政权，参与策划伪满洲国建立，推行保甲，镇压反日活动。；结局：1945 年被捕，保外就医，1947 年病死，逃脱审判。,[],"2026-08-27 03:29:02.090590","2026-08-27 03:29:02.090590",,,,,
"8b6ab5e71a764cec9b909645250cc303",葛子久,,,,,exact,exact,获鹿,[],"[""获鹿治安维持会会长、第一任伪获鹿县知事，组建伪县公署，推行保甲征派物资；卷入内部案受日军反复传讯施压。""]",抗日战争时期,"",伪职：获鹿治安维持会会长、第一任伪获鹿县知事，组建伪县公署，推行保甲征派物资；卷入内部案受日军反复传讯施压。；结局：1941 年在石门受审后自杀身亡,[],"2026-08-27 03:29:02.089549","2026-08-27 03:29:02.089549",,,,,
"8ba6bc7fec0447ae996f3d0e6dcdbade",王少亭,,,,,exact,exact,凤台沿淮码头,"[""王松子""]","[""凤台特务队骨干""]",抗日战争时期,"",伪职：凤台特务队骨干；罪行：在渡口盘查往来行人，告密抓捕进步群众，勾结烟土走私资敌政协凤台县...。；结局：抗战胜利后判刑。,[],"2026-08-27 03:29:02.103758","2026-08-27 03:29:02.103758",,,,,
"8bd294141cb64230a0d52fdebed43661",业喜扎木苏,,,,,exact,exact,巴林左旗,[],"[""伪巴林左旗旗长；执行日伪政令，强征牲畜粮草供给伪蒙古军。""]",抗日战争时期,"",伪职：伪巴林左旗旗长；执行日伪政令，强征牲畜粮草供给伪蒙古军。；结局：战后判处徒刑,[],"2026-08-27 03:29:02.085568","2026-08-27 03:29:02.085568",,,,,
"8bde36b0d9524e09b5929fcc8ff67afb",叶善之,,,,,exact,exact,沭阳县城,[],"[""伪沭阳县维持会会长、首任伪沭阳县县长""]",抗日战争时期,"",伪职：伪沭阳县维持会会长、首任伪沭阳县县长；罪行：沭阳沦陷主动迎日军入城，组建伪维持会，执掌伪县公署全套机构，推行奴化统治，征粮抓丁，搜捕抗日军民。；结局：抗战胜利后公审枪决。,[],"2026-08-27 03:29:02.100578","2026-08-27 03:29:02.100578",,,,,
"8be5c44a9afd44b58250d6c556cb4852",沈玉仁,,,,,exact,exact,涟水全境,[],"[""日伪密探（篾匠）""]",抗日战争时期,"",伪职：日伪密探（篾匠）；罪行：以走街串巷编织竹器为掩护搜集情报；告密新四军驻地，直接引发大胡庄惨案，致使大量指战员牺牲。；结局：解放后清算镇压。,[],"2026-08-27 03:29:02.100042","2026-08-27 03:29:02.100042",,,,,
"8c08751f296042dbb1f91d2b08f47028",蒋表轩,,,,,exact,exact,东北,[],"[""第二任伪石门市市长，主抓户籍保甲、物资统制。""]",抗日战争时期,"",伪职：第二任伪石门市市长，主抓户籍保甲、物资统制。；结局：抗战胜利被捕，判处有期徒刑,[],"2026-08-27 03:29:02.078170","2026-08-27 03:29:02.078170",,,,,
"8c2d2309f8504bcf8099171dea9c742f",贾汉玉,,,,,exact,exact,屯留,[],"[""伪屯留警备副司令""]",抗日战争时期,"",伪职：伪屯留警备副司令；罪行：带队下乡扫荡，抓捕抗日人员。；结局：解放后镇压处决,[],"2026-08-27 03:29:02.088178","2026-08-27 03:29:02.088178",,,,,
"8c53f9c5a3214bb1b41fadd4e9bc8264",周海山,,,,,exact,exact,青龙,[],"[""伪青龙警备大队长；伪军主力头目，多次配合日军扫荡迁青平根据地。""]",抗日战争时期,"",伪职：伪青龙警备大队长；伪军主力头目，多次配合日军扫荡迁青平根据地。；结局：解放后镇反公审处决,[],"2026-08-27 03:29:02.097864","2026-08-27 03:29:02.097864",,,,,
"8c6bc68ee7234459a4abddd8bedde242",吴镜予,,,,,"","",常州武进,[],"[""军长"", ""维持会""]",抗日战争时期,汪伪政权,伪任职务：常州治安维持会首任会长，沦陷后最早的傀儡头目，胁迫商户复工，为日军征调物资、夫役。。结局：抗战胜利被捕，判处有期徒刑，病死狱中,[],"2026-08-26 17:52:47","2026-08-26 17:52:47",,,,,
"8c6ce53d96df418a9fb792948d17565b",王富太,,,,,exact,exact,静乐,[],"[""伪军团副，宋存贵副手""]",抗日战争时期,"",伪职：伪军团副，宋存贵副手；罪行：随同宋存贵下乡作恶，残害百姓。；结局：1944 据点战斗被击毙,[],"2026-08-27 03:29:02.089973","2026-08-27 03:29:02.089973",,,,,
"8c90613ca2424c74a89558a4d8e40361",王贤伟,,,,,exact,exact,大连（旅大派）,[],"[""伪满滨江省长、伪外交部次长""]",抗日战争时期,"",伪职：伪满滨江省长、伪外交部次长；罪行：关东州本土培养，伪满高官，执行日本各项殖民政策。；结局：被俘后关押改造。,[],"2026-08-27 03:29:02.090948","2026-08-27 03:29:02.090948",,,,,
"8c97ea1d1c22426cb0772c2f23081b4d",朱顺林,,,,,"","",上海,[],"[""军长"", ""维持会""]",抗日战争时期,汪伪政权,伪任职务：伪上海沪北区区长，维持会骨干，协助日军管制闸北。结局：1946 年上海高等法院判处死刑,[],"2026-08-26 17:52:47","2026-08-26 17:52:47",,,,,
"8c996d49c349445e94b179742754573e",尹大马棒,,,,,exact,exact,"",[],"[""伪蒙古军 58 团团长，驻防林东；骑兵讨伐，祸害巴林草原。""]",抗日战争时期,"",伪职：伪蒙古军 58 团团长，驻防林东；骑兵讨伐，祸害巴林草原。；结局：日本投降被国民党收编，解放后处决,[],"2026-08-27 03:29:02.085560","2026-08-27 03:29:02.085560",,,,,
"8cb9336f72964b2fb08917a0ee486df5",沈席儒（沈夕俩）,,,,,"","",安徽蚌埠,[],"[""军长"", ""师长"", ""司令"", ""清乡""]",抗日战争时期,伪军,伪任职务：伪蚌埠警备司令、伪军师长，皖北伪军头目，参与清乡、贩卖鸦片敛财抖音百科。结局：1951 年押回蚌埠公审枪决,[],"2026-08-26 17:52:47","2026-08-26 17:52:47",,,,,
"8cbb2102ce664144971f7a3637763765",梁鸿志,,,,,"","",福建长乐,[],"[""院长""]",抗日战争时期,汪伪政权,伪任职务：原伪维新政府行政院长；汪伪监察院院长、立法院长，伪维新政府首要头目，前期统治南京环球网。。结局：1946 年上海枪决,[],"2026-08-26 17:52:47","2026-08-26 17:52:47",,,,,
"8cd2b6cc710440edb199c5c09e22f9b5",王冠英,,,,,exact,exact,"",[],"[""后期伪冀南道道尹，冀南道最高伪行政长官；日降后勾结郭采芹固守邯郸，改换国民党番号继续反共。""]",抗日战争时期,"",伪职：后期伪冀南道道尹，冀南道最高伪行政长官；日降后勾结郭采芹固守邯郸，改换国民党番号继续反共。；结局：1945 邯郸解放被俘，公审处决,[],"2026-08-27 03:29:02.081599","2026-08-27 03:29:02.081599",,,,,
"8d20bc2ee0ab4713a5c8d2473b26938d",郭志诚（郭志成）,,,,,"","",镇江,[],"[""委员长"", ""县长""]",抗日战争时期,汪伪政权,伪任职务：伪自治委员会副会长，后任伪丹徒县知事（伪县长），汪伪镇江县首任县长；完整搭建县级伪政权，设立伪警察局、各职能科局，推行保甲良民证，管控城乡抖音百科。。结局：战后以汉奸罪判刑,[],"2026-08-26 17:52:47","2026-08-26 17:52:47",,,,,
"8d210c74721e484dad76699c9263f346",谢恪,,,,,"","",不详,[],"[""市长""]",抗日战争时期,汪伪政权,伪任职务：何瓒遇刺后代理伪杭州市长，维持城内伪行政。。结局：后调离杭州，战后汉奸罪判刑,[],"2026-08-26 17:52:47","2026-08-26 17:52:47",,,,,
"8d3a0f4d594a4d20bb7cefee5caab952",周少斋,,,,,exact,exact,宣城孙家埠集镇,[],"[""孙家埠伪区长""]",抗日战争时期,"",伪职：孙家埠伪区长；罪行：把持伪区政权，修建碉堡，搜集山区游击队情报，多次引导日伪军进山清剿，敲诈沿江商旅。；结局：被皖南武工队锄奸击毙。,[],"2026-08-27 03:29:02.106298","2026-08-27 03:29:02.106298",,,,,
"8d469568d97d42eeae4c69132e06a97f",黄雁九,,,,,"","",湖南长沙,[],"[""省级长官"", ""军长"", ""维持会""]",抗日战争时期,汪伪政权,伪任职务：日伪拟议的伪湖南省维持会会长，长沙亲日头面人物，为日军联络地方士绅。结局：抗战胜利后被捕判刑,[],"2026-08-26 17:52:47","2026-08-26 17:52:47",,,,,
"8d4f9c10272e42d3b12915070dd7c510",肖根山,,,,,exact,exact,"",[],"[""伪曲周警备队队长；作恶多端，配合日伪扫荡冀南根据地，邯郸解放战役被俘邯郸党史网。""]",抗日战争时期,"",伪职：伪曲周警备队队长；作恶多端，配合日伪扫荡冀南根据地，邯郸解放战役被俘邯郸党史网。；结局：公审判处死刑,[],"2026-08-27 03:29:02.078525","2026-08-27 03:29:02.078525",,,,,
"8d6a22c0961b4f06b5ddb56e7889963c",吕景颜,,,,,exact,exact,东台县城,[],"[""伪东台县县长、伪维持会会长""]",抗日战争时期,"",伪职：伪东台县县长、伪维持会会长；罪行：东台头号汉奸，沦陷初期组建伪维持会；设立慰安所，搜刮苛捐杂税，搜捕爱国人士，建立完整伪保甲体系，长期主政东台伪政权。；结局：1946 年东台公审，判处死刑枪决盐城市史志...。,[],"2026-08-27 03:29:02.099799","2026-08-27 03:29:02.099799",,,,,
"8d804a1ab104475ea0dc285bcf649420",吕老贵,,,,,exact,exact,蔚县,[],"[""伪蔚县警备大队长；伪军铁杆，充当日军扫荡向导，残害山区百姓。""]",抗日战争时期,"",伪职：伪蔚县警备大队长；伪军铁杆，充当日军扫荡向导，残害山区百姓。；结局：镇反公审枪决,[],"2026-08-27 03:29:02.082979","2026-08-27 03:29:02.082979",,,,,
"8d953ed131bd4c6fa668f650d75ff45f",高砚然,,,,,exact,exact,"",[],"[""继任伪正定县知事，多次写信诱降我方游击队长甄凤山，指挥伪警备队下乡 “清剿”。""]",抗日战争时期,"",伪职：继任伪正定县知事，多次写信诱降我方游击队长甄凤山，指挥伪警备队下乡 “清剿”。；结局：抗战胜利归案审判,[],"2026-08-27 03:29:02.084201","2026-08-27 03:29:02.084201",,,,,
"8d9a44d1b7ca4f5baa89c32ad95756a3",王曼卿,,,,,exact,exact,邯郸,[],"[""邯郸治安维持会会长、第一任伪邯郸县县长；组建伪县公署，推行保甲连坐，为日军征粮征夫，搭建各级伪组织。""]",抗日战争时期,"",伪职：邯郸治安维持会会长、第一任伪邯郸县县长；组建伪县公署，推行保甲连坐，为日军征粮征夫，搭建各级伪组织。；结局：抗战胜利逮捕，判无期徒刑，狱中病死,[],"2026-08-27 03:29:02.081586","2026-08-27 03:29:02.081586",,,,,
"8d9c7b54f0124a5c9a054037ab083594",凌印清,,,,,"","",辽宁海城,[],"[""军长"", ""司令"", ""总司令""]",抗日战争时期,伪军,伪任职务：九一八后伪东北民众自卫军总司令，辽西伪军头目，进攻锦州方向抗日武装。结局：1931 年被义勇军擒获就地枪决,[],"2026-08-26 17:52:47","2026-08-26 17:52:47",,,,,
"8dcfaf4cb7f94bae894003be329ed838",谢辅之,,,,,exact,exact,万泉,[],"[""伪万泉县县长""]",抗日战争时期,"",伪职：伪万泉县县长；罪行：建立万泉伪公署，抓夫修炮楼。；结局：战后汉奸罪判刑,[],"2026-08-27 03:29:02.089346","2026-08-27 03:29:02.089346",,,,,
"8dd32f8b300249e1bf2d64f95b35f485",徐继泰,,,,,exact,exact,涟水、灌南一带,[],"[""伪 “和平反共兴亚建国第三军” 军长，伪涟水、阜宁县长""]",抗日战争时期,"",伪职：伪 “和平反共兴亚建国第三军” 军长，伪涟水、阜宁县长；罪行：原国民党游击司令，1942 年率部投敌；发明多种酷刑残害根据地军民，扫荡盐场，屠杀灶民与抗日干部，频繁袭扰涟东抗日根据地。；结局：抗战胜利后被俘，汉奸审判处决。,[],"2026-08-27 03:29:02.099387","2026-08-27 03:29:02.099387",,,,,
"8de8393fe81d4d68b2a3f7c70aa1ce0d",张慕陶,,,,,exact,exact,合肥城区,[],"[""伪合肥县财政科长""]",抗日战争时期,"",伪职：伪合肥县财政科长；罪行：经济汉奸，主管伪财政，征收苛捐杂税，统制粮食布匹，为日军搜刮战略物资。；结局：汉奸清算判处有期徒刑。,[],"2026-08-27 03:29:02.103059","2026-08-27 03:29:02.103059",,,,,
"8df46a7ae5ee4ff991eadb55113cf37d",胡三,,,,,exact,exact,五台,[],"[""豆村据点特务""]",抗日战争时期,"",伪职：豆村据点特务；罪行：专门搜捕根据地地下工作人员，残害抗属。；结局：武工队潜入据点处决,[],"2026-08-27 03:29:02.089818","2026-08-27 03:29:02.089818",,,,,
"8df7260e9c5f4610ac308e7189ec77f7",薛郢生,,,,,"","",南通,[],"[""军长"", ""县长""]",抗日战争时期,南京伪维新政府,伪任职务：伪维新政府时期首任伪南通县知事，沦陷早期傀儡主官，组建伪县公署，恢复伪税收、保甲，为日军征粮征夫。。结局：战后逮捕判刑，病死狱中,[],"2026-08-26 17:52:47","2026-08-26 17:52:47",,,,,
"8df74af3f24a4b9195e34450311063ac",周景堂,,,,,exact,exact,怀远县城,[],"[""怀远伪维持会会长""]",抗日战争时期,"",伪职：怀远伪维持会会长；罪行：怀远沦陷组建维持会，征粮派夫，配合日伪控制涡淮渡口，搜捕抗日游击人员。；结局：收复后逮捕判刑。,[],"2026-08-27 03:29:02.103634","2026-08-27 03:29:02.103634",,,,,
"8e2ee73f8099440294f2e5b5b001ecae",申振先,,,,,exact,exact,洮南,[],"[""伪洮南县首任县长""]",抗日战争时期,"",伪职：伪洮南县首任县长；罪行：九一八事变带头迎接日军入城，协助张海鹏建立伪地方政权，推行日伪各项殖民政令，压榨百姓洮南市人民...。；结局：光复后被清算惩处。,[],"2026-08-27 03:29:02.095513","2026-08-27 03:29:02.095513",,,,,
"8e704f1797784f6582a4f73fc99e5e40",朱亦飞,,,,,exact,exact,瑞安县城,[],"[""伪瑞安维持会委员""]",抗日战争时期,"",伪职：伪瑞安维持会委员；罪行：瑞安沦陷时期伪维持会骨干，协助日军勒索商户，征集粮草物资。；结局：抗战胜利后逮捕判刑。,[],"2026-08-27 03:29:02.100988","2026-08-27 03:29:02.100988",,,,,
"8e838d6b0b564055ac7059c24ce692b7",张哲生,,,,,exact,exact,睢宁全境,[],"[""伪睢宁县县长""]",抗日战争时期,"",伪职：伪睢宁县县长；罪行：伪县长任期三年，执行日军清乡政策，出动伪县大队配合日军围剿抗日武装，迫害爱国群众。；结局：抗战胜利后逮捕法办。,[],"2026-08-27 03:29:02.098898","2026-08-27 03:29:02.098898",,,,,
"8e846b0f6510497791def8e5e99d67c1",董扒皮,,,,,exact,exact,"","[""董某""]","[""山奉铁路伪总监（铁路系统大汉奸）；掌控山海关铁路警务，抓捕铁路工人抗日分子，转运日军兵员物资，敲诈商旅百姓。""]",抗日战争时期,"",伪职：山奉铁路伪总监（铁路系统大汉奸）；掌控山海关铁路警务，抓捕铁路工人抗日分子，转运日军兵员物资，敲诈商旅百姓。；结局：山海关解放被俘，公审枪决,[],"2026-08-27 03:29:02.099553","2026-08-27 03:29:02.099553",,,,,
"8e9d8e6c3dbc4d4cb0f4dfcee222f204",何世隆,,,,,"","",云南腾冲,[],"[""军长""]",抗日战争时期,汪伪政权,伪任职务：伪日资银行行长，死心投靠日军，帮日军掌控地方金融，搜刮民间财物。结局：腾冲收复押解途中被士兵就地击毙,[],"2026-08-26 17:52:47","2026-08-26 17:52:47",,,,,
"8f1280e5c62a49b090d8238683cb9f68",王小黑,,,,,"","",邵伯,[],[],抗日战争时期,汪伪政权,伪任职务：邵伯宪兵队密探、情报眼线；专门在码头茶馆搜集我方情报，告密多名进步群众被捕。。结局：抗战胜利后群众控诉，判刑劳改,[],"2026-08-26 17:52:47","2026-08-26 17:52:47",,,,,
"8f31077dc6a4406db72e4c47c7891bd9",陈孟和,,,,,"","",不详,[],"[""县长""]",抗日战争时期,汪伪政权,伪任职务：第二任伪江宁县县长，强化物资统制，管制秣陵‑禄口‑湖熟各据点。。结局：抗战胜利捕获，判处有期徒刑,[],"2026-08-26 17:52:47","2026-08-26 17:52:47",,,,,
"8f4e7746611e403d9bc4d800a89a7d8b",赵玉昆,,,,,exact,exact,易县,[],"[""原八路军支队司令员，叛变投敌，伪易县警备团长兼特务部长；狼牙山五壮士事件主要祸首，熟悉根据地内情，带领日军反复扫荡晋察冀一分区，残害大批干部群众；势力延伸定兴、易县、涞水一带。""]",抗日战争时期,"",伪职：原八路军支队司令员，叛变投敌，伪易县警备团长兼特务部长；狼牙山五壮士事件主要祸首，熟悉根据地内情，带领日军反复扫荡晋察冀一分区，残害大批干部群众；势力延伸定兴、易县、涞水一带。；结局：日本投降后潜逃，1952 年抓捕归案公审枪决,[],"2026-08-27 03:29:02.082698","2026-08-27 03:29:02.082698",,,,,
"8f6a77f657c2416b9de69425bb1e69da",蒋辉若（蒋文焕）,,,,,"","",甘肃临夏，早年在宁夏马福祥部任职,[],"[""部长"", ""军长"", ""司令"", ""总司令""]",抗日战争时期,伪军,伪任职务：原马家军旧部，包头沦陷后投日，出任伪回军总司令、西北保商督办公署督办；日军计划利用他向西渗透宁夏，策反马鸿逵，在绥远组建伪军武装，威胁宁夏边境。。结局：抗战胜利后被捕，以汉奸罪处决,[],"2026-08-26 17:52:47","2026-08-26 17:52:47",,,,,
"8fa56248241046f9b3d4472073e5abf9",陈见园,,,,,exact,exact,伪特别市政府,[],"[""伪市府秘书长""]",抗日战争时期,"",伪职：伪市府秘书长；罪行：伪市府核心幕僚，协助李思贤处理政务，草拟伪政令。；结局：战后审讯定罪。,[],"2026-08-27 03:29:02.080432","2026-08-27 03:29:02.080432",,,,,
"8fdc785d3e2148898d545fc2b3f86014",孙世忠,,,,,exact,exact,抚顺万达屋矿,[],"[""煤矿汉奸把头""]",抗日战争时期,"",伪职：煤矿汉奸把头；罪行：压榨矿工，迫害敢于反抗工人，协助日伪监视煤矿工人。；结局：工人斗争大会公审处决。,[],"2026-08-27 03:29:02.091432","2026-08-27 03:29:02.091432",,,,,
"8fe69ded3e3b49369f6e7f69ab960d40",李思贤,,,,,"","",广东新会，长期在厦门,[],"[""市长"", ""厅长""]",抗日战争时期,汪伪政权,伪任职务：伪厦门特别市市长，兼任警察厅长、劝业银行董事长，掌控厦门伪政权全盘，身兼十余伪职。结局：抗战胜利逮捕，1951 年厦门公审枪决,[],"2026-08-26 17:52:47","2026-08-26 17:52:47",,,,,
"9008d36d03f4425c854bc440a0cb9eb6",安照白,,,,,exact,exact,无锡东乡、县城,[],"[""第四任伪无锡县县长（安镇人）""]",抗日战争时期,"",伪职：第四任伪无锡县县长（安镇人）；罪行：积极配合日军清乡扫荡，迫害抗日群众，对日军极度顺从。；结局：抗日锄奸队潜入无锡城内将其击毙。,[],"2026-08-27 03:29:02.098666","2026-08-27 03:29:02.098666",,,,,
"900c0ba128ab4cd5abcfab63d26f1763",任援道,,,,,"","",江苏宜兴,[],"[""省级长官"", ""军长"", ""司令"", ""总司令""]",抗日战争时期,汪伪政权,伪任职务：末代伪江苏省省长，汪伪第一方面军总司令，掌控苏南伪军武装。。结局：抗战胜利被国民政府收编，后潜逃加拿大，客死海外,[],"2026-08-26 17:52:47","2026-08-26 17:52:47",,,,,
"901c3df0ef524fdeadaf1d429e6743cd",林荣逋,,,,,exact,exact,明光王咀,[],"[""伪和平救国军副队长""]",抗日战争时期,"",伪职：伪和平救国军副队长；罪行：么开贵副手，协助把守水上关卡，刺探路东根据地情报，迫害湖上百姓。；结局：镇反运动处决。,[],"2026-08-27 03:29:02.104962","2026-08-27 03:29:02.104962",,,,,
"9022b3b0e79047d59b308cde2fdacc46",马道生,,,,,exact,exact,夏县祁家河,[],"[""祁家河维持会长""]",抗日战争时期,"",伪职：祁家河维持会长；罪行：死心塌地投靠日军，带领日伪军搜山抓捕抗日干部，残害百姓。；结局：被我方武工队活捉处决,[],"2026-08-27 03:29:02.089173","2026-08-27 03:29:02.089173",,,,,
"902ab6d31b334e1d995f33a0e8fc396a",李海忱,,,,,exact,exact,建平,[],"[""伪建平县县长""]",抗日战争时期,"",伪职：伪建平县县长；罪行：建平县地处辽西山地，疯狂搜捕义勇军与地下关系，强征粮食、劳工，执行物资统制。；结局：解放后逮捕判刑。,[],"2026-08-27 03:29:02.093599","2026-08-27 03:29:02.093599",,,,,
"907976a4cab04e459b316768d3f0dcdc",林沧圃,,,,,exact,exact,闽海，泉州近海岛屿,[],"[""伪和平救国军参谋长""]",抗日战争时期,"",伪职：伪和平救国军参谋长；罪行：伪军核心幕僚，负责和厦门日军联络，策划袭扰泉州沿海，策动泉州沿海土匪、地方人员下海投伪。；结局：抗战胜利被国民党当局收用。,[],"2026-08-27 03:29:02.079635","2026-08-27 03:29:02.079635",,,,,
"908945aa01ff4b81b56b3a9458955307",赵德山,,,,,exact,exact,采石矶（马鞍山雨山）,[],"[""采石伪警察所长""]",抗日战争时期,"",伪职：采石伪警察所长；罪行：采石据点伪警头目，管控江边码头，抓捕、关押抗日人士，敲诈过往船商渔民。；结局：建国后镇反处决。,[],"2026-08-27 03:29:02.104047","2026-08-27 03:29:02.104047",,,,,
"90dd81a0e851443f846814570488da3b",白坤公,,,,,"","",广西桂林,[],"[""省级长官"", ""军长"", ""处长"", ""维持会""]",抗日战争时期,汪伪政权,伪任职务：桂林伪维持会（复兴处）处长，桂林沦陷傀儡头目，筹粮抓夫，日军企图推举其组建伪省府。结局：抗战胜利公审枪决广西新闻网,[],"2026-08-26 17:52:47","2026-08-26 17:52:47",,,,,
"910343c783334c669479d5e93afdb8aa",宝贵廷,,,,,"","",内蒙古,[],"[""部长"", ""军长"", ""师长"", ""司令""]",抗日战争时期,汪伪政权,伪任职务：伪蒙古军第四师师长，伪蒙古军司令部少将，长期驻防绥远。结局：关押改造，1966 年特赦释放,[],"2026-08-26 17:52:47","2026-08-26 17:52:47",,,,,
"910b84acf49b4e879a234455428547c0",李树声,,,,,exact,exact,归绥,[],"[""第二任伪厚和市市长；原旧官僚，鼓吹 “东亚圣战”，强征铜铁、粮食、劳工资敌，推行保甲、奴化教育。""]",抗日战争时期,"",伪职：第二任伪厚和市市长；原旧官僚，鼓吹 “东亚圣战”，强征铜铁、粮食、劳工资敌，推行保甲、奴化教育。；结局：汉奸罪判 15 年徒刑，入狱不久患病死亡,[],"2026-08-27 03:29:02.084782","2026-08-27 03:29:02.084782",,,,,
"910c3ba586ba47c88724d8e3791eef10",张金祥,,,,,exact,exact,青龙,[],"[""伪讨伐队副司令；驻守青龙县城，进山扫荡无人区，捕杀抗日干部。""]",抗日战争时期,"",伪职：伪讨伐队副司令；驻守青龙县城，进山扫荡无人区，捕杀抗日干部。；结局：拒不投降，交战中被八路军歼灭,[],"2026-08-27 03:29:02.081484","2026-08-27 03:29:02.081484",,,,,
"911784dd4d4640dda5071056a3a609d8",石佐民,,,,,exact,exact,广德城关,[],"[""广德维持会会长""]",抗日战争时期,"",伪职：广德维持会会长；罪行：广德沦陷头号汉奸，1943 年广德第四次沦陷牵头成立维持会；征集粮草、民夫，协助设立北门慰安所，残害妇女，带路扫荡乡村。；结局：抗战胜利公审枪决。,[],"2026-08-27 03:29:02.106242","2026-08-27 03:29:02.106242",,,,,
"912f9fef5e5d4504a9a04dad85c5be78",齐子修,,,,,exact,exact,博野籍,[],"[""伪蠡县警备司令；五一大扫荡后盘踞蠡县，残害冀中抗日军民。""]",抗日战争时期,"",伪职：伪蠡县警备司令；五一大扫荡后盘踞蠡县，残害冀中抗日军民。；结局：日本投降后被国民党收编，解放后抓获处决,[],"2026-08-27 03:29:02.082575","2026-08-27 03:29:02.082575",,,,,
"9134482f202144829eaa390a5e51304d",徐桂生,,,,,exact,exact,莲都城区,[],"[""维持会公安组头目""]",抗日战争时期,"",伪职：维持会公安组头目；罪行：网罗地痞流氓充当维持会打手，搜捕潜伏爱国人员，敲诈商铺，随同日军下乡骚扰城郊村镇。；结局：日军撤退后公审处决。,[],"2026-08-27 03:29:02.102639","2026-08-27 03:29:02.102639",,,,,
"916f29fb94b5420ab23ecdb7428906c0",徐宇春,,,,,"","",南通,[],"[""军长"", ""县长""]",抗日战争时期,汪伪政权,伪任职务：第二任伪南通县知事，地方绅商代表，配合日军物资统制。。结局：汉奸罪判处有期徒刑,[],"2026-08-26 17:52:47","2026-08-26 17:52:47",,,,,
"91761c85fb6545ed9729192a551ed932",于守业,,,,,exact,exact,大连西岗,[],"[""伪西岗街长""]",抗日战争时期,"",伪职：伪西岗街长；罪行：接受关东州任命；强征劳工、摊派战时物资，检举私吃细粮、拒绝出工居民，配合抓捕爱国工人。；结局：1946 群众控诉，判刑劳改。,[],"2026-08-27 03:29:02.091113","2026-08-27 03:29:02.091113",,,,,
"9183e026867a4c71a7df32561a5257e9",周光海,,,,,exact,exact,绥芬河,[],"[""伪绥芬河商务会长、维持会头目""]",抗日战争时期,"",伪职：伪绥芬河商务会长、维持会头目；罪行：伪满时期为日军筹措物资，监控口岸来往人员；光复后收拢伪警特务，勾结国民党势力破坏接收。；结局：被民主政府逮捕审判。,[],"2026-08-27 03:29:02.097222","2026-08-27 03:29:02.097222",,,,,
"918a16cd2c054d7197ae7ded11c49cb3",何佩瑢,,,,,"","",湖北建始,[],"[""省级长官""]",抗日战争时期,汪伪政权,伪任职务：伪湖北省首任省长，组建伪湖北省政府，搜刮物资、推行奴化统治。结局：1942 年在湖北被日军毒杀，逃脱战后审判党史学习教...,[],"2026-08-26 17:52:47","2026-08-26 17:52:47",,,,,
"91c7a0b01aec4d3bb43c80b3e0c8548a",于景涛,,,,,exact,exact,"",[],"[""伪彰武县县长""]",抗日战争时期,"",伪职：伪彰武县县长；罪行：彰武伪主官，管控彰武全境，配合日伪讨伐辽西义勇军，强征物资。；结局：解放后逮捕判刑。,[],"2026-08-27 03:29:02.092873","2026-08-27 03:29:02.092873",,,,,
"91d4ff66d3f24082a95476bdf3b4136d",王秀峰,,,,,exact,exact,汤原‑嘉荫交界山林,[],"[""伪兴山警察署特务""]",抗日战争时期,"",伪职：伪兴山警察署特务；罪行：受陈绍宾指挥，伪装猎户进山搜集情报，参与诱捕赵尚志的特务行动，长期在小兴安岭搜寻抗联小部队。；结局：解放后镇压反革命被公审处决。,[],"2026-08-27 03:29:02.096867","2026-08-27 03:29:02.096867",,,,,
"91ebed373e774de8b489d379d3424450",王庆双,,,,,exact,exact,"",[],"[""伪满抚顺宪兵分团华人团长""]",抗日战争时期,"",伪职：伪满抚顺宪兵分团华人团长；罪行：指挥华人特务密探网络，大肆搜捕工人、地下抗日人员，刑讯迫害爱国志士，血债累累。；结局：1945 年抚顺欢乐园万人公审，当场枪决。,[],"2026-08-27 03:29:02.091392","2026-08-27 03:29:02.091392",,,,,
"923a06f144394cb7967188869236aab5",白文惠,,,,,exact,exact,山西,[],"[""第一任伪太原市市长，兼伪山西警察厅长（1937‑1942）抖音百科""]",抗日战争时期,"",伪职：第一任伪太原市市长，兼伪山西警察厅长（1937‑1942）抖音百科；罪行：日军入城牵头组建太原维持会，成立伪太原市公署；组建伪警察，管控城区，推行保甲，为日军征集物资，推荐大批旧官僚出任伪职抖音百科。；结局：1942 被免职；抗战胜利后被捕，判处徒刑,[],"2026-08-27 03:29:02.087276","2026-08-27 03:29:02.087276",,,,,
"924d224ad81d4f338063a7e1053a2d1a",李华堂,,,,,"","",河北（长期盘踞黑龙江）,[],"[""省级长官"", ""部长"", ""军长""]",抗日战争时期,伪军,伪任职务：抗联第九军军长叛变投敌，伪三江省伪军指挥官，围剿抗联部队。结局：1946 年剿匪战斗被俘，押解途中死亡,[],"2026-08-26 17:52:47","2026-08-26 17:52:47",,,,,
"9271d68e42734f3b98ceda602021bacd",窦光殿,,,,,"","",安徽濉溪,[],"[""军长"", ""师长""]",抗日战争时期,汪伪政权,伪任职务：汪伪暂编第十五师师长，皖北重要伪军，兵力五千余人，扫荡淮北抗日根据地。结局：抗战胜利后被捕，公审处决,[],"2026-08-26 17:52:47","2026-08-26 17:52:47",,,,,
"9298f1fefbda4267838faa853c9b9bc5",吴智和,,,,,exact,exact,大通和悦洲、沿江三县边界,[],"[""大通宪兵保安队副队长，铜南青联防头目""]",抗日战争时期,"",伪职：大通宪兵保安队副队长，铜南青联防头目；罪行：原游击队员叛变投敌；掌控大通码头物资出入，无手印不得通行，大肆敛财；出卖亲友，抓捕抗日人员，管制铜陵、南陵、青阳沿江治安，勒索商户渔户。；结局：抗战胜利后汉奸审判伏法。,[],"2026-08-27 03:29:02.104342","2026-08-27 03:29:02.104342",,,,,
"92a7194b314346cbbd0eeee32a14dbc6",张老墨,,,,,exact,exact,武邑,[],"[""伪武邑警备大队长；多次袭扰武邑、武强交界堡垒村庄。""]",抗日战争时期,"",伪职：伪武邑警备大队长；多次袭扰武邑、武强交界堡垒村庄。；结局：武邑解放被俘处决,[],"2026-08-27 03:29:02.084568","2026-08-27 03:29:02.084568",,,,,
"92c47362ed8343eebd4324b9d8d5de1e",蒋文成,,,,,exact,exact,抚顺望花,[],"[""伪望花街长""]",抗日战争时期,"",伪职：伪望花街长；罪行：强征劳工、摊派物资；日本投降后私藏武器，勾结国民党地下组织，等待国民党接收。；结局：1945 年群众公审处死。,[],"2026-08-27 03:29:02.091416","2026-08-27 03:29:02.091416",,,,,
"92f4736bef9d4e62a13b54e9cd15ae93",李永平,,,,,"","",山东诸城,[],"[""军长"", ""司令""]",抗日战争时期,汪伪政权,伪任职务：伪滨海警备军司令，盘踞泊里，制造泊里大屠杀惨案。结局：1944 年病死于青岛,[],"2026-08-26 17:52:47","2026-08-26 17:52:47",,,,,
"92fc19d11ee24d1ab9410a32099f615c",阿拉坦瓦切尔,,,,,exact,exact,扎鲁特旗,[],"[""伪扎鲁特旗旗长；依附日本参事官，推行部落制度，强征粮草牲畜。""]",抗日战争时期,"",伪职：伪扎鲁特旗旗长；依附日本参事官，推行部落制度，强征粮草牲畜。；结局：战后判刑管制,[],"2026-08-27 03:29:02.085881","2026-08-27 03:29:02.085881",,,,,
"93229c25a6974c78ad821b55c2f93a59",隋景云,,,,,exact,exact,"",[],"[""伪长岭县县长""]",抗日战争时期,"",伪职：伪长岭县县长；罪行：长岭地处辽北草原，强征粮食牲畜，配合讨伐义勇军。；结局：解放后惩处。,[],"2026-08-27 03:29:02.094889","2026-08-27 03:29:02.094889",,,,,
"93484b540c994807aa7742343d15c8e2",荣孟枚,,,,,exact,exact,吉林,[],"[""伪吉林省教育厅厅长""]",抗日战争时期,"",伪职：伪吉林省教育厅厅长；罪行：文人附逆，在吉林推行奴化教育，清洗爱国师生。；结局：抗战胜利后被逮捕判刑。,[],"2026-08-27 03:29:02.094375","2026-08-27 03:29:02.094375",,,,,
"93634d72fedc42579da46befbcb6e486",关义铎,,,,,exact,exact,"",[],"[""伪西安县第二任县长（1934‑1939）""]",抗日战争时期,"",伪职：伪西安县第二任县长（1934‑1939）；罪行：全面执行日伪殖民政策，强征粮食、国兵、劳工，配合讨伐周边抗联武装。；结局：光复后逮捕判刑。,[],"2026-08-27 03:29:02.095000","2026-08-27 03:29:02.095000",,,,,
"936748d63ea444f0b699921145f0e011",刘昆峰,,,,,exact,exact,成安,[],"[""伪成安县县长；成安惨案之后接管伪政权，协助日军维持占领秩序，搜刮物资。""]",抗日战争时期,"",伪职：伪成安县县长；成安惨案之后接管伪政权，协助日军维持占领秩序，搜刮物资。；结局：抗战胜利后逮捕判刑,[],"2026-08-27 03:29:02.080776","2026-08-27 03:29:02.080776",,,,,
"938a8f48196f4f528b1a0d165444bf2c",李济民,,,,,"","",不详,[],"[""市长"", ""维持会""]",抗日战争时期,汪伪政权,伪任职务：海口治安维持会秘书长，伪海口市府核心幕僚，负责对外联络士绅。结局：战后逮捕，判处重刑，狱中病逝,[],"2026-08-26 17:52:47","2026-08-26 17:52:47",,,,,
"93930185f9454050b169443dd04a0d08",李铭书,,,,,"","",吉林梨树,[],"[""省级长官"", ""厅长""]",抗日战争时期,汪伪政权,伪任职务：伪吉林省公署秘书长、伪民政厅厅长，熙洽核心副手，参与组建伪吉林政权。结局：日本投降被苏军逮捕，关押抚顺战犯管理所，狱中病亡,[],"2026-08-26 17:52:47","2026-08-26 17:52:47",,,,,
"939561b955514e2c9e1b57d151ffac76",徐日晓,,,,,exact,exact,黑河市区（瑷珲）,[],"[""振边酒厂老板，黑河维持会主席、伪保安队长""]",抗日战争时期,"",伪职：振边酒厂老板，黑河维持会主席、伪保安队长；罪行：伪满时期勾结日本特务机关；日本投降后出任黑河维持会主席，收拢伪警组建反动保安队，策划对抗民主政权，参与黑河反革命暴乱阴谋今日头条。；结局：暴乱失败后逃脱，下落不明。,[],"2026-08-27 03:29:02.098239","2026-08-27 03:29:02.098239",,,,,
"93a28dc48dc043d2ad54d523337f0744",赵佐周,,,,,exact,exact,绥中,[],"[""伪绥中县县长""]",抗日战争时期,"",伪职：伪绥中县县长；罪行：绥中地处辽西走廊咽喉；推行保甲制度，强征物资，配合日伪讨伐绥中西部山区抗日武装，管控山海关外交通要道。；结局：战后汉奸罪判刑。,[],"2026-08-27 03:29:02.093776","2026-08-27 03:29:02.093776",,,,,
"93a9629e5c694164b918a371f1dfabf6",陈南治,,,,,exact,exact,长乐乡间,[],"[""长乐四区汉奸""]",抗日战争时期,"",伪职：长乐四区汉奸；罪行：搜集游击队情报，检举接济抗日的乡民，勒索村庄钱财福州新闻网。；结局：抗日武装捕杀。,[],"2026-08-27 03:29:02.081084","2026-08-27 03:29:02.081084",,,,,
"943e37000ff04b399e84b8bbdd2ba445",张善之,,,,,exact,exact,贵池乌沙镇,[],"[""乌沙维持会会长""]",抗日战争时期,"",伪职：乌沙维持会会长；罪行：乌沙沿江投敌劣绅，迎接日军进驻，管控渡口，强征物资，抓捕往来地下交通人员。；结局：光复后公审枪决。,[],"2026-08-27 03:29:02.105881","2026-08-27 03:29:02.105881",,,,,
"9464704a3386486ca645076974cfa3aa",叶柏寿,,,,,exact,exact,"",[],"[""伪赤峰县县长；推行保甲、集家并村，配合讨伐队清剿赤峰周边抗日武装，强征劳工鸦片。""]",抗日战争时期,"",伪职：伪赤峰县县长；推行保甲、集家并村，配合讨伐队清剿赤峰周边抗日武装，强征劳工鸦片。；结局：战后汉奸罪判处长期徒刑,[],"2026-08-27 03:29:02.085430","2026-08-27 03:29:02.085430",,,,,
"947be65aa13148b596323791ab5a41fa",宋植旃,,,,,exact,exact,贵池全县,[],"[""汪伪贵池县正式伪县长""]",抗日战争时期,"",伪职：汪伪贵池县正式伪县长；罪行：1943 年出任汪伪贵池县长，建立完整伪县公署、伪警察、伪保安队，推行保甲良民证，配合日军扫荡贵西、观前游击区，掠夺沿江物资。；结局：日本投降后被捕，判处死刑。,[],"2026-08-27 03:29:02.105832","2026-08-27 03:29:02.105832",,,,,
"947e029bf0874fde984f509d4bb0c70c",陈公博,,,1892,1946,exact,exact,广东乳源,[],"[""\u4F2A\u7ACB\u6CD5\u9662\u957F"",""\u4F2A\u56FD\u5E9C\u4EE3\u4E3B\u5E2D"",""\u4E8C\u53F7\u6C49\u5978""]",抗日战争时期,汪伪政权,陈公博，原籍广东乳源，寄籍南海。1920年毕业于北京大学哲学系。1921年出席中共一大，1922年退党后赴美留学。1925年加入中国国民党，先后任广东大学教授、国民党中央党部书记长等职。1938年随汪精卫投敌，历任汪伪国民党中央执委、立法院院长、上海市市长、国民政府代主席。1946年4月以汉奸罪在苏州被判处死刑，同年6月3日被枪决。,[],"2026-08-23 12:23:34.964761","2026-08-23 12:23:34.964762",,,,,
"947fa01f79334e6bbc6da1756d031ac2",张哈飞,,,,,exact,exact,武清,[],"[""伪自卫团大队长，见安次部分。""]",抗日战争时期,"",伪职：伪自卫团大队长，见安次部分。；结局：镇反处决北方网,[],"2026-08-27 03:29:02.084065","2026-08-27 03:29:02.084065",,,,,
"948475374538413d907b817b81cdb48c",袁庆汉,,,,,exact,exact,兴隆干沟,"[""袁大白话""]","[""干沟维持会会长；逼迫百姓迁入人圈，告密山区群众，制造血案。""]",抗日战争时期,"",伪职：干沟维持会会长；逼迫百姓迁入人圈，告密山区群众，制造血案。；结局：1945 公审处决,[],"2026-08-27 03:29:02.083276","2026-08-27 03:29:02.083276",,,,,
"948c2c1a3d4241edbe854257b75f1d56",汪精卫,,,,,"","",广东三水,[],"[""院长""]",抗日战争时期,汪伪政权,伪任职务：汪伪国民政府主席、行政院院长，在南京建立汪伪政权，签署卖国条约，承认伪满洲国。。结局：1944 年病死于日本名古屋；战后坟墓被炸毁，挫骨扬灰,[],"2026-08-26 17:52:47","2026-08-26 17:52:47",,,,,
"949be6962ff94c038d207eacf4608b4e",王阿狗,,,,,exact,exact,龙岩新罗、适中一带,[],"[""日伪派遣潜入谍报员""]",抗日战争时期,"",伪职：日伪派遣潜入谍报员；罪行：受厦门日伪特工机关派遣，伪装货郎潜入闽西，刺探闽西驻军、后方物资转运情报，到处散布亡国谣言，收买地方闲散人员充当眼线。；结局：龙岩军警稽查处破获，军法处决。,[],"2026-08-27 03:29:02.079018","2026-08-27 03:29:02.079018",,,,,
"94b79053b9864387a5b9f23bbb18198e",林曜李,,,,,"","",不详,[],"[""军长""]",抗日战争时期,伪军,伪任职务：伪琼崖民众自卫军秘书长，詹松年主要副手，伪军文官头目。结局：战后捕获，判处死刑枪决,[],"2026-08-26 17:52:47","2026-08-26 17:52:47",,,,,
"94c13e67bd62421a8b6e04306fea1004",道尔吉,,,,,exact,exact,乌拉特中旗,[],"[""蒙旗下层官员，受伪蒙疆拉拢；向包头伪政权报送草原情报，鼓动部分牧民附日。""]",抗日战争时期,"",伪职：蒙旗下层官员，受伪蒙疆拉拢；向包头伪政权报送草原情报，鼓动部分牧民附日。；结局：战后管制处理,[],"2026-08-27 03:29:02.086636","2026-08-27 03:29:02.086636",,,,,
"94e638ffbef245cb8d9309605f96c25b",韩星垣,,,,,exact,exact,平山,[],"[""首任伪平山县县长，组建伪县公署、伪警察局、新民会；强征粮款民夫，配合日军扫荡平山根据地。""]",抗日战争时期,"",伪职：首任伪平山县县长，组建伪县公署、伪警察局、新民会；强征粮款民夫，配合日军扫荡平山根据地。；结局：日本投降后逮捕公审惩处,[],"2026-08-27 03:29:02.089518","2026-08-27 03:29:02.089518",,,,,
"9510daf8b201468282f39db57b653d9a",霍老贵,,,,,exact,exact,新河,[],"[""伪新河警备大队长；下乡抢掠，抓捕抗日干部。""]",抗日战争时期,"",伪职：伪新河警备大队长；下乡抢掠，抓捕抗日干部。；结局：新河解放被俘枪决,[],"2026-08-27 03:29:02.082299","2026-08-27 03:29:02.082299",,,,,
"9514cf7fbe974f0dbfa6c7333093f191",赵二虎,,,,,exact,exact,和林格尔,[],"[""伪和林格尔警备大队长；多次配合日军 “扫荡” 南山根据地。""]",抗日战争时期,"",伪职：伪和林格尔警备大队长；多次配合日军 “扫荡” 南山根据地。；结局：和林格尔解放被俘枪决,[],"2026-08-27 03:29:02.084926","2026-08-27 03:29:02.084926",,,,,
"951f822bfa9a47d1ae9008f778538f14",王逢春,,,,,exact,exact,黑山,[],"[""伪黑山县县长""]",抗日战争时期,"",伪职：伪黑山县县长；罪行：主持黑山伪政权，执行粮食出荷，疯狂掠夺辽西粮食，配合日伪清乡讨伐。；结局：解放后汉奸罪判刑。,[],"2026-08-27 03:29:02.092501","2026-08-27 03:29:02.092501",,,,,
"952e50701ef9493dad139adc4a8288e0",李锦堂,,,,,exact,exact,长治,[],"[""伪长治警备大队长""]",抗日战争时期,"",伪职：伪长治警备大队长；罪行：驻守长治城，率伪军配合日军出城扫荡，抓捕民兵干部。；结局：解放后公审枪决,[],"2026-08-27 03:29:02.087844","2026-08-27 03:29:02.087844",,,,,
"954a02ea07bb47b0a84a567ad11a191b",刘纯所,,,,,exact,exact,泗阳众兴,[],"[""伪众兴镇维持会会长""]",抗日战争时期,"",伪职：伪众兴镇维持会会长；罪行：沦陷早期傀儡头目，为日军征集物资、民夫，协助建立据点统治，拉拢乡绅归顺日伪中共宿迁市...。；结局：抗战胜利后逮捕判刑。,[],"2026-08-27 03:29:02.100617","2026-08-27 03:29:02.100617",,,,,
"958408c3c5db40f8ad200e4acd51a472",方宝书,,,,,exact,exact,龙游县城,[],"[""龙游维持会干事""]",抗日战争时期,"",伪职：龙游维持会干事；罪行：为日军搜集城内物资，奔走联络乡绅附逆，刺探乡间抗日武装动向。；结局：战后逮捕判刑。,[],"2026-08-27 03:29:02.102103","2026-08-27 03:29:02.102103",,,,,
"9587c2a7ee594d7289f5b22552837b3c",吴望伋,,,,,"","",江西,[],"[""委员长""]",抗日战争时期,汪伪政权,伪任职务：汪伪国民党中央委员，赣籍在南京汪伪中央任职，鼓吹投降理论。结局：抗战胜利逮捕，判处无期徒刑,[],"2026-08-26 17:52:47","2026-08-26 17:52:47",,,,,
"9596d7889e2e4414826d05b3e50d7213",王梦吉,,,,,exact,exact,荣河,[],"[""伪荣河县县长""]",抗日战争时期,"",伪职：伪荣河县县长；罪行：管控黄河滩区，摊派粮款，为日伪搜集物资。；结局：战后逮捕判刑,[],"2026-08-27 03:29:02.089354","2026-08-27 03:29:02.089354",,,,,
"959f2516df9c4281b50d7cd19affe4e6",王少甫,,,,,exact,exact,阜阳城关、颍上（潜入国统区）,[],"[""蚌埠汪伪特工派遣情报特务""]",抗日战争时期,"",伪职：蚌埠汪伪特工派遣情报特务；罪行：受蚌埠天锡里特工站派遣，伪装货商潜入阜阳，建立秘密情报点，搜集阜阳守军布防、皖北驻军情报，收买本地闲散人员充当内线，向沦陷区输送情报。；结局：被阜阳警备司令部破获，1944 年军法审判处决。,[],"2026-08-27 03:29:02.105095","2026-08-27 03:29:02.105095",,,,,
"95a0a0f948d04702972305f8a9b88644",侯堂生,,,,,exact,exact,来安县城,[],"[""伪来安县县长""]",抗日战争时期,"",伪职：伪来安县县长；罪行：建立来安完整伪政权，推行保甲制度，收编投敌地方武装，配合日伪扫荡半塔周边淮南路东根据地滁州市博物...。；结局：抗战胜利后公审处决。,[],"2026-08-27 03:29:02.104915","2026-08-27 03:29:02.104915",,,,,
"95f0a5a737874009874adefa07d9b523",张燕卿,,,,,exact,exact,河北南皮（张之洞之子）,[],"[""伪吉林省实业厅厅长""]",抗日战争时期,"",伪职：伪吉林省实业厅厅长；罪行：投靠熙洽，接管吉林工矿，配合日本掠夺矿产资源，参与伪满建国。；结局：日本投降后被捕，关押北平监狱，1951 年病死狱中。,[],"2026-08-27 03:29:02.094383","2026-08-27 03:29:02.094383",,,,,
"95f64cfa863841db931d021760aeca3b",江亢虎,,,,,"","",江西弋阳,[],"[""院长""]",抗日战争时期,汪伪政权,伪任职务：汪伪考试院院长，鼓吹投降理论，推行奴化教育中国社会科...。。结局：被捕关押，病死狱中,[],"2026-08-26 17:52:47","2026-08-26 17:52:47",,,,,
"9609e63f8b204e738d3c5fc3d81fe20a",魏桂山,,,,,"","",不详,[],[],抗日战争时期,汪伪政权,伪任职务：伪特工大队长，驻南通如皋，手段残忍，活埋被俘官兵，作恶累累南通史志网。。结局：抗战胜利公审处死,[],"2026-08-26 17:52:47","2026-08-26 17:52:47",,,,,
"960eb8dcdb8b40c1805be9b28004cd52",张锡蔚,,,,,exact,exact,梧桐河周边,"[""张青玉""]","[""伪兴山警察署密探特务""]",抗日战争时期,"",伪职：伪兴山警察署密探特务；罪行：跟随刘德山混入抗联，诱骗赵尚志攻打梧桐河警察分所，向外传递信号引来日伪包围部队党史学习教...。；结局：战后被民主政府逮捕处决。,[],"2026-08-27 03:29:02.096410","2026-08-27 03:29:02.096410",,,,,
"9610d88bf0c0431bb797fb6981a61b47",张雪涛,,,,,exact,exact,青龙,[],"[""伪讨伐队队长；抓捕杀害地下支部书记金成山等多名抗日干部，酷刑残害群众。""]",抗日战争时期,"",伪职：伪讨伐队队长；抓捕杀害地下支部书记金成山等多名抗日干部，酷刑残害群众。；结局：解放后抓获，判处长期徒刑,[],"2026-08-27 03:29:02.099715","2026-08-27 03:29:02.099715",,,,,
"965a96615e5642129ddb18a55121ba16",郭永福,,,,,exact,exact,晋城周村,[],"[""东沟据点伪警备队长、铁杆汉奸""]",抗日战争时期,"",伪职：东沟据点伪警备队长、铁杆汉奸；罪行：盘踞东沟据点，勾结红枪会，多次下乡扫荡，残害周边村庄百姓，作恶极多。；结局：解放后连同四子一并公审处决,[],"2026-08-27 03:29:02.088320","2026-08-27 03:29:02.088320",,,,,
"9662a78bbc7e4461acf68463e60979ea",张勤祥,,,,,exact,exact,阜新孙家湾矿,[],"[""煤矿大把头""]",抗日战争时期,"",伪职：煤矿大把头；罪行：为日伪管理劳工，挑选大批矿工强押送往日本本土做苦工，绝大多数人没能生还；打骂迫害反抗矿工，血债累累。；结局：1951 年矿区公审大会枪决。,[],"2026-08-27 03:29:02.092849","2026-08-27 03:29:02.092849",,,,,
"9667aad9d9194d879415caa0f88b6a57",孙其昌,,,,,exact,exact,吉林,[],"[""伪吉林省财政厅厅长、伪满民生部大臣""]",抗日战争时期,"",伪职：伪吉林省财政厅厅长、伪满民生部大臣；罪行：主管吉林财政，搜刮粮食财税；后入伪满中央，参与经济掠夺。；结局：1951 年北京逮捕，1954 年被处决。,[],"2026-08-27 03:29:02.094599","2026-08-27 03:29:02.094599",,,,,
"968981c8760b400ca2d7bd3c93bcce46",刀保图,,,,,"","",云南芒市（德宏土司）,[],"[""市长"", ""军长"", ""厅长""]",抗日战争时期,汪伪政权,伪任职务：芒市土司，依附日军，出任伪厅厅长，协助日军征粮征壮丁，管控边疆土司武装。结局：滇西光复后被审判，判处徒刑,[],"2026-08-26 17:52:47","2026-08-26 17:52:47",,,,,
"9696e27467bb44bda3364ac547b3c23f",金朝文,,,,,exact,exact,包头回族,"[""孙伯陶""]","[""第二任伪包头市长（1939‑1945）；强制推行鸦片种植，烟税供给日军；配合宪兵大搜捕，搜刮皮毛、粮食、煤炭输送伪蒙疆总部。""]",抗日战争时期,"",伪职：第二任伪包头市长（1939‑1945）；强制推行鸦片种植，烟税供给日军；配合宪兵大搜捕，搜刮皮毛、粮食、煤炭输送伪蒙疆总部。；结局：日降后潜逃，被国民政府通缉，抓获判处重刑,[],"2026-08-27 03:29:02.085116","2026-08-27 03:29:02.085116",,,,,
"96a162ff4e924d8190ef5ba362b34421",段炳昌,,,,,"","",山西,[],"[""师长""]",抗日战争时期,汪伪政权,伪任职务：伪山西保安第三师师长，活动晋中、汾阳一带。结局：被捕，镇反时期处决,[],"2026-08-26 17:52:47","2026-08-26 17:52:47",,,,,
"96c1b60400ac4dffa5c2df459af1e44f",汪时璟,,,,,"","",安徽旌德,[],"[""委员长""]",抗日战争时期,华北伪临时政府,伪任职务：伪华北政务委员会经济总署督办，伪中国联合准备银行总裁（北平）。结局：1945 年鸿门宴被捕，判处无期徒刑，1952 年狱中死亡,[],"2026-08-26 17:52:47","2026-08-26 17:52:47",,,,,
"96c2476c9fc648c58f17d4832e380681",陈璧君,冰如,,1891,1959,exact,exact,广东新会,"[""\u9648\u51B0\u5982""]","[""\u6C6A\u7CBE\u536B\u4E4B\u59BB"",""\u4F2A\u4E2D\u592E\u76D1\u5BDF\u59D4\u5458"",""\u5934\u53F7\u5973\u6C49\u5978""]",抗日战争时期,汪伪政权,陈璧君，字冰如，原籍广东新会，生于马来亚槟榔屿。南洋富商陈耕基之女。1908年在槟城听汪精卫演说后倾心，资助其革命事业。1912年与汪在上海结婚。抗战爆发后极力怂恿汪精卫投敌，是汪集团投敌的核心推手。汪伪政权成立后任伪中央监察委员会常委、政治委员会委员。1945年9月在广州被捕，1946年4月以汉奸罪被判处无期徒刑，1949年后由苏州监狱移送上海提篮桥监狱。1959年6月17日病死于狱中，年68岁。,[],"2026-08-23 12:23:35.079977","2026-08-23 12:23:35.079977",,,,,
"96e663024eb14937847d71dd343a59ba",任国梁,,,,,exact,exact,"",[],"[""伪冀南道首任道尹（顺德道前身），总领冀南三十余县伪政务。""]",抗日战争时期,"",伪职：伪冀南道首任道尹（顺德道前身），总领冀南三十余县伪政务。；结局：调走后战后逮捕判刑,[],"2026-08-27 03:29:02.082004","2026-08-27 03:29:02.082004",,,,,
"96fb9dc62ab7488aaff9717c5ce733bb",黄玉章,,,,,exact,exact,寿县古城（第一次沦陷）,[],"[""寿县临时维持会首要分子""]",抗日战争时期,"",伪职：寿县临时维持会首要分子；罪行：日军占领寿县时期出面投敌，为日军张罗粮草，祸害城内百姓寿县人民政...。；结局：日军撤走后当即被自卫军逮捕处决。,[],"2026-08-27 03:29:02.105533","2026-08-27 03:29:02.105533",,,,,
"975184a68896456092530fe7c2694ce6",姚立清,,,,,exact,exact,沭阳乡间,[],"[""伪沭阳伪乡长""]",抗日战争时期,"",伪职：伪沭阳伪乡长；罪行：为伪政权催粮抓丁，充当日伪耳目，迫害基层抗日群众中共宿迁市...。；结局：公审伏法。,[],"2026-08-27 03:29:02.100651","2026-08-27 03:29:02.100651",,,,,
"97611b78a4b14a2ca52dfe7a3e6af7c9",葛振海,,,,,exact,exact,丰宁,[],"[""伪丰宁讨伐大队长；多次扫荡丰宁、滦平交界山区。""]",抗日战争时期,"",伪职：伪丰宁讨伐大队长；多次扫荡丰宁、滦平交界山区。；结局：丰宁解放被俘枪决,[],"2026-08-27 03:29:02.083380","2026-08-27 03:29:02.083380",,,,,
"976757e9b7494ad79eb85074b345f724",郜先进,,,,,exact,exact,犁桥片区,[],"[""投敌国民党区分部书记""]",抗日战争时期,"",伪职：投敌国民党区分部书记；罪行：叛变附逆，为日伪拉拢旧势力，策动摇统战线人员，搜集我方情报。；结局：被锄奸团处决。,[],"2026-08-27 03:29:02.104439","2026-08-27 03:29:02.104439",,,,,
"976a7fca6dc643c1bca8b39c560bc49c",于化南,,,,,exact,exact,长岭新安镇,[],"[""伪长岭新安镇商务会长、维持会骨干""]",抗日战争时期,"",伪职：伪长岭新安镇商务会长、维持会骨干；罪行：依附日伪，为日军筹措物资；光复后出钱出枪资助反动地方武装对抗民主政府。；结局：解放后被惩处。,[],"2026-08-27 03:29:02.095433","2026-08-27 03:29:02.095433",,,,,
"97702bfba8af435d8820c58dee132076",赵云椿,,,,,exact,exact,抚宁,[],"[""第一任伪抚宁县县长，组建伪县公署、警备队、新民会；冀东大暴动期间调集伪军围剿七家寨抗日暴动队伍，制造重大伤亡，推行清乡、抓丁征粮。""]",抗日战争时期,"",伪职：第一任伪抚宁县县长，组建伪县公署、警备队、新民会；冀东大暴动期间调集伪军围剿七家寨抗日暴动队伍，制造重大伤亡，推行清乡、抓丁征粮。；结局：日本投降后潜逃，1946 年抓捕归案镇压,[],"2026-08-27 03:29:02.094178","2026-08-27 03:29:02.094178",,,,,
"9777827c1b764d35b3fd46ea501fba28",王凤岐,,,,,exact,exact,沁水,[],"[""伪沁水警备大队长""]",抗日战争时期,"",伪职：伪沁水警备大队长；罪行：驻守沁水县城、老马岭据点，多次配合日军扫荡太岳根据地边缘。；结局：解放后处决,[],"2026-08-27 03:29:02.088439","2026-08-27 03:29:02.088439",,,,,
"9782587432f94595812e11020222c5ae",齐知政,,,,,exact,exact,"",[],"[""伪吉林省警备司令""]",抗日战争时期,"",伪职：伪吉林省警备司令；罪行：指挥吉林伪警备武装，配合日军镇压吉林城乡抗日运动。；结局：苏军逮捕，抚顺战犯管理所，后期特赦。,[],"2026-08-27 03:29:02.094631","2026-08-27 03:29:02.094631",,,,,
"978bc01a37b74aae9e62cec417922dfd",赵琪,,,,,"","",山东掖县（莱州）,[],"[""市长"", ""维持会""]",抗日战争时期,汪伪政权,伪任职务：青岛维持会会长、伪青岛特别市市长。结局：建国后入狱，1957 年病死于狱中,[],"2026-08-26 17:52:47","2026-08-26 17:52:47",,,,,
"978f3ce3396041c2a5d072afcae13bf7",周广生,,,,,exact,exact,肇源一带,[],"[""伪满国兵，告密叛徒""]",抗日战争时期,"",伪职：伪满国兵，告密叛徒；罪行：告密抗联十二支队支队长徐泽民隐蔽地点，威逼知情群众供出线索，直接促成徐泽民被捕，三肇抗联领导核心遭到破坏。；结局：解放后被公审处决。,[],"2026-08-27 03:29:02.096703","2026-08-27 03:29:02.096703",,,,,
"9794cba079d946709af92a7784bb01a5",熙洽,,,,,exact,exact,沈阳（满族）,[],"[""伪吉林省首任长官、伪财政部大臣""]",抗日战争时期,"",伪职：伪吉林省首任长官、伪财政部大臣；罪行：九一八主动放弃吉林防务，开城投降日军；组建伪吉林省长官公署，宣布脱离国民政府；参与伪满建国；指挥伪军围剿吉林各地义勇军、抗联，推行集团部落，疯狂掠夺资源抖音百科。；结局：苏军逮捕，关押，1952 年哈尔滨战犯管理所病死。,[],"2026-08-27 03:29:02.094307","2026-08-27 03:29:02.094307",,,,,
"97e6b671d51e4a10ab0344a5e08787f6",吕汇川,,,,,exact,exact,"",[],"[""伪安次县首任县长；迎接日军，组建伪公署、新民会，修筑平津沿线炮楼，强征粮秣抓丁。""]",抗日战争时期,"",伪职：伪安次县首任县长；迎接日军，组建伪公署、新民会，修筑平津沿线炮楼，强征粮秣抓丁。；结局：战后汉奸罪判处长期徒刑,[],"2026-08-27 03:29:02.083841","2026-08-27 03:29:02.083841",,,,,
"980b6794878b4ac4a35f764d1cb0b3c7",程守正,,,,,exact,exact,"",[],"[""伪肥乡县县长；推行保甲，强征粮款，配合日军扫荡肥乡抗日根据地。""]",抗日战争时期,"",伪职：伪肥乡县县长；推行保甲，强征粮款，配合日军扫荡肥乡抗日根据地。；结局：战后汉奸罪判处徒刑,[],"2026-08-27 03:29:02.080760","2026-08-27 03:29:02.080760",,,,,
"982989d67a5b4f51a57cc2ae6f457e06",吴直夫,,,,,"","",海南,[],"[""委员长""]",抗日战争时期,华北伪临时政府,伪任职务：伪琼崖临时政府副主席，伪政务委员会副委员长，伪政权二号文官，主管财税民政。结局：战后捕获，公审死刑枪决,[],"2026-08-26 17:52:47","2026-08-26 17:52:47",,,,,
"9834314a49244e6789819b26ba899ba4",赖晋楷,,,,,"","",广西柳江进德,[],"[""军长"", ""清乡"", ""维持会""]",抗日战争时期,汪伪政权,伪任职务：进德乡伪维持会长，协助日军清乡，搜捕抗日人员。结局：判处死刑执行枪决,[],"2026-08-26 17:52:47","2026-08-26 17:52:47",,,,,
"985258c746bf47b7840de1db6474a114",周洪源,,,,,exact,exact,松阳县城,[],"[""松阳维持会会长""]",抗日战争时期,"",伪职：松阳维持会会长；罪行：1942 年浙赣战役松阳沦陷，出任临时维持会会长；迎接日军入城，摊派巨额粮饷，强征民夫修筑工事。；结局：日军撤离后捕获，汉奸审判枪决。,[],"2026-08-27 03:29:02.102646","2026-08-27 03:29:02.102646",,,,,
"985377555a0c4c7382b341ada6539613",王贤伟,,,,,exact,exact,大连（旅大派）,[],"[""伪满滨江省长、伪外交部次长""]",抗日战争时期,"",伪职：伪满滨江省长、伪外交部次长；罪行：关东州本土培养，伪满高官，执行日本各项殖民政策。；结局：被俘后关押改造。,[],"2026-08-27 03:29:02.090806","2026-08-27 03:29:02.090806",,,,,
"98d8be2a30904ed2b0fee0c90d318471",朱德明,,,,,exact,exact,贵池观前、茅坦,"[""朱德民""]","[""伪区特务头目""]",抗日战争时期,"",伪职：伪区特务头目；罪行：铁杆特务，因索贿未遂，随意抓捕杜祖汉等 42 名无辜百姓，押至贵池三阳墩集体屠杀，制造四十二人惨案。；结局：1950 年捉拿归案公审枪决。,[],"2026-08-27 03:29:02.105842","2026-08-27 03:29:02.105842",,,,,
"98df34e060694ea4b62b944262693ee8",林济川,,,,,"","",不详,[],[],抗日战争时期,汪伪政权,伪任职务：伪厦门禁烟局长，借鸦片敛财资敌。结局：汉奸罪判刑关押,[],"2026-08-26 17:52:47","2026-08-26 17:52:47",,,,,
"98fc7170dbc348b087c224c70b53ce55",王会斋、刘一峰,,,,,exact,exact,获鹿,[],"[""维持会核心委员，参与组建伪政权，协助日军摊派粮款。""]",抗日战争时期,"",伪职：维持会核心委员，参与组建伪政权，协助日军摊派粮款。；结局：抗战胜利逮捕管制,[],"2026-08-27 03:29:02.084322","2026-08-27 03:29:02.084322",,,,,
"9911aec5b5e74880993d8eb03c99c069",张升臣,,,,,exact,exact,"",[],"[""伪盘山县末代县长""]",抗日战争时期,"",伪职：伪盘山县末代县长；罪行：伪满末期维持伪政权。；结局：八一五后被民主政府逮捕。,[],"2026-08-27 03:29:02.093210","2026-08-27 03:29:02.093210",,,,,
"99120f722d17454cb6121728d92d77bc",余晋龢（余晋和）,,,,,"","",浙江绍兴,[],"[""委员长""]",抗日战争时期,华北伪临时政府,伪任职务：伪华北政务委员会建设总署督办，曾任伪北平警察局长。结局：被捕入狱，1964 年病死于狱中,[],"2026-08-26 17:52:47","2026-08-26 17:52:47",,,,,
"9928e7e55e774cb18b3c39f0b67686af",方少云,,,,,exact,exact,青阳县城、蓉城,[],"[""青阳维持会会长""]",抗日战争时期,"",伪职：青阳维持会会长；罪行：青阳沦陷牵头组建维持会，网罗地痞，征粮抓夫，协助日军对九华山周边扫荡，推行伪化。；结局：抗战胜利后军法审判处死。,[],"2026-08-27 03:29:02.105889","2026-08-27 03:29:02.105889",,,,,
"99362247e3a44715b0071a4591211afa",张锡堃,,,,,exact,exact,安达（任民镇）,[],"[""伪安达县首任县长""]",抗日战争时期,"",伪职：伪安达县首任县长；罪行：九一八事变投靠日本，建立安达伪政权，推行各项殖民政令，镇压本地义勇军抗日活动绥化新闻网。；结局：被抗日义勇军俘获，后下落不详。,[],"2026-08-27 03:29:02.098015","2026-08-27 03:29:02.098015",,,,,
"9961634ff4e8449fbde90602466cde13",魏永林,,,,,"","",湖南岳阳,[],[],抗日战争时期,汪伪政权,伪任职务：岳阳伪警察巡官，洪山惨案主要凶手，亲手残害多名百姓。结局：抗战胜利公审处决,[],"2026-08-26 17:52:47","2026-08-26 17:52:47",,,,,
"99664283429147e69def8cf5e02a2fc7",王寿国,,,,,exact,exact,"","[""王毅""]","[""伪冀宁道道尹（驻临汾）""]",抗日战争时期,"",伪职：伪冀宁道道尹（驻临汾）；罪行：主持冀宁道全套伪政权，统辖晋南 14 县；推行治安强化、保甲连坐，强征粮食、壮丁、劳工，指挥各县伪政权配合日军扫荡太岳根据地，推行奴化教育。；结局：抗战胜利逮捕，汉奸罪判刑,[],"2026-08-27 03:29:02.090071","2026-08-27 03:29:02.090071",,,,,
"996d1b4046f345f79b23f201159f7b17",周利生,,,,,exact,exact,六安城关,[],"[""维持会骨干""]",抗日战争时期,"",伪职：维持会骨干；罪行：发展眼线，搜捕潜藏的抗日人员。；结局：公审枪决。,[],"2026-08-27 03:29:02.105476","2026-08-27 03:29:02.105476",,,,,
"9973a7ec95094ed4a5d9eb4cbf7d1a9e",葛某,,,,,exact,exact,泾县章家渡（靠近南陵敌占区）,[],"[""泾县边境奸细""]",抗日战争时期,"",伪职：泾县边境奸细；罪行：往返南陵敌占区，传递情报，走私资敌，煽动部分乡丁投敌。；结局：地方自卫队抓获处置。,[],"2026-08-27 03:29:02.106125","2026-08-27 03:29:02.106125",,,,,
"997620f2b1ae4b16b03470406315c172",张长法,,,,,exact,exact,濉溪老城（今淮北濉溪）中国人民政...,[],"[""濉溪口伪区大队长""]",抗日战争时期,"",伪职：濉溪口伪区大队长；罪行：率三百伪军固守濉溪口据点，管控商贸与煤炭运输；搜捕地下抗日人员，下乡扫荡、敲诈百姓。日本投降后拒不向抗日武装投降，凭城墙工事顽抗。；结局：1945 年 9 月新四军十一旅攻克濉溪口，俘获后公审枪决中国人民政...。,[],"2026-08-27 03:29:02.104139","2026-08-27 03:29:02.104139",,,,,
"998b3465dd3c43818cdb0914569b520f",于显廷,,,,,exact,exact,"",[],"[""伪承德县县长、协和会本部会长；推行保甲连坐，摊派粮秣民夫，管控舆论。""]",抗日战争时期,"",伪职：伪承德县县长、协和会本部会长；推行保甲连坐，摊派粮秣民夫，管控舆论。；结局：无直接血债，判处管制三年,[],"2026-08-27 03:29:02.083227","2026-08-27 03:29:02.083227",,,,,
"99d08d2a506d478187afac7d7b050d00",聂士庆,,,,,exact,exact,长治,[],"[""伪长治县县长；原国民党长治县长""]",抗日战争时期,"",伪职：伪长治县县长；原国民党长治县长；罪行：1943 率整套国民党县政府集体投敌，人称上党 “四大天王” 之一；利用旧基层关系搜捕太行四分区干部，胁迫各村维持日伪，多次配合日军扫荡长治、壶关根据地。；结局：抗战胜利公审镇压,[],"2026-08-27 03:29:02.088057","2026-08-27 03:29:02.088057",,,,,
"9a19f33e8fbc4ccda6d87f6fda7fb3d4",陶慕陶,,,,,exact,exact,当涂,[],"[""伪当涂县教育科长""]",抗日战争时期,"",伪职：伪当涂县教育科长；罪行：推行奴化教育，中小学强设日语课程，查禁爱国书刊，办理伪学校登记。；结局：附逆案判刑。,[],"2026-08-27 03:29:02.104039","2026-08-27 03:29:02.104039",,,,,
"9a21ab7397fb4930b27028c7909d1c34",王绍先,,,,,exact,exact,永济,[],"[""伪永济警备大队长""]",抗日战争时期,"",伪职：伪永济警备大队长；罪行：驻守蒲州、韩阳据点，管控黄河风陵渡渡口。；结局：解放后镇压处决,[],"2026-08-27 03:29:02.089316","2026-08-27 03:29:02.089316",,,,,
"9a45d26917384c158066ce4a671ca81c",武海潭,,,,,exact,exact,霸县,[],"[""伪警备大队长，王德裕副手；驻策城据点，告密我方人员，制造多起惨案。""]",抗日战争时期,"",伪职：伪警备大队长，王德裕副手；驻策城据点，告密我方人员，制造多起惨案。；结局：策城被攻克被俘处决,[],"2026-08-27 03:29:02.083923","2026-08-27 03:29:02.083923",,,,,
"9a54f7590250407493d9d3ad7a217089",张同文,,,,,exact,exact,夏县,[],"[""伪夏县保安大队长""]",抗日战争时期,"",伪职：伪夏县保安大队长；罪行：盘踞夏县、安邑一带，多次配合日军扫荡中条山北麓，部下刘平（杀人魔王）大肆捕杀抗日军民。；结局：解放后公审枪决,[],"2026-08-27 03:29:02.089166","2026-08-27 03:29:02.089166",,,,,
"9a6029df3ba24540b8ed771e88c027a2",谷次亨,,,,,exact,exact,大连（旅大派）,[],"[""伪满总务厅次长、伪安东省长、伪文教部大臣""]",抗日战争时期,"",伪职：伪满总务厅次长、伪安东省长、伪文教部大臣；罪行：关东州殖民教育培养，留学日本；主持鸦片政策，镇压东北文教界爱国力量，推行奴化教育，是伪满高层汉奸。；结局：被俘关押抚顺战犯管理所，后期获特赦。,[],"2026-08-27 03:29:02.090925","2026-08-27 03:29:02.090925",,,,,
"9a67815ab28740e3aee3792163003ef9",刘健羽,,,,,exact,exact,运城安邑,"[""刘晋升""]","[""伪河东盐务局长""]",抗日战争时期,"",伪职：伪河东盐务局长；罪行：本地盐商世家出身，投降日军，掌控河东盐池，为日军掠夺食盐资源，盘剥盐工畦户，是晋南经济大汉奸。；结局：抗战胜利后逮捕审判,[],"2026-08-27 03:29:02.089148","2026-08-27 03:29:02.089148",,,,,
"9a70884d7fba4b0eafd2942be7e377d3",胡履义,,,,,exact,exact,淮阴城区,[],"[""清江浦四大魔王之一，伪商会骨干""]",抗日战争时期,"",伪职：清江浦四大魔王之一，伪商会骨干；罪行：商界汉奸，为日军强征物资，勒索商户，拉拢士绅归顺日伪，资助伪政权。；结局：抗战胜利后被捕判刑。,[],"2026-08-27 03:29:02.099475","2026-08-27 03:29:02.099475",,,,,
"9a7dc1211e0446f6b9a199bea239a656",刘麻子,,,,,exact,exact,广德誓节渡据点,[],"[""广德誓节渡伪乡队长""]",抗日战争时期,"",伪职：广德誓节渡伪乡队长；罪行：伪武装爪牙，抓捕接济新四军百姓，掠夺山区竹木物资，残害乡民。；结局：抗战胜利后公审处决。,[],"2026-08-27 03:29:02.106521","2026-08-27 03:29:02.106521",,,,,
"9aaefa698c2647e2af8a6c9987664426",李墨林,,,,,exact,exact,新城,[],"[""伪新城县县长；平汉铁路沿线重要伪政权，修筑大量炮楼封锁沟。""]",抗日战争时期,"",伪职：伪新城县县长；平汉铁路沿线重要伪政权，修筑大量炮楼封锁沟。；结局：战后判处长期徒刑,[],"2026-08-27 03:29:02.082675","2026-08-27 03:29:02.082675",,,,,
"9acb9a383de8475fabb0fc135337407d",徐老六,,,,,exact,exact,宁国河沥溪,[],"[""宁国潜入密探""]",抗日战争时期,"",伪职：宁国潜入密探；罪行：芜湖特工站派遣，伪装商贩潜入国统区，搜集第三战区驻军情报，发展内线。；结局：宁国军警破获，军法处死。,[],"2026-08-27 03:29:02.106117","2026-08-27 03:29:02.106117",,,,,
"9ad13df1cf9047efbeb8df9b4f6f6361",李寿山,,,,,exact,exact,"",[],"[""伪蠡县县长；依附伪军，推行保甲，摊派物资。""]",抗日战争时期,"",伪职：伪蠡县县长；依附伪军，推行保甲，摊派物资。；结局：战后逮捕判刑,[],"2026-08-27 03:29:02.082583","2026-08-27 03:29:02.082583",,,,,
"9ad62acd8d3e40c5a400605c943e217a",王惠荃,,,,,exact,exact,乐清黄华,[],"[""伪黄华乡乡长""]",抗日战争时期,"",伪职：伪黄华乡乡长；罪行：乐清沿海铁杆基层汉奸，建立乡村伪政权，强征民夫修建日军工事，摊派粮款，欺压当地百姓乐清市人民...。；结局：抗战胜利后公审惩处。,[],"2026-08-27 03:29:02.100957","2026-08-27 03:29:02.100957",,,,,
"9b0030e882dd45208308cd907be5f931",李度梅,,,,,"","",不详（潜伏成都）,[],"[""军长""]",抗日战争时期,汪伪政权,伪任职务：成都潜伏敌特组织头目，架设秘密电台，专门窃取新津、双流美军机场情报，向上海汪伪、日本情报机关密报，活动长达三四年人民网文化...。。结局：1944 年军统破获电台，被捕判处死刑枪决,[],"2026-08-26 17:52:47","2026-08-26 17:52:47",,,,,
"9b122c90a5fb453993eb390abae4a869",孙其昌,,,,,"","",吉林永吉,[],"[""省级长官"", ""厅长""]",抗日战争时期,汪伪政权,伪任职务：伪吉林省财政厅厅长、伪滨江省省长，负责伪满财税搜刮。结局：苏军俘虏，抚顺战犯管理所关押，病亡狱中,[],"2026-08-26 17:52:47","2026-08-26 17:52:47",,,,,
"9b488ddbfcda437288b37b33f43a66fe",熊旭初,,,,,"","",江西德安,[],"[""军长"", ""维持会"", ""县长""]",抗日战争时期,汪伪政权,伪任职务：伪德安县维持会会长、伪副县长，为日军搜集情报，迫害地下人员。结局：抗战胜利后判刑，服刑期间死亡,[],"2026-08-26 17:52:47","2026-08-26 17:52:47",,,,,
"9b526e3eb5424c0792ac1433c860f41a",马宗豫,,,,,"","",不详,[],"[""县长""]",抗日战争时期,汪伪政权,伪任职务：伪吴县县长，郭曾基遇刺后继任，强化城内伪行政体系。。结局：抗战胜利捕获，汉奸罪判处徒刑,[],"2026-08-26 17:52:47","2026-08-26 17:52:47",,,,,
"9b585d9b066e419a9b5088528edd9805",汪东海,,,,,exact,exact,泾县东岸,[],"[""叛徒""]",抗日战争时期,"",伪职：叛徒；罪行：原游击人员叛变投敌，冷枪射杀皖南县委副书记吕辉，之后潜逃敌占区藏身中共宣城市...。；结局：解放后缉拿归案镇压。,[],"2026-08-27 03:29:02.106283","2026-08-27 03:29:02.106283",,,,,
"9b5ebc3973194845aa9646e0acb299d4",赵君甫,,,,,exact,exact,郎溪梅渚、钟桥,[],"[""伪军大队长""]",抗日战争时期,"",伪职：伪军大队长；罪行：驻守梅渚伪军头目，率部四处抢粮、勒索乡民，勾结地方土顽，多次袭击郎广游击根据地乡公所，图谋暗杀乡长乐凤鸣。；结局：抗战胜利后被国民党收编；解放后镇反处决。,[],"2026-08-27 03:29:02.106227","2026-08-27 03:29:02.106227",,,,,
"9b6385ed1158483e840dd47314a7e75d",刘三小子,,,,,exact,exact,陶林,[],"[""伪陶林警备大队长；常驻陶林城、科布尔，进山围剿大青山支队。""]",抗日战争时期,"",伪职：伪陶林警备大队长；常驻陶林城、科布尔，进山围剿大青山支队。；结局：陶林解放被俘枪决,[],"2026-08-27 03:29:02.087086","2026-08-27 03:29:02.087086",,,,,
"9b6c3e9c9711434388c846f20811cb4f",文画君,,,,,"","",山西,[],"[""部长""]",抗日战争时期,汪伪政权,伪任职务：伪蒙疆司法部长，主管伪司法，迫害爱国人士。结局：1946 年张家口公审判处死刑执行枪决,[],"2026-08-26 17:52:47","2026-08-26 17:52:47",,,,,
"9baffca1ea6d4550b45d82bf2d54216a",杜老印,,,,,exact,exact,武强,[],"[""伪武强警备大队长；下乡扫荡，抓捕堡垒户。""]",抗日战争时期,"",伪职：伪武强警备大队长；下乡扫荡，抓捕堡垒户。；结局：武强解放被俘处决,[],"2026-08-27 03:29:02.084601","2026-08-27 03:29:02.084601",,,,,
"9bb679c60c3d42f98a2aefa548053574",彭泰荣,,,,,"","",四川（同善社总道首，势力渗透贵州）,[],"[""军长""]",抗日战争时期,汪伪政权,伪任职务：同善社总头目，接受汪伪暗中资助，布置黔湘川地下暴动，派遣骨干潜入黔东发展组织，计划响应日军西进，在贵州发展大量道徒。。结局：抗战胜利后被捕，判处徒刑,[],"2026-08-26 17:52:47","2026-08-26 17:52:47",,,,,
"9bf8fa28efde4ffd94c08d1e02463c78",杨绍先,,,,,exact,exact,榆社,[],"[""伪榆社县县长""]",抗日战争时期,"",伪职：伪榆社县县长；罪行：日军短期占领榆社，组建临时伪政权，摊派粮款。；结局：县城收复后逮捕判刑,[],"2026-08-27 03:29:02.089010","2026-08-27 03:29:02.089010",,,,,
"9bf93d9189ef428098aa646ed6255069",徐国璧,,,,,exact,exact,蚌埠天锡里,[],"[""汪伪特工总部蚌埠站站长（天锡里特工站）""]",抗日战争时期,"",伪职：汪伪特工总部蚌埠站站长（天锡里特工站）；罪行：皖北特务最高头目，蚌埠特工站统辖怀远、临淮关、明光、五河各组；广布情报网，抓捕地下党员、抗日干部，设立武装 “挺进第三队” 实施绑架暗杀。；结局：抗战胜利后捕获处决。,[],"2026-08-27 03:29:02.103515","2026-08-27 03:29:02.103515",,,,,
"9bfc56ef9f174005878c39cc08276155",任援道,,,,,exact,exact,苏南，宜兴原籍,[],"[""汪伪海军部长、伪江苏省省长（宜兴人）""]",抗日战争时期,"",伪职：汪伪海军部长、伪江苏省省长（宜兴人）；罪行：投敌出任绥靖军总司令，手握伪军重兵，协助日军清乡；私下暗通重庆军统留后路。；结局：抗战胜利后逃往香港，后移居加拿大，1980 年病死海外。,[],"2026-08-27 03:29:02.098731","2026-08-27 03:29:02.098731",,,,,
"9c00ef663ce64aacbc3917ee4f29c30b",张逸舟,,,,,exact,exact,东山、诏安外海，漳州全部海岸线,[],"[""伪福建和平救国军第二集团军总司令""]",抗日战争时期,"",伪职：伪福建和平救国军第二集团军总司令；罪行：海上伪军总头目，盘踞乌丘，频繁袭扰东山、古雷、浯屿周边海面，劫掠渔船商船，抓捕渔民，贩运鸦片日货，封锁闽南海上交通。；结局：抗战胜利被军统收编，后逃亡海外。,[],"2026-08-27 03:29:02.079390","2026-08-27 03:29:02.079390",,,,,
"9c15d231a1bc4e899ced732b95f8fe61",蔡培,,,,,"","",江苏无锡,[],"[""市长""]",抗日战争时期,汪伪政权,伪任职务：汪伪南京特别市第一任市长，改组南京伪市府，推行保甲、良民证制度抖音百科。。结局：汉奸罪判处徒刑,[],"2026-08-26 17:52:47","2026-08-26 17:52:47",,,,,
"9c1b2b0384034be48dbcced48db22c89",陈小三,,,,,exact,exact,宣城水东,[],"[""水东便衣特务""]",抗日战争时期,"",伪职：水东便衣特务；罪行：汪伪特工站派遣便衣，混迹茶市，侦查游击队交通线，告密抓捕地下交通员。；结局：武工队捕获正法。,[],"2026-08-27 03:29:02.106307","2026-08-27 03:29:02.106307",,,,,
"9c316f06a8c04ad9b97f62b3fa3e18c8",阚朝山,,,,,exact,exact,盘山,"[""阚六""]","[""九一八 “四民自治维持会” 会长，伪永乐区区长""]",抗日战争时期,"",伪职：九一八 “四民自治维持会” 会长，伪永乐区区长；罪行：九一八事变立刻组织维持会迎接日军，协助日军接管四平街；依仗其弟阚朝玺势力，经销鸦片，欺压城乡百姓。；结局：1945 年 8 月 27 日自杀。,[],"2026-08-27 03:29:02.094807","2026-08-27 03:29:02.094807",,,,,
"9c37a1ccbfa442f9a627f46f4ce54e2a",沈谱琴,,,,,exact,exact,吴兴湖州城,[],"[""湖州自治委员会（维持会）挂名会长""]",抗日战争时期,"",伪职：湖州自治委员会（维持会）挂名会长；罪行：地方士绅，日军胁迫出任维持会会长，出面帮日军维持市面，后避走上海。；结局：1939 年病逝上海，受历史负面评价。,[],"2026-08-27 03:29:02.101312","2026-08-27 03:29:02.101312",,,,,
"9c395d2252084ef0b3b213379008ba18",王连璧,,,,,exact,exact,昌黎,[],"[""伪昌黎县长，新民会头目，奴化教育、物资掠夺。""]",抗日战争时期,"",伪职：伪昌黎县长，新民会头目，奴化教育、物资掠夺。；结局：日本投降后逮捕判刑,[],"2026-08-27 03:29:02.091957","2026-08-27 03:29:02.091957",,,,,
"9c3e7980b9f145fbaba320826eef2b65",蔡羹舜,,,,,exact,exact,芜湖,[],"[""汪伪芜湖县长、清乡督察专员""]",抗日战争时期,"",伪职：汪伪芜湖县长、清乡督察专员；罪行：主持芜湖清乡，设立清乡机构，清查户口、物资封锁，围剿皖南抗日力量。；结局：战后汉奸审判重刑。,[],"2026-08-27 03:29:02.103190","2026-08-27 03:29:02.103190",,,,,
"9c4588231743429aae92ee7e8fb4c635",沈坤权,,,,,exact,exact,定海,[],"[""伪定海自治会公安科长""]",抗日战争时期,"",伪职：伪定海自治会公安科长；罪行：执掌伪公安，组建伪警察，搜捕地下抗日人员，推行保甲制度舟山日报。；结局：抗战胜利后汉奸清算判刑。,[],"2026-08-27 03:29:02.102281","2026-08-27 03:29:02.102281",,,,,
"9c543b3e92f74fd19f1cb0057794ed96",莫辅亭,,,,,exact,exact,唐山,[],"[""伪城子庄保卫团团长，管控唐山近郊，搜集游击武装情报，抓捕城郊潜伏人员。""]",抗日战争时期,"",伪职：伪城子庄保卫团团长，管控唐山近郊，搜集游击武装情报，抓捕城郊潜伏人员。；结局：解放后镇反公审处决,[],"2026-08-27 03:29:02.086795","2026-08-27 03:29:02.086795",,,,,
"9ca13a65b8854049827f93025719a57a",王连璧,,,,,exact,exact,昌黎,[],"[""伪昌黎县县长、新民会头目；推行奴化教育，掠夺粮食矿产，管控滦河沿线据点。""]",抗日战争时期,"",伪职：伪昌黎县县长、新民会头目；推行奴化教育，掠夺粮食矿产，管控滦河沿线据点。；结局：日本投降后逮捕判刑,[],"2026-08-27 03:29:02.094210","2026-08-27 03:29:02.094210",,,,,
"9cbaa653019c4de79626f9bdd1d9709f",边作楫,,,,,exact,exact,"",[],"[""伪永清县县长；推行保甲连坐，修筑封锁沟，配合日军反复扫荡永清、安次交界。""]",抗日战争时期,"",伪职：伪永清县县长；推行保甲连坐，修筑封锁沟，配合日军反复扫荡永清、安次交界。；结局：战后逮捕判处无期徒刑,[],"2026-08-27 03:29:02.083931","2026-08-27 03:29:02.083931",,,,,
"9ccc1f05c67642e4b1dc8d59b26f7e97",刘振东,,,,,exact,exact,"",[],"[""伪蒙古军第一团团长，驻防包头石拐煤矿；驻守大青山北麓，镇压煤矿工人与游击活动。""]",抗日战争时期,"",伪职：伪蒙古军第一团团长，驻防包头石拐煤矿；驻守大青山北麓，镇压煤矿工人与游击活动。；结局：石拐战斗被八路军俘虏，教育后释放btdjgov.cn,[],"2026-08-27 03:29:02.085159","2026-08-27 03:29:02.085159",,,,,
"9ceadd4971d741608d3dd4349ebf0161",郭保玺,,,,,exact,exact,临猗,[],"[""伪警备大队长""]",抗日战争时期,"",伪职：伪警备大队长；罪行：率伪军袭扰临猗乡村，抓捕抗日积极分子。；结局：解放后处决,[],"2026-08-27 03:29:02.089339","2026-08-27 03:29:02.089339",,,,,
"9d02188f402e40818cdda76bcc474c21",王四毛,,,,,exact,exact,怀仁,[],"[""伪怀仁讨伐队头目""]",抗日战争时期,"",伪职：伪怀仁讨伐队头目；罪行：带队袭扰怀仁南部山区，抓捕抗日干部。；结局：被武工队锄奸击毙,[],"2026-08-27 03:29:02.088650","2026-08-27 03:29:02.088650",,,,,
"9d062971928c4c1587d9bca3dd10d2cb",戚仲侠,,,,,exact,exact,宿迁县城,[],"[""伪宿迁宪兵情报队首任队长""]",抗日战争时期,"",伪职：伪宿迁宪兵情报队首任队长；罪行：日军占领初期最早一批汉奸，组建情报队，网罗地痞搜集根据地情报，告密地下抗日人员，制造多起抓捕惨案中共宿迁市...。；结局：抗战胜利后逮捕法办。,[],"2026-08-27 03:29:02.100365","2026-08-27 03:29:02.100365",,,,,
"9d1b554d5ab740be86e41447f9f5ac51",王曼卿,,,,,exact,exact,邯郸,[],"[""邯郸治安维持会会长、第一任伪邯郸县县长；邯郸最早投敌士绅，组建伪县公署，推行保甲连坐，为日军征粮征夫，协助建立各级伪组织邯郸日报社。""]",抗日战争时期,"",伪职：邯郸治安维持会会长、第一任伪邯郸县县长；邯郸最早投敌士绅，组建伪县公署，推行保甲连坐，为日军征粮征夫，协助建立各级伪组织邯郸日报社。；结局：抗战胜利后逮捕，判处无期徒刑，狱中病死,[],"2026-08-27 03:29:02.078340","2026-08-27 03:29:02.078340",,,,,
"9d2176bd4ecd407d8806a8c738c094d0",李辅群（李朗鸡）,,,,,"","",广东番禺,[],"[""市长"", ""军长"", ""师长""]",抗日战争时期,伪军,伪任职务：伪暂编 20 师副师长，号称 “市桥皇帝”，盘踞番禺，珠三角最大伪军，残害百姓。结局：战后几经周旋，最终判处死刑执行枪决,[],"2026-08-26 17:52:47","2026-08-26 17:52:47",,,,,
"9d2f8ce5607f44968f64874f9bfcc501",王其道,,,,,"","",高邮城南,[],"[""部长"", ""军长""]",抗日战争时期,汪伪政权,伪任职务：青帮头目，高邮宪兵队暗探长；手下大批密探，刺探新四军情报，抓捕残害抗日干部，敲诈商户，参与偷袭鲌鳝沟根据地。。结局：1944 年被游击连抓获，公审枪决,[],"2026-08-26 17:52:47","2026-08-26 17:52:47",,,,,
"9d3e9bc3324e4197a4c6bf57973a59fd",吴子玉,,,,,exact,exact,临榆,[],"[""伪临榆县警察局长；配合山海关宪兵队，抓捕进出关地下交通员，刑讯被捕群众。""]",抗日战争时期,"",伪职：伪临榆县警察局长；配合山海关宪兵队，抓捕进出关地下交通员，刑讯被捕群众。；结局：解放后镇反公审枪决,[],"2026-08-27 03:29:02.097745","2026-08-27 03:29:02.097745",,,,,
"9d4202b8a3bd43e5bf9b9055b0f5c81f",刘大巴子,,,,,exact,exact,围场,[],"[""伪围场讨伐队长；在坝上袭扰游击小组，残害群众。""]",抗日战争时期,"",伪职：伪围场讨伐队长；在坝上袭扰游击小组，残害群众。；结局：镇反时期处决,[],"2026-08-27 03:29:02.083395","2026-08-27 03:29:02.083395",,,,,
"9d5470893b8d496cba655486c9bb9b65",范俊文,,,,,exact,exact,河南开封人（安义籍）,[],"[""汪伪安义县特务队队长""]",抗日战争时期,"",伪职：汪伪安义县特务队队长；罪行：盘踞新建乐化、樵舍，带领日军靖安队扫荡新建、安义、靖安乡村，制造多起烧杀抢掠惨案，残害抗日军民；结局：战后被依法处决,[],"2026-08-27 03:29:02.077957","2026-08-27 03:29:02.077957",,,,,
"9d61c233328f47b3bedd548efffda411",马奎山,,,,,exact,exact,抚顺发电厂,[],"[""伪生计所骨干""]",抗日战争时期,"",伪职：伪生计所骨干；罪行：配合朱玉升盘剥工人，管制物资配给，告密迫害工人。；结局：反奸清算逮捕判刑。,[],"2026-08-27 03:29:02.091447","2026-08-27 03:29:02.091447",,,,,
"9da1bbc5484f4be38a9d86ce8ece2538",朱维民,,,,,exact,exact,合肥西乡龟山,[],"[""龟山据点伪维持代表、情报联络员""]",抗日战争时期,"",伪职：龟山据点伪维持代表、情报联络员；罪行：为日军据点充当汉奸耳目，多次告密抗日武装行踪，引导日军下乡烧杀劫掠，祸害西乡乡村百姓党史学习教...。；结局：被抗日武装锄奸处决。,[],"2026-08-27 03:29:02.103002","2026-08-27 03:29:02.103002",,,,,
"9db7c4c267a8400e93a0095eaa0685cc",周昆贤,,,,,exact,exact,望江杨湾,[],"[""望江县杨湾汉奸向导""]",抗日战争时期,"",伪职：望江县杨湾汉奸向导；罪行：带领日军汽艇扫荡杨湾，直接酿成杨湾惨案，52 名平民惨遭杀害，村庄焚毁，为日军打探乡间抗日武装踪迹望江新闻网。；结局：抗战胜利公审处决。,[],"2026-08-27 03:29:02.104557","2026-08-27 03:29:02.104557",,,,,
"9dbe6e5ec5b34b9f971bee568ef67213",朱育人,,,,,exact,exact,德清县城,[],"[""汪伪德清县伪县长""]",抗日战争时期,"",伪职：汪伪德清县伪县长；罪行：执掌德清伪政权，征粮抓丁，出动伪保安队袭扰莫干山抗日游击区湖州市档案...。；结局：1941 年被浙西行署突击队员击毙于县政府门口。,[],"2026-08-27 03:29:02.101385","2026-08-27 03:29:02.101385",,,,,
"9dd171f26c3d44e8b4cc8d97c779182e",孙世荣,,,,,exact,exact,东北,[],"[""第五任伪石门市市长。""]",抗日战争时期,"",伪职：第五任伪石门市市长。；结局：捕获后判处徒刑,[],"2026-08-27 03:29:02.078196","2026-08-27 03:29:02.078196",,,,,
"9e55c79db0f845cd8473d8eeb80e217b",张焕相,,,,,exact,exact,抚顺,[],"[""伪满司法部大臣、参议府参议""]",抗日战争时期,"",伪职：伪满司法部大臣、参议府参议；罪行：抚顺籍，原奉系将领，投敌出任伪满高官，协助镇压东北反日力量。；结局：1945 被捕，关押抚顺战犯管理所，后病死。,[],"2026-08-27 03:29:02.091479","2026-08-27 03:29:02.091479",,,,,
"9e6c3cb80b274baf80cc9aa1768135a2",冯瘸子,,,,,exact,exact,姜堰城区及周边,[],"[""姜堰伪特务小头目""]",抗日战争时期,"",伪职：姜堰伪特务小头目；罪行：兵痞出身，网罗地痞充当爪牙；搜集新四军情报，抓捕游击队员，施用 “点天灯” 酷刑残害革命人员。；结局：被姜南武工队雨夜潜入锄奸处决。,[],"2026-08-27 03:29:02.100272","2026-08-27 03:29:02.100272",,,,,
"9e6fde1b84b443e2a3835e13734f5924",赵德山,,,,,exact,exact,林口、穆棱交界山林,[],"[""伪特务，原抗联人员""]",抗日战争时期,"",伪职：伪特务，原抗联人员；罪行：叛变后充当伪讨伐队向导，熟悉吉东山林，出卖多处抗联密营位置，多次参与进山扫荡。；结局：解放后被逮捕惩处。,[],"2026-08-27 03:29:02.097206","2026-08-27 03:29:02.097206",,,,,
"9e7b5f46103848b0a3083eba5feafeec",李贤斋,,,,,"","",山东,[],"[""军长"", ""司令""]",抗日战争时期,汪伪政权,伪任职务：接替李永平任伪滨海警备军司令，继续制造屠杀。结局：1945 年泊里解放被俘，公审处决,[],"2026-08-26 17:52:47","2026-08-26 17:52:47",,,,,
"9e93c55cdb0c4f3db6a4da907f5a3af7",席子珍,,,,,exact,exact,垣曲,[],"[""伪垣曲警备大队长""]",抗日战争时期,"",伪职：伪垣曲警备大队长；罪行：驻守垣曲、皋落据点，残害根据地群众。；结局：解放后公审枪决,[],"2026-08-27 03:29:02.089369","2026-08-27 03:29:02.089369",,,,,
"9ea706ff7da44e01a4ce9ae4fd210b56",甘珠尔扎布,,,,,"","",内蒙古科尔沁,[],"[""军长"", ""司令""]",抗日战争时期,汪伪政权,伪任职务：伪满第九军管区中将司令，东蒙伪满高级将领，镇压抗日武装。结局：抚顺战犯管理所关押，1966 年特赦释放,[],"2026-08-26 17:52:47","2026-08-26 17:52:47",,,,,
"9ea8d0708e3b4cbcacebdd8e6585d482",吉兴,,,,,exact,exact,吉林（满族）,[],"[""伪第二军管区司令官（吉林），伪满上将""]",抗日战争时期,"",伪职：伪第二军管区司令官（吉林），伪满上将；罪行：原东北军，投敌；统领吉林全省伪军，在磐石、桦甸、蛟河、舒兰大规模讨伐抗联，制造集团部落，双手沾满抗联鲜血；后升任伪满尚书府大臣抖音百科。；结局：苏军逮捕，抚顺战犯管理所，1961 年特赦。,[],"2026-08-27 03:29:02.094576","2026-08-27 03:29:02.094576",,,,,
"9eb175e659f34954a4fb5f5f6d6208e9",史存义,,,,,exact,exact,交城,[],"[""伪交城警备大队长""]",抗日战争时期,"",伪职：伪交城警备大队长；罪行：盘踞交城、古交一带，进山扫荡交山抗日根据地。；结局：解放后镇压处决,[],"2026-08-27 03:29:02.090461","2026-08-27 03:29:02.090461",,,,,
"9ec0051ee2f2407e96833055ad248d05",王云章,,,,,exact,exact,"",[],"[""伪沧县县长；依附刘佩忱伪军，摊派粮秣，管控津浦铁路沧州段。""]",抗日战争时期,"",伪职：伪沧县县长；依附刘佩忱伪军，摊派粮秣，管控津浦铁路沧州段。；结局：战后汉奸罪判处长期徒刑,[],"2026-08-27 03:29:02.083517","2026-08-27 03:29:02.083517",,,,,
"9ec2d1334f2f4c2281be62167762f58a",吴维金,,,,,"","",外来潜入,[],"[""部长"", ""特务""]",抗日战争时期,汪伪政权,伪任职务：日伪派遣潜伏特务，混入我模范营当司务长，密谋策反部队武装暴动投敌。。结局：1941 年破获，公审判处死刑,[],"2026-08-26 17:52:47","2026-08-26 17:52:47",,,,,
"9ed829aff39b41f598b35dcdfe3fe229",李辅唐,,,,,exact,exact,五台,[],"[""伪五台县县长""]",抗日战争时期,"",伪职：伪五台县县长；罪行：建立伪公署，修筑炮楼，管控台怀、豆村据点，配合日军扫荡五台山区。；结局：战后汉奸罪判刑,[],"2026-08-27 03:29:02.089800","2026-08-27 03:29:02.089800",,,,,
"9ee83eb25cc84d0db502f4e936c77f05",赵二混,,,,,exact,exact,忻县,[],"[""宪兵队便衣特务头目""]",抗日战争时期,"",伪职：宪兵队便衣特务头目；罪行：发展密探，破获地下交通站，抓捕抗日干部。；结局：武工队锄奸处决,[],"2026-08-27 03:29:02.089765","2026-08-27 03:29:02.089765",,,,,
"9ef154ddcdc240d2b5898b700304bfd7",色楞,,,,,exact,exact,乌拉特前旗,[],"[""伪旗属官员，私通包头日伪；为日军提供乌拉山一带情报，策动部分牧民投敌。""]",抗日战争时期,"",伪职：伪旗属官员，私通包头日伪；为日军提供乌拉山一带情报，策动部分牧民投敌。；结局：战后管制判刑,[],"2026-08-27 03:29:02.086607","2026-08-27 03:29:02.086607",,,,,
"9f129428f0444f51b9c5e56cdaa5c153",樊库,,,,,exact,exact,集宁,[],"[""伪集宁县首任县长；日军占领集宁后组建维持会，推行保甲十家连坐，强征粮食劳工，管控平绥铁路，配合日伪扫荡蛮汉山周边。""]",抗日战争时期,"",伪职：伪集宁县首任县长；日军占领集宁后组建维持会，推行保甲十家连坐，强征粮食劳工，管控平绥铁路，配合日伪扫荡蛮汉山周边。；结局：战后汉奸罪判处重刑,[],"2026-08-27 03:29:02.086970","2026-08-27 03:29:02.086970",,,,,
"9f2db80cf43e434cbef44b8ce3ba3e6d",曹湘,,,,,exact,exact,无锡荡口（锡东）,[],"[""伪乡长兼清乡大队长""]",抗日战争时期,"",伪职：伪乡长兼清乡大队长；罪行：向日军告密新四军驻地情报，直接引发门楼下惨案，致使日军奔袭扫荡，残害百姓无锡市档案...。；结局：抗战胜利后公审处决。,[],"2026-08-27 03:29:02.098715","2026-08-27 03:29:02.098715",,,,,
"9f6252903d0945a6b8b7d7bb40cd61d1",朱绣封,,,,,exact,exact,芜湖全县,"[""朱祖圻""]","[""伪芜湖自治会会长、汪伪芜湖首任县长""]",抗日战争时期,"",伪职：伪芜湖自治会会长、汪伪芜湖首任县长；罪行：北洋旧官僚，接替任凤昌；搭建完整伪县公署，推行保甲良民证，为日军征集粮秣；史料记载私下曾少量掩护我方人员，但总体附逆资敌中国人民政...。；结局：抗战胜利后逮捕判刑。,[],"2026-08-27 03:29:02.103166","2026-08-27 03:29:02.103166",,,,,
"9f713b156aa34f4b93ce1092582b65b2",阎传绂,,,,,"","",辽宁金县,[],"[""省级长官"", ""部长""]",抗日战争时期,汪伪政权,伪任职务：伪滨江省省长，后期伪满司法部大臣，驻哈尔滨。结局：苏军俘虏，抚顺关押，1964 年特赦释放,[],"2026-08-26 17:52:47","2026-08-26 17:52:47",,,,,
"9f791a869a024e059453f4afa376d745",周善之,,,,,exact,exact,"",[],"[""伪赤城县县长；执行集家并村，逼迫百姓迁入人圈，制造无人区惨案。""]",抗日战争时期,"",伪职：伪赤城县县长；执行集家并村，逼迫百姓迁入人圈，制造无人区惨案。；结局：日本投降后潜逃，1946 抓捕归案判刑,[],"2026-08-27 03:29:02.083059","2026-08-27 03:29:02.083059",,,,,
"9f931d5ee4754167a43f4228ac744603",卢元善,,,,,exact,exact,大连（旅大派）,[],"[""伪满司法大臣、伪奉天省民生厅长""]",抗日战争时期,"",伪职：伪满司法大臣、伪奉天省民生厅长；罪行：大连出身，受日本殖民教育；在伪满执行日本法令，镇压反日人士。；结局：抚顺战犯管理所关押，后特赦。,[],"2026-08-27 03:29:02.090790","2026-08-27 03:29:02.090790",,,,,
"9f93d3f22a62489f8529837f34b45daf",赵绍之,,,,,exact,exact,"",[],"[""伪洪洞县县长""]",抗日战争时期,"",伪职：伪洪洞县县长；罪行：建立洪洞伪公署，管控同蒲铁路，抓夫修炮楼，下乡征粮，配合治安强化。；结局：战后逮捕判刑,[],"2026-08-27 03:29:02.090111","2026-08-27 03:29:02.090111",,,,,
"9fb643c946104357889a65f1cafca8e5",赵老德,,,,,exact,exact,安国,[],"[""伪安国警备大队长；伪军主力，反复扫荡安国乡村根据地。""]",抗日战争时期,"",伪职：伪安国警备大队长；伪军主力，反复扫荡安国乡村根据地。；结局：安国解放被俘处死,[],"2026-08-27 03:29:02.082552","2026-08-27 03:29:02.082552",,,,,
"9fe1438041104a10a3a8686538a966e0",洪天赐,,,,,exact,exact,晋江泉州城区,[],"[""日伪 “敬佛会” 泉州分会骨干""]",抗日战争时期,"",伪职：日伪 “敬佛会” 泉州分会骨干；罪行：日本间谍组织 “敬佛会” 泉州分会骨干，以宗教为掩护，联络地痞、沿海走私商人，搜集泉州国军布防情报，发展内线。；结局：被泉州军警破获，军法处决。,[],"2026-08-27 03:29:02.079671","2026-08-27 03:29:02.079671",,,,,
"9ff747f9f81f47ba86b28bed25716444",孙景阳,,,,,exact,exact,海城,[],"[""伪海城县警务科长""]",抗日战争时期,"",伪职：伪海城县警务科长；罪行：指挥伪警察、特务搜捕地下抗日人员，迫害抗属。；结局：解放后镇反处决。,[],"2026-08-27 03:29:02.091273","2026-08-27 03:29:02.091273",,,,,
a00a0f0cff5e4a70bcd9fe81361fefb1,卢万寿,,,,,exact,exact,邯郸,[],"[""伪邯郸警察所长；配合特务李积玉抓捕抗日人员，参与插箭岭屠杀干部事件。""]",抗日战争时期,"",伪职：伪邯郸警察所长；配合特务李积玉抓捕抗日人员，参与插箭岭屠杀干部事件。；结局：镇反时期公审处决,[],"2026-08-27 03:29:02.080702","2026-08-27 03:29:02.080702",,,,,
a0104b55d40c41c7b19ae2ba0c2e7156,白蛤蟆,,,,,exact,exact,肇源,[],"[""伪萨音骑马队伪军、特务""]",抗日战争时期,"",伪职：伪萨音骑马队伪军、特务；罪行：张保安的舅父，接收告密情报，带领日伪特搜班破坏地下据点，抓捕爱国志士。；结局：解放后被民主政府清算镇压。,[],"2026-08-27 03:29:02.096684","2026-08-27 03:29:02.096684",,,,,
a02ef06cffd04daa9f7c75b9e9093c0c,吴阿狗,,,,,exact,exact,南平延平城区、闽江码头,[],"[""潜伏密探""]",抗日战争时期,"",伪职：潜伏密探；罪行：伪装船工，在闽江上下游活动，刺探南平军政机关、物资转运情报，向福州敌占区传递消息。；结局：军统闽南站破获，就地正法。,[],"2026-08-27 03:29:02.079153","2026-08-27 03:29:02.079153",,,,,
a03d44d26f6c416cb20e4280d2e42142,刘老贵,,,,,exact,exact,海阳镇,[],"[""伪海阳镇伪大乡长；给据点输送情报，强征粮款民夫，告密多名堡垒户。""]",抗日战争时期,"",伪职：伪海阳镇伪大乡长；给据点输送情报，强征粮款民夫，告密多名堡垒户。；结局：抗战胜利群众控诉，镇压处决,[],"2026-08-27 03:29:02.081388","2026-08-27 03:29:02.081388",,,,,
a054a3570da34648bceee879b20aac87,王遂,,,,,"","",浙江吴兴（湖州）,[],"[""清乡"", ""县长""]",抗日战争时期,汪伪政权,伪任职务：伪吴兴县县长，浙西铁杆汉奸，多次带路 “清乡”。结局：1946 年湖州公审死刑,[],"2026-08-26 17:52:47","2026-08-26 17:52:47",,,,,
a07a6994765a4354b774b0cf42dc0ff9,张炳辉,,,,,exact,exact,定远县城,[],"[""伪定远县县长""]",抗日战争时期,"",伪职：伪定远县县长；罪行：主持县城伪行政，强征粮饷，策反路西游击人员，配合日伪蚕食路西根据地。；结局：抗战胜利后捕获法办。,[],"2026-08-27 03:29:02.104978","2026-08-27 03:29:02.104978",,,,,
a087b4b85b0445e99b8847037f6b957c,包悦卿,,,,,"","",内蒙古科尔沁,[],"[""军长"", ""师长""]",抗日战争时期,汪伪政权,伪任职务：伪蒙古军第八师师长，早期伪蒙骨干。结局：1939 年病亡，逃脱审判,[],"2026-08-26 17:52:47","2026-08-26 17:52:47",,,,,
a08fb3921bbf423c962d5c7cbc033862,黄宝奎,,,,,exact,exact,鄞西,[],"[""鄞县日伪密探""]",抗日战争时期,"",伪职：鄞县日伪密探；罪行：向日军告密三五支队人员线索，致使抗日人员被捕遇害，四处刺探乡间抗日动态。；结局：被浙东游击根据地锄奸队处决。,[],"2026-08-27 03:29:02.100816","2026-08-27 03:29:02.100816",,,,,
a0a1ec636daf4d05983748be8c932606,胡绍先,,,,,exact,exact,"",[],"[""伪内丘县县长；推行治安强化运动，强修封锁沟炮楼，抓捕山区堡垒户。""]",抗日战争时期,"",伪职：伪内丘县县长；推行治安强化运动，强修封锁沟炮楼，抓捕山区堡垒户。；结局：战后逮捕判刑,[],"2026-08-27 03:29:02.082086","2026-08-27 03:29:02.082086",,,,,
a0b05972eea3458eb27cfa2126e2150e,苏云英,,,,,"","",台湾高雄,[],"[""部长"", ""军长""]",抗日战争时期,汪伪政权,伪任职务：勾结日军，诱杀抗日义军领袖林少猫及其部众五百余人；把持地方税收，协助殖民当局管控高雄，压榨地方百姓。。结局：1919 年病死，未经历战后审判,[],"2026-08-26 17:52:47","2026-08-26 17:52:47",,,,,
a10deff37d954eee83a6576c320e9129,张德辉,,,,,"","",云南腾冲,[],"[""院长"", ""军长"", ""维持会""]",抗日战争时期,汪伪政权,伪任职务：腾冲维持会副会长，留日，开办东方医院，依附日军，参与伪维持会事务。结局：腾冲光复被捕，判处徒刑,[],"2026-08-26 17:52:47","2026-08-26 17:52:47",,,,,
a1332ff2b59945e59ab948e32db8f7b9,夏宜,,,,,exact,exact,"",[],"[""伪抚顺县早期县长""]",抗日战争时期,"",伪职：伪抚顺县早期县长；罪行：九一八后投敌，组建抚顺县伪公署；平顶山惨案发生时，向伪奉天省报告情况，配合日军统治。；结局：抗战胜利逮捕，汉奸罪判刑。,[],"2026-08-27 03:29:02.091376","2026-08-27 03:29:02.091376",,,,,
a14427ccc1da4028a357aebb40298094,李仲学,,,,,exact,exact,下塘集（今长丰，旧属合肥）,[],"[""伪下塘乡特务""]",抗日战争时期,"",伪职：伪下塘乡特务；罪行：受伪乡长指派潜伏，搜集根据地情报，传递日伪，多次参与抓捕抗日干部中安在线。；结局：定合县锄奸小组捕获镇压。,[],"2026-08-27 03:29:02.103035","2026-08-27 03:29:02.103035",,,,,
a144e0e1dbf041feabfb621e289136e8,赵正平,,,,,"","",江苏宝山（今上海宝山，战时属江苏）,[],"[""部长""]",抗日战争时期,汪伪政权,伪任职务：汪伪教育部部长，推行沦陷区奴化教育。结局：抗战后被捕，狱中自杀,[],"2026-08-26 17:52:47","2026-08-26 17:52:47",,,,,
a17213b097fb433988f01a5c097c857f,张爱仁,,,,,exact,exact,"",[],"[""伪军团长，驻防秦皇岛、北戴河、海阳镇；大肆破坏滦东地下情报网，杀害多名地下情报人员，残害堡垒户。""]",抗日战争时期,"",伪职：伪军团长，驻防秦皇岛、北戴河、海阳镇；大肆破坏滦东地下情报网，杀害多名地下情报人员，残害堡垒户。；结局：被日军以私通八路罪名逮捕，判处十年徒刑押解回国,[],"2026-08-27 03:29:02.095981","2026-08-27 03:29:02.095981",,,,,
a17e6a8a714449319d6d0a09bb9b35a6,洪福僧格,,,,,exact,exact,扎鲁特旗,[],"[""伪扎鲁特旗警务科长；假意参加起义，出卖加林台等人，直接制造起义警察惨案，双手沾满鲜血。""]",抗日战争时期,"",伪职：伪扎鲁特旗警务科长；假意参加起义，出卖加林台等人，直接制造起义警察惨案，双手沾满鲜血。；结局：1945 年光复后公审枪决,[],"2026-08-27 03:29:02.085889","2026-08-27 03:29:02.085889",,,,,
a196245316c84f9799bbe63942447193,李端,,,,,exact,exact,复县（瓦房店）,[],"[""伪复县首任县长""]",抗日战争时期,"",伪职：伪复县首任县长；罪行：组建复县伪公署，推行保甲连坐，强征劳工粮食，镇压辽南义勇军。；结局：战后汉奸罪判刑。,[],"2026-08-27 03:29:02.092690","2026-08-27 03:29:02.092690",,,,,
a1aaf0ff7def4a188f0cab221fb31ebf,叶善之,,,,,exact,exact,沭阳县城,[],"[""伪沭阳县维持会会长、首任伪沭阳县县长""]",抗日战争时期,"",伪职：伪沭阳县维持会会长、首任伪沭阳县县长；罪行：沭阳沦陷主动迎日军入城，组建伪维持会，执掌伪县公署全套机构，推行奴化统治，征粮抓丁，搜捕抗日军民。；结局：抗战胜利后公审枪决。,[],"2026-08-27 03:29:02.100390","2026-08-27 03:29:02.100390",,,,,
a1ed0bf0a0714a848467105890035c9d,孙良诚,,,,,"","",河北静海（今属天津）,[],"[""军长"", ""司令"", ""总司令""]",抗日战争时期,汪伪政权,伪任职务：原西北军，投敌后任伪第二方面军总司令，在冀鲁一带活动。结局：解放后被捕，病死狱中,[],"2026-08-26 17:52:47","2026-08-26 17:52:47",,,,,
a1f816e67173412388027e32483d4505,朱瑞,,,,,exact,exact,洮南,[],"[""伪国高教员，光复后 “光复军” 头目""]",抗日战争时期,"",伪职：伪国高教员，光复后 “光复军” 头目；罪行：伪满时期从事奴化教育；日本投降后网罗土匪、伪军警组建国民党东北先遣军第十一师，多次攻打洮南县城，屠杀革命干部群众吉林省地方...。；结局：武装叛乱失败被捕获处决。,[],"2026-08-27 03:29:02.095532","2026-08-27 03:29:02.095532",,,,,
a202850a37074920812c98bfdad892f1,杜淑,,,,,"","",河南,[],"[""军长""]",抗日战争时期,伪军,伪任职务：伪第六军军长，豫北伪军主力，参与卫南战役。结局：卫南战役被八路军重创，后被国民政府逮捕审判,[],"2026-08-26 17:52:47","2026-08-26 17:52:47",,,,,
a203c2f8ef4a4bae8a03c9de69d387ee,李端凝,,,,,exact,exact,辽中,[],"[""伪盘山县第二任县长（1933‑）""]",抗日战争时期,"",伪职：伪盘山县第二任县长（1933‑）；罪行：推行保甲连坐，强征劳工粮食，围剿辽西义勇军；为被打死的日伪军修建 “忠魂碑”，美化日伪统治。；结局：抗战胜利逮捕，汉奸罪判刑。,[],"2026-08-27 03:29:02.093171","2026-08-27 03:29:02.093171",,,,,
a231557f92c94527b218ce40fc6a7fac,张凤海,,,,,exact,exact,南皮,[],"[""伪南皮警备大队长；铁杆伪军，多次下乡清乡。""]",抗日战争时期,"",伪职：伪南皮警备大队长；铁杆伪军，多次下乡清乡。；结局：南皮解放被俘处死,[],"2026-08-27 03:29:02.083635","2026-08-27 03:29:02.083635",,,,,
a259b0a2681149d2a68439d759399b76,张逸舟,,,,,exact,exact,闽江口、平潭、长乐海面,[],"[""伪 “福建和平救国军” 第二集团军司令""]",抗日战争时期,"",伪职：伪 “福建和平救国军” 第二集团军司令；罪行：闽海最大伪军头目，受日军庇护，盘踞海岛，劫掠商船，进攻沿海抗日游击根据地，残害沿海渔民百姓党史学习教...。；结局：抗战胜利后被国民党收编，后被清算。,[],"2026-08-27 03:29:02.080272","2026-08-27 03:29:02.080272",,,,,
a2626ab84f2845ecb0fd23203aad69ba,刘铸人,,,,,exact,exact,兴化县城,[],"[""兴化县自治会会长""]",抗日战争时期,"",伪职：兴化县自治会会长；罪行：兴化沦陷初期首任伪自治会会长，迎日军入城，强令百姓补交往年赋税，加征苛捐杂税，搭建傀儡统治框架泰州新闻网。；结局：抗战胜利后逮捕法办。,[],"2026-08-27 03:29:02.100196","2026-08-27 03:29:02.100196",,,,,
a27257324d3a4e24ba26c00f8b9819cd,李绍微,,,,,exact,exact,"",[],"[""伪真定道道尹（道署驻石门），管辖冀中二十余县伪政权，推行保甲连坐、治安强化运动。""]",抗日战争时期,"",伪职：伪真定道道尹（道署驻石门），管辖冀中二十余县伪政权，推行保甲连坐、治安强化运动。；结局：抗战胜利逮捕，判处无期徒刑,[],"2026-08-27 03:29:02.078247","2026-08-27 03:29:02.078247",,,,,
a279fbf84d7d48389ea12a04beef38ec,柳衍斋（柳肇庆）,,,,,"","",镇江,[],"[""市长"", ""军长"", ""委员长"", ""维持会""]",抗日战争时期,汪伪政权,伪任职务：镇江治安维持会会长、伪镇江自治委员会委员长，沦陷初期头号傀儡；受日军宣抚班操纵，召集士绅，胁迫市民回城，筹措物资夫役金山网。。结局：抗战胜利后逮捕，判处徒刑,[],"2026-08-26 17:52:47","2026-08-26 17:52:47",,,,,
a27ec64fbc274da68a90acb7611062a6,方日中,,,,,exact,exact,福州城区,[],"[""维持会委员""]",抗日战争时期,"",伪职：维持会委员；罪行：参与维持会各项事务，搜刮物资；日军冲突中被当场打死。；结局：1944 年被日军打死。,[],"2026-08-27 03:29:02.080139","2026-08-27 03:29:02.080139",,,,,
a280a14cf66241a29ffa88e72ffbb150,张岚峰,,,,,"","",河南柘城,[],"[""军长"", ""司令"", ""总司令""]",抗日战争时期,伪军,伪任职务：豫东最大伪军，伪第二集团军总司令，盘踞商丘柘城，兵力两万余，多次扫荡根据地。结局：抗战后被国民党收编，解放战争被俘，羁押期间病逝狱中党史学习教...,[],"2026-08-26 17:52:47","2026-08-26 17:52:47",,,,,
a2877ff3b950422cb02e9e5fe1f0ace6,杨彦斌,,,,,exact,exact,无锡全县,[],"[""第六任伪无锡县县长""]",抗日战争时期,"",伪职：第六任伪无锡县县长；罪行：主导无锡汪伪时期 “清乡”，多次引日伪军围剿太湖支队抗日武装，搜捕地下抗日人员无锡市档案...。；结局：抗战胜利后以汉奸罪判刑。,[],"2026-08-27 03:29:02.098681","2026-08-27 03:29:02.098681",,,,,
a287938782de4e41929c4f65d26a4022,杨慕周,,,,,exact,exact,"",[],"[""伪深县县长；深县是冀中根据地腹地，依托县城据点，强征粮秣，抓捕抗日群众。""]",抗日战争时期,"",伪职：伪深县县长；深县是冀中根据地腹地，依托县城据点，强征粮秣，抓捕抗日群众。；结局：日本投降潜逃，后抓捕归案判刑,[],"2026-08-27 03:29:02.084576","2026-08-27 03:29:02.084576",,,,,
a2aa40328ec342a6a6ce43b6b4170131,殷汝耕,,,,,exact,exact,浙江平阳,[],"[""伪冀东防共自治政府行政长官，冀东头号大汉奸，伪政权后期机关迁唐山交大，分割冀东 22 县，推行殖民统治，镇压抗日运动唐山党史网。""]",抗日战争时期,"",伪职：伪冀东防共自治政府行政长官，冀东头号大汉奸，伪政权后期机关迁唐山交大，分割冀东 22 县，推行殖民统治，镇压抗日运动唐山党史网。；结局：1947 南京判处死刑枪决,[],"2026-08-27 03:29:02.086716","2026-08-27 03:29:02.086716",,,,,
a2b0769200e845f0b3af65995cc44f2b,王沛熙,,,,,"","",海南昌江,[],"[""军长"", ""维持会""]",抗日战争时期,汪伪政权,伪任职务：四更伪维持会第三任会长，给日军送情报，带队扫荡，作恶多端海南日报。结局：抗日武装设伏将其当场击毙,[],"2026-08-26 17:52:47","2026-08-26 17:52:47",,,,,
a2bc3b959a024df39f12336f1ee9fc52,黄二虎,,,,,exact,exact,黟县渔亭（祁黟休三县要道）,[],"[""黟县潜入敌特""]",抗日战争时期,"",伪职：黟县潜入敌特；罪行：从芜湖过来的日伪密探，伪装货郎，四处侦查交通与驻军，试图建立潜伏点。；结局：在渔亭被巡逻队抓获，军法处置。,[],"2026-08-27 03:29:02.104772","2026-08-27 03:29:02.104772",,,,,
a2c6575f6295465eb55d482131754339,肖万顺,,,,,exact,exact,磁县彭城,[],"[""伪彭城警察分局长；抓捕工人抗日分子，敲诈窑厂商户，告密堡垒户。""]",抗日战争时期,"",伪职：伪彭城警察分局长；抓捕工人抗日分子，敲诈窑厂商户，告密堡垒户。；结局：镇反清算处决,[],"2026-08-27 03:29:02.081699","2026-08-27 03:29:02.081699",,,,,
a2d457cb8acc4bbab0a992db9e5f4626,张万才,,,,,exact,exact,瑷珲、呼玛边境山林,[],"[""伪瑷珲县山林警察小队长""]",抗日战争时期,"",伪职：伪瑷珲县山林警察小队长；罪行：熟悉黑龙江沿岸山林，带队搜捕抗联三支队，盘查采金工人，抓捕秘密支援抗联的边民。；结局：抗战胜利后被反奸清算镇压。,[],"2026-08-27 03:29:02.098288","2026-08-27 03:29:02.098288",,,,,
a30a2be622b24e699f6b77eebae7d07b,邵本良,,,,,"","",吉林海龙（梅河口）,[],"[""部长"", ""军长"", ""旅长""]",抗日战争时期,伪军,伪任职务：伪满混成第六旅团长，南满伪军头目，长期对抗杨靖宇抗联部队中国吉林网。结局：1937 年被日军怀疑通匪，遭毒杀,[],"2026-08-26 17:52:47","2026-08-26 17:52:47",,,,,
a3199f32bbf64b36880fdbc2c1deaea2,吴景陶,,,,,"","",不详,[],"[""县长""]",抗日战争时期,汪伪政权,伪任职务：第二任伪高邮县长，配合日伪物资统制，管制运河航运粮食。。结局：战后汉奸罪判处重刑监禁,[],"2026-08-26 17:52:47","2026-08-26 17:52:47",,,,,
a321b795a9824717aebae8f3af0372d0,王缵绪（王瓒绪）,,,,,"","",四川西充,[],"[""省级长官"", ""部长"", ""军长"", ""司令"", ""委员长"", ""总司令""]",抗日战争时期,汪伪政权,伪任职务：原四川省主席、29 集团军总司令；1944 年潜离重庆赴南京投靠汪伪，任伪军事委员会常务委员、伪武汉绥靖公署主任，广播劝降川军旧部。。结局：抗战胜利捕获，关押，后病死狱中,[],"2026-08-26 17:52:47","2026-08-26 17:52:47",,,,,
a331e98848a5426a94ef48b5c6fcea3b,芮松亭,,,,,exact,exact,当涂城关、采石码头,[],"[""伪当涂县警察局局长""]",抗日战争时期,"",伪职：伪当涂县警察局局长；罪行：执掌伪警察与侦缉队，盘查长江航运，抓捕爱国青年，酷刑审讯被捕人员，维持城区日伪治安。；结局：肃奸公审枪决。,[],"2026-08-27 03:29:02.104024","2026-08-27 03:29:02.104024",,,,,
a336581103dd4f9cbbaaf18a1a225c0d,胡常英,,,,,exact,exact,镇海,[],"[""伪镇海警察局局长""]",抗日战争时期,"",伪职：伪镇海警察局局长；罪行：上海流氓，被日军招揽，执掌伪警察武装，网罗地痞组建侦缉总队，抓捕地下抗日人员，滥施酷刑迫害百姓。；结局：战后逮捕法办。,[],"2026-08-27 03:29:02.100752","2026-08-27 03:29:02.100752",,,,,
a350ccd6cb3d41bd99884e1bb8877a58,刘佩忱,,,,,exact,exact,"",[],"[""伪大名县县长；管控冀南东南门户，强征壮丁、粮食资敌。""]",抗日战争时期,"",伪职：伪大名县县长；管控冀南东南门户，强征壮丁、粮食资敌。；结局：战后汉奸罪判处徒刑,[],"2026-08-27 03:29:02.080811","2026-08-27 03:29:02.080811",,,,,
a36056694de04db59b9a5bbd4d7ae6f6,那木吉勒,,,,,exact,exact,郡王旗,[],"[""王府属官，私通包头伪伊盟公署；传递情报，劝说郡王依附日伪，被王府爱国上层压制。""]",抗日战争时期,"",伪职：王府属官，私通包头伪伊盟公署；传递情报，劝说郡王依附日伪，被王府爱国上层压制。；结局：战后管制处理,[],"2026-08-27 03:29:02.086063","2026-08-27 03:29:02.086063",,,,,
a3616dbbbf4e46f9a66d65d329c82757,张秉志,,,,,exact,exact,沭城,[],"[""伪沭阳县警察局长""]",抗日战争时期,"",伪职：伪沭阳县警察局长；罪行：执掌伪警察队伍，配合特务抓捕地下党员、爱国群众，推行宵禁保甲，镇压城内抗日活动。；结局：战后公审处决。,[],"2026-08-27 03:29:02.100447","2026-08-27 03:29:02.100447",,,,,
a3698ef5c83d493f8c4ea2af34d5cae5,黄千里,,,,,exact,exact,朝鲜籍,"[""中江千里""]","[""伪阜新市副市长（朝鲜人）""]",抗日战争时期,"",伪职：伪阜新市副市长（朝鲜人）；罪行：协助日本市长管理市政，强征劳工，参与治安维持会，任维持会委员长新华网。；结局：被 “黑八路” 逮捕，后民主政府审判惩处。,[],"2026-08-27 03:29:02.092808","2026-08-27 03:29:02.092808",,,,,
a3732676faf0470a9f6524bd215fd073,张雪涛,,,,,exact,exact,青龙,[],"[""伪讨伐队队长；抓捕杀害地下支部书记金成山等多名抗日干部，酷刑残害群众。""]",抗日战争时期,"",伪职：伪讨伐队队长；抓捕杀害地下支部书记金成山等多名抗日干部，酷刑残害群众。；结局：解放后抓获，判处长期徒刑,[],"2026-08-27 03:29:02.097897","2026-08-27 03:29:02.097897",,,,,
a39372bf1c6c4b988d125ca42fe59229,杨宇齐,,,,,exact,exact,法库,[],"[""伪铁岭县早期县长""]",抗日战争时期,"",伪职：伪铁岭县早期县长；罪行：改组铁岭伪县公署，推行保甲连坐，强征粮食劳工，镇压辽北抗日义勇军。；结局：抗战胜利逮捕，汉奸罪判刑。,[],"2026-08-27 03:29:02.093393","2026-08-27 03:29:02.093393",,,,,
a3a339eb78944aac8793544c7e73b353,章学海,,,,,exact,exact,海宁长安、硖石,[],"[""伪海宁特别区署长（伪县长）""]",抗日战争时期,"",伪职：伪海宁特别区署长（伪县长）；罪行：清乡时期海宁伪主官，设立海宁特别区，扩充伪保安队、自卫团，实施残酷清乡，搜捕地下抗日人员。；结局：战后汉奸审判判刑。,[],"2026-08-27 03:29:02.101166","2026-08-27 03:29:02.101166",,,,,
a3ade682b69646ad879db81fcecbca1c,王惠轩,,,,,exact,exact,睢宁,[],"[""伪睢宁县县长""]",抗日战争时期,"",伪职：伪睢宁县县长；罪行：执掌伪县公署，抓壮丁、粮食出荷，配合日军清乡。；结局：战后汉奸审判惩处。,[],"2026-08-27 03:29:02.098922","2026-08-27 03:29:02.098922",,,,,
a3fd8c08ef6940ce826f0e32cefb5f7e,张昌德,,,,,"","",四川荣昌,[],"[""军长"", ""师长"", ""司令""]",抗日战争时期,汪伪政权,伪任职务：川军 144 师师长，在安徽皖南战场率整师投敌；任伪独立方面军中将司令、伪皖南特别区行政长官，在沦陷区建立伪政权，祸害皖南百姓。。结局：抗战胜利后逮捕，1947 年南京处决,[],"2026-08-26 17:52:47","2026-08-26 17:52:47",,,,,
a405e276638b4a68b5e9ccda5af6ec16,王景元,,,,,exact,exact,平谷,[],"[""伪平谷县长，制造平谷北部无人区。""]",抗日战争时期,"",伪职：伪平谷县长，制造平谷北部无人区。；结局：战后判刑,[],"2026-08-27 03:29:02.092106","2026-08-27 03:29:02.092106",,,,,
a411c774e07e495a843640fe4310fb86,杨丕力,,,,,exact,exact,黎城,[],"[""叛徒向导""]",抗日战争时期,"",伪职：叛徒向导；罪行：带领日军偷袭黄崖洞侧后阵地。；结局：战斗中被击毙邯郸党史网。,[],"2026-08-27 03:29:02.088209","2026-08-27 03:29:02.088209",,,,,
a41c100262644d959f973a35bb9781b7,马喜山,,,,,exact,exact,桦川（今佳木斯郊区）,[],"[""伪地方自卫团总头目""]",抗日战争时期,"",伪职：伪地方自卫团总头目；罪行：地主武装，投靠日军，组建自卫团，协助日军推行集团部落，抓捕地下抗日人员。；结局：解放后公审枪决。,[],"2026-08-27 03:29:02.097065","2026-08-27 03:29:02.097065",,,,,
a426fdf0ee6e4928a558777e6e5a35c3,刘丙炎,,,,,"","",江西湖口,[],"[""军长"", ""县长""]",抗日战争时期,汪伪政权,伪任职务：伪湖口县长，归伪安徽体系代管，协助日军管控长江航运。结局：抗战胜利公审枪决,[],"2026-08-26 17:52:47","2026-08-26 17:52:47",,,,,
a42b2e4e0b374c639513bee74c86c8f7,许志一,,,,,exact,exact,涡阳县城,[],"[""涡阳维持会会长""]",抗日战争时期,"",伪职：涡阳维持会会长；罪行：日军占领涡阳即出面投敌，网罗二十多名本地败类组建维持会，征夫征粮，替日军搜集乡间情报，胁迫士绅附逆。；结局：涡阳光复后公审处决。,[],"2026-08-27 03:29:02.105699","2026-08-27 03:29:02.105699",,,,,
a4319041e3b84a56a251d7be5cb2f5f8,（额济纳 5 名华人汉奸，档案只记绰号，无完整姓名）,,,,,"","",多为本地商人和驼商,[],"[""特务""]",抗日战争时期,汪伪政权,伪任职务：在额济纳东庙日本特务机关做内应；帮日特采购物资、招募驼队、测绘西北道路水源，充当向导，掩护电台、机场建设，往来银川、酒泉传递情报。。结局：1937 年 7 月被李翰园抓捕，审讯后判刑关押,[],"2026-08-26 17:52:47","2026-08-26 17:52:47",,,,,
a436bf6fdd73464280b507234e143eda,朱风五,,,,,exact,exact,兴化县城,[],"[""伪兴化县警察局局长""]",抗日战争时期,"",伪职：伪兴化县警察局局长；罪行：执掌伪警察队伍，配合伪军特务，抓捕地下抗日人员，推行宵禁，镇压城内抗日活动兴化日报。；结局：战后汉奸审判处决。,[],"2026-08-27 03:29:02.100223","2026-08-27 03:29:02.100223",,,,,
a43f2a9b826c46e086d1e707b31b9e4e,吴子安,,,,,exact,exact,平陆,[],"[""伪平陆警备大队长""]",抗日战争时期,"",伪职：伪平陆警备大队长；罪行：驻守平陆县城、张店据点，配合日军扫荡中条山南麓。；结局：解放后处决,[],"2026-08-27 03:29:02.089286","2026-08-27 03:29:02.089286",,,,,
a448d83d58f34420a48b0484a182a529,宋四娃,,,,,exact,exact,安泽,[],"[""伪安泽警备大队长""]",抗日战争时期,"",伪职：伪安泽警备大队长；罪行：驻守安泽县城、府城据点，进山扫荡。；结局：解放后镇压处决,[],"2026-08-27 03:29:02.090263","2026-08-27 03:29:02.090263",,,,,
a44e382fd2e74a47bdbe9f9f1b9fb499,李树三,,,,,exact,exact,"",[],"[""伪赵县县长；日本投降后投靠国民党，充当特派员，收拢赵县、宁晋伪军残部组建第五纵队继续进攻解放区河北省老区...。""]",抗日战争时期,"",伪职：伪赵县县长；日本投降后投靠国民党，充当特派员，收拢赵县、宁晋伪军残部组建第五纵队继续进攻解放区河北省老区...。；结局：1946 年被俘，汉奸罪判处死刑,[],"2026-08-27 03:29:02.084374","2026-08-27 03:29:02.084374",,,,,
a49a5d72b9b74b4c981d73f813d87ce1,陈炳坤,,,,,exact,exact,青阳城关、木镇,[],"[""青阳伪警察局局长""]",抗日战争时期,"",伪职：青阳伪警察局局长；罪行：执掌伪警侦缉队，盘查公路渡口，搜捕爱国人士，多次配合日伪军清剿铜青游击根据地。；结局：肃奸运动判处死刑。,[],"2026-08-27 03:29:02.105896","2026-08-27 03:29:02.105896",,,,,
a4ac0e5eb53c4614ae8df5e3d325bfa2,李培棠,,,,,exact,exact,凉城,[],"[""伪凉城县县长；盘踞新堂（凉城县城），配合日军反复扫荡蛮汉山根据地，抓捕抗日干部群众。""]",抗日战争时期,"",伪职：伪凉城县县长；盘踞新堂（凉城县城），配合日军反复扫荡蛮汉山根据地，抓捕抗日干部群众。；结局：战后汉奸罪判处徒刑,[],"2026-08-27 03:29:02.087031","2026-08-27 03:29:02.087031",,,,,
a4b59f6c3252493381929c20bb2f2840,于惠风,,,,,exact,exact,"",[],"[""伪隆化县县长；推行保甲制度，强征劳工粮草，配合讨伐队扫荡。""]",抗日战争时期,"",伪职：伪隆化县县长；推行保甲制度，强征劳工粮草，配合讨伐队扫荡。；结局：战后判处徒刑,[],"2026-08-27 03:29:02.083349","2026-08-27 03:29:02.083349",,,,,
a4e1e6e9c51645ebb4d837991a1400f2,吕二黑子,,,,,exact,exact,兴和,[],"[""伪兴和讨伐队头目；祸害兴和东南山区，告密捕杀武工队人员。""]",抗日战争时期,"",伪职：伪兴和讨伐队头目；祸害兴和东南山区，告密捕杀武工队人员。；结局：1945 年光复后被民兵击毙,[],"2026-08-27 03:29:02.087071","2026-08-27 03:29:02.087071",,,,,
a4e3f82920e442a9ad1277da6536563f,周梦山,,,,,exact,exact,三河,[],"[""伪三河警备大队长；驻守三河县城、段甲岭据点，配合日军扫荡蓟平密根据地边沿。""]",抗日战争时期,"",伪职：伪三河警备大队长；驻守三河县城、段甲岭据点，配合日军扫荡蓟平密根据地边沿。；结局：三河解放被俘枪决,[],"2026-08-27 03:29:02.084029","2026-08-27 03:29:02.084029",,,,,
a4f0727cb0b04590be4a2a1657a38b45,王蕴璞,,,,,exact,exact,肇源（三肇惨案）,[],"[""伪哈尔滨警察厅警尉，特搜班骨干""]",抗日战争时期,"",伪职：伪哈尔滨警察厅警尉，特搜班骨干；罪行：随叶永年进驻肇源，主持刑讯，抓捕迫害大量三肇爱国群众，制造多起酷刑冤案。；结局：1951 年镇压反革命被处决。,[],"2026-08-27 03:29:02.098031","2026-08-27 03:29:02.098031",,,,,
a50c4b2afb404a9dbb1299558db40046,宝音巴图,,,,,exact,exact,杭锦旗,[],"[""伪旗协理，阿拉坦鄂济尔副手；协助阿王联络各旗，征集粮草牲畜，拉拢蒙古上层。""]",抗日战争时期,"",伪职：伪旗协理，阿拉坦鄂济尔副手；协助阿王联络各旗，征集粮草牲畜，拉拢蒙古上层。；结局：战后判处徒刑,[],"2026-08-27 03:29:02.086187","2026-08-27 03:29:02.086187",,,,,
a516a390fa284874802c87de397cb539,翁尚功,,,,,"","",福建福清,[],"[""军长"", ""司令""]",抗日战争时期,伪军,伪任职务：伪军福建绥靖军参谋长，后任司令，驻守马祖列岛，海上扫荡闽浙沿海。结局：抗战胜利被俘，审判处决福州新闻网,[],"2026-08-26 17:52:47","2026-08-26 17:52:47",,,,,
a524ca5a7e28409c992601c909686512,张妙根,,,,,exact,exact,余姚,[],"[""伪余姚保安团团长""]",抗日战争时期,"",伪职：伪余姚保安团团长；罪行：土匪投敌，执掌伪保安团武装，配合劳乃心，下乡搜捕三五支队指战员，残害爱国群众，盘踞余姚各据点。；结局：抗战胜利后以汉奸罪处决。,[],"2026-08-27 03:29:02.100735","2026-08-27 03:29:02.100735",,,,,
a530416e4622454999fe225857d27b07,杨秀山,,,,,exact,exact,新浦,[],"[""伪新浦商会会长""]",抗日战争时期,"",伪职：伪新浦商会会长；罪行：商界汉奸，管控新浦工商业，强制商户捐款献物供应日军，推行奴化商业管理，打压爱国商户。；结局：日本投降后被逮捕。,[],"2026-08-27 03:29:02.099280","2026-08-27 03:29:02.099280",,,,,
a531ccaceb7c4aef9f62e79e1a0cf836,戴子才,,,,,exact,exact,全椒古河,[],"[""全椒古河伪乡长""]",抗日战争时期,"",伪职：全椒古河伪乡长；罪行：古河沦陷期间出任伪乡长，催缴粮款，刺探路西根据地情报，迫害接济新四军乡民。；结局：根据地锄奸队捕获镇压。,[],"2026-08-27 03:29:02.105015","2026-08-27 03:29:02.105015",,,,,
a53f14cb6176466ba65d6970f415cd16,陈子兴,,,,,exact,exact,亳县三区,[],"[""叛变区队长""]",抗日战争时期,"",伪职：叛变区队长；罪行：原我方人员叛变，出卖地下党员纵食力、王金铎等人，投靠日伪充当帮凶。；结局：被抗日民主政府锄奸处决。,[],"2026-08-27 03:29:02.105739","2026-08-27 03:29:02.105739",,,,,
a54d67508ce7451baadfe36923ad845b,余昆山,,,,,exact,exact,望江杨湾,[],"[""杨湾汉奸""]",抗日战争时期,"",伪职：杨湾汉奸；罪行：搜集乡间情报向日军告密，参与杨湾惨案，敲诈当地乡民财物望江新闻网。；结局：捕获后依法镇压。,[],"2026-08-27 03:29:02.104572","2026-08-27 03:29:02.104572",,,,,
a570c2fbea8e4204b942deace67f6986,石佐民,,,,,exact,exact,广德城关,[],"[""广德维持会会长""]",抗日战争时期,"",伪职：广德维持会会长；罪行：广德沦陷头号汉奸，1943 年广德第四次沦陷牵头成立维持会；征集粮草、民夫，协助设立北门慰安所，残害妇女，带路扫荡乡村。；结局：抗战胜利公审枪决。,[],"2026-08-27 03:29:02.106450","2026-08-27 03:29:02.106450",,,,,
a57c5ec389734478be9db97c9c8f56a7,杨子新,,,,,exact,exact,盘山,[],"[""伪满少将旅长，盘山伪军头目""]",抗日战争时期,"",伪职：伪满少将旅长，盘山伪军头目；罪行：驻守盘山，指挥伪军维持地方治安，镇压抗日力量；日本投降后收拢伪满武装对抗民主政府。；结局：1945 盘山解放后逮捕审判。,[],"2026-08-27 03:29:02.093242","2026-08-27 03:29:02.093242",,,,,
a587f6c14dd84c4ba128e58e4b0c99e7,何其雄,,,,,exact,exact,宣城孙家埠,[],"[""叛徒（原宣城县委组织部长）""]",抗日战争时期,"",伪职：叛徒（原宣城县委组织部长）；罪行：被捕叛变，以乡公所为据点，胁迫党员 “自首”，带领特务搜捕地下同志，破坏宣南党组织中共宣城市...。；结局：被郎广武工队处决。,[],"2026-08-27 03:29:02.106084","2026-08-27 03:29:02.106084",,,,,
a591caf7be5846daba83e5ebe5aba212,宋易之,,,,,exact,exact,"",[],"[""末代伪获鹿县知事（1943‑1945.8），配合治安强化运动。""]",抗日战争时期,"",伪职：末代伪获鹿县知事（1943‑1945.8），配合治安强化运动。；结局：1946 年江苏高等法院判处有期徒刑,[],"2026-08-27 03:29:02.084299","2026-08-27 03:29:02.084299",,,,,
a59d109e121c4dc9b4c448cbb0c02595,张景惠,,,,,"","",辽宁台安,[],[],抗日战争时期,汪伪政权,伪任职务：伪满洲国国务总理大臣、协和会会长，伪满二号人物，九一八后率先投敌。结局：苏军俘获，关押抚顺战犯管理所，1959 年病亡狱中,[],"2026-08-26 17:52:47","2026-08-26 17:52:47",,,,,
a5c38969eb524b61b022ada2dfadfacb,黄自强,,,,,"","",福建晋江,[],"[""省级长官""]",抗日战争时期,汪伪政权,伪任职务：汪伪末代伪江西省省长、九江绥靖主任。结局：抗战胜利逃往台湾，后被枪击身亡,[],"2026-08-26 17:52:47","2026-08-26 17:52:47",,,,,
a5d60469a8bd4e22a692e0fa83038cba,周鼎彝,,,,,exact,exact,"",[],"[""伪朝阳县后期县长""]",抗日战争时期,"",伪职：伪朝阳县后期县长；罪行：执行日伪 “集家并村”，拆毁山区村庄，制造无人区，切断抗日武装物资来源；强征国兵、劳工送往矿山。；结局：光复后逮捕判刑。,[],"2026-08-27 03:29:02.093567","2026-08-27 03:29:02.093567",,,,,
a5f73eb39e3a40be80c6377ad60154ba,叶雪松,,,,,exact,exact,芜湖,[],"[""汪伪芜湖县长""]",抗日战争时期,"",伪职：汪伪芜湖县长；罪行：接续主持伪政务，强化城乡伪保甲，管控长江码头航运。；结局：抗战胜利后逮捕判刑。,[],"2026-08-27 03:29:02.103197","2026-08-27 03:29:02.103197",,,,,
a60feb86747949018845dcfed9c1431a,王英,,,,,exact,exact,萨拉齐,[],"[""伪绥西自治联军总司令""]",抗日战争时期,"",伪职：伪绥西自治联军总司令；结局：抗战胜利被国民党收编，后处决,[],"2026-08-27 03:29:02.085340","2026-08-27 03:29:02.085340",,,,,
a620b3dc16a843db8501b210e94ad747,王殿臣,,,,,exact,exact,长垣,[],"[""伪警备大队长；盘踞长垣县城，下乡烧杀抢掠。""]",抗日战争时期,"",伪职：伪警备大队长；盘踞长垣县城，下乡烧杀抢掠。；结局：解放后镇反处决,[],"2026-08-27 03:29:02.081889","2026-08-27 03:29:02.081889",,,,,
a625b6f4ff0f4af592e670c3ef8ba2c8,李观洲,,,,,exact,exact,河间,[],"[""伪河间警备联队长；伪军主力，配合日军反复扫荡河间根据地。""]",抗日战争时期,"",伪职：伪河间警备联队长；伪军主力，配合日军反复扫荡河间根据地。；结局：河间解放被俘枪决,[],"2026-08-27 03:29:02.083580","2026-08-27 03:29:02.083580",,,,,
a63bece8cab8470097507c346e6a06fd,张杰,,,,,exact,exact,阳泉,[],"[""伪阳泉镇街长""]",抗日战争时期,"",伪职：伪阳泉镇街长；罪行：管理阳泉集镇，摊派粮款，协助日军管控阳泉矿区与铁路。；结局：战后汉奸罪判刑,[],"2026-08-27 03:29:02.087589","2026-08-27 03:29:02.087589",,,,,
a63c6925da60482295a061130a7f120d,王昌贯,,,,,"","",海南乐会（琼海）,[],"[""市长"", ""军长"", ""清乡"", ""县长""]",抗日战争时期,汪伪政权,伪任职务：乐会县治安维持总会会长，组建伪地方警卫队，配合日军清乡围剿琼崖纵队琼海市人民...。结局：抗战胜利逮捕，判处死刑,[],"2026-08-26 17:52:47","2026-08-26 17:52:47",,,,,
a65d527c023a4cb29cf5a5ed2905ffa4,曲冠军,,,,,exact,exact,临江县（今白山临江）,[],"[""伪警正、山林讨伐大队长""]",抗日战争时期,"",伪职：伪警正、山林讨伐大队长；罪行：手绘长白山详图献给日军，标注抗联密营、伤员岩洞、接济抗联群众住址；带队进山扫荡，大肆搜捕抗联人员，破坏大量密营。；结局：1946 年躲进深山岩洞，被民兵抓获，公审处决。,[],"2026-08-27 03:29:02.095211","2026-08-27 03:29:02.095211",,,,,
a65dc5d51cad4f0a8c0236a9d88c9c34,张万祥,,,,,exact,exact,安北,[],"[""伪安北县伪县长（大佘太）；日军二次占领大佘太后设立伪县公署，修筑炮楼，管控乌梁素海前沿，抓捕往来抗日人员。""]",抗日战争时期,"",伪职：伪安北县伪县长（大佘太）；日军二次占领大佘太后设立伪县公署，修筑炮楼，管控乌梁素海前沿，抓捕往来抗日人员。；结局：安北解放被俘判刑,[],"2026-08-27 03:29:02.086589","2026-08-27 03:29:02.086589",,,,,
a683337951004ee897ab7b37cc53cf10,徐荫堂,,,,,exact,exact,固镇、新马桥,[],"[""伪固镇维持会会长、伪区长""]",抗日战争时期,"",伪职：伪固镇维持会会长、伪区长；罪行：固镇投敌劣绅，迎接日军进驻固镇，建立基层伪组织，管控津浦铁路固镇段，盘查抓捕爱国人士。；结局：抗战胜利后汉奸审判伏法。,[],"2026-08-27 03:29:02.105269","2026-08-27 03:29:02.105269",,,,,
a68d1d74e19b458f9b3ce9eb7cc5ac70,赵书纬,,,,,exact,exact,"",[],"[""伪蛟河县县长""]",抗日战争时期,"",伪职：伪蛟河县县长；罪行：管控长白山边缘，搜捕抗联交通线，推行集团部落。；结局：光复后逮捕判刑。,[],"2026-08-27 03:29:02.094436","2026-08-27 03:29:02.094436",,,,,
a6c552dff5dc4b36863a0241d4344d57,杜蔚然,,,,,exact,exact,"",[],"[""伪孝义县县长""]",抗日战争时期,"",伪职：伪孝义县县长；罪行：日军占领孝义后组建伪政权，管控孝汾平原，强征粮棉，配合治安强化。；结局：战后汉奸罪判刑,[],"2026-08-27 03:29:02.090469","2026-08-27 03:29:02.090469",,,,,
a6f82eff88994ab99f1a7d54831c330a,赵宗熹,,,,,exact,exact,萧县皇藏山区（今宿州北部）,[],"[""皇藏乡维持会会长""]",抗日战争时期,"",伪职：皇藏乡维持会会长；罪行：地主劣绅，成立维持会推行伪化，联络县城汉奸，报复抗日群众。；结局：彭南游击队锄奸处决。,[],"2026-08-27 03:29:02.105332","2026-08-27 03:29:02.105332",,,,,
a6faa2f8e1b44657a4d39fbb64dbb1d3,齐子修,,,,,"","",河北固安,[],"[""军长""]",抗日战争时期,伪军,伪任职务：伪五十七军军长，鲁西主力伪军，制造鲁西无人区。结局：抗战胜利后国民党枪决于济南,[],"2026-08-26 17:52:47","2026-08-26 17:52:47",,,,,
a70c662ac6e34fb88caf48f3d12f34e0,鄂日登,,,,,exact,exact,莫力达瓦,[],"[""伪莫力达瓦旗旗长；布特哈地区，推行部落制度，为伪兴安军征集兵员、粮草。""]",抗日战争时期,"",伪职：伪莫力达瓦旗旗长；布特哈地区，推行部落制度，为伪兴安军征集兵员、粮草。；结局：战后判刑管制,[],"2026-08-27 03:29:02.086419","2026-08-27 03:29:02.086419",,,,,
a71dd56c1c2d45bc8928f5090596043d,李老栓,,,,,exact,exact,获鹿山区,[],"[""山区维持会长，专门向炮楼递送游击队情报。""]",抗日战争时期,"",伪职：山区维持会长，专门向炮楼递送游击队情报。；结局：1943 年太行锄奸队就地处决,[],"2026-08-27 03:29:02.089580","2026-08-27 03:29:02.089580",,,,,
a775f6f06ae54152a6f2534d4733a9e1,陈允兹,,,,,exact,exact,永修县（今属九江）,[],"[""汪伪永修县县长""]",抗日战争时期,"",伪职：汪伪永修县县长；罪行：永修县人，1938年永修沦陷后出任伪县长，在日军刺刀下维持殖民统治、征发粮食劳役、管控当地百姓；结局：史料未明确记载其最终审判及结局（来源：永修沦陷期最高伪行政长官，有部分史料记载其任内曾有限度保护百姓，仍属于汉奸范畴）,[],"2026-08-27 03:29:02.077736","2026-08-27 03:29:02.077736",,,,,
a77b86bbe1ca4d83a9989e5bc09823d7,冯静安,,,,,exact,exact,彭泽县（今属九江）,[],"[""伪彭泽县政府建设科科长""]",抗日战争时期,"",伪职：伪彭泽县政府建设科科长；罪行：黄梅人，为日军征发劳役、修建军事设施、维护日占区交通工事；结局：史料未明确记载其最终结局（来源：彭泽伪政府核心官员）,[],"2026-08-27 03:29:02.077710","2026-08-27 03:29:02.077710",,,,,
a7808a5cc23c48e4b158ceb76706f333,郭老秃,,,,,exact,exact,涞水,[],"[""伪涞水讨伐队长；盘踞涞水山区，残害山区堡垒户。""]",抗日战争时期,"",伪职：伪涞水讨伐队长；盘踞涞水山区，残害山区堡垒户。；结局：抗战后期被武工队锄奸击毙,[],"2026-08-27 03:29:02.082731","2026-08-27 03:29:02.082731",,,,,
a79166c138354ecaa21a7eef9475b7f2,刘澍,,,,,exact,exact,包头,[],"[""伪包头县县长、代理包头特别市市长；日军入城牵头组建维持会，出城举白旗迎敌；登记户籍，强征劳工，协助日军管控城区。""]",抗日战争时期,"",伪职：伪包头县县长、代理包头特别市市长；日军入城牵头组建维持会，出城举白旗迎敌；登记户籍，强征劳工，协助日军管控城区。；结局：1945 潜逃，1951 镇反抓获，管制三年,[],"2026-08-27 03:29:02.085082","2026-08-27 03:29:02.085082",,,,,
a7ce7b15c08b46ffa7c7323b8acc0c9d,傅炳宽,,,,,exact,exact,厦门伪警察系统,[],"[""伪警长""]",抗日战争时期,"",伪职：伪警长；罪行：指挥伪警搜捕爱国人士，城门关卡盘查迫害市民。；结局：逮捕判刑。,[],"2026-08-27 03:29:02.080487","2026-08-27 03:29:02.080487",,,,,
a7d65a408001418e93b5594de5aaab70,余传忠,,,,,exact,exact,瑞昌县（今瑞昌市）,"[""号素心，又名周庆南、余继周""]","[""伪瑞昌保安总队长兼伪瑞昌县长""]",抗日战争时期,"",伪职：伪瑞昌保安总队长兼伪瑞昌县长；罪行：瑞昌南义东升村七里冲人，1940年8月带特务队投靠日军，从伪保安队长逐步升至伪保安总队长兼县长，配合日军扫荡、杀害赣北游击队分队长夏明和等抗日人员，祸害瑞昌及周边地区，日军九江司令官奉调回国时专程向其辞别；结局：1945年农历十一月十二日在横港被其妹夫设计诱捕杀死，时年35岁（来源：瑞昌臭名昭著的铁杆汉奸，是赣北地区级别最高的县级汉奸之一）,[],"2026-08-27 03:29:02.077674","2026-08-27 03:29:02.077674",,,,,
a824ad56213a46d3bf8b52bf9f4a18b4,王宇轼,,,,,exact,exact,吴兴县城及乡镇,[],"[""继任汪伪吴兴县县长""]",抗日战争时期,"",伪职：继任汪伪吴兴县县长；罪行：接替颜叔周主政吴兴伪政权，扩充伪警察、伪自卫团，强征赋税，破坏城郊地下抗日组织湖州市人民...。；结局：抗战胜利后汉奸审判判处重刑。,[],"2026-08-27 03:29:02.101915","2026-08-27 03:29:02.101915",,,,,
a827362cd20048fd8e8bc14e0d05a993,卢用川,,,,,"","",不详,[],"[""市长""]",抗日战争时期,汪伪政权,伪任职务：伪厦门特别市经济局长，负责掠夺厦门工商业物资。结局：抗战胜利逮捕，判处死刑执行枪决,[],"2026-08-26 17:52:47","2026-08-26 17:52:47",,,,,
a8292db4ca424ada96dc88c544a75119,尤德荣,,,,,exact,exact,宝清七里沁、挠力河一带,"[""尤鞑子""]","[""伪宝清山林讨伐队长、特务""]",抗日战争时期,"",伪职：伪宝清山林讨伐队长、特务；罪行：赫哲族头目，投靠日军带队进山讨伐抗联；光复后组织国民党光复军，裹挟少数民族群众对抗民主政权。；结局：1948 年剿匪战斗中被击毙。,[],"2026-08-27 03:29:02.096547","2026-08-27 03:29:02.096547",,,,,
a82b599ef8c04241ba9226a32e058240,吴宗尧,,,,,"","",贵州天柱,[],"[""军长""]",抗日战争时期,汪伪政权,伪任职务：同善社贵州核心头目，黔东事变主要指挥；接受汪伪方面传来的指令，组织武装暴动，破坏后方交通治安，准备接应日军入侵贵州。。结局：暴动失败被俘，国民政府处决,[],"2026-08-26 17:52:47","2026-08-26 17:52:47",,,,,
a85095e3b0b34144b80e8121b2870a0d,贾汉玉,,,,,exact,exact,屯留,[],"[""伪屯留警备副司令""]",抗日战争时期,"",伪职：伪屯留警备副司令；罪行：带队下乡扫荡，抓捕抗日人员。；结局：解放后镇压处决,[],"2026-08-27 03:29:02.087915","2026-08-27 03:29:02.087915",,,,,
a87976d6c1cb454e94b8e54c90f9d69f,李锦堂,,,,,exact,exact,长治,[],"[""伪长治警备大队长""]",抗日战争时期,"",伪职：伪长治警备大队长；罪行：驻守长治城，率伪军配合日军出城扫荡，抓捕民兵干部。；结局：解放后公审枪决,[],"2026-08-27 03:29:02.088108","2026-08-27 03:29:02.088108",,,,,
a8820826a3804d7fbb4f9634360ae4ae,王槐三,,,,,exact,exact,"",[],"[""凌印清伪部参谋长""]",抗日战争时期,"",伪职：凌印清伪部参谋长；罪行：辅佐凌印清招匪扩军，拉拢地方武装，替日军策反义勇军头目。；结局：同案沙岭公审枪决。,[],"2026-08-27 03:29:02.093146","2026-08-27 03:29:02.093146",,,,,
a890f2ffcb0446b7b7918b9cffda0e9e,李简谷,,,,,exact,exact,凤台城乡,"[""二疤拉""]","[""继任凤台日军特务队长""]",抗日战争时期,"",伪职：继任凤台日军特务队长；罪行：接手特务组织，发展大批便衣密探，告密引导日军下乡扫荡，制造多起抓捕血案政协凤台县...。；结局：汉奸审判判处死刑。,[],"2026-08-27 03:29:02.103740","2026-08-27 03:29:02.103740",,,,,
a89a3f16d8464e41b0bdb7953d7ab1a3,王裕昆,,,,,"","",不详,[],"[""县长""]",抗日战争时期,汪伪政权,伪任职务：末代伪江都县长，直至日本投降。。结局：1946 年江苏高等法院判处徒刑,[],"2026-08-26 17:52:47","2026-08-26 17:52:47",,,,,
a89c60b038fe4a4f82aa3d4c100f1ca9,李铭书,,,,,exact,exact,吉林,[],"[""伪吉林省秘书长、第二任伪吉林省省长""]",抗日战争时期,"",伪职：伪吉林省秘书长、第二任伪吉林省省长；罪行：熙洽核心副手；主持吉林省伪行政，推行保甲、粮食出荷，强征国兵劳工，镇压吉林抗日武装。；结局：日本投降后被苏军逮捕，关押抚顺战犯管理所，狱中病死。,[],"2026-08-27 03:29:02.094551","2026-08-27 03:29:02.094551",,,,,
a8a490f48cdf441388b95b0e914cc8df,张汉三,,,,,exact,exact,永济,[],"[""伪永济县县长，蒲州矢田机关帮凶""]",抗日战争时期,"",伪职：伪永济县县长，蒲州矢田机关帮凶；罪行：依附蒲州日本特务机关，残酷迫害被捕抗日人员，掠夺物资。；结局：抗战胜利公审处决,[],"2026-08-27 03:29:02.089309","2026-08-27 03:29:02.089309",,,,,
a8c51ebf00e2418fab6610f79134de3c,吴子玉,,,,,exact,exact,临榆,[],"[""伪临榆县警察局长，配合山海关宪兵队搜捕进出关地下交通员。""]",抗日战争时期,"",伪职：伪临榆县警察局长，配合山海关宪兵队搜捕进出关地下交通员。；结局：解放后镇反清算枪决,[],"2026-08-27 03:29:02.095989","2026-08-27 03:29:02.095989",,,,,
a8c9bf18a97a4febbf55f2ffdd9faed4,王介公,,,,,exact,exact,安东（丹东）,[],"[""九一八后安东县首任伪县长、安东自治执行委员会委员长""]",抗日战争时期,"",伪职：九一八后安东县首任伪县长、安东自治执行委员会委员长；罪行：九一八事变后立即投降日军，组建维持会，协助日军接管安东，恢复地方伪统治。；结局：抗战胜利逮捕，汉奸罪判刑丹东市图书...。,[],"2026-08-27 03:29:02.092252","2026-08-27 03:29:02.092252",,,,,
a8cfd6f110f243c8b16e1f9e05f6da7a,沈谱琴,,,,,exact,exact,吴兴湖州城,[],"[""湖州自治委员会（维持会）挂名会长""]",抗日战争时期,"",伪职：湖州自治委员会（维持会）挂名会长；罪行：地方士绅，日军胁迫出任维持会会长，出面帮日军维持市面，后避走上海。；结局：1939 年病逝上海，受历史负面评价。,[],"2026-08-27 03:29:02.101895","2026-08-27 03:29:02.101895",,,,,
a8f5739f9b314113b04ba2ab9bc013bc,陈叔达,,,,,exact,exact,新昌县城,[],"[""伪新昌县县长""]",抗日战争时期,"",伪职：伪新昌县县长；罪行：新昌伪县政府首任县长，改组维持会，设立乡镇伪公所，强征民夫物资，推行奴化宣传今日新昌数...。；结局：抗战胜利后汉奸审判惩处。,[],"2026-08-27 03:29:02.101805","2026-08-27 03:29:02.101805",,,,,
a8fe79cafcd3442581c2b46f8dfa135e,黄大伟,,,,,exact,exact,粤闽边界，进犯诏安、东山,[],"[""伪中华和平救国军第一集团军总司令""]",抗日战争时期,"",伪职：伪中华和平救国军第一集团军总司令；罪行：原国民党高级将领，投日后统率数千伪军，在日军飞机掩护下 1939 年攻占诏安县城，多次进犯东山岛，荼毒闽粤边境百姓中国新闻网。；结局：抗战胜利后被国民党逮捕，狱中死亡。,[],"2026-08-27 03:29:02.079341","2026-08-27 03:29:02.079341",,,,,
a914b5bd6abf4bf589c114d653478b9e,赵玉山,,,,,exact,exact,集宁,[],"[""伪警务科特务股长；发展大批乡村密探，破获地下交通站，刑讯爱国群众。""]",抗日战争时期,"",伪职：伪警务科特务股长；发展大批乡村密探，破获地下交通站，刑讯爱国群众。；结局：解放后镇反处决,[],"2026-08-27 03:29:02.086999","2026-08-27 03:29:02.086999",,,,,
a91dc9a3930147ec814bc781e06e7848,张致和,,,,,exact,exact,磁县,[],"[""伪磁县警备大队长；伪军主力头目，驻守磁县城、观台、彭城，多次配合日军扫荡磁县西部山区。""]",抗日战争时期,"",伪职：伪磁县警备大队长；伪军主力头目，驻守磁县城、观台、彭城，多次配合日军扫荡磁县西部山区。；结局：磁县解放被俘，公审枪决,[],"2026-08-27 03:29:02.078468","2026-08-27 03:29:02.078468",,,,,
a921c69d79f74b028e26614b7d291b97,吴赞周,,,,,exact,exact,正定,[],"[""伪河北省省长，伪河北省公署驻保定；统筹河北全省伪政务，推行治安强化运动、五一大扫荡，强修封锁沟炮楼。""]",抗日战争时期,"",伪职：伪河北省省长，伪河北省公署驻保定；统筹河北全省伪政务，推行治安强化运动、五一大扫荡，强修封锁沟炮楼。；结局：北平解放判无期徒刑，1949 狱中病亡,[],"2026-08-27 03:29:02.082377","2026-08-27 03:29:02.082377",,,,,
a927c6252992433082b00fb2308b845a,于芷山,,,,,exact,exact,辽宁台安,[],"[""伪满第一军管区司令、伪军政部大臣""]",抗日战争时期,"",伪职：伪满第一军管区司令、伪军政部大臣；罪行：东边道镇守使投敌；派出武力协助河本大作武装强占西安煤矿，指挥伪军在辽源、海龙一带讨伐抗联，推行集团部落。主要任职沈阳，不在辽源本地履职。；结局：苏军逮捕，抚顺战犯管理所关押，1951 年病死狱中。,[],"2026-08-27 03:29:02.095045","2026-08-27 03:29:02.095045",,,,,
a94650258c1a42d6b0047e785b05ab96,徐谦德,,,,,exact,exact,"",[],"[""伪阜新市末代华人副市长""]",抗日战争时期,"",伪职：伪阜新市末代华人副市长；罪行：伪满末期执行战时搜刮政策，管控城市户口、劳工摊派；八一五后加入治安维持会，留用伪官吏伪警察央视网新闻...。；结局：光复后逮捕，汉奸罪重判。,[],"2026-08-27 03:29:02.092797","2026-08-27 03:29:02.092797",,,,,
a94e960ae5874168bd3115777475471f,赵欣伯,,,,,exact,exact,河北宛平,[],"[""伪满立法院院长""]",抗日战争时期,"",伪职：伪满立法院院长；罪行：伪满早期立法头目，炮制伪满法律，维护日本殖民统治。；结局：1951 年病死北京。,[],"2026-08-27 03:29:02.094049","2026-08-27 03:29:02.094049",,,,,
a960ba5bfd494f2598ab3a38b1e492cb,袁大钦,,,,,exact,exact,濉溪临涣集,"[""袁三""]","[""临涣集投敌劣绅""]",抗日战争时期,"",伪职：临涣集投敌劣绅；罪行：地方豪绅，日军进临涣，出城举太阳旗迎接日军入城，主动献粮献物资敌，帮助日伪维持集镇秩序。；结局：投敌之后不久染病死亡，民愤极大，记入地方耻辱史料。,[],"2026-08-27 03:29:02.104166","2026-08-27 03:29:02.104166",,,,,
a977bea2b11c42ac82deeff86715c9ce,叶永年,,,,,exact,exact,哈尔滨全市，参与三肇地区扫荡,[],"[""伪哈尔滨警察厅外勤警佐，特务头目（“白菜叶” 之一）""]",抗日战争时期,"",伪职：伪哈尔滨警察厅外勤警佐，特务头目（“白菜叶” 之一）；罪行：手下 “四大扒皮”“八大打手”，大肆抓捕杀害抗联、爱国群众；制造三肇血案，敲诈商户，制造多起冤狱抖音百科。；结局：1951 年被处决。,[],"2026-08-27 03:29:02.095644","2026-08-27 03:29:02.095644",,,,,
a9923d1ae81f477eab71c2b011259df1,花其秀,,,,,exact,exact,淮阴清江浦,[],"[""清江浦（淮阴）四大魔王之一，伪特务头目""]",抗日战争时期,"",伪职：清江浦（淮阴）四大魔王之一，伪特务头目；罪行：沦陷后投敌，执掌伪特务组织，网罗地痞流氓，搜捕地下党、爱国群众，敲诈商户，残害平民，清江浦地方恶势力代表。；结局：战后镇压反革命公审处决。,[],"2026-08-27 03:29:02.099395","2026-08-27 03:29:02.099395",,,,,
a9c5b76934b54ee18bed83845945b2b4,张雄南,,,,,"","",福建德化,[],"[""军长"", ""司令""]",抗日战争时期,汪伪政权,伪任职务：闽北匪首，接受日本委任伪福建自治军司令，刺探情报、制造伪币。结局：1942 年被国军剿灭击毙党史学习教...,[],"2026-08-26 17:52:47","2026-08-26 17:52:47",,,,,
a9cd9e07bddb45e4971b9fe982ba8c6f,鹏飞,,,,,exact,exact,满族,[],"[""伪朝阳警备地区司令官，伪满少将""]",抗日战争时期,"",伪职：伪朝阳警备地区司令官，伪满少将；罪行：伪军混成第三旅旅长，驻防朝阳；指挥伪军在朝阳、北票、建平扫荡义勇军，参与治安肃正。后因被日本人怀疑内心不满，遭日本人暗算死亡。；结局：被日方暗害。,[],"2026-08-27 03:29:02.093542","2026-08-27 03:29:02.093542",,,,,
a9eb70816ac849b8a36caa33229e0ae8,达理札布,,,,,exact,exact,科左中旗,[],"[""伪兴安南警备军上校；参与诱骗小喇嘛起义部队到通辽，协助日军解除武装审判杀害起义人员。""]",抗日战争时期,"",伪职：伪兴安南警备军上校；参与诱骗小喇嘛起义部队到通辽，协助日军解除武装审判杀害起义人员。；结局：被俘改造，后病死,[],"2026-08-27 03:29:02.085825","2026-08-27 03:29:02.085825",,,,,
a9f337cf353a4714b0934db7d88240a2,姬少庭,,,,,exact,exact,芜湖城区,[],"[""伪花捐局头目、慰安所经营者""]",抗日战争时期,"",伪职：伪花捐局头目、慰安所经营者；罪行：经营凤宜楼慰安所，四处强掳妇女，开设花捐局盘剥娼业，搜刮钱财资敌。；结局：1951 年军事法庭公审枪决。,[],"2026-08-27 03:29:02.103259","2026-08-27 03:29:02.103259",,,,,
a9f3f11ed49647ecb6d9bfe3fb16ef38,马佑铭,,,,,"","",不详,[],"[""军长""]",抗日战争时期,汪伪政权,伪任职务：汪伪伪军少将团长，驻防高邮三垛一带；1944 年三垛‑河口伏击战主力，频繁下乡扫荡根据地今日高邮。。结局：三垛河战斗被新四军俘获，按汉奸罪行审判,[],"2026-08-26 17:52:47","2026-08-26 17:52:47",,,,,
aa1a71a8e204455eb78bc0bfa8e18bc7,张学成,,,,,exact,exact,辽宁海城（张作霖侄）,[],"[""九一八后伪 “东北自卫军总司令”，司令部驻黑山县高山子""]",抗日战争时期,"",伪职：九一八后伪 “东北自卫军总司令”，司令部驻黑山县高山子；罪行：受日军委任，收拢土匪、溃兵，在辽西黑山、北镇一带进攻义勇军，残害百姓。；结局：1931 年被黄显声部义勇军击毙。,[],"2026-08-27 03:29:02.092477","2026-08-27 03:29:02.092477",,,,,
aa1c97d55ab84bb4a02508d10685acd8,衣文深,,,,,exact,exact,新宾,[],"[""伪新宾县县长""]",抗日战争时期,"",伪职：伪新宾县县长；罪行：新宾（兴京）伪县长，配合日伪讨伐抗联，推行集团部落，强征壮丁物资。；结局：抗战胜利逮捕，汉奸罪判刑。,[],"2026-08-27 03:29:02.091657","2026-08-27 03:29:02.091657",,,,,
aa682fd2e31f4371876b6208659d9f24,叶则庵,,,,,exact,exact,厦门城区,[],"[""伪教育局长""]",抗日战争时期,"",伪职：伪教育局长；罪行：推行奴化教育，改造学校、教科书，宣扬日华亲善。；结局：逮捕判刑。,[],"2026-08-27 03:29:02.080424","2026-08-27 03:29:02.080424",,,,,
aa98cb564a7146fb95612fa6c82c9864,韩云阶,,,,,"","",辽宁金县,[],"[""省级长官"", ""部长""]",抗日战争时期,汪伪政权,伪任职务：伪黑龙江省省长（齐齐哈尔），伪满经济部大臣，搜刮北满物资。结局：1945 年逃亡日本，未受审判，客死海外,[],"2026-08-26 17:52:47","2026-08-26 17:52:47",,,,,
aad6f2ad98b74348b0a904ada9ff0471,吴蓝田,,,,,"","",河南,[],"[""军长""]",抗日战争时期,伪军,伪任职务：豫西伪军头目，清剿根据地、出卖地下人员。结局：投降后隐匿上海，被抓获押回河南公审枪决,[],"2026-08-26 17:52:47","2026-08-26 17:52:47",,,,,
aadb8069ea3a4887a92120ba1eb76099,王自全,,,,,"","",河南安阳,[],"[""军长"", ""旅长""]",抗日战争时期,华北伪临时政府,伪任职务：伪华北剿共军独立第二旅旅长，盘踞安阳崔家桥。结局：日本投降投靠国民党；1949 年被俘，公审枪决,[],"2026-08-26 17:52:47","2026-08-26 17:52:47",,,,,
ab09b5e1e90448089578c7fddd03dda9,贾春生,,,,,exact,exact,海城,[],"[""伪阜新铁道警护队巡警（华人）""]",抗日战争时期,"",伪职：伪阜新铁道警护队巡警（华人）；罪行：投靠日伪，沿铁道线侦查抓捕抗日人员，参与讨伐抗日武装。；结局：执行任务时被抗日武装击毙。,[],"2026-08-27 03:29:02.092889","2026-08-27 03:29:02.092889",,,,,
ab0f89ccd0604ad29804a30b71c19aaa,杨作明,,,,,exact,exact,兴化城乡,[],"[""伪 22 师主力团长""]",抗日战争时期,"",伪职：伪 22 师主力团长；罪行：伪军骨干，带兵下乡扫荡，强拆民房木料砖石修筑碉堡，烧杀掠夺，百姓绰号 “火星菩萨”兴化日报。；结局：被新四军俘获，公审枪决兴化日报。,[],"2026-08-27 03:29:02.100214","2026-08-27 03:29:02.100214",,,,,
ab237eedf814475898accf1892125cc7,高必发,,,,,exact,exact,淮安区,[],"[""伪淮安县警察大队长""]",抗日战争时期,"",伪职：伪淮安县警察大队长；罪行：沙贵章副手，执掌伪警察武装，参与黄土桥惨案，下乡扫荡，抓捕酷刑迫害爱国群众。；结局：抗战胜利后公审枪决。,[],"2026-08-27 03:29:02.099427","2026-08-27 03:29:02.099427",,,,,
ab32557b75454b2884ed6e8d0be7a991,李继贵,,,,,exact,exact,丰润,[],"[""伪丰润警备队副大队长，伪军实权头目，带队参与潘家峪扫荡，多次进山围剿冀东游击队。""]",抗日战争时期,"",伪职：伪丰润警备队副大队长，伪军实权头目，带队参与潘家峪扫荡，多次进山围剿冀东游击队。；结局：1946 公审枪决,[],"2026-08-27 03:29:02.091764","2026-08-27 03:29:02.091764",,,,,
ab3478f7aaa44fada5457d45ff935ccd,阿拉坦鄂齐尔（阿王）,,,,,"","",内蒙古杭锦旗,[],"[""军长""]",抗日战争时期,汪伪政权,伪任职务：伪伊克昭盟盟长，鄂尔多斯附逆王公，常驻包头，协助日军掠夺河套物资。结局：1949 年病逝，逃脱汉奸审判,[],"2026-08-26 17:52:47","2026-08-26 17:52:47",,,,,
ab468eaea37846df90332f497712b63f,刘金波,,,,,exact,exact,青县,[],"[""伪青县警备大队长；驻守青县城、流河据点，下乡烧杀抢掠。""]",抗日战争时期,"",伪职：伪青县警备大队长；驻守青县城、流河据点，下乡烧杀抢掠。；结局：青县解放被俘枪决,[],"2026-08-27 03:29:02.083541","2026-08-27 03:29:02.083541",,,,,
ab823eeabc0f44fbb7b5ae551ab441cb,林沧圃,,,,,exact,exact,闽海各岛屿,[],"[""伪和平救国军参谋长""]",抗日战争时期,"",伪职：伪和平救国军参谋长；罪行：伪军核心幕僚，谋划海上袭扰，策动沿海地方人员投敌，处理伪军与日军联络事务秀屿新闻网。；结局：抗战胜利后被国民党当局收用。,[],"2026-08-27 03:29:02.079950","2026-08-27 03:29:02.079950",,,,,
ab86dd3b6a6a47c5a6b3d0ed9a1dbbca,齐乃昌,,,,,exact,exact,铁岭,[],"[""伪保安第三队队长""]",抗日战争时期,"",伪职：伪保安第三队队长；罪行：多次带队搜捕抗日武装，抓捕义勇军人员，参与崔山屯战斗，残害抗日战士。；结局：被抗日武装重创，后解放后镇压。,[],"2026-08-27 03:29:02.093369","2026-08-27 03:29:02.093369",,,,,
aba45096a7a24ecf839ecf84e0043655,张克武,,,,,exact,exact,德化山区党史学习教...,[],"[""伪德化自治军司令（张雄南侄子）""]",抗日战争时期,"",伪职：伪德化自治军司令（张雄南侄子）；罪行：协助张雄南勾结日谍，招拢土匪扩充伪武装，在德化境内搜集情报，煽动叛乱。；结局：1939 年围剿战斗中被击毙。,[],"2026-08-27 03:29:02.079598","2026-08-27 03:29:02.079598",,,,,
abb3f076751540ff8fdc8ffd84619cfc,卢益霖,,,,,"","",邵伯湖西许巷乡（今酒甸张家大圩）,[],[],抗日战争时期,汪伪政权,伪任职务：伪许巷乡自卫队长，在湖边修筑碉堡，对湖上商船拦船敲诈勒索；抗战结束后变为还乡团继续作恶。。结局：1946 年被我方武装打击，侥幸脱逃，后被抓捕镇压邗江史志网,[],"2026-08-26 17:52:47","2026-08-26 17:52:47",,,,,
ac2edc5261a646669a76918f328d012a,王殿忠,,,,,exact,exact,辽宁盖县,[],"[""伪辽东警备司令、伪第三混成旅旅长""]",抗日战争时期,"",伪职：伪辽东警备司令、伪第三混成旅旅长；罪行：旧军阀投敌；率伪军在安东、岫岩、庄河清乡，镇压辽南义勇军。；结局：1945 被俘，关押改造。,[],"2026-08-27 03:29:02.092301","2026-08-27 03:29:02.092301",,,,,
ac39b2822ae945e9a8de84404d8ef51a,尹永祯,,,,,exact,exact,营口,[],"[""伪营口市市长（华人）""]",抗日战争时期,"",伪职：伪营口市市长（华人）；罪行：伪满设市后华人市长，实权归日本副市长；协助推行保甲、劳工征用、物资统制，执行战时经济掠夺政策。；结局：光复后逮捕，汉奸罪惩处。,[],"2026-08-27 03:29:02.092650","2026-08-27 03:29:02.092650",,,,,
ac418209b4934e1f89436cf5c0f35d83,薛兴甫,,,,,exact,exact,"",[],"[""伪冀南道道尹（前期），冀南道最高伪行政长官；统辖 14 县伪政权，推行治安强化运动，组织各县伪军扫荡冀南根据地，掠夺粮棉物资。""]",抗日战争时期,"",伪职：伪冀南道道尹（前期），冀南道最高伪行政长官；统辖 14 县伪政权，推行治安强化运动，组织各县伪军扫荡冀南根据地，掠夺粮棉物资。；结局：1944 清丰战斗被俘，公审枪决,[],"2026-08-27 03:29:02.078353","2026-08-27 03:29:02.078353",,,,,
ac5477d764664cb8980ebba4718912ab,董维孝,,,,,exact,exact,"",[],"[""伪铁路局产业科长；铁路系统汉奸，克扣工人，抓捕铁路抗日分子。""]",抗日战争时期,"",伪职：伪铁路局产业科长；铁路系统汉奸，克扣工人，抓捕铁路抗日分子。；结局：解放后群众斗争惩办中共张家口...,[],"2026-08-27 03:29:02.082885","2026-08-27 03:29:02.082885",,,,,
ac59c338945640a9b491f0875a36a97b,张燕卿,,,,,exact,exact,河北南皮（张之洞之子）,[],"[""伪吉林省实业厅厅长""]",抗日战争时期,"",伪职：伪吉林省实业厅厅长；罪行：投靠熙洽，接管吉林工矿，配合日本掠夺矿产资源，参与伪满建国。；结局：日本投降后被捕，关押北平监狱，1951 年病死狱中。,[],"2026-08-27 03:29:02.094615","2026-08-27 03:29:02.094615",,,,,
ac69797ab0474e43b95bb1ec39175cc4,刘秉义,,,,,exact,exact,应县,[],"[""伪应县县长""]",抗日战争时期,"",伪职：伪应县县长；罪行：建立应县伪县公署，征粮抓丁，修筑炮楼据点。；结局：战后逮捕判刑,[],"2026-08-27 03:29:02.088715","2026-08-27 03:29:02.088715",,,,,
ac7f32d3254d4d2794fe7955ef55da13,傅来群,,,,,"","",不详,[],"[""清乡""]",抗日战争时期,汪伪政权,伪任职务：伪南通特别区警察局局长，配合特工站搜捕爱国人士，维持清乡治安。。结局：战后判处死刑执行枪决,[],"2026-08-26 17:52:47","2026-08-26 17:52:47",,,,,
ac9561e5d19a4eafb7e337f991ca90d6,温世珍,,,,,"","",天津,[],"[""市长""]",抗日战争时期,汪伪政权,伪任职务：伪天津特别市市长（任期最长，1938‑1943），推行保甲、强征劳工、物资掠夺。结局：1951 年镇反，判处死刑枪决,[],"2026-08-26 17:52:47","2026-08-26 17:52:47",,,,,
ac97d80621d04814a99336a769c606b8,蔡九龄,,,,,exact,exact,河北文安,"[""蔡春""]","[""西安煤矿蔡家柜大把头、总经理""]",抗日战争时期,"",伪职：西安煤矿蔡家柜大把头、总经理；罪行：原我方人员叛变投敌；疯狂抓捕、诱骗劳工下矿，奉行 “旧的死，新的添”，制造大量矿工死亡，是辽源万人坑主要罪魁之一；日本投降后潜逃，改名蔡春潜伏辽源抖音百科。；结局：1951‑05‑22 公审枪决。,[],"2026-08-27 03:29:02.095027","2026-08-27 03:29:02.095027",,,,,
aca651685a22476ebbd9b8576be4d971,谈朝宗,,,,,"","",镇江,[],"[""军长""]",抗日战争时期,汪伪政权,伪任职务：青帮头目，伪镇江警察大队长；收编地痞土匪组建伪警察武装，下乡劫掠，抓捕爱国群众；因军纪混乱被日军调往扬州改编绥靖队金山网。。结局：战后逮捕处决,[],"2026-08-26 17:52:47","2026-08-26 17:52:47",,,,,
acaecc983e4442bdb877081c96f8ea25,吴云生,,,,,exact,exact,新昌城区,[],"[""新昌伪治安委员会骨干""]",抗日战争时期,"",伪职：新昌伪治安委员会骨干；罪行：维持会核心成员，协助伪县长管控市面，为日军搜集物资，告密乡间抗日动态今日新昌数...。；结局：汉奸清算判处有期徒刑。,[],"2026-08-27 03:29:02.101619","2026-08-27 03:29:02.101619",,,,,
acb0657a4e954a458325f45812baec1d,董遇春,,,,,exact,exact,甘南县,[],"[""伪甘南县警署警尉""]",抗日战争时期,"",伪职：伪甘南县警署警尉；罪行：日伪铁杆爪牙，大肆搜捕抗日群众，抓捕杀害支援抗联的百姓，参与山区扫荡，制造多起血案。；结局：解放后被镇压。,[],"2026-08-27 03:29:02.095840","2026-08-27 03:29:02.095840",,,,,
acb47250353d44d3a412dc68c9cdea29,刘德山,,,,,exact,exact,平山,[],"[""伪平山警备大队长，伪军头目，驻守平山县城及南甸据点，频繁进山扫荡。""]",抗日战争时期,"",伪职：伪平山警备大队长，伪军头目，驻守平山县城及南甸据点，频繁进山扫荡。；结局：1945 年县城解放被俘，判处死刑,[],"2026-08-27 03:29:02.084274","2026-08-27 03:29:02.084274",,,,,
acc3c38da67a42598cf2ab0e2a7099e0,潘铁侯,,,,,"","",不详,[],"[""清乡"", ""县长""]",抗日战争时期,汪伪政权,伪任职务：汪伪第三任伪江都县长，配合清乡，编组乡镇伪自卫团。。结局：捕获判刑，关押服刑,[],"2026-08-26 17:52:47","2026-08-26 17:52:47",,,,,
acd6af1f84b54b54b73db24dac0c306a,刘春信,,,,,exact,exact,海城,[],"[""凌印清伪部骨干""]",抗日战争时期,"",伪职：凌印清伪部骨干；罪行：为日军拉拢地方武装，刺探义勇军情报。；结局：同案公审枪决中国·鞍山。,[],"2026-08-27 03:29:02.091241","2026-08-27 03:29:02.091241",,,,,
acdaf48e3506491d804c52e6fa5b53f9,方小亭,,,,,"","",扬州江都,[],"[""军长"", ""县长""]",抗日战争时期,汪伪政权,伪任职务：江北自治会会长（沦陷首任傀儡），后任伪维新政府伪江都知事、汪伪伪江都县长；日军进城次日即出面组织维持，胁迫商户复业，征粮征夫，推行保甲连坐。。结局：抗战胜利被捕，重刑监禁，病死狱中,[],"2026-08-26 17:52:47","2026-08-26 17:52:47",,,,,
acfdf4d13c3f4bd9af6b472f634b39ca,张百奎,,,,,"","",河北巨鹿,[],"[""军长""]",抗日战争时期,汪伪政权,伪任职务：巨鹿伪警备大队长，双手沾满根据地军民鲜血，制造多起惨案。结局：1951 年公审枪决,[],"2026-08-26 17:52:47","2026-08-26 17:52:47",,,,,
ad0b3649c7574a959104c0a64eae2b01,陈璧君,,,,,"","",广东新会,[],[],抗日战争时期,汪伪政权,伪任职务：汪精卫妻子，参与汪伪政权决策，在上海活动。结局：无期徒刑，1959 年上海监狱病亡红色文化网,[],"2026-08-26 17:52:47","2026-08-26 17:52:47",,,,,
ad2fac9b107b40eb9f9c445970bb99fd,牛荫鹰,,,,,exact,exact,无锡县城,[],"[""第五任伪无锡县县长""]",抗日战争时期,"",伪职：第五任伪无锡县县长；罪行：官僚出身，应付日伪，听闻抗日武装要锄奸，主动辞职逃离无锡。；结局：战后被逮捕审判。,[],"2026-08-27 03:29:02.098674","2026-08-27 03:29:02.098674",,,,,
ad6b3343d12b4720979bd5b8a7881e5d,金馥生,,,,,exact,exact,厦门城区,[],"[""伪特别市财政局长""]",抗日战争时期,"",伪职：伪特别市财政局长；罪行：苛捐杂税，横征暴敛，为伪政权与日军筹措经费。；结局：被捕判刑。,[],"2026-08-27 03:29:02.080407","2026-08-27 03:29:02.080407",,,,,
ad785fc6762946718be87782de4a435e,叶相桐,,,,,exact,exact,朝阳,[],"[""伪兴农合作社职员，日伪外围爪牙""]",抗日战争时期,"",伪职：伪兴农合作社职员，日伪外围爪牙；罪行：日伪时期为日伪搜集民间情报；八一五后自封国民党朝阳县党部书记长，勾结伪保安军，策划朝阳反革命暴动，妄图夺取县城政权。；结局：阴谋败露被逮捕，公审处决。,[],"2026-08-27 03:29:02.093550","2026-08-27 03:29:02.093550",,,,,
ad8086cddbec45cbba83f5ae996e3040,戚振华,,,,,exact,exact,"",[],"[""伪方山县县长""]",抗日战争时期,"",伪职：伪方山县县长；罪行：建立方山伪政权，修筑峪口等据点，强征民夫物资。；结局：战后逮捕判刑,[],"2026-08-27 03:29:02.090513","2026-08-27 03:29:02.090513",,,,,
adb645f9a7c649e4908683e40ab16309,葛学勤,,,,,exact,exact,泗阳老县城,[],"[""老泗阳城厢维持会会长""]",抗日战争时期,"",伪职：老泗阳城厢维持会会长；罪行：泗阳沦陷初期出面组织维持会，迎接日军，为伪政权铺路，摊派粮草差役，欺压乡里中共宿迁市...。；结局：战后汉奸清算惩处。,[],"2026-08-27 03:29:02.100609","2026-08-27 03:29:02.100609",,,,,
adb858cd54eb45018c800d0eec82106b,高砚然,,,,,exact,exact,"",[],"[""继任伪正定县知事，多次写信诱降我方游击队长甄凤山，指挥伪警备队下乡 “清剿”。""]",抗日战争时期,"",伪职：继任伪正定县知事，多次写信诱降我方游击队长甄凤山，指挥伪警备队下乡 “清剿”。；结局：抗战胜利归案审判,[],"2026-08-27 03:29:02.089470","2026-08-27 03:29:02.089470",,,,,
adc813c8e80e45f8883e5fe3ab66df79,王西锋,,,,,exact,exact,涡阳城关,[],"[""涡阳维持会骨干""]",抗日战争时期,"",伪职：涡阳维持会骨干；罪行：许志一主要副手，逼迫商户出钱出物资敌，带领日伪军下乡扫荡，指认抗日家属。；结局：抗战胜利后汉奸审判死刑。,[],"2026-08-27 03:29:02.105707","2026-08-27 03:29:02.105707",,,,,
adcc0a5a9cd746118f73e213df039832,翁星若,,,,,"","",浙江黄岩,[],"[""军长"", ""维持会""]",抗日战争时期,汪伪政权,伪任职务：黄岩沦陷维持会会长，依附日军鱼肉百姓。结局：抗战胜利公审处决中国台州网,[],"2026-08-26 17:52:47","2026-08-26 17:52:47",,,,,
ade1cdc9d22b4305b39972c81e7f6d1e,侯文麟,,,,,"","",杭县塘栖,[],"[""军长"", ""维持会""]",抗日战争时期,汪伪政权,伪任职务：塘栖伪维持会长、伪区长，残害爱国青年，捕杀抗日人员，献媚日军，作恶甚多。。结局：光复后公审枪决,[],"2026-08-26 17:52:47","2026-08-26 17:52:47",,,,,
ae47fde6eae24f5b99a6cde002aa835a,韩步洲,,,,,exact,exact,交城,[],"[""伪山西省保安第四师师长""]",抗日战争时期,"",伪职：伪山西省保安第四师师长；罪行：原阎军军官投敌；驻扎交城、文水一带；多次率伪军配合日军扫荡交城、清太徐根据地，捕杀干部民兵。；结局：日本投降被阎锡山收编；太原解放被俘劳动改造,[],"2026-08-27 03:29:02.090446","2026-08-27 03:29:02.090446",,,,,
ae6d2d36ac454f5e8107261feae24c7d,汪子东,,,,,exact,exact,芜湖,[],"[""伪县府建设科长""]",抗日战争时期,"",伪职：伪县府建设科长；罪行：强征民夫，为日军修公路、碉堡、码头工事中国人民政...。；结局：战后逮捕惩处。,[],"2026-08-27 03:29:02.103288","2026-08-27 03:29:02.103288",,,,,
ae75f810ba114692a08bfaf0822864bb,张英楼,,,,,exact,exact,辽阳三区民团练长（伪地方武装头目）,[],"[""投靠日伪，带领团练配合日伪讨伐义勇军，残害乡里。""]",抗日战争时期,"",伪职：投靠日伪，带领团练配合日伪讨伐义勇军，残害乡里。；罪行：被义勇军击毙。,[],"2026-08-27 03:29:02.093052","2026-08-27 03:29:02.093052",,,,,
ae7a00ebee554282a58fbda9c6f5eda8,苗长生,,,,,exact,exact,义乌佛堂,[],"[""佛堂密探""]",抗日战争时期,"",伪职：佛堂密探；罪行：充当日军耳目，向南联驻地的日军告密，致使日军出动部队围剿抗日队伍，造成人员财产损失环球网。；结局：抗日锄奸队处决。,[],"2026-08-27 03:29:02.078699","2026-08-27 03:29:02.078699",,,,,
ae93fe4ff8e74eb886abe8ae11219c99,周少斋,,,,,exact,exact,宣城孙家埠集镇,[],"[""孙家埠伪区长""]",抗日战争时期,"",伪职：孙家埠伪区长；罪行：把持伪区政权，修建碉堡，搜集山区游击队情报，多次引导日伪军进山清剿，敲诈沿江商旅。；结局：被皖南武工队锄奸击毙。,[],"2026-08-27 03:29:02.106092","2026-08-27 03:29:02.106092",,,,,
ae953870580541faac8c1ba21592d328,李益州,,,,,exact,exact,望江杨湾,[],"[""杨湾投敌骨干""]",抗日战争时期,"",伪职：杨湾投敌骨干；罪行：与周昆贤一同充当向导，告密村中藏匿抗日人员，协助日军烧杀掳掠，迫害当地百姓望江新闻网。；结局：战后肃奸判处死刑。,[],"2026-08-27 03:29:02.104565","2026-08-27 03:29:02.104565",,,,,
ae9fa99eddf04fa2b43183eb23f36546,李守信,,,,,exact,exact,热河,[],"[""伪蒙古军总司令，总部常驻厚和；指挥伪蒙古骑兵围剿大青山支队，制造多起村庄惨案，捕杀地下交通人员，强征鸦片劳工。""]",抗日战争时期,"",伪职：伪蒙古军总司令，总部常驻厚和；指挥伪蒙古骑兵围剿大青山支队，制造多起村庄惨案，捕杀地下交通人员，强征鸦片劳工。；结局：1950 引渡回国，1964 特赦，1970 呼和浩特去世,[],"2026-08-27 03:29:02.084812","2026-08-27 03:29:02.084812",,,,,
aed319bede2c43c4869fcf6859c683c9,吴方洲,,,,,exact,exact,"",[],"[""伪涿鹿县县长；依附日伪，推行保甲制度，镇压宣涿怀根据地抗日活动中共张家口...。""]",抗日战争时期,"",伪职：伪涿鹿县县长；依附日伪，推行保甲制度，镇压宣涿怀根据地抗日活动中共张家口...。；结局：涿鹿万人公审，就地正法中共张家口...,[],"2026-08-27 03:29:02.082987","2026-08-27 03:29:02.082987",,,,,
aed78850fab940baaf30da3fdd16afcd,杨在官,,,,,exact,exact,密山兴凯湖周边,[],"[""密山居留民会特务""]",抗日战争时期,"",伪职：密山居留民会特务；罪行：带领伪军警突袭西大林子抗日村庄，配合韩光太抓捕地下党员，破坏抗日支部。；结局：抗战后被民主政府清算。,[],"2026-08-27 03:29:02.096199","2026-08-27 03:29:02.096199",,,,,
af271ec5ea814e40a35e62aff53051d0,史梅岑,,,,,exact,exact,祁县,[],"[""伪祁县县知事（伪县长）""]",抗日战争时期,"",伪职：伪祁县县知事（伪县长）；罪行：接续伪政权，强征粮款鸦片，配合日军扫荡祁县南山根据地。；结局：抗战胜利逮捕判刑,[],"2026-08-27 03:29:02.088861","2026-08-27 03:29:02.088861",,,,,
af3a4db19f4e4fd38ee944abcd2a6aa2,黄莲舫,,,,,"","",福建龙溪（漳州）,[],"[""军长""]",抗日战争时期,汪伪政权,伪任职务：伪厦门新华同盟会副会长、伪华侨公会会长，策划引日军进犯闽南东山、平潭。结局：1939 年在鼓浪屿被军统刺杀身亡,[],"2026-08-26 17:52:47","2026-08-26 17:52:47",,,,,
af4959f069514c28ae39c85f9d313f80,胡泽普,,,,,exact,exact,宿县时村（今埇桥区）,[],"[""伪淮海省淮北剿匪司令、时村自卫团团长兼区长""]",抗日战争时期,"",伪职：伪淮海省淮北剿匪司令、时村自卫团团长兼区长；罪行：宿东头号大汉奸，手下三千伪军，盘踞时村坚固据点；推行强化治安，频繁扫荡宿东游击区，烧杀掳掠；日本投降后被国民党收编为濉河剿匪挺进军少将司令继续反共。；结局：1945 年 9 月新四军攻克时村，负伤被俘，伤重死于俘虏营。,[],"2026-08-27 03:29:02.105216","2026-08-27 03:29:02.105216",,,,,
af7cc1b0e23b40e1921780dacf031e3b,王永诚,,,,,exact,exact,抚松县,[],"[""伪抚松‑安图‑濛江三县临时保安司令""]",抗日战争时期,"",伪职：伪抚松‑安图‑濛江三县临时保安司令；罪行：原地方武装头目，1932 年投降日军；瓦解辽宁民众自卫军，协助日军占领抚松，组建伪保安队镇压抗日活动抚松县人民...。；结局：伪满时期病死。,[],"2026-08-27 03:29:02.095235","2026-08-27 03:29:02.095235",,,,,
af83afe02a794e46868e786260834c88,吴守义,,,,,exact,exact,旧属安庆枞阳沿江,[],"[""枞阳汤沟伪维持会会长""]",抗日战争时期,"",伪职：枞阳汤沟伪维持会会长；罪行：汤沟沦陷出任维持会长，迎接日军进驻，办理良民证，征粮派夫，管控长江渡口，刺探江北游击区情报。；结局：抗战胜利汉奸审判处决。,[],"2026-08-27 03:29:02.104650","2026-08-27 03:29:02.104650",,,,,
afc982399aed4986b4bce931798cba4d,张梦符,,,,,exact,exact,成安,[],"[""伪成安警备队长；带领伪军袭扰周边村庄，迫害抗日家属。""]",抗日战争时期,"",伪职：伪成安警备队长；带领伪军袭扰周边村庄，迫害抗日家属。；结局：1945 年成安解放被俘处决,[],"2026-08-27 03:29:02.078517","2026-08-27 03:29:02.078517",,,,,
afd4eda7f5724ba39bc32631318c539b,杨异才,,,,,exact,exact,永年,[],"[""原我方抗日县长，叛变投敌任伪永年县县长，出卖组织人员名单，祸害根据地群众邯郸党史网。""]",抗日战争时期,"",伪职：原我方抗日县长，叛变投敌任伪永年县县长，出卖组织人员名单，祸害根据地群众邯郸党史网。；结局：1945 城破畏罪跳井自杀,[],"2026-08-27 03:29:02.080727","2026-08-27 03:29:02.080727",,,,,
afe6a8b587b5494ab676260338df1316,李恒山,,,,,exact,exact,密云,[],"[""伪密云县长，管控古北口长城沿线。""]",抗日战争时期,"",伪职：伪密云县长，管控古北口长城沿线。；结局：战后逮捕判刑,[],"2026-08-27 03:29:02.092121","2026-08-27 03:29:02.092121",,,,,
afee4192fb454afd9d13e68900f920ae,贵福,,,,,exact,exact,达斡尔族,[],"[""伪满参议府参议；九一八后参与伪满 “建国” 活动，支持其子凌升出任伪兴安北省省长；凌升事件之后被日本软禁。""]",抗日战争时期,"",伪职：伪满参议府参议；九一八后参与伪满 “建国” 活动，支持其子凌升出任伪兴安北省省长；凌升事件之后被日本软禁。；结局：1941 抑郁病死长春抖音百科,[],"2026-08-27 03:29:02.086328","2026-08-27 03:29:02.086328",,,,,
aff7290893d14db289a6ae89e2f1cce4,马兴连,,,,,exact,exact,铜山北部,"[""铜山皇帝""]","[""伪铜山伪军司令，土匪出身""]",抗日战争时期,"",伪职：伪铜山伪军司令，土匪出身；罪行：投靠日军，自立武装，劫掠乡村，残害百姓，多次袭扰抗日地方武装。；结局：被新四军武装剿灭击毙。,[],"2026-08-27 03:29:02.098907","2026-08-27 03:29:02.098907",,,,,
aff8c0a8dd0f466eb2be63cec3e6194e,王耀先,,,,,exact,exact,"",[],"[""伪汾阳保安副大队长""]",抗日战争时期,"",伪职：伪汾阳保安副大队长；罪行：带队下乡烧杀抢掠，祸害汾阳边山村庄。；结局：被俘后审判处决,[],"2026-08-27 03:29:02.090409","2026-08-27 03:29:02.090409",,,,,
aff9207c72d74d82aae0bd975956b681,邢春喜,,,,,exact,exact,忻县,[],"[""忻县城维持会总会长""]",抗日战争时期,"",伪职：忻县城维持会总会长；罪行：商号掌柜，迎接日军进城；强迫百姓悬挂日旗，登记壮丁，摊派粮款物资。；结局：无血债，没收财产，管制三年,[],"2026-08-27 03:29:02.089743","2026-08-27 03:29:02.089743",,,,,
afffbe87e107425ba368a051fb420483,陈立信,,,,,exact,exact,绛县,[],"[""伪警备小队长""]",抗日战争时期,"",伪职：伪警备小队长；罪行：依附董封据点，抓捕、敲诈当地百姓。；结局：抗战后期被民兵击毙,[],"2026-08-27 03:29:02.089256","2026-08-27 03:29:02.089256",,,,,
b02efd27cc4f49168a4ac12cceb8fddb,李华堂,,,,,exact,exact,刁翎、依兰、汤原一带,[],"[""原抗联第九军军长，投敌伪讨伐头目""]",抗日战争时期,"",伪职：原抗联第九军军长，投敌伪讨伐头目；罪行：1939 年投降日伪；熟悉下江山林，带队围剿抗联；赵尚志牺牲后到场辨认遗体，助日军邀功；光复后组建国民党土匪武装作乱合江地区。；结局：1946 年捕获，公审处决。,[],"2026-08-27 03:29:02.097423","2026-08-27 03:29:02.097423",,,,,
b0524e3e55744c57a0b9866305590523,罗英,,,,,exact,exact,宝清、饶河,[],"[""原抗联七军军部秘书，内奸特务""]",抗日战争时期,"",伪职：原抗联七军军部秘书，内奸特务；罪行：主动投敌，泄露抗联联席会议部署，引诱抗联进入日军伏击圈，直接造成军长陈荣久牺牲吉林省档案...。；结局：叛变阴谋败露，被抗联在宝清大叶子沟处决。,[],"2026-08-27 03:29:02.096536","2026-08-27 03:29:02.096536",,,,,
b090f00f72ef44b9a0c246a90f36916e,金荣生,,,,,exact,exact,南浔,[],"[""南浔伪侦缉队队长""]",抗日战争时期,"",伪职：南浔伪侦缉队队长；罪行：特务爪牙，专门刺探太湖周边游击队情报，告密抓捕爱国人士，敲诈丝绸商户。；结局：被抗日武工队锄奸处决。,[],"2026-08-27 03:29:02.102004","2026-08-27 03:29:02.102004",,,,,
b09bc6928f7e435782c1772bb14c9421,苏盛江,,,,,exact,exact,"",[],"[""伪山西省警务厅长""]",抗日战争时期,"",伪职：伪山西省警务厅长；罪行：掌管全省伪警察系统，指挥特务搜捕地下党，推行保甲连坐。；结局：抗战胜利被捕判刑,[],"2026-08-27 03:29:02.087268","2026-08-27 03:29:02.087268",,,,,
b0dfd751b246416e83731b1bbdf2c15e,金耀洲,,,,,exact,exact,达斡尔族,"[""额尔登""]","[""伪布特哈旗首任旗长（扎兰屯）；管理布特哈旗，强征劳工、粮草，配合伪警察镇压地方反抗。""]",抗日战争时期,"",伪职：伪布特哈旗首任旗长（扎兰屯）；管理布特哈旗，强征劳工、粮草，配合伪警察镇压地方反抗。；结局：战后汉奸罪判处徒刑,[],"2026-08-27 03:29:02.086395","2026-08-27 03:29:02.086395",,,,,
b0eab001ef2740faa99642506fd80df9,王英,,,,,exact,exact,五原,"[""王杰臣""]","[""伪绥西自治联军总司令，河套头号大汉奸；土匪出身，1935 投日。1940 随日军攻入五原，司令部驻五原城；指挥伪军在河套烧杀抢掠，强征粮草鸦片，配合日军进攻傅作义部。五原战役主力被歼灭，只身逃跑抖音百科。""]",抗日战争时期,"",伪职：伪绥西自治联军总司令，河套头号大汉奸；土匪出身，1935 投日。1940 随日军攻入五原，司令部驻五原城；指挥伪军在河套烧杀抢掠，强征粮草鸦片，配合日军进攻傅作义部。五原战役主力被歼灭，只身逃跑抖音百科。；结局：抗战胜利被国民党收编；1950 年以汉奸反革命罪枪决,[],"2026-08-27 03:29:02.086521","2026-08-27 03:29:02.086521",,,,,
b0f605004daa4073ae88c50aa0a627e9,王英,,,,,exact,exact,绥远萨拉齐,[],"[""伪大汉义军总司令；土匪出身，多次配合日军进攻绥西、大青山，在归绥周边烧杀抢掠。""]",抗日战争时期,"",伪职：伪大汉义军总司令；土匪出身，多次配合日军进攻绥西、大青山，在归绥周边烧杀抢掠。；结局：日本投降后被国民党收编，后被处决,[],"2026-08-27 03:29:02.084830","2026-08-27 03:29:02.084830",,,,,
b101d715b1ab43e48f904dee29354076,韩宝森,,,,,exact,exact,汾阳,[],"[""宪兵队便衣特务头目""]",抗日战争时期,"",伪职：宪兵队便衣特务头目；罪行：发展密探网络，破获地下交通站，搜捕地下党员。；结局：解放后镇反枪决,[],"2026-08-27 03:29:02.090417","2026-08-27 03:29:02.090417",,,,,
b1163a2895754d8c960ce782c8aed3d6,阿拉坦鄂济尔,,,,,exact,exact,杭锦旗,"[""阿王""]","[""伪伊克昭盟公署盟长，杭锦旗札萨克；1938 主动赴包头投靠日军，游说各旗王公附日，强征牛羊马匹供给伪蒙古军，引导日伪骑兵渡河袭扰伊盟沿河地带。""]",抗日战争时期,"",伪职：伪伊克昭盟公署盟长，杭锦旗札萨克；1938 主动赴包头投靠日军，游说各旗王公附日，强征牛羊马匹供给伪蒙古军，引导日伪骑兵渡河袭扰伊盟沿河地带。；结局：1945 投降交印，居家管制，草场没收,[],"2026-08-27 03:29:02.086139","2026-08-27 03:29:02.086139",,,,,
b119b47200314205ac5b150f36acd5e8,袁金铠,,,,,exact,exact,辽阳山岳铺,[],"[""伪奉天维持会委员长、伪满尚书府大臣、参议府参议""]",抗日战争时期,"",伪职：伪奉天维持会委员长、伪满尚书府大臣、参议府参议；罪行：九一八牵头组建奉天维持会，协助日军接管辽沈，参与策划伪满洲国，推行保甲，镇压东北反日力量，辽阳本地广置田产。主要任职沈阳、长春，非辽阳本地履职抖音百科。；结局：1945 年被列为大汉奸，家产抄没，1947 年病死辽阳，逃脱审判人民网文化...。,[],"2026-08-27 03:29:02.092955","2026-08-27 03:29:02.092955",,,,,
b138cfb0593549e18c378d90c9d6750e,吕慕陶,,,,,"","",邵伯,[],"[""军长""]",抗日战争时期,汪伪政权,伪任职务：汪伪邵伯区区长、伪邵伯镇长，主持邵伯区伪行政，推行保甲、良民证，在运河码头设立检问所，盘查来往船只，为日军征集军粮、木料。。结局：1946 年江苏高等法院判处有期徒刑,[],"2026-08-26 17:52:47","2026-08-26 17:52:47",,,,,
b156178c03674c90bc22e00130c86e03,樊尽美,,,,,exact,exact,崞县,"[""樊尺美""]","[""伪崞县县长、伪警备大队长""]",抗日战争时期,"",伪职：伪崞县县长、伪警备大队长；罪行：日军吹捧的 “模范县长”；多次带队下乡抢粮扫荡，曾赴日本访问；疯狂压榨百姓。；结局：1946 潜逃绥远；1953 抓获，公审枪决,[],"2026-08-27 03:29:02.089837","2026-08-27 03:29:02.089837",,,,,
b163365dbe1d4e5bb78d9dab9c7bf1d8,马少山,,,,,exact,exact,"",[],"[""伪青县县长；依托津浦铁路修筑炮楼，清乡扫荡，抓捕堡垒户。""]",抗日战争时期,"",伪职：伪青县县长；依托津浦铁路修筑炮楼，清乡扫荡，抓捕堡垒户。；结局：战后逮捕判刑,[],"2026-08-27 03:29:02.083533","2026-08-27 03:29:02.083533",,,,,
b176443dcac542cbb63508dba8726f3b,德穆楚克栋鲁普（德王）,,,,,"","",内蒙古苏尼特右旗,[],"[""军长""]",抗日战争时期,汪伪政权,伪任职务：伪蒙疆联合自治政府主席，伪蒙古军政府总裁，伪政权总头目，配合日军扫荡大青山根据地，推行奴化分裂政策。结局：1950 年从蒙古引渡回国关押，1963 年特赦，1966 年呼和浩特病逝人民网,[],"2026-08-26 17:52:47","2026-08-26 17:52:47",,,,,
b176fc3a2f5245bca5a06c6a9fe82293,李怀英,,,,,exact,exact,寿阳,[],"[""黑军副头目""]",抗日战争时期,"",伪职：黑军副头目；罪行：乔玉莲副手，继续祸害寿阳东部。；结局：1941 反扫荡战斗被民兵击毙,[],"2026-08-27 03:29:02.088940","2026-08-27 03:29:02.088940",,,,,
b1798bb6e1ea44a0a0832ff17513f28e,孙祖贤,,,,,exact,exact,启东西三丫支镇,[],"[""伪七乡清乡办事处主任""]",抗日战争时期,"",伪职：伪七乡清乡办事处主任；罪行：清乡时期刚刚上任基层伪头目，积极推行日伪政令，迫害民众。；结局：上任仅半天即被锄奸队镇压。,[],"2026-08-27 03:29:02.099116","2026-08-27 03:29:02.099116",,,,,
b18682ce590348dda2ec684d9cc6f403,陈苟仔,,,,,exact,exact,莲塘人,"[""罗老八""]","[""伪保长""]",抗日战争时期,"",伪职：伪保长；罪行：多次引路日军搜查岗前、万舍各村；结局：暂无明确结局记载,[],"2026-08-27 03:29:02.077930","2026-08-27 03:29:02.077930",,,,,
b19ef2e7a3d146bf9265e6e1803f1dcf,吴添民,,,,,exact,exact,禾山,[],"[""禾山保甲联合会总会长""]",抗日战争时期,"",伪职：禾山保甲联合会总会长；罪行：主持基层保甲，编组伪保甲，征夫征粮，检举抗日家属。；结局：肃奸立案判刑。,[],"2026-08-27 03:29:02.080510","2026-08-27 03:29:02.080510",,,,,
b1a7807fc0c84c5b92d7b8231bf22998,朱尚文,,,,,exact,exact,嘉兴城区,[],"[""伪嘉兴宪兵队翻译、特务""]",抗日战争时期,"",伪职：伪嘉兴宪兵队翻译、特务；罪行：日军翻译，充当帮凶，参与审讯被捕爱国志士，罗织罪名迫害百姓。；结局：战后汉奸审判伏法。,[],"2026-08-27 03:29:02.101239","2026-08-27 03:29:02.101239",,,,,
b1cbac7a7b664efbbb92b952d60029f4,康达多尔济,,,,,exact,exact,达拉特旗,"[""康王""]","[""达拉特旗札萨克；一度摇摆，与包头日伪往来，接受伪伊盟公署委任，暗中给日伪输送物资，后迫于压力回归国民政府阵营。""]",抗日战争时期,"",伪职：达拉特旗札萨克；一度摇摆，与包头日伪往来，接受伪伊盟公署委任，暗中给日伪输送物资，后迫于压力回归国民政府阵营。；结局：抗战胜利后居家，管制处理,[],"2026-08-27 03:29:02.086171","2026-08-27 03:29:02.086171",,,,,
b1f2a30966dc4c84b749acbf7a647f13,陈阿狗,,,,,exact,exact,福安赛岐、穆阳,[],"[""潜伏密探""]",抗日战争时期,"",伪职：潜伏密探；罪行：伪装船工，沿赛江活动，刺探福安军政、物资转运情报，向敌占岛屿传递消息，暗中勾结走私资敌。；结局：军统闽南站破获，就地正法。,[],"2026-08-27 03:29:02.078932","2026-08-27 03:29:02.078932",,,,,
b203f66ed89d495ebf7f333cf67c123e,阮志贤,,,,,"","",青海西宁本地人,[],[],抗日战争时期,汪伪政权,伪任职务：被日特收买，在西宁开设绸缎商铺作为情报联络点，为潜伏间谍提供掩护，发展本地眼线，收集西宁城防情报。。结局：破获后逮捕，移交第八战区法办,[],"2026-08-26 17:52:47","2026-08-26 17:52:47",,,,,
b22119f25e3f4003a1e058bb347ddf00,张相周,,,,,exact,exact,"",[],"[""末代伪抚宁县县长；强化物资统制，配合日军制造长城无人区。""]",抗日战争时期,"",伪职：末代伪抚宁县县长；强化物资统制，配合日军制造长城无人区。；结局：战后汉奸罪判处长期徒刑,[],"2026-08-27 03:29:02.097825","2026-08-27 03:29:02.097825",,,,,
b246aff1df53435487a33bdd4112ffc9,崔光汉,,,,,exact,exact,顺安镇及铜官山周边,[],"[""顺安特务大队长（双料特务）""]",抗日战争时期,"",伪职：顺安特务大队长（双料特务）；罪行：伪装进步骗取皖南行署参议员身份，公开叛变投敌；出卖地下党组织，抓捕杀害督导处主任陈益卿；勾结中统，组建特务武装；向日军告密直接酿成范家湾惨案，致使巫希权等 28 位新四军指战员牺牲。；结局：抗战胜利后肃奸捕获，判处死刑处决。,[],"2026-08-27 03:29:02.104323","2026-08-27 03:29:02.104323",,,,,
b25deeddd524445e9de59ee2e76431e9,韩佐周,,,,,exact,exact,绥中,[],"[""伪绥中总商会会长""]",抗日战争时期,"",伪职：伪绥中总商会会长；罪行：为日军摊派报国捐，筹措军需物资，垄断地方商贸，压榨商民。；结局：反奸清算，没收财产，判处徒刑。,[],"2026-08-27 03:29:02.093799","2026-08-27 03:29:02.093799",,,,,
b3007e61adc5449da42fb6aa10af4e91,包善一,,,,,exact,exact,科尔沁左翼后旗,[],"[""伪兴安军骑兵统领，原博王旗统领；九一八后投靠日军，组建伪武装，盘踞科左后旗，为日军征调粮草、马匹，镇压草原反抗力量。""]",抗日战争时期,"",伪职：伪兴安军骑兵统领，原博王旗统领；九一八后投靠日军，组建伪武装，盘踞科左后旗，为日军征调粮草、马匹，镇压草原反抗力量。；结局：日本投降被国民党收编，解放后镇压处决,[],"2026-08-27 03:29:02.085759","2026-08-27 03:29:02.085759",,,,,
b30e834d22a7418c9934be16c8a559a5,霍建之,,,,,exact,exact,鸡泽,[],"[""伪鸡泽伪军头目；日军投降后投奔永年许铁英匪部。""]",抗日战争时期,"",伪职：伪鸡泽伪军头目；日军投降后投奔永年许铁英匪部。；结局：1947 永年战役中弹身亡,[],"2026-08-27 03:29:02.081779","2026-08-27 03:29:02.081779",,,,,
b311492621a8409f89408e80c6ab536a,王克敏,,,,,"","",浙江杭州,[],"[""委员长""]",抗日战争时期,华北伪临时政府,伪任职务：伪华北政务委员会委员长，掌控整个华北伪政权，常驻北平（河北境内）。结局：1945 年被捕，狱中服毒自杀光明数字报,[],"2026-08-26 17:52:47","2026-08-26 17:52:47",,,,,
b32dc113f5fa42ad9b9b88fc3fcc34ce,张逸舟,,,,,exact,exact,闽江口、平潭、长乐海面,[],"[""伪 “福建和平救国军” 第二集团军司令""]",抗日战争时期,"",伪职：伪 “福建和平救国军” 第二集团军司令；罪行：闽海最大伪军头目，受日军庇护，盘踞海岛，劫掠商船，进攻沿海抗日游击根据地，残害沿海渔民百姓党史学习教...。；结局：抗战胜利后被国民党收编，后被清算。,[],"2026-08-27 03:29:02.081100","2026-08-27 03:29:02.081100",,,,,
b3424146f2024b3fa3357d59b26ed780,曹敬庵,,,,,exact,exact,正定,[],"[""原旧警察局长，投敌任伪正定警察局局长，搜捕地下党员，配合日军扫荡。""]",抗日战争时期,"",伪职：原旧警察局长，投敌任伪正定警察局局长，搜捕地下党员，配合日军扫荡。；结局：1946 年汉奸罪判处徒刑,[],"2026-08-27 03:29:02.089461","2026-08-27 03:29:02.089461",,,,,
b36b72b81a6d4bd2b98ff296134df872,汪东海,,,,,exact,exact,泾县东岸,[],"[""叛徒""]",抗日战争时期,"",伪职：叛徒；罪行：原游击人员叛变投敌，冷枪射杀皖南县委副书记吕辉，之后潜逃敌占区藏身中共宣城市...。；结局：解放后缉拿归案镇压。,[],"2026-08-27 03:29:02.106077","2026-08-27 03:29:02.106077",,,,,
b38b4703e809460eb84f8ba0dba78a37,王天和,,,,,exact,exact,金门,[],"[""伪金门特别区署科长""]",抗日战争时期,"",伪职：伪金门特别区署科长；罪行：辅佐王廷植，执行苛政，督办鸦片种植。；结局：汉奸案判刑。,[],"2026-08-27 03:29:02.080455","2026-08-27 03:29:02.080455",,,,,
b38ba6f0923348bf9cb011a871b797a4,王芝佐,,,,,exact,exact,抚宁,[],"[""台头营据点伪警备队长；驻守抚宁北部山区，多次扫荡迁卢抚昌抗日游击根据地，刺探我方情报，抓捕爱国群众。""]",抗日战争时期,"",伪职：台头营据点伪警备队长；驻守抚宁北部山区，多次扫荡迁卢抚昌抗日游击根据地，刺探我方情报，抓捕爱国群众。；结局：抗战后期被抗日武装就地锄奸击毙,[],"2026-08-27 03:29:02.094186","2026-08-27 03:29:02.094186",,,,,
b39f2ef7e9fe43a386e4ab89b4519d19,孙梦麟,,,,,exact,exact,"",[],"[""伪南宫县县长；南宫为冀南根据地核心，日军反复扫荡，伪政权疯狂抓捕抗日人员。""]",抗日战争时期,"",伪职：伪南宫县县长；南宫为冀南根据地核心，日军反复扫荡，伪政权疯狂抓捕抗日人员。；结局：日本投降后潜逃，1947 抓捕归案判刑,[],"2026-08-27 03:29:02.082276","2026-08-27 03:29:02.082276",,,,,
b412e2b8ba98454baac15b98f2af4ab0,郭万和,,,,,exact,exact,定襄,[],"[""便衣特务头目""]",抗日战争时期,"",伪职：便衣特务头目；罪行：下乡告密抓捕村干部，敲诈百姓。；结局：抗战时期被民兵击毙,[],"2026-08-27 03:29:02.089791","2026-08-27 03:29:02.089791",,,,,
b41f5d0ef5d94aeba038b229cee13e16,况明恺,,,,,"","",高邮湖荡,[],"[""部长"", ""军长""]",抗日战争时期,汪伪政权,伪任职务：湖匪出身，投靠汪伪，伪军扩充队头目，兵力上千；盘踞高邮东南、兴化西部湖荡，多次配合日军扫荡高宝根据地，烧杀抢掠。。结局：抗战胜利被俘，判处死刑,[],"2026-08-26 17:52:47","2026-08-26 17:52:47",,,,,
b43a4444c378457baf4549f470ecbe5c,周瑞符,,,,,exact,exact,"",[],"[""伪邯郸警备联队联队长，邯郸伪军军事主官；下辖 9 个中队 700 余人，驻守城乡各个据点，配合日军清乡扫荡。""]",抗日战争时期,"",伪职：伪邯郸警备联队联队长，邯郸伪军军事主官；下辖 9 个中队 700 余人，驻守城乡各个据点，配合日军清乡扫荡。；结局：邯郸解放被俘，判处死刑,[],"2026-08-27 03:29:02.078406","2026-08-27 03:29:02.078406",,,,,
b43fd728fb364c06a6744b860b381871,王文质,,,,,exact,exact,包头,[],"[""伪市公署警务股长、翻译；维持会骨干，懂日语，协助日军审讯抓捕爱国人士。1940 年傅作义攻包之后被日军怀疑通敌逮捕，押往张家口杀害。""]",抗日战争时期,"",伪职：伪市公署警务股长、翻译；维持会骨干，懂日语，协助日军审讯抓捕爱国人士。1940 年傅作义攻包之后被日军怀疑通敌逮捕，押往张家口杀害。；结局：1940 张家口秘密枪杀,[],"2026-08-27 03:29:02.085143","2026-08-27 03:29:02.085143",,,,,
b44c35daa3264775837450d950ccb99b,吴赞周,,,,,exact,exact,正定,[],"[""伪河北省省长，起家正定维持会，伪河北省头号大汉奸，统管河北伪军政，长期遥控石门伪政权抖音百科。""]",抗日战争时期,"",伪职：伪河北省省长，起家正定维持会，伪河北省头号大汉奸，统管河北伪军政，长期遥控石门伪政权抖音百科。；结局：1949 年狱中病死,[],"2026-08-27 03:29:02.078255","2026-08-27 03:29:02.078255",,,,,
b4588132b6b640e1ba03ebcf3536ee4c,吕续卿,,,,,exact,exact,大同,[],"[""伪大同县县长；伪晋北公安厅厅长""]",抗日战争时期,"",伪职：伪大同县县长；伪晋北公安厅厅长；罪行：主管伪警察系统，推行户口编闾制度，指挥伪警察搜捕地下抗日人员，配合讨伐队下乡清乡。；结局：光复后公审处决,[],"2026-08-27 03:29:02.087452","2026-08-27 03:29:02.087452",,,,,
b46887506535468e836a4a752aa851ec,陈湛如,,,,,"","",无锡,[],"[""军长""]",抗日战争时期,汪伪政权,伪任职务：汪伪无锡伪商会会长，胁迫商户缴纳苛捐，为日军搜刮物资。。结局：战后逮捕判刑,[],"2026-08-26 17:52:47","2026-08-26 17:52:47",,,,,
b471bef2555b4ec09d8ea5ea50597824,张万祥,,,,,exact,exact,定县,[],"[""伪特务系长；专门搜捕定县地下党员，抓捕抗日家属。""]",抗日战争时期,"",伪职：伪特务系长；专门搜捕定县地下党员，抓捕抗日家属。；结局：镇反时期公审处决,[],"2026-08-27 03:29:02.082479","2026-08-27 03:29:02.082479",,,,,
b4773d1f822a43c09b1a42633c0f35fa,王宾如,,,,,exact,exact,平陆,[],"[""伪平陆县县长""]",抗日战争时期,"",伪职：伪平陆县县长；罪行：日军占领平陆后出任伪县长，管控黄河渡口，盘查过往抗日人员。；结局：战后汉奸罪判刑,[],"2026-08-27 03:29:02.089279","2026-08-27 03:29:02.089279",,,,,
b481f74c171746deabb0433e2833cc57,杨先葆,,,,,exact,exact,湾沚,[],"[""湾沚自治会骨干""]",抗日战争时期,"",伪职：湾沚自治会骨干；罪行：协助张世安办理自治会事务，征夫征粮，侦查周边抗日武装动向。；结局：肃奸立案判处有期徒刑。,[],"2026-08-27 03:29:02.106559","2026-08-27 03:29:02.106559",,,,,
b4aa611c87204d8bbfe03788e4da6c59,苑福堂,,,,,exact,exact,饶河大别拉坑、暴马顶子,[],"[""饶河伪地方特务头目""]",抗日战争时期,"",伪职：饶河伪地方特务头目；罪行：组建汉奸走狗队，抓捕饶河县委、反日会成员，逮捕李学福等 20 多名抗日骨干，破坏饶河地下党组织中国军网。；结局：抗战胜利后反奸清算被公审镇压。,[],"2026-08-27 03:29:02.098128","2026-08-27 03:29:02.098128",,,,,
b50b8fde1ada432a82ed840cca9f5f34,王葵昌,,,,,exact,exact,定海,[],"[""伪定海自治会司法科长""]",抗日战争时期,"",伪职：伪定海自治会司法科长；罪行：负责伪司法，罗织罪名迫害爱国百姓，审理所谓 “通敌” 案件舟山日报。；结局：汉奸审判判处有期徒刑。,[],"2026-08-27 03:29:02.102297","2026-08-27 03:29:02.102297",,,,,
b5113a9dfa6847518d27a458b88eee1f,张敬浩,,,,,exact,exact,山东博山,[],"[""首任伪上党道道尹""]",抗日战争时期,"",伪职：首任伪上党道道尹；罪行：搭建伪上党道整套行政体系；推行治安强化、保甲连坐，强征粮食、煤炭、劳工，指挥各县伪政权配合日军扫荡太行根据地，推行新民会奴化教育。；结局：抗战胜利后逮捕，汉奸罪重判,[],"2026-08-27 03:29:02.087770","2026-08-27 03:29:02.087770",,,,,
b5243f1a60094e87a14b28475144847a,李仲平,,,,,exact,exact,"",[],"[""首任伪大名县知事；主持修建五十余处碉堡，封锁卫河沿岸根据地。""]",抗日战争时期,"",伪职：首任伪大名县知事；主持修建五十余处碉堡，封锁卫河沿岸根据地。；结局：抗战胜利逮捕，判处无期徒刑,[],"2026-08-27 03:29:02.081812","2026-08-27 03:29:02.081812",,,,,
b52dbab2930547eebab856345a5b9b00,陈杰,,,,,exact,exact,福州城内,[],"[""伪警察特务""]",抗日战争时期,"",伪职：伪警察特务；罪行：配合日军大搜捕，欺压城内百姓。；结局：1946‑06‑10 枪决。,[],"2026-08-27 03:29:02.081060","2026-08-27 03:29:02.081060",,,,,
b52dd6c894f84096b410e66d2e05f1ee,王宁道,,,,,exact,exact,来安水口,[],"[""伪来安县水口区区长""]",抗日战争时期,"",伪职：伪来安县水口区区长；罪行：把持水口区伪政权，收纳投敌溃兵，出卖抗日人员，向伪县长侯堂生告密设圈套杀害起义人员袁明举滁州市博物...。；结局：1946 年肃奸枪决。,[],"2026-08-27 03:29:02.104922","2026-08-27 03:29:02.104922",,,,,
b535f0fdf7f9485393d704539ec43aeb,王万顺,,,,,exact,exact,闻喜,[],"[""伪 “晋南剿共救国军” 司令""]",抗日战争时期,"",伪职：伪 “晋南剿共救国军” 司令；罪行：纠集两千余人，盘踞乔寺村，修筑 12 座炮楼，草菅人命，疯狂清乡搜捕抗日力量。；结局：1945 年太岳部队攻克乔寺，被俘处决,[],"2026-08-27 03:29:02.089181","2026-08-27 03:29:02.089181",,,,,
b539087201fb46b0a0762aa0de12e587,佟老万,,,,,exact,exact,肃宁,[],"[""伪肃宁警备大队长；出城扫荡，破坏地道村庄。""]",抗日战争时期,"",伪职：伪肃宁警备大队长；出城扫荡，破坏地道村庄。；结局：肃宁解放被俘处决,[],"2026-08-27 03:29:02.083596","2026-08-27 03:29:02.083596",,,,,
b54374bdac8840568b4e90f3753d0848,阎传绂,,,,,exact,exact,大连（旅大派）,[],"[""伪满司法部大臣、伪吉林省长""]",抗日战争时期,"",伪职：伪满司法部大臣、伪吉林省长；罪行：大连出身，长期在伪满高层，配合日本殖民统治。；结局：抚顺战犯管理所关押，后特赦。,[],"2026-08-27 03:29:02.090799","2026-08-27 03:29:02.090799",,,,,
b54fd790a8044c22b7dfa98ff18096da,曹云振,,,,,exact,exact,南田岛海面,[],"[""伪三门湾水陆保安总队中队长""]",抗日战争时期,"",伪职：伪三门湾水陆保安总队中队长；罪行：胡常瑛部下伪军头目，出海劫掠渔船，进攻大陆沿海乡村。；结局：南田战斗被活捉俘虏浙江省地方...。,[],"2026-08-27 03:29:02.102479","2026-08-27 03:29:02.102479",,,,,
b555a4b8c88149f0968c8d4ffb4d9726,郭曾基,,,,,"","",江苏,[],"[""省级长官"", ""军长"", ""委员长"", ""县长""]",抗日战争时期,汪伪政权,伪任职务：伪江苏省政府委员、伪吴县知事（吴县即苏州城），推行保甲，为日军征粮派夫。。结局：1940 年被抗日锄奸团刺杀于苏州司前街三多桥,[],"2026-08-26 17:52:47","2026-08-26 17:52:47",,,,,
b5671a66e9e5439ab92346bb0b5311f2,朱崇汉,,,,,exact,exact,四甲坝一带,[],"[""伪南通特别区第九区区长""]",抗日战争时期,"",伪职：伪南通特别区第九区区长；罪行：伪清乡区长，构建基层伪政权，抓捕抗日干部，残害群众南通史志网。；结局：武工队潜入据点抓捕处决。,[],"2026-08-27 03:29:02.099063","2026-08-27 03:29:02.099063",,,,,
b56b1a0d7b5c488cb40ccd028121aad4,傅锡九,,,,,exact,exact,"",[],"[""伪交河县县长；掌控泊头水陆码头，掠夺粮棉物资，搜捕地下交通人员。""]",抗日战争时期,"",伪职：伪交河县县长；掌控泊头水陆码头，掠夺粮棉物资，搜捕地下交通人员。；结局：战后汉奸罪判处徒刑,[],"2026-08-27 03:29:02.083604","2026-08-27 03:29:02.083604",,,,,
b56dcf92cfc24bc3a790f8fdb3b3e57b,李逢源,,,,,exact,exact,宁津,[],"[""伪宁津警备大队长；伪军铁杆，多次出城扫荡。""]",抗日战争时期,"",伪职：伪宁津警备大队长；伪军铁杆，多次出城扫荡。；结局：宁津解放被俘处死,[],"2026-08-27 03:29:02.083738","2026-08-27 03:29:02.083738",,,,,
b57e4deb6fec431a940a19421408a052,王筱湖,,,,,exact,exact,"",[],"[""伪清河县县长；管控运河沿线，掠夺粮棉资敌。""]",抗日战争时期,"",伪职：伪清河县县长；管控运河沿线，掠夺粮棉资敌。；结局：战后逮捕判刑,[],"2026-08-27 03:29:02.082261","2026-08-27 03:29:02.082261",,,,,
b5828b09e42f47c0aafd19696ca90341,雷寿荣,,,,,"","",湖北武昌,[],"[""军长""]",抗日战争时期,汪伪政权,伪任职务：伪武汉绥靖公署高级参谋，早期策反旧军人投敌。结局：抗战胜利被捕，病死狱中,[],"2026-08-26 17:52:47","2026-08-26 17:52:47",,,,,
b58625d1473444b89b129270c61335e8,张继武,,,,,exact,exact,虎林小木河、独木河,[],"[""日军特务（虎林事件告密者）""]",抗日战争时期,"",伪职：日军特务（虎林事件告密者）；罪行：出卖虎林爱国抗日组织，制造 “虎林事件”，致使 64 名爱国人士被捕，24 人惨遭杀害；被日军委任为地方常驻特务继续搜集情报。；结局：抗战胜利后潜逃，混入队伍，清队时被揪出，畏罪自杀。,[],"2026-08-27 03:29:02.096132","2026-08-27 03:29:02.096132",,,,,
b5899c3eb9f9466e95fd028d52092e45,孙柏青,,,,,exact,exact,"",[],"[""伪青龙县县长；执行长城无人区政策，强修 “人圈”，疯狂清剿长城沿线抗日武装，抓捕迫害大量群众。""]",抗日战争时期,"",伪职：伪青龙县县长；执行长城无人区政策，强修 “人圈”，疯狂清剿长城沿线抗日武装，抓捕迫害大量群众。；结局：1945 年被俘，公审判处死刑,[],"2026-08-27 03:29:02.094234","2026-08-27 03:29:02.094234",,,,,
b59ddc7dd4704db2baf739550feeaf2a,石补天,,,,,"","",父桂林，母日籍,[],"[""市长""]",抗日战争时期,汪伪政权,伪任职务：伪柳州市公安局长，掌管伪警察，抓捕残害抗日志士，滥施酷刑。结局：柳州光复后公审枪决中共柳州市...,[],"2026-08-26 17:52:47","2026-08-26 17:52:47",,,,,
b5a6c143cef347d9b09fbb2da8a221fb,田文,,,,,exact,exact,"",[],"[""伪昌图县县长""]",抗日战争时期,"",伪职：伪昌图县县长；罪行：主持昌图伪政权，配合日军捕杀田振东等抗日武装人员，强征物资，推行保甲制度。；结局：解放后逮捕判刑。,[],"2026-08-27 03:29:02.093420","2026-08-27 03:29:02.093420",,,,,
b5c3fb91eea84b0ab44c2dff2d82c969,赵瑞,,,,,"","",山西沁县,[],"[""部长"", ""军长"", ""师长""]",抗日战争时期,伪军,伪任职务：原阎锡山部队，投敌任伪山西保安第二师师长，晋东南伪军头目。结局：1945 年被俘，公审枪决,[],"2026-08-26 17:52:47","2026-08-26 17:52:47",,,,,
b5c81075c7614300ab05fe5a8fb0d03f,尹宝山,,,,,"","",热河林西（今内蒙古赤峰）,[],"[""军长"", ""师长""]",抗日战争时期,汪伪政权,伪任职务：伪蒙古军第二师师长，随李守信投敌，驻防商都。结局：1937 年作战失利被解职，抗战后被捕判刑,[],"2026-08-26 17:52:47","2026-08-26 17:52:47",,,,,
b5e639b2267b480b82e508fbc754cc24,于芷山,,,,,"","",辽宁台安,[],"[""省级长官"", ""部长"", ""军长"", ""司令""]",抗日战争时期,伪军,伪任职务：伪奉天省警备司令、伪军政部大臣、治安部大臣，奉天伪军最高头目，围剿东北抗日义勇军中国新闻网。结局：北平解放抓捕，关押抚顺战犯管理所，1951 年狱中病死,[],"2026-08-26 17:52:47","2026-08-26 17:52:47",,,,,
b5f1c92a64924740a87de8082e6a2184,傅筱庵,,,,,"","",浙江镇海,[],"[""市长""]",抗日战争时期,汪伪政权,伪任职务：伪维新政府、汪伪上海特别市市长，工商巨子投敌，推行保甲，搜刮物资。结局：1940 年被军统策反的仆人菜刀刺杀于家中,[],"2026-08-26 17:52:47","2026-08-26 17:52:47",,,,,
b608054c53ed49c697f58a59d2f1d640,聂士庆,,,,,exact,exact,长治,[],"[""伪长治县县长；原国民党长治县长""]",抗日战争时期,"",伪职：伪长治县县长；原国民党长治县长；罪行：1943 率整套国民党县政府集体投敌，人称上党 “四大天王” 之一；利用旧基层关系搜捕太行四分区干部，胁迫各村维持日伪，多次配合日军扫荡长治、壶关根据地。；结局：抗战胜利公审镇压,[],"2026-08-27 03:29:02.087793","2026-08-27 03:29:02.087793",,,,,
b630ec87ba424f36a214f879b3def472,杨吉品,,,,,"","",云南腾冲,[],"[""军长""]",抗日战争时期,汪伪政权,伪任职务：腾冲宪兵队便衣队总队长（哥老会龙头），伪维新社头目；手下便衣队搜捕远征军潜伏人员，敲诈残害百姓，滇西头号地方铁杆汉奸。结局：腾冲收复捕获，公审枪决,[],"2026-08-26 17:52:47","2026-08-26 17:52:47",,,,,
b63e6d7e2f2449728c2cce8dc24288e2,顾忠琛,,,,,"","",江苏无锡,[],"[""院长""]",抗日战争时期,汪伪政权,伪任职务：汪伪监察院院长。结局：抗战结束前病亡，逃脱审判,[],"2026-08-26 17:52:47","2026-08-26 17:52:47",,,,,
b6a05769dfff44f081bdc816bf826936,张北生,,,,,exact,exact,南通全境（通如启海）,[],"[""伪苏北清乡公署主任、清乡保安司令""]",抗日战争时期,"",伪职：伪苏北清乡公署主任、清乡保安司令；罪行：汪伪 “清乡专家”，主导苏中四分区血腥清乡；修建竹篱笆封锁线，大肆抓捕屠杀新四军、地下党员与爱国群众，掠夺粮棉物资，摧残苏中抗日根据地南通市档案...。；结局：抗战后国民政府判无期徒刑；新中国成立后重新审理，1954 年南通公审枪决南通市档案...。,[],"2026-08-27 03:29:02.099005","2026-08-27 03:29:02.099005",,,,,
b6a1236095364f6f9232a1a68d11a136,刘从云（刘神仙）,,,,,"","",四川,[],[],抗日战争时期,汪伪政权,伪任职务：四川著名相士、袍哥、会道门大佬；曾私下与汪伪暗通书信，散布抗战悲观投降言论，煽动地方势力动摇。。结局：被国民政府驱逐出川，解放后被镇压,[],"2026-08-26 17:52:47","2026-08-26 17:52:47",,,,,
b6c2d320f3c747789c0ce9403727828a,崔景岚,,,,,exact,exact,张家口,[],"[""伪张家口市副市长；配合韩广森，管控城市警务，迫害抗日群众，压榨商户百姓。""]",抗日战争时期,"",伪职：伪张家口市副市长；配合韩广森，管控城市警务，迫害抗日群众，压榨商户百姓。；结局：1945‑10‑08 公审枪决,[],"2026-08-27 03:29:02.082852","2026-08-27 03:29:02.082852",,,,,
b6d20a49917d436ca64f82079f166dfd,王凤岗,,,,,exact,exact,固安,[],"[""原地方武装，抗战后期投敌，伪固安保安团；日降后被国民党收编，成为大清河北主要顽匪，残害冀中十分区军民。""]",抗日战争时期,"",伪职：原地方武装，抗战后期投敌，伪固安保安团；日降后被国民党收编，成为大清河北主要顽匪，残害冀中十分区军民。；结局：1949 年逃亡台湾，病死台湾,[],"2026-08-27 03:29:02.083962","2026-08-27 03:29:02.083962",,,,,
b702dc4033124732a1fe01b564cb6bbf,王河,,,,,exact,exact,长治南关,[],"[""潞安宪兵队便衣特务头目（上党四大汉奸之一）""]",抗日战争时期,"",伪职：潞安宪兵队便衣特务头目（上党四大汉奸之一）；罪行：叛变投敌，带领宪兵抓捕抗日军民；协助日军拿平民做活体解剖，制造多起惨案。；结局：长治解放公审枪决,[],"2026-08-27 03:29:02.087801","2026-08-27 03:29:02.087801",,,,,
b70c9b38594f441f95f6624ffd224b54,杨守诚,,,,,exact,exact,化德,[],"[""伪化德警务科长；指挥伪警察镇压察北反满抗日力量。""]",抗日战争时期,"",伪职：伪化德警务科长；指挥伪警察镇压察北反满抗日力量。；结局：解放后镇反处决,[],"2026-08-27 03:29:02.087126","2026-08-27 03:29:02.087126",,,,,
b70f446cfc8e4d90aa877956058d6d97,于景涛,,,,,exact,exact,黑山,[],"[""伪黑山警务科长""]",抗日战争时期,"",伪职：伪黑山警务科长；罪行：指挥伪警察、特务，抓捕义勇军家属与地下关系，制造多起冤狱。；结局：镇反时期公审处决。,[],"2026-08-27 03:29:02.092564","2026-08-27 03:29:02.092564",,,,,
b71895a44e3949e0a07df0c9ce49cd4b,谢华辉,,,,,"","",台湾台南,[],"[""委员长""]",抗日战争时期,华北伪临时政府,伪任职务：赴华北沦陷区，出任伪渤海道尹，伪华北政务委员会地方高官，治理沦陷区地方。。结局：战后在北平被捕，多方营救，后获释回台，存在辩护争议。,[],"2026-08-26 17:52:47","2026-08-26 17:52:47",,,,,
b7199c94c96e43a581004b3c3ead9426,郭二虎,,,,,exact,exact,昌黎,[],"[""伪警备队头目，盘踞碣石山区，多次进山扫荡游击区，烧杀抢掠村庄。""]",抗日战争时期,"",伪职：伪警备队头目，盘踞碣石山区，多次进山扫荡游击区，烧杀抢掠村庄。；结局：1945 年昌黎解放被俘处决,[],"2026-08-27 03:29:02.094218","2026-08-27 03:29:02.094218",,,,,
b73dfa5864c54ecaba8b3ddf839752cb,刘歪嘴,,,,,exact,exact,莆田忠门、东埔,[],"[""沿海潜入密探""]",抗日战争时期,"",伪职：沿海潜入密探；罪行：受厦门日伪派遣，伪装商贩登陆大陆，刺探国军布防，散布失败谣言，引诱沿海土匪下海投伪。；结局：被闽中武工队锄奸处决。,[],"2026-08-27 03:29:02.080003","2026-08-27 03:29:02.080003",,,,,
b7577aba39954f679eb9b51da5de014b,陶惜分,,,,,exact,exact,芜湖,[],"[""伪县府财政科长""]",抗日战争时期,"",伪职：伪县府财政科长；罪行：经济汉奸，掌管伪财政，征收各类捐税，搜刮粮食、物资供给日军中国人民政...。；结局：汉奸清算有期徒刑。,[],"2026-08-27 03:29:02.103273","2026-08-27 03:29:02.103273",,,,,
b7674b21135c4509a42ce6b385901051,靖国儒,,,,,exact,exact,望奎全县,[],"[""伪望奎县县长""]",抗日战争时期,"",伪职：伪望奎县县长；罪行：主持望奎伪县公署，推行集团部落、粮食出荷，以反满抗日罪名大肆捕杀爱国群众，制造多起惨案绥化新闻网。；结局：抗战胜利后潜逃，后被捕获惩处。,[],"2026-08-27 03:29:02.098502","2026-08-27 03:29:02.098502",,,,,
b7997370cf0a4bdb9789fde5776dea83,马万城,,,,,exact,exact,清丰,[],"[""伪警备队头目；1944 清丰战斗大部被歼，被俘后公审处决""]",抗日战争时期,"",伪职：伪警备队头目；1944 清丰战斗大部被歼，被俘后公审处决；结局：交战被俘处决,[],"2026-08-27 03:29:02.081858","2026-08-27 03:29:02.081858",,,,,
b7a56029b99b4e0ba30b997b19099a07,葛海禄,,,,,exact,exact,海林柞木岗（乌斯浑河）,[],"[""原抗联八军副官，叛徒密探""]",抗日战争时期,"",伪职：原抗联八军副官，叛徒密探；罪行：发现抗联五军妇女团宿营篝火，连夜向日军告密，直接造成八女投江悲剧发生。；结局：解放后被人民政府逮捕法办。,[],"2026-08-27 03:29:02.097148","2026-08-27 03:29:02.097148",,,,,
b7b46fd421cf4dc3a58d6c80bc9436be,陆以周,,,,,exact,exact,兴山（鹤岗）,[],"[""伪官吏，光复后维持会会长""]",抗日战争时期,"",伪职：伪官吏，光复后维持会会长；罪行：伪满时期依附日本；日本投降后出任维持会会长，与杜文祥合伙把持矿山，联络国民党势力对抗民主政权东北网。；结局：被民主政府逮捕审判。,[],"2026-08-27 03:29:02.096443","2026-08-27 03:29:02.096443",,,,,
b7b51c16a5d44513a6eb25a819fa1c90,林梓周,,,,,exact,exact,新浦、海州,[],"[""伪盐业粮业组合长，维持会骨干""]",抗日战争时期,"",伪职：伪盐业粮业组合长，维持会骨干；罪行：本地商界头目，沦陷初期参加伪维持会；为日军强征海盐、粮食，向商户摊派苛捐；多方奔走拉拢李实甫出山投敌。；结局：战后逮捕惩处。,[],"2026-08-27 03:29:02.099255","2026-08-27 03:29:02.099255",,,,,
b802bb8a681c47ed9f342f479f33e47d,卓特巴扎普,,,,,"","",内蒙古察哈尔,[],"[""院长""]",抗日战争时期,汪伪政权,伪任职务：伪蒙疆政务院院长，察盟伪高官，协助德王组建伪政权。结局：苏军俘虏押往蒙古，病死于乌兰巴托狱中,[],"2026-08-26 17:52:47","2026-08-26 17:52:47",,,,,
b80d0c3bd03e4b32913e98d6c881bcc5,程玉山,,,,,exact,exact,肥东、巢湖西北一带,"[""程小元""]","[""伪军团长，肥东籍""]",抗日战争时期,"",伪职：伪军团长，肥东籍；罪行：土匪投敌，历任伪军大队长、伪二团团长；多次袭击新四军地方武装，抓捕杀害抗日干部，残害根据地群众。；结局：抗战胜利后被国民党收编；1949 年捕获镇压。,[],"2026-08-27 03:29:02.103012","2026-08-27 03:29:02.103012",,,,,
b83580995f624b5495139ba22fc47809,罗锦章,,,,,exact,exact,九江县（今浔阳区）,[],"[""伪九江商会会长""]",抗日战争时期,"",伪职：伪九江商会会长；罪行：鸦片烟商出身，投敌后任伪商会会长，为日军搜刮商业物资、管控市场、掠夺瓷业等资源；结局：史料未明确记载其最终结局（来源：九江伪政权“三巨头”之一，代表日伪控制下的商界）,[],"2026-08-27 03:29:02.077641","2026-08-27 03:29:02.077641",,,,,
b86c885f9e0047ef8b6135cdfe841b78,李万忠,,,,,exact,exact,铁岭,[],"[""伪铁岭县保安总队长""]",抗日战争时期,"",伪职：伪铁岭县保安总队长；罪行：伪保安队头目，多次带队进山围剿赵亚洲抗日总队，抓捕、杀害义勇军战士，血债较多。；结局：抗战胜利逮捕，汉奸罪重判。,[],"2026-08-27 03:29:02.093362","2026-08-27 03:29:02.093362",,,,,
b872b0b51ed546229f31ada087fa4509,张效勤,,,,,exact,exact,东台城区,[],"[""伪东台特工头目""]",抗日战争时期,"",伪职：伪东台特工头目；罪行：汪伪特务骨干，专门搜捕地下党、抗日情报人员，刑讯爱国群众，制造多起冤案。；结局：1945 年东台公审判处死刑枪决盐城市史志...。,[],"2026-08-27 03:29:02.099868","2026-08-27 03:29:02.099868",,,,,
b8980d389bf748d381b2033630d1b7ec,张守业,,,,,exact,exact,茄子河矿区,[],"[""伪茄子河煤矿劳务系把头、特务""]",抗日战争时期,"",伪职：伪茄子河煤矿劳务系把头、特务；罪行：为日军骗招劳工，监视矿工，检举有反日倾向工人，配合日军镇压矿工反抗。；结局：解放后管制改造。,[],"2026-08-27 03:29:02.097345","2026-08-27 03:29:02.097345",,,,,
b89e0462cdd64d0cb0328e596be7a0d3,佟老五,,,,,exact,exact,盖平熊岳,[],"[""熊岳大地主，伪维持会头目""]",抗日战争时期,"",伪职：熊岳大地主，伪维持会头目；罪行：依附日伪，欺压乡里；八一五之后拼凑熊岳治安维持会，网罗伪警、地痞继续作恶，迫害农会干部与群众辽宁省民政...。；结局：被民主政府抓获公审处决。,[],"2026-08-27 03:29:02.092681","2026-08-27 03:29:02.092681",,,,,
b89fa0ae00614914a493f6dd6745af0e,李砚田,,,,,exact,exact,"",[],"[""伪乡宁县县长""]",抗日战争时期,"",伪职：伪乡宁县县长；罪行：日军短期占领乡宁，组建临时伪政权，摊派粮款。；结局：日军撤退后潜逃，后抓捕归案判刑,[],"2026-08-27 03:29:02.090272","2026-08-27 03:29:02.090272",,,,,
b8a31abb3af44186b2c0e29464d01bb5,邵文凯,,,,,"","",辽宁沈阳,[],"[""省级长官""]",抗日战争时期,汪伪政权,伪任职务：伪河南省省长（1944‑1945）。结局：抗战胜利后被捕，后病死狱中河南党史方...,[],"2026-08-26 17:52:47","2026-08-26 17:52:47",,,,,
b8c353710fbe495ca25aa2d987f21df5,徐善东,,,,,exact,exact,宿迁县城（宿城）,[],"[""伪宿迁县维持会会长、伪宿迁县知事（伪县长）""]",抗日战争时期,"",伪职：伪宿迁县维持会会长、伪宿迁县知事（伪县长）；罪行：宿迁沦陷后组建伪维持会，后任伪县公署知事，搭建全套伪政权，推行保甲、强征壮丁粮草，兼伪警察大队长，镇压本地抗日活动中共宿迁市...。；结局：抗战胜利后汉奸审判判处死刑。,[],"2026-08-27 03:29:02.100533","2026-08-27 03:29:02.100533",,,,,
b8df1d4b53a54a62b5639c94f366cba3,刘继广,,,,,"","",山东,[],"[""市长"", ""军长"", ""师长""]",抗日战争时期,汪伪政权,伪任职务：伪蒙古军第一师师长，后任伪包头市首任市长。结局：日本投降后潜逃，后被捕判处徒刑,[],"2026-08-26 17:52:47","2026-08-26 17:52:47",,,,,
b8e319f9397f4e0aae735fdb1ea0e202,张世安,,,,,exact,exact,湾沚（今芜湖湾沚区）,[],"[""湾沚自治会会长（当时属宣城）""]",抗日战争时期,"",伪职：湾沚自治会会长（当时属宣城）；罪行：日军占领湾沚成立自治会，胁迫商户出钱出物资敌，配合芮义发往来宣城敌占区开展伪化活动。；结局：抗战胜利汉奸审判伏法。,[],"2026-08-27 03:29:02.106140","2026-08-27 03:29:02.106140",,,,,
b8ee3bb625ac4f4daeefc5e969425b75,王毅,,,,,exact,exact,"",[],"[""首任伪河东道道尹（1939‑1941）""]",抗日战争时期,"",伪职：首任伪河东道道尹（1939‑1941）；罪行：搭建伪河东道整套行政体系；推行保甲、治安强化运动，强征粮食、盐池资源、劳工；指挥各县伪政权配合日军扫荡中条山、太岳南部根据地，推行奴化教育抖音百科。；结局：抗战胜利逮捕，汉奸罪重判,[],"2026-08-27 03:29:02.089116","2026-08-27 03:29:02.089116",,,,,
b91ae4668a3049a3b3773deeaf55c47e,龚玺揆,,,,,exact,exact,滁县全县,[],"[""汪伪第二任滁县县长""]",抗日战争时期,"",伪职：汪伪第二任滁县县长；罪行：接续伪县政，强化保甲、良民证，横征暴敛，扩充伪警察、密探队，配合日军对珠龙、腰铺、黄泥岗扫荡。；结局：抗战胜利后肃奸判处死刑。,[],"2026-08-27 03:29:02.104854","2026-08-27 03:29:02.104854",,,,,
b938569a7d644155a6876f87873db447,彭盛木,,,,,"","",台湾,[],"[""部长"", ""军长""]",抗日战争时期,汪伪政权,伪任职务：我方军统潜伏特工，汪伪财政部参事，周佛海日语翻译，为重庆搜集情报，不属于汉奸抖音百科。。结局：身份暴露被捕，受酷刑，保释后伤重去世,[],"2026-08-26 17:52:47","2026-08-26 17:52:47",,,,,
b94dadd13d8748769774272e1d086558,姜颂平,,,,,exact,exact,南通城、通如海启,[],"[""汪伪特工总部苏北分区区长（朱公馆特务头子）""]",抗日战争时期,"",伪职：汪伪特工总部苏北分区区长（朱公馆特务头子）；罪行：建立南通最大特务机关 “朱公馆”，网罗大批地痞流氓充当特务；搜捕地下党组织，策反抗日人员，为清乡提供情报支持。；结局：抗战胜利后被逮捕，以汉奸罪判刑。,[],"2026-08-27 03:29:02.099017","2026-08-27 03:29:02.099017",,,,,
b94dba6446d147d28c64648c03e9897c,陆伯英,,,,,"","",镇江,[],"[""市长"", ""部长"", ""委员长"", ""县长""]",抗日战争时期,汪伪政权,伪任职务：汪伪国民党镇江县党部主任委员，伪县政府社会运动科长；负责汪伪党务、奴化宣传，发展汪伪地方党羽镇江市史志...。。结局：光复后判刑关押,[],"2026-08-26 17:52:47","2026-08-26 17:52:47",,,,,
b978b4839f384fbeb6640c03a9789aed,苏体仁,,,,,exact,exact,朔州,[],"[""第一任伪山西省省长（1938‑1942）""]",抗日战争时期,"",伪职：第一任伪山西省省长（1938‑1942）；罪行：组建伪山西省公署，搭建全省伪政权体系；推行保甲、治安强化运动；协助日军掠夺粮食矿产；组建伪警备队，配合扫荡各抗日根据地，推行新民会奴化教育，充当日阎之间联络人。；结局：1942 调北平伪华北政务委员会；抗战胜利隐匿北平，未受审判，1948 病死北平,[],"2026-08-27 03:29:02.087220","2026-08-27 03:29:02.087220",,,,,
b9a0de96dfd84af6bf60c1d6b8af06f0,曹乃庚,,,,,exact,exact,东北,[],"[""伪邢台警备第一大队大队长，驻防城西山区炮楼，多次进山扫荡。""]",抗日战争时期,"",伪职：伪邢台警备第一大队大队长，驻防城西山区炮楼，多次进山扫荡。；结局：邢台解放被俘，判处死刑,[],"2026-08-27 03:29:02.082040","2026-08-27 03:29:02.082040",,,,,
b9b096955d724a2589473a580dd34978,葛某,,,,,exact,exact,泾县章家渡（靠近南陵敌占区）,[],"[""泾县边境奸细""]",抗日战争时期,"",伪职：泾县边境奸细；罪行：往返南陵敌占区，传递情报，走私资敌，煽动部分乡丁投敌。；结局：地方自卫队抓获处置。,[],"2026-08-27 03:29:02.106331","2026-08-27 03:29:02.106331",,,,,
b9d84d97e10a436fa5b24a9b88dca6de,孙柏青,,,,,exact,exact,"",[],"[""伪青龙县县长；强力推行集家并村、修建人圈，疯狂清剿长城沿线抗日武装，制造多起惨案。""]",抗日战争时期,"",伪职：伪青龙县县长；强力推行集家并村、修建人圈，疯狂清剿长城沿线抗日武装，制造多起惨案。；结局：1945 被俘，公审判处死刑,[],"2026-08-27 03:29:02.099675","2026-08-27 03:29:02.099675",,,,,
b9e7c4c6ae714e04aadfa467c8862643,潘文驹,,,,,exact,exact,绍兴‑嵊县,[],"[""伪驹邦部队司令""]",抗日战争时期,"",伪职：伪驹邦部队司令；罪行：与黄阿宝合伙投敌，“驹邦部队” 伪军盘踞绍嵊山区，袭扰游击武装，劫掠乡镇，祸害绍北水乡抖音百科。；结局：部队溃散，本人被捕获处决。,[],"2026-08-27 03:29:02.101548","2026-08-27 03:29:02.101548",,,,,
b9ec711198d9431a9a3520e89567cf50,李蛰锵,,,,,exact,exact,玉环楚门,[],"[""玉环（旧属温州，现台州）汉奸，大发公司主事""]",抗日战争时期,"",伪职：玉环（旧属温州，现台州）汉奸，大发公司主事；罪行：与李步青等人开办 “大发公司”，集鸦片、赌博、慰安为一体，迎合日军，盘剥渔商百姓玉环史志网。；结局：战后汉奸罪逮捕判刑。,[],"2026-08-27 03:29:02.102520","2026-08-27 03:29:02.102520",,,,,
ba108318f0fa4fab89452c4a43f5b22d,额勒春,,,,,exact,exact,达斡尔族,[],"[""第一任伪兴安东省省长（扎兰屯）；接受伪满任命，组建兴安东省公署，推行保甲、奴化教育，配合日本开拓团进入布特哈地区。""]",抗日战争时期,"",伪职：第一任伪兴安东省省长（扎兰屯）；接受伪满任命，组建兴安东省公署，推行保甲、奴化教育，配合日本开拓团进入布特哈地区。；结局：1941 离职，战后关押判刑抖音百科,[],"2026-08-27 03:29:02.086377","2026-08-27 03:29:02.086377",,,,,
ba10dcefcb76475e8cf23f9ab71ebb6f,张文溪,,,,,exact,exact,抚顺郑家屯,[],"[""郑家屯伪警察署署长""]",抗日战争时期,"",伪职：郑家屯伪警察署署长；罪行：死心投靠日军，带领伪警察四处扫荡，抓捕抗联交通员，多次制造村庄惨案。；结局：抗联战斗中被击毙。,[],"2026-08-27 03:29:02.091400","2026-08-27 03:29:02.091400",,,,,
ba159b18ea584630ad22e5f7d345aa15,张世安,,,,,exact,exact,湾沚（今芜湖湾沚区）,[],"[""湾沚自治会会长（当时属宣城）""]",抗日战争时期,"",伪职：湾沚自治会会长（当时属宣城）；罪行：日军占领湾沚成立自治会，胁迫商户出钱出物资敌，配合芮义发往来宣城敌占区开展伪化活动。；结局：抗战胜利汉奸审判伏法。,[],"2026-08-27 03:29:02.106551","2026-08-27 03:29:02.106551",,,,,
ba16dedc927c4fdcaaccfb720f2a98b3,杨德三,,,,,exact,exact,固阳,[],"[""伪保安团团长；1937 奉日军命令攻占大佘太，洗劫商号，建立伪据点；1938 被门炳岳部击溃，化装逃跑，之后继续为日军驻守大佘太，配合日军扫荡周边中共巴彦淖...。""]",抗日战争时期,"",伪职：伪保安团团长；1937 奉日军命令攻占大佘太，洗劫商号，建立伪据点；1938 被门炳岳部击溃，化装逃跑，之后继续为日军驻守大佘太，配合日军扫荡周边中共巴彦淖...。；结局：解放后镇反公审枪决,[],"2026-08-27 03:29:02.086580","2026-08-27 03:29:02.086580",,,,,
ba3707ad6e2d4c26ab11a4393aca34d1,张绍武,,,,,exact,exact,海阳镇,[],"[""伪海阳镇警察所长；驻守海阳据点，配合日军高石茂利宪兵队扫荡游击区，抓捕地下交通员，勒索周边村庄。""]",抗日战争时期,"",伪职：伪海阳镇警察所长；驻守海阳据点，配合日军高石茂利宪兵队扫荡游击区，抓捕地下交通员，勒索周边村庄。；结局：1944 年海阳据点被七区队攻克被俘，判处死刑,[],"2026-08-27 03:29:02.097770","2026-08-27 03:29:02.097770",,,,,
ba3cce38bac84e3792b9c2b87abbdb7d,孙其昌,,,,,exact,exact,吉林,[],"[""伪吉林省财政厅厅长、伪满民生部大臣""]",抗日战争时期,"",伪职：伪吉林省财政厅厅长、伪满民生部大臣；罪行：主管吉林财政，搜刮粮食财税；后入伪满中央，参与经济掠夺。；结局：1951 年北京逮捕，1954 年被处决。,[],"2026-08-27 03:29:02.094367","2026-08-27 03:29:02.094367",,,,,
ba4b4b594302468d8908433669e0f300,褚民谊,重行,,1884,1946,exact,exact,浙江乌程（今湖州）,[],"[""\u4F2A\u884C\u653F\u9662\u79D8\u4E66\u957F"",""\u4F2A\u5916\u4EA4\u90E8\u957F"",""\u6C6A\u4F2A\u6838\u5FC3""]",抗日战争时期,汪伪政权,褚民谊，字重行，浙江吴兴人，汪精卫连襟（妻陈舜贞为陈璧君之妹）。早年留学日本、法国，获医学博士学位。1906年加入同盟会，为国民党元老。1939年随汪投敌，历任汪伪国民党中央监察委员会常委、行政院秘书长、外交部长、广东省省长。1946年8月23日以汉奸罪在苏州被执行枪决。,[],"2026-08-23 12:23:35.050378","2026-08-23 12:23:35.050378",,,,,
ba7aabce804b48f08da6ed2de198c62f,张星三,,,,,exact,exact,赣榆北部石桥、金山一带,[],"[""伪赣榆伪军头目""]",抗日战争时期,"",伪职：伪赣榆伪军头目；罪行：土匪投敌，为日军充当向导，频繁下乡扫荡，劫掠乡村，抓捕抗日干部群众，祸害赣榆沿海地区。；结局：抗战后期在与抗日武装作战中被击毙。,[],"2026-08-27 03:29:02.099237","2026-08-27 03:29:02.099237",,,,,
ba8785f7cfe542a0a4786ab39fef29e0,王自孚,,,,,exact,exact,勃利、依兰,"[""王子孚""]","[""抗联八军三师师长，叛徒""]",抗日战争时期,"",伪职：抗联八军三师师长，叛徒；罪行：杀害抗联八军政治部主任刘曙华，率部队投降日军；充当伪讨伐队向导，破坏密营，捕杀抗联人员。；结局：解放后镇压反革命被枪决中国军网。,[],"2026-08-27 03:29:02.097442","2026-08-27 03:29:02.097442",,,,,
ba8a8fe641834a54a9bf33574408e537,李淑山,,,,,exact,exact,彭泽县（今属九江）,[],"[""伪彭泽县政府保安队队长""]",抗日战争时期,"",伪职：伪彭泽县政府保安队队长；罪行：掌管伪保安队武装，配合日军维持治安、扫荡乡村、抓捕抗日群众；结局：日军投降后被国民党击毙在彭泽北菜场（来源：彭泽伪政府核心武装头目，有明确结局记载）,[],"2026-08-27 03:29:02.077719","2026-08-27 03:29:02.077719",,,,,
bab084316db54a1695c29f7056c27190,任光宇,,,,,exact,exact,武康（今德清）上柏,[],"[""伪武康上柏区伪区长""]",抗日战争时期,"",伪职：伪武康上柏区伪区长；罪行：地方恶少投敌，手上杀害多名武康县中队游击队员，残害莫干山区抗日群众，气焰嚣张。；结局：莫干区中队抓捕，公审处决。,[],"2026-08-27 03:29:02.101973","2026-08-27 03:29:02.101973",,,,,
babe2ccc0b5a4b56a8d2a13236cc108e,周铸鑫,,,,,exact,exact,"",[],"[""伪抚顺末代副市长""]",抗日战争时期,"",伪职：伪抚顺末代副市长；罪行：日伪末期维持伪市政。；结局：日本投降后被捕判刑。,[],"2026-08-27 03:29:02.091368","2026-08-27 03:29:02.091368",,,,,
bac67433b2db4e03bf9c18880ee6a182,刘汉山,,,,,exact,exact,大同,[],"[""伪保安团团长""]",抗日战争时期,"",伪职：伪保安团团长；罪行：驻守大同城郊，强征壮丁扩充伪军，袭扰根据地边缘村庄。；结局：1945 光复被俘，判处重刑,[],"2026-08-27 03:29:02.087483","2026-08-27 03:29:02.087483",,,,,
bad7711ad32c462ea3a951a1f8702c18,王梦尧,,,,,exact,exact,合肥城内,[],"[""伪合肥警察局局长""]",抗日战争时期,"",伪职：伪合肥警察局局长；罪行：执掌伪警察武装，下设多个分驻所；网罗地痞组建侦缉队，搜捕地下党员、爱国青年，酷刑审讯被捕人员，推行宵禁户口检查。；结局：战后公审枪决。,[],"2026-08-27 03:29:02.102994","2026-08-27 03:29:02.102994",,,,,
badab5618a374b25a54a822b9bd13f6e,佟衡,,,,,exact,exact,吉林,[],"[""伪第二军管区参谋长，伪军少将""]",抗日战争时期,"",伪职：伪第二军管区参谋长，伪军少将；罪行：协助吉兴策划对吉林抗联的多次大讨伐。；结局：苏军逮捕，抚顺战犯管理所，后期特赦。,[],"2026-08-27 03:29:02.094459","2026-08-27 03:29:02.094459",,,,,
bb090de86aa74037833c916d092a49c5,佚名南山电台间谍,,,,,"","",不详，伪装苦力,[],"[""军长""]",抗日战争时期,汪伪政权,伪任职务：潜伏重庆南山架设秘密电台，专门向日军发送重庆本地气象情报，解释日军总选晴天轰炸重庆的原因。。结局：军统破获当场抓获，处决,[],"2026-08-26 17:52:47","2026-08-26 17:52:47",,,,,
bb13e9cab56c458589ade386ed82ffff,陈几士,,,,,exact,exact,福州城区,[],"[""伪市政委员会委员""]",抗日战争时期,"",伪职：伪市政委员会委员；罪行：文人附逆，参与伪宣传，协助开办伪报刊、奴化学校。；结局：汉奸法庭重刑判决。,[],"2026-08-27 03:29:02.080122","2026-08-27 03:29:02.080122",,,,,
bb21994b8b2a4006a8eaedb18eec8e5e,“独臂大盗”（真实姓名档案遗失）,,,,,"","",川军军官，重庆高炮营营长,[],"[""军长""]",抗日战争时期,汪伪政权,伪任职务：汪伪安插在重庆核心间谍，以赛珍珠小说《大地》为密码本，向日军密电报送：高炮射高参数、军政机关位置、蒋官邸坐标，为大轰炸提供关键情报。。结局：身份败露被捕，判处死刑枪决,[],"2026-08-26 17:52:47","2026-08-26 17:52:47",,,,,
bb265d2ac64f46d9b473ae0e63a70369,武修忠,,,,,exact,exact,抚宁,[],"[""伪警察大队长；盘踞抚宁东部，进山扫荡，残害山区百姓。""]",抗日战争时期,"",伪职：伪警察大队长；盘踞抚宁东部，进山扫荡，残害山区百姓。；结局：1942 隔河头战斗被八路军 12 团击毙,[],"2026-08-27 03:29:02.081429","2026-08-27 03:29:02.081429",,,,,
bb283897fe8e40c8add838d8d4abf107,潘元恺,,,,,exact,exact,芜湖西内街 11 号,"[""庞道生""]","[""汪伪特工芜湖站（十一号）站长""]",抗日战争时期,"",伪职：汪伪特工芜湖站（十一号）站长；罪行：“芜湖十一号” 特务头子，皖南特务最高头目；下设情报、侦行、警卫，在湾沚、荻港、当涂广布分站，大肆抓捕、刑讯爱国军民，制造大量血案中国人民政...。；结局：抗战胜利后捕获处决。,[],"2026-08-27 03:29:02.103213","2026-08-27 03:29:02.103213",,,,,
bb363940cbe44603acd5417c9580cdf9,于志谦,,,,,exact,exact,兴和,[],"[""伪西北防共自治军司令；抗战爆发前投靠日伪，多次率伪军进犯兴和、集宁一带，劫掠村镇。""]",抗日战争时期,"",伪职：伪西北防共自治军司令；抗战爆发前投靠日伪，多次率伪军进犯兴和、集宁一带，劫掠村镇。；结局：绥远抗战战败后被日军处决,[],"2026-08-27 03:29:02.087046","2026-08-27 03:29:02.087046",,,,,
bb3e0e438fa54affbba2b4721b5662af,周阿福,,,,,"","",无锡,[],"[""特务""]",抗日战争时期,汪伪政权,伪任职务：无锡日伪特务队头目，投靠日本宪兵队，抓捕、残害爱国群众，作恶多端。。结局：抗战胜利公审处决,[],"2026-08-26 17:52:47","2026-08-26 17:52:47",,,,,
bb6a0d09f9bc4a3288743876bcd2b642,陈世文、卜贤举、梁呆子,,,,,"","",江都三里乡,[],"[""部长""]",抗日战争时期,汪伪政权,伪任职务：密探，向日伪告密，引导敌人偷袭我方干部驻地。。结局：1944 年武工队抓获，连夜处决邗江史志网,[],"2026-08-26 17:52:47","2026-08-26 17:52:47",,,,,
bb78f192d3e247adb407e7c1ccb740ef,徐继泰,,,,,exact,exact,涟水、灌南一带,[],"[""伪 “和平反共兴亚建国第三军” 军长，伪涟水、阜宁县长""]",抗日战争时期,"",伪职：伪 “和平反共兴亚建国第三军” 军长，伪涟水、阜宁县长；罪行：原国民党游击司令，1942 年率部投敌；发明多种酷刑残害根据地军民，扫荡盐场，屠杀灶民与抗日干部，频繁袭扰涟东抗日根据地。；结局：抗战胜利后被俘，汉奸审判处决。,[],"2026-08-27 03:29:02.100009","2026-08-27 03:29:02.100009",,,,,
bb7b6afad9e04d8198d23d2532514ece,莫清华,,,,,exact,exact,龙海浯屿岛,[],"[""伪浯屿自治会会长""]",抗日战争时期,"",伪职：伪浯屿自治会会长；罪行：浯屿头号汉奸，引日军登岛，组建伪自治会、闽南警备司令部；岛上广设鸦片馆、赌场、妓院，发行伪流通券，盘剥渔民，引导日伪军袭扰港尾、白沙滩沿海村庄。；结局：抗战胜利后肃奸公审枪决。,[],"2026-08-27 03:29:02.079328","2026-08-27 03:29:02.079328",,,,,
bbb3b342a22c4992a396f0eefdca639b,陈木森,,,,,exact,exact,福州伪警察局,[],"[""伪警骨干""]",抗日战争时期,"",伪职：伪警骨干；罪行：执掌伪警侦缉，盘查城门，抓捕抗日分子。；结局：1946‑06‑10 枪决。,[],"2026-08-27 03:29:02.080226","2026-08-27 03:29:02.080226",,,,,
bbc0811de00243a7b00b4ee8e9d74a61,李寿山,,,,,exact,exact,宽甸,[],"[""伪宽甸县县长""]",抗日战争时期,"",伪职：伪宽甸县县长；罪行：宽甸伪主官，实施保甲连坐，强征国兵、劳工，围剿抗联在宽甸的游击力量。；结局：县城收复后逮捕判刑。,[],"2026-08-27 03:29:02.092336","2026-08-27 03:29:02.092336",,,,,
bbc66d904aa741c3a915c217ddcd10dd,李积玉,,,,,exact,exact,邯郸,[],"[""伪宪兵特务队 “灭共组” 头目；专门搜捕地下党员、交通员，酷刑逼供，亲手杀害多名抗日干部群众。""]",抗日战争时期,"",伪职：伪宪兵特务队 “灭共组” 头目；专门搜捕地下党员、交通员，酷刑逼供，亲手杀害多名抗日干部群众。；结局：解放后公审枪决,[],"2026-08-27 03:29:02.080676","2026-08-27 03:29:02.080676",,,,,
bbcd7377075049e99058918e7c570d6e,万祖安,,,,,"","",常州,[],"[""军长""]",抗日战争时期,汪伪政权,伪任职务：伪武进商会会长，胁迫各行各业缴纳苛捐杂税，为日军筹措物资。。结局：战后逮捕判刑,[],"2026-08-26 17:52:47","2026-08-26 17:52:47",,,,,
bc04787658cf45bd812781b308897de6,周渭清,,,,,exact,exact,江山县城,[],"[""江山临时维持会会长""]",抗日战争时期,"",伪职：江山临时维持会会长；罪行：浙赣战役江山沦陷，组建临时维持会，为日军筹措给养，胁迫地方士绅合作。日军撤退维持会瓦解。；结局：抗战胜利后附逆案审判，判处徒刑。,[],"2026-08-27 03:29:02.102111","2026-08-27 03:29:02.102111",,,,,
bc107ea331e54f4da5fe87448cda10e0,郭柏雷,,,,,exact,exact,孙吴东兴山,[],"[""孙吴东兴山炭窑大把头、密探""]",抗日战争时期,"",伪职：孙吴东兴山炭窑大把头、密探；罪行：向孙吴日本宪兵告密，出卖抗联三支队姚世同小队，致使抗联战士被大批日伪军包围，多人牺牲央视网。；结局：日本投降后被受害劳工群众当场打死。,[],"2026-08-27 03:29:02.098375","2026-08-27 03:29:02.098375",,,,,
bc42066f5472477bba89678ad65976d6,郝凤亭,,,,,exact,exact,六安县城（今裕安区）,[],"[""六安城关维持会会长""]",抗日战争时期,"",伪职：六安城关维持会会长；罪行：六安沦陷头号汉奸，日军入城即组织维持会；搜罗地痞流氓四十余人，为日军征粮筹款、搜集情报、充当扫荡向导，欺压城内百姓。；结局：日军撤退后被捕，1939 年元旦公审枪决。,[],"2026-08-27 03:29:02.105424","2026-08-27 03:29:02.105424",,,,,
bc4b0c5742004cb28de058842ce8cd64,李华堂,,,,,exact,exact,刁翎、依兰、汤原一带,[],"[""原抗联第九军军长，投敌伪讨伐头目""]",抗日战争时期,"",伪职：原抗联第九军军长，投敌伪讨伐头目；罪行：1939 年投降日伪；熟悉下江山林，带队围剿抗联；赵尚志牺牲后到场辨认遗体，助日军邀功；光复后组建国民党土匪武装作乱合江地区。；结局：1946 年捕获，公审处决。,[],"2026-08-27 03:29:02.096986","2026-08-27 03:29:02.096986",,,,,
bc7dd5a1f20143d6800b8b0495963ac3,王兰田,,,,,exact,exact,正定,[],"[""伪正定警备大队长，伪军主力头目，多次配合日军扫荡正定、藁城边区。""]",抗日战争时期,"",伪职：伪正定警备大队长，伪军主力头目，多次配合日军扫荡正定、藁城边区。；结局：解放后镇反公审枪决,[],"2026-08-27 03:29:02.089477","2026-08-27 03:29:02.089477",,,,,
bc8c5944851544e6a0ba6c4fe74e17c4,薛景春,,,,,exact,exact,"",[],"[""伪围场县县长；管控坝上，强征粮秣，搜捕地下抗日人员。""]",抗日战争时期,"",伪职：伪围场县县长；管控坝上，强征粮秣，搜捕地下抗日人员。；结局：战后汉奸罪判处徒刑,[],"2026-08-27 03:29:02.083388","2026-08-27 03:29:02.083388",,,,,
bc95589219be4a64901cc784ed7158a6,廖志强,,,,,"","",广西柳江穿山,[],"[""军长"", ""维持会""]",抗日战争时期,汪伪政权,伪任职务：穿山乡伪维持会长，勾结日军扫荡穿山一带游击区。结局：审判后处死,[],"2026-08-26 17:52:47","2026-08-26 17:52:47",,,,,
bca1233ea43b48f790603d384615224c,李金峰,,,,,exact,exact,本溪,[],"[""伪警察特务系头目""]",抗日战争时期,"",伪职：伪警察特务系头目；罪行：发展密探网络，侦查、告密抓捕抗联地下关系，迫害抗联家属，参与东边道大讨伐。；结局：同场公审枪决北国网。,[],"2026-08-27 03:29:02.091575","2026-08-27 03:29:02.091575",,,,,
bcb80bd3134c4ef8b6f89c17b9e8ed57,杨俭,,,,,exact,exact,"",[],"[""第二任伪安泽县县长""]",抗日战争时期,"",伪职：第二任伪安泽县县长；罪行：接续推行治安强化，搜捕太岳地下人员。；结局：战后逮捕判刑,[],"2026-08-27 03:29:02.090247","2026-08-27 03:29:02.090247",,,,,
bccc640b0e114f1897908e8ceca374c2,孟成民,,,,,exact,exact,本溪赛马集,[],"[""伪赛马集警察署署长""]",抗日战争时期,"",伪职：伪赛马集警察署署长；罪行：驻守赛马集，疯狂搜捕抗联关系，抓捕地方爱国商民，制造多起冤狱本溪纪检监...。；结局：被日军怀疑通抗联，逮捕关押沈阳监狱。,[],"2026-08-27 03:29:02.091632","2026-08-27 03:29:02.091632",,,,,
bce8b232dfdf42c5aaae3e0645175960,王绍武,,,,,exact,exact,"",[],"[""伪东光县县长；配合李文成伪军推行日伪政令，强征粮秣。""]",抗日战争时期,"",伪职：伪东光县县长；配合李文成伪军推行日伪政令，强征粮秣。；结局：战后逮捕判刑,[],"2026-08-27 03:29:02.083722","2026-08-27 03:29:02.083722",,,,,
bcf2226d2f7c48eab42c5489364635e2,卢英,,,,,"","",湖北,[],"[""市长""]",抗日战争时期,汪伪政权,伪任职务：伪上海特别市警察局长，掌控上海伪警察系统，配合 76 号抓捕爱国人士。结局：抗战胜利被捕，判处死刑执行枪决,[],"2026-08-26 17:52:47","2026-08-26 17:52:47",,,,,
bd26abc34a2c43c3b9c29e6a6f2b547f,熊俊民,,,,,"","",广西柳江成团,[],"[""军长"", ""维持会""]",抗日战争时期,汪伪政权,伪任职务：成团乡伪维持会长，为日军搜集粮食情报。结局：公审枪决,[],"2026-08-26 17:52:47","2026-08-26 17:52:47",,,,,
bd28acd94eff42fd9fc6679fd95b266d,周大鲁,,,,,exact,exact,开原,[],"[""伪满第八军管区中将司令""]",抗日战争时期,"",伪职：伪满第八军管区中将司令；罪行：原参加马占山抗日，随即叛变投敌；长期在辽北铁岭、开原、西丰一带讨伐抗联三师；推行集团部落，强拆民房归屯，切断抗联物资来源。；结局：苏军俘获押往伯力，引渡抚顺战犯管理所，1961 年特赦，1982 年去世。,[],"2026-08-27 03:29:02.093377","2026-08-27 03:29:02.093377",,,,,
bd2f9762e5ac433889fffaabea28f4b4,白志彦,,,,,exact,exact,榆次,[],"[""太原宪兵队便衣特务头目，青帮头子""]",抗日战争时期,"",伪职：太原宪兵队便衣特务头目，青帮头子；罪行：投靠太原日本宪兵队，利用青帮广收徒众，发展密探，破获地下组织，抓捕爱国群众。；结局：解放后公审枪决,[],"2026-08-27 03:29:02.087303","2026-08-27 03:29:02.087303",,,,,
bd3c7431db2c402c993fe74935c9599b,王二混子,,,,,exact,exact,金寨古碑冲一带,[],"[""立煌（金寨）潜入密探""]",抗日战争时期,"",伪职：立煌（金寨）潜入密探；罪行：从皖中沦陷区窜入，伪装货郎，趁日军窜扰立煌期间搜集军情，散布失败谣言。；结局：乡自卫队抓获处置。,[],"2026-08-27 03:29:02.105581","2026-08-27 03:29:02.105581",,,,,
bd46bbf2fc8f40f8ba00f53b5b7f5c40,陆定一,,,,,exact,exact,泰兴县城,"[""伪，同名""]","[""伪泰兴县自治会会长、伪县长""]",抗日战争时期,"",伪职：伪泰兴县自治会会长、伪县长；罪行：泰兴沦陷初期组建伪自治会，迎接日军，建立伪基层体系，摊派苛捐杂税，拉拢地方士绅附逆。；结局：抗战胜利后清算惩处。,[],"2026-08-27 03:29:02.100240","2026-08-27 03:29:02.100240",,,,,
bd5930f0da554b2bbba957df142aa199,李宝珍,,,,,exact,exact,梨树,[],"[""伪梨树县保安大队长""]",抗日战争时期,"",伪职：伪梨树县保安大队长；罪行：九一八后率保安队投降日军；指挥伪保安队围剿辽北义勇军，抓捕爱国群众。；结局：解放后镇反判处长期徒刑。,[],"2026-08-27 03:29:02.094866","2026-08-27 03:29:02.094866",,,,,
bd62a5c5040644918c4225f5b17f62a8,孙赓尧,,,,,exact,exact,兴城,[],"[""伪兴城县县长""]",抗日战争时期,"",伪职：伪兴城县县长；罪行：建立兴城伪公署，推行保甲连坐，压榨城乡百姓。；结局：光复后被捕判刑。,[],"2026-08-27 03:29:02.092516","2026-08-27 03:29:02.092516",,,,,
bd81ab6436034113ac50c1ea5f23124f,隋明福,,,,,exact,exact,"",[],"[""伪玉田县县长，配合铃木启久日军部队推行第四次治安强化运动；组建反共自卫团、棍儿团，炮制 “八大杀禁律”，全县抓捕三千余抗日人员，制造玉田大抓捕惨案唐山党史网。""]",抗日战争时期,"",伪职：伪玉田县县长，配合铃木启久日军部队推行第四次治安强化运动；组建反共自卫团、棍儿团，炮制 “八大杀禁律”，全县抓捕三千余抗日人员，制造玉田大抓捕惨案唐山党史网。；结局：冀东民主政府公审死刑,[],"2026-08-27 03:29:02.086835","2026-08-27 03:29:02.086835",,,,,
bd9f6fe0955341bc9be29dffd6d22740,俞荣庆,,,,,exact,exact,铁岭,[],"[""九一八铁岭自治维持会委员长，后伪铁岭县县长""]",抗日战争时期,"",伪职：九一八铁岭自治维持会委员长，后伪铁岭县县长；罪行：九一八事变次日即牵头成立维持会，打开城门迎日军入城，移交档案、收缴本地公安武装；协助日军接管铁岭，摊派苛捐杂税，搜捕爱国人士，维持殖民统治。；结局：日本投降后潜逃，汉奸罪登记在案，终身背负汉奸身份。,[],"2026-08-27 03:29:02.093318","2026-08-27 03:29:02.093318",,,,,
bdb719c9e4a44051a88e0d0c9481dd14,孙荣久,,,,,exact,exact,桦南、勃利,"[""孙老兆""]","[""抗联八军师长，投敌伪山林队头目""]",抗日战争时期,"",伪职：抗联八军师长，投敌伪山林队头目；罪行：投降日军，充当伪山林讨伐队；日本投降后接受国民党委任，大肆劫掠、杀害基层干部，合江四大匪首之一。；结局：1947 年剿匪被俘处决。,[],"2026-08-27 03:29:02.097032","2026-08-27 03:29:02.097032",,,,,
bdcb73407f1d4a8a95d4bcd9b010166d,林阿发,,,,,exact,exact,乌丘屿,[],"[""日伪翻译汉奸""]",抗日战争时期,"",伪职：日伪翻译汉奸；罪行：为岛上日军当翻译，协助审讯被俘渔民、海上游击人员，给伪军出谋划策，引导伪军登岸骚扰莆田沿海村庄。；结局：光复后抓捕判刑。,[],"2026-08-27 03:29:02.079985","2026-08-27 03:29:02.079985",,,,,
bdcc5d9a0b2447cda68f98b99fea9c39,黄希文,,,,,exact,exact,"",[],"[""伪磁县县长（知事）；精通日语，推行奴化教育，掠夺彭城陶瓷资源，组织伪警备队扫荡磁西山区。""]",抗日战争时期,"",伪职：伪磁县县长（知事）；精通日语，推行奴化教育，掠夺彭城陶瓷资源，组织伪警备队扫荡磁西山区。；结局：抗战胜利逮捕，判处长期监禁,[],"2026-08-27 03:29:02.081684","2026-08-27 03:29:02.081684",,,,,
bdd73e74d4e346d38e1de683b959ff42,齐默特色木丕勒,,,,,exact,exact,前郭尔罗斯前旗（哈拉毛都王府）,[],"[""郭尔罗斯前旗札萨克亲王，伪满蒙政部大臣、兴安总署总长""]",抗日战争时期,"",伪职：郭尔罗斯前旗札萨克亲王，伪满蒙政部大臣、兴安总署总长；罪行：参与炮制伪满洲国，签署伪东北行政委员会独立宣言；带头将蒙地献给伪满，配合日本推行蒙地掠夺，庇护日本特务，协助日本对蒙东地区殖民统治抖音百科。；结局：1942 年病死于王府，未等到抗战审判。,[],"2026-08-27 03:29:02.095359","2026-08-27 03:29:02.095359",,,,,
bdf5855c147f488d8a32aaa93633b401,达密凌苏龙,,,,,exact,exact,察哈尔右翼后旗,[],"[""伪蒙古军第七师少将师长（驻商都）；原地方武装，1937 投日，指挥伪骑兵在商都、陶林一带扫荡，镇压草原抗日活动。""]",抗日战争时期,"",伪职：伪蒙古军第七师少将师长（驻商都）；原地方武装，1937 投日，指挥伪骑兵在商都、陶林一带扫荡，镇压草原抗日活动。；结局：1945 向苏蒙军投降，部队被带入外蒙古，后病死抖音百科,[],"2026-08-27 03:29:02.087094","2026-08-27 03:29:02.087094",,,,,
be030828c82a46c9a1e9077f953ecd99,张相周,,,,,exact,exact,"",[],"[""末代伪抚宁县县长；强化物资统制，配合日军制造长城无人区。""]",抗日战争时期,"",伪职：末代伪抚宁县县长；强化物资统制，配合日军制造长城无人区。；结局：战后汉奸罪判处长期徒刑,[],"2026-08-27 03:29:02.081437","2026-08-27 03:29:02.081437",,,,,
be0729593b274f8fa1c3282cf1d1b757,赵君甫,,,,,exact,exact,郎溪梅渚、钟桥,[],"[""伪军大队长""]",抗日战争时期,"",伪职：伪军大队长；罪行：驻守梅渚伪军头目，率部四处抢粮、勒索乡民，勾结地方土顽，多次袭击郎广游击根据地乡公所，图谋暗杀乡长乐凤鸣。；结局：抗战胜利后被国民党收编；解放后镇反处决。,[],"2026-08-27 03:29:02.106434","2026-08-27 03:29:02.106434",,,,,
be0ee5f1263049199c23d023dae1be56,陈升儒,,,,,exact,exact,泗阳众兴,[],"[""伪泗阳县县长、苏淮特区教育处长""]",抗日战争时期,"",伪职：伪泗阳县县长、苏淮特区教育处长；罪行：教育出身投敌，两度出任伪泗阳县长；建立伪保甲体系，奴化教育，征粮抓丁，配合日伪扫荡泗阳根据地。；结局：1945 年两淮战役被俘，1946 年两万群众公审处决。,[],"2026-08-27 03:29:02.100034","2026-08-27 03:29:02.100034",,,,,
be3cfa0323054a3bb78148808bca8185,刘伯阳,,,,,exact,exact,徐州周边专区,[],"[""伪淮海省第六区行政督察专员""]",抗日战争时期,"",伪职：伪淮海省第六区行政督察专员；罪行：伪淮海省高级官员，督导数县伪政权，督促各县清乡、征粮，镇压抗日活动。；结局：日本投降后潜逃，后被捕获审判。,[],"2026-08-27 03:29:02.098930","2026-08-27 03:29:02.098930",,,,,
be8ada50d8a841ab81885a758a2b17b6,徐其昌,,,,,exact,exact,屯留,[],"[""伪屯留县县长、防守司令""]",抗日战争时期,"",伪职：伪屯留县县长、防守司令；罪行：屯留伪政权主官，强征壮丁物资，配合日军封锁根据地。；结局：抗战胜利后逮捕判刑,[],"2026-08-27 03:29:02.087907","2026-08-27 03:29:02.087907",,,,,
be8cfe4e54784e459b76d035f6140a5e,桑如桂,,,,,exact,exact,哈尔滨,[],"[""原哈尔滨特委交通局主任，叛徒""]",抗日战争时期,"",伪职：原哈尔滨特委交通局主任，叛徒；罪行：追随韩守魁叛变，出卖交通站、地下干部，大量地下工作者因此被捕遇害。；结局：解放后惩处。,[],"2026-08-27 03:29:02.095730","2026-08-27 03:29:02.095730",,,,,
be998f5f50134543a92147d11e84295d,许丁仔,,,,,exact,exact,金门（原属泉州）,[],"[""金门伪乡维持会长""]",抗日战争时期,"",伪职：金门伪乡维持会长；罪行：金门沦陷后投敌，办理良民证，征粮抓夫，欺压金门百姓，配合日军对泉州沿海开展策反。；结局：光复后公审处决。,[],"2026-08-27 03:29:02.079662","2026-08-27 03:29:02.079662",,,,,
bea4ca880f9a4673b531807260405f11,赵自魁,,,,,exact,exact,宿县蒿沟集（埇桥区）,[],"[""伪军大队长""]",抗日战争时期,"",伪职：伪军大队长；罪行：土匪投敌，二百余人武装盘踞蒿沟；敲诈掠夺，霸占妇女，勾结大店日军，残害周边百姓，手下窦玉斋等四人为四大恶爪。；结局：宿东游击支队攻打据点，被俘公审枪决。,[],"2026-08-27 03:29:02.105310","2026-08-27 03:29:02.105310",,,,,
beab75b65a4f47d9a12ef834a282ef30,张海鹏,,,,,"","",辽宁盖州,[],"[""省级长官"", ""司令""]",抗日战争时期,汪伪政权,伪任职务：伪边境保安司令，伪热河省长，奉系元老，九一八即投敌，参与江桥作战进攻马占山。结局：1949 年后逮捕，1951 年镇反处决,[],"2026-08-26 17:52:47","2026-08-26 17:52:47",,,,,
beb10840a5f64c33add0251af23fe8ab,方星樵,,,,,exact,exact,合肥全县,[],"[""汪伪合肥县公署首任知事（伪县长）""]",抗日战争时期,"",伪职：汪伪合肥县公署首任知事（伪县长）；罪行：1939‑02‑01 伪合肥县公署正式成立，首任主官；组建伪警察、大民会庐州支部，推行保甲、奴化教育，搜刮粮食物资，镇压城内抗日活动。；结局：抗战胜利后逮捕伏法。,[],"2026-08-27 03:29:02.102785","2026-08-27 03:29:02.102785",,,,,
beb66b73b3aa4e84b6044f5e319a2a66,王玉琨,,,,,exact,exact,海州、新浦,[],"[""青帮头目、日伪特务联络人""]",抗日战争时期,"",伪职：青帮头目、日伪特务联络人；罪行：海州青帮首领，充当日军说客，联络地方士绅、旧官僚，为伪政权网罗爪牙，搜集民间情报。；结局：解放后被逮捕审判。,[],"2026-08-27 03:29:02.099271","2026-08-27 03:29:02.099271",,,,,
beb8cc3455534e05b30a2b13f7b65ee5,潘文驹,,,,,exact,exact,绍兴‑嵊县,[],"[""伪驹邦部队司令""]",抗日战争时期,"",伪职：伪驹邦部队司令；罪行：与黄阿宝合伙投敌，“驹邦部队” 伪军盘踞绍嵊山区，袭扰游击武装，劫掠乡镇，祸害绍北水乡抖音百科。；结局：部队溃散，本人被捕获处决。,[],"2026-08-27 03:29:02.101742","2026-08-27 03:29:02.101742",,,,,
bee3b62252f74c05825a8355a473e589,张涵轩,,,,,exact,exact,寿县县城,[],"[""寿县汉奸爪牙""]",抗日战争时期,"",伪职：寿县汉奸爪牙；罪行：依附黄玉章，告密抓捕城内爱国人士，敲诈市民财物寿县人民政...。；结局：随同黄玉章被处决。,[],"2026-08-27 03:29:02.105541","2026-08-27 03:29:02.105541",,,,,
bf00801cab7642a88a96f0169edf74e3,毕如清,,,,,exact,exact,高平北王庄,[],"[""伪据点帮凶，充当日军爪牙，欺压百姓。""]",抗日战争时期,"",伪职：伪据点帮凶，充当日军爪牙，欺压百姓。；罪行：解放后清算处理晋城市人民...,[],"2026-08-27 03:29:02.088370","2026-08-27 03:29:02.088370",,,,,
bf1b30ce3c7a46aa9f1cecc78fdfb076,李思贤,,,,,exact,exact,厦门全岛、鼓浪屿、金门,[],"[""伪厦门特别市市长，兼警察厅长、劝业银行董事长，十余项伪职抖音百科""]",抗日战争时期,"",伪职：伪厦门特别市市长，兼警察厅长、劝业银行董事长，十余项伪职抖音百科；罪行：厦门头号大汉奸；主持全套伪行政、警政体系；推行保甲良民证，强征物资民夫，兴办奴化宣传，掌控金融，镇压爱国活动。；结局：抗战胜利一审死刑，上诉改 15 年，保外就医潜逃漳州；1951 年新中国公审枪决。,[],"2026-08-27 03:29:02.080363","2026-08-27 03:29:02.080363",,,,,
bf5a46554acd45e3866fae4280916780,徐景隆,,,,,exact,exact,洮南、白城、江桥前线,[],"[""张海鹏部伪骑兵团少将团长""]",抗日战争时期,"",伪职：张海鹏部伪骑兵团少将团长；罪行：张海鹏核心部下，率伪军作为日军先锋进攻江桥，疯狂进攻马占山抗日部队，在白城周边驻防镇压民众反抗。；结局：江桥作战中被抗日武装击毙。,[],"2026-08-27 03:29:02.095523","2026-08-27 03:29:02.095523",,,,,
bf7425fe44874a48a215cef9ff6035ad,周光汉,,,,,exact,exact,营口,[],"[""伪营口警察厅特务系主任""]",抗日战争时期,"",伪职：伪营口警察厅特务系主任；罪行：掌管华人特务密探，侦查、抓捕地下爱国分子，刑讯迫害 “思想犯”“国事犯”，多次参与大逮捕，血债较多。；结局：营口解放后公审枪决。,[],"2026-08-27 03:29:02.092674","2026-08-27 03:29:02.092674",,,,,
bfa54521737d406f96370bb599f65555,柳世平,,,,,exact,exact,武清,"[""柳小五""]","[""伪武清保安第一总队司令，势力覆盖安次、胜芳一带；廊坊头号铁杆汉奸，盘踞胜芳、葛渔城，多次扫荡大清河北，屠杀干部群众。""]",抗日战争时期,"",伪职：伪武清保安第一总队司令，势力覆盖安次、胜芳一带；廊坊头号铁杆汉奸，盘踞胜芳、葛渔城，多次扫荡大清河北，屠杀干部群众。；结局：1945 年天津被国民党逮捕，1946 公审枪决北方网,[],"2026-08-27 03:29:02.083865","2026-08-27 03:29:02.083865",,,,,
bfb0f1362cdf45f9b79396bf19e24b7a,张子耀,,,,,exact,exact,冀县北尉迟,[],"[""伪冀县警备团副团长；土匪出身，驻防垒头、码头李据点，多次扫荡滏阳河两岸，抓捕县区干部。""]",抗日战争时期,"",伪职：伪冀县警备团副团长；土匪出身，驻防垒头、码头李据点，多次扫荡滏阳河两岸，抓捕县区干部。；结局：冀县解放被俘，公审枪决,[],"2026-08-27 03:29:02.084518","2026-08-27 03:29:02.084518",,,,,
bfd772417b894c9aa0c8c84210b135ee,张慕周,,,,,exact,exact,丰镇,[],"[""伪丰镇县县长；接管丰镇城，掠夺粮食牲畜，修筑炮楼，对蛮汉山南侧实行封锁。""]",抗日战争时期,"",伪职：伪丰镇县县长；接管丰镇城，掠夺粮食牲畜，修筑炮楼，对蛮汉山南侧实行封锁。；结局：战后逮捕，判处无期徒刑,[],"2026-08-27 03:29:02.087007","2026-08-27 03:29:02.087007",,,,,
c0025faf55b5480abdac3b585cbcd926,张士达,,,,,exact,exact,晋城,[],"[""伪晋城县末代县长""]",抗日战争时期,"",伪职：伪晋城县末代县长；罪行：维持日伪末期统治，强征物资，迫害抗日家属。；结局：光复后逮捕判刑,[],"2026-08-27 03:29:02.088311","2026-08-27 03:29:02.088311",,,,,
c00c01cb730c431fb7f941531c0465f3,张绍武,,,,,exact,exact,海阳镇,[],"[""伪海阳镇警察所长；驻守海阳据点，配合日军高石茂利宪兵队扫荡游击区，抓捕地下交通员，勒索周边村庄。""]",抗日战争时期,"",伪职：伪海阳镇警察所长；驻守海阳据点，配合日军高石茂利宪兵队扫荡游击区，抓捕地下交通员，勒索周边村庄。；结局：1944 年海阳据点被七区队攻克被俘，判处死刑,[],"2026-08-27 03:29:02.099587","2026-08-27 03:29:02.099587",,,,,
c00ed3acb7804ed099e1b05ffee5c7e3,国长有,,,,,exact,exact,庆安、绥棱安邦河林区,[],"[""伪森林警察、伪挺进队队长""]",抗日战争时期,"",伪职：伪森林警察、伪挺进队队长；罪行：土匪出身投降日军，熟悉山林，带领挺进队进山扫荡；1942 年偷袭抗联三路军总指挥部，造成抗联总参谋长许亨植牺牲，疯狂捕杀抗联小部队人员绥化新闻网。；结局：解放后镇压反革命被处决。,[],"2026-08-27 03:29:02.098493","2026-08-27 03:29:02.098493",,,,,
c05e93f19d214b6a887e4c8e38b08017,贾子英,,,,,exact,exact,稷山,[],"[""伪稷山县县长""]",抗日战争时期,"",伪职：伪稷山县县长；罪行：组建稷山伪政权，管控汾河沿线，抓壮丁、征粮，配合治安强化。；结局：光复后逮捕判刑,[],"2026-08-27 03:29:02.089211","2026-08-27 03:29:02.089211",,,,,
c064e0894cdf4519a4cfbdab7d3f4ceb,武修忠,,,,,exact,exact,抚宁,[],"[""伪警察大队长；盘踞抚宁东部，进山扫荡，残害山区百姓。""]",抗日战争时期,"",伪职：伪警察大队长；盘踞抚宁东部，进山扫荡，残害山区百姓。；结局：1942 隔河头战斗被八路军 12 团击毙,[],"2026-08-27 03:29:02.097818","2026-08-27 03:29:02.097818",,,,,
c08f6b08eef44101a802d3d1f035c9e4,王楚卿,,,,,exact,exact,丽水城关（莲都）,[],"[""丽水县（莲都）临时维持会会长""]",抗日战争时期,"",伪职：丽水县（莲都）临时维持会会长；罪行：1942 年 6 月日军占领丽水，胁迫出任维持会会长；召集商户回城开市，为日军强征粮食、民夫、物资，办理良民证，协助日军管控城区治安。；结局：日军撤退后被第三战区逮捕，汉奸公审判处死刑执行枪决。,[],"2026-08-27 03:29:02.102619","2026-08-27 03:29:02.102619",,,,,
c090117333334ae689aae352bc889bb0,董必安,,,,,"","",海南昌江,[],"[""省级长官"", ""军长"", ""维持会""]",抗日战争时期,伪军,伪任职务：昌江溪南伪维持会会长，组建伪军小分队，多次带队扫荡村庄，残害群众数十人海南省退役...。结局：被琼崖抗日武装锄奸处决,[],"2026-08-26 17:52:47","2026-08-26 17:52:47",,,,,
c0a8035525d0451d9dd88187001341c7,陈楷贤,,,,,exact,exact,怀宁洪镇,[],"[""安庆特务机关大特务、伪洪镇区区长""]",抗日战争时期,"",伪职：安庆特务机关大特务、伪洪镇区区长；罪行：鸦片烟鬼出身，铁杆特务；带队充当日军向导夜袭江镇，纵火焚烧民房；拦劫根据地紧缺盐、布、医药物资；随意罗织 “私通新四军” 罪名抓捕百姓，敲诈勒索，血债累累。；结局：1942 冬被游击锄奸队就地击毙。,[],"2026-08-27 03:29:02.104531","2026-08-27 03:29:02.104531",,,,,
c0bbfc1dac864a169771a594b214ef90,吴鹤龄,,,,,"","",内蒙古喀喇沁旗,[],"[""院长""]",抗日战争时期,汪伪政权,伪任职务：伪蒙疆参议府议长，伪政务院院长，德王核心幕僚，起草伪政权法令。结局：1949 年逃往台湾，客死台湾，未受审判,[],"2026-08-26 17:52:47","2026-08-26 17:52:47",,,,,
c0c46101f9c741999411c1fe07d89b47,张宪堂,,,,,exact,exact,和顺,[],"[""伪和顺县县长""]",抗日战争时期,"",伪职：伪和顺县县长；罪行：日军占领和顺县城后组建伪县公署，修筑炮楼，压榨百姓。；结局：县城收复后逮捕判刑,[],"2026-08-27 03:29:02.088987","2026-08-27 03:29:02.088987",,,,,
c0cc9900845f43c1bb885ffb12472da5,于子敬,,,,,exact,exact,临榆,[],"[""伪临榆县长，管控山海关隘口，盘查进出关人员。""]",抗日战争时期,"",伪职：伪临榆县长，管控山海关隘口，盘查进出关人员。；结局：抗战胜利逮捕判刑,[],"2026-08-27 03:29:02.091988","2026-08-27 03:29:02.091988",,,,,
c0ef569731a9477e855b681464f147d5,沈大方,,,,,exact,exact,吴兴练市,"[""麻子阿方""]","[""伪练市镇镇长""]",抗日战争时期,"",伪职：伪练市镇镇长；罪行：基层伪头目，配合清乡，敲诈商户，告密地下人员线索。；结局：抗战胜利后公审惩处。,[],"2026-08-27 03:29:02.101957","2026-08-27 03:29:02.101957",,,,,
c0fb611a747145d292f27d5ac0a22e96,周海山,,,,,exact,exact,青龙,[],"[""伪青龙警备大队长；伪军主力头目，多次配合日军扫荡迁青平根据地。""]",抗日战争时期,"",伪职：伪青龙警备大队长；伪军主力头目，多次配合日军扫荡迁青平根据地。；结局：解放后镇反公审处决,[],"2026-08-27 03:29:02.099682","2026-08-27 03:29:02.099682",,,,,
c1025e6256794cfca4da14eca69a66f5,杨法贤,,,,,exact,exact,南乐,[],"[""伪南乐警备大队长；率伪军袭扰卫河两岸游击区。""]",抗日战争时期,"",伪职：伪南乐警备大队长；率伪军袭扰卫河两岸游击区。；结局：南乐解放被俘处死,[],"2026-08-27 03:29:02.081843","2026-08-27 03:29:02.081843",,,,,
c11b617be1d449908229df8184a1bc8d,杨翰西,,,,,"","",无锡,[],"[""市长"", ""军长"", ""委员长""]",抗日战争时期,汪伪政权,伪任职务：无锡伪自治委员会委员长（沦陷初期最高傀儡），无锡工商巨头，协助日军恢复城市秩序、管控工商业；后挂汪伪水利委员会委员虚衔，后期退出地方伪政权。。结局：抗战胜利被捕，后保释，逃往香港终老，未受重刑审判,[],"2026-08-26 17:52:47","2026-08-26 17:52:47",,,,,
c12730c17d844697b2e450f0124643a7,关书范,,,,,exact,exact,宁安、海林,[],"[""抗联五军一师师长，动摇叛变分子""]",抗日战争时期,"",伪职：抗联五军一师师长，动摇叛变分子；罪行：八女投江所掩护的部队指挥员，暗中与日军秘密接洽，计划率部投降，严重动摇军心。；结局：1939 年周保中主持军法审判，就地枪决。,[],"2026-08-27 03:29:02.097214","2026-08-27 03:29:02.097214",,,,,
c1274523515b465c9b5d171d1e2f3fbc,韩步洲,,,,,exact,exact,榆次,[],"[""伪山西省保安第四师师长""]",抗日战争时期,"",伪职：伪山西省保安第四师师长；罪行：原阎军，投敌，驻扎榆次；多次率伪军扫荡榆次、太谷边山根据地，抓捕抗日干部。；结局：抗战胜利被阎锡山收编；太原解放被俘，劳动改造,[],"2026-08-27 03:29:02.088787","2026-08-27 03:29:02.088787",,,,,
c15093f004c243b292d9ca0d2499e344,陈伯涛,,,,,exact,exact,东台县城,[],"[""伪东台县伪警察局长""]",抗日战争时期,"",伪职：伪东台县伪警察局长；罪行：执掌伪警察队伍，配合特务抓捕进步人士，推行宵禁，镇压城内抗日活动。；结局：公审后执行死刑盐城市史志...。,[],"2026-08-27 03:29:02.099876","2026-08-27 03:29:02.099876",,,,,
c15b54d4dde64d02ac57458081cc495f,唐树森,,,,,exact,exact,滦县,[],"[""原村级抗日办事员，被捕叛变；充当特务向导，告密烧死抗日群众高清，指认暴动参与者与抗日家属。""]",抗日战争时期,"",伪职：原村级抗日办事员，被捕叛变；充当特务向导，告密烧死抗日群众高清，指认暴动参与者与抗日家属。；结局：抗战胜利村民抓获，公审处死,[],"2026-08-27 03:29:02.091910","2026-08-27 03:29:02.091910",,,,,
c1b6cbd5cdda4459ab71aeb3697395a2,李庆元,,,,,exact,exact,锦州,[],"[""伪锦州警察厅特务系主任""]",抗日战争时期,"",伪职：伪锦州警察厅特务系主任；罪行：掌管华人特务密探网络，搜捕锦州城内地下爱国分子，刑讯迫害被捕群众。；结局：1946 年锦州公审枪决。,[],"2026-08-27 03:29:02.092532","2026-08-27 03:29:02.092532",,,,,
c1c2f0fcd5ca4f22aeb6312373b50330,张慕山,,,,,exact,exact,太和县城商界,[],"[""资敌奸商""]",抗日战争时期,"",伪职：资敌奸商；罪行：利用沙河航运，向凤台、蚌埠沦陷区走私粮食、棉花，换回鸦片毒品，巨额资敌，没有出任伪职。；结局：抗战胜利肃奸立案，没收全部商号资产，判处有期徒刑。,[],"2026-08-27 03:29:02.105114","2026-08-27 03:29:02.105114",,,,,
c1e03a1a10bf4c1889e55145e0e37bad,廖子猷,,,,,"","",云南龙陵,[],"[""维持会""]",抗日战争时期,汪伪政权,伪任职务：伪龙陵行政科长，办理乡镇维持会管控事务，下乡摊派苛捐物资。结局：龙陵光复被捕，判处死刑,[],"2026-08-26 17:52:47","2026-08-26 17:52:47",,,,,
c1fb2e2b698d4412ad9a0277566a221f,潘达,,,,,"","",上海,[],[],抗日战争时期,汪伪政权,伪任职务：76 号行动大队头目，执行大量暗杀绑架。结局：抗战胜利公审枪决,[],"2026-08-26 17:52:47","2026-08-26 17:52:47",,,,,
c20432c6435841369d91a9f56372d9ca,丁超,,,,,exact,exact,辽宁新宾,[],"[""伪安东省省长（华人）""]",抗日战争时期,"",伪职：伪安东省省长（华人）；罪行：原东北抗日自卫军将领，兵败投敌；主持伪安东省政务，推行集团部落、保甲，强征劳工，配合东边道大讨伐围剿抗联。；结局：1945 苏军逮捕，关押抚顺战犯管理所，1951 年狱中病死。,[],"2026-08-27 03:29:02.092230","2026-08-27 03:29:02.092230",,,,,
c21df2bca2aa41df8048fc41a27d34b3,孙锡琪（孙良甫）,,,,,"","",江都公道镇,[],"[""军长"", ""特务""]",抗日战争时期,汪伪政权,伪任职务：地方帮会头目，勾结扬州打铜巷日军特务机关，收集我方情报，广收门徒扩充势力。。结局：战后汉奸罪判刑关押邗江史志网,[],"2026-08-26 17:52:47","2026-08-26 17:52:47",,,,,
c22f86c84ad04909be72b888e7f86df8,杨先葆,,,,,exact,exact,湾沚,[],"[""湾沚自治会骨干""]",抗日战争时期,"",伪职：湾沚自治会骨干；罪行：协助张世安办理自治会事务，征夫征粮，侦查周边抗日武装动向。；结局：肃奸立案判处有期徒刑。,[],"2026-08-27 03:29:02.106148","2026-08-27 03:29:02.106148",,,,,
c248912fa8cb4acda6bcc952f88f6263,王慕陶,,,,,exact,exact,宣城全县,[],"[""汪伪宣城县伪县长""]",抗日战争时期,"",伪职：汪伪宣城县伪县长；罪行：正式伪县公署主官，设立伪警察、伪保安大队，推行保甲，配合日军清剿宣南、孙家埠游击区，掠夺物资。；结局：日本投降后捕获，判处死刑。,[],"2026-08-27 03:29:02.106219","2026-08-27 03:29:02.106219",,,,,
c24a77cbd8c44e7aa6d4609f9812474a,赵玉昆,,,,,exact,exact,五寨,[],"[""伪五寨警备大队长""]",抗日战争时期,"",伪职：伪五寨警备大队长；罪行：祸害五寨周边乡村，搜捕晋绥根据地人员。；结局：解放后公审枪决,[],"2026-08-27 03:29:02.089939","2026-08-27 03:29:02.089939",,,,,
c255c304bce94ea4a32e4eaf6ecfb8e2,高立山,,,,,exact,exact,临榆,[],"[""伪警察局南海分驻所所长，外号 “南霸天”；驻守秦皇岛南海一带，抓捕多名抗日工作人员，借红白喜事大肆勒索商户百姓。""]",抗日战争时期,"",伪职：伪警察局南海分驻所所长，外号 “南霸天”；驻守秦皇岛南海一带，抓捕多名抗日工作人员，借红白喜事大肆勒索商户百姓。；结局：抗战胜利后公审处死,[],"2026-08-27 03:29:02.095973","2026-08-27 03:29:02.095973",,,,,
c25820c247d24eeaaff7771aa688ffee,董二虎,,,,,exact,exact,广平,[],"[""伪特务系长；专门刺探地下组织情报，告密多名地方干部被捕。""]",抗日战争时期,"",伪职：伪特务系长；专门刺探地下组织情报，告密多名地方干部被捕。；结局：镇反时期处决,[],"2026-08-27 03:29:02.081804","2026-08-27 03:29:02.081804",,,,,
c2a8ba4c002e485e8479c695afaa5cdb,汪步青,,,,,"","",湖北武汉,[],"[""军长"", ""师长""]",抗日战争时期,伪军,伪任职务：伪皇协军第 82 师师长，盘踞鄂中汉阳、沔阳，进攻新四军五师。结局：1942 年部队被新四军重创，抗战胜利后被捕处决,[],"2026-08-26 17:52:47","2026-08-26 17:52:47",,,,,
c2b2b9c326c942b4aeca77e851e054bf,方克武,,,,,"","",云南德宏,[],"[""市长"", ""军长""]",抗日战争时期,伪军,伪任职务：伪自卫团团长，土司地方伪军头目，驻防芒市周边，对付游击队。结局：收复后捕获处决,[],"2026-08-26 17:52:47","2026-08-26 17:52:47",,,,,
c2f64e5d1ee54837848c47e0618faf3b,王典,,,,,exact,exact,怀来,[],"[""董九吉同伙，投敌汉奸；参与捣毁桑园、矾山救国会，抓捕抗日人员。""]",抗日战争时期,"",伪职：董九吉同伙，投敌汉奸；参与捣毁桑园、矾山救国会，抓捕抗日人员。；结局：抗战胜利清算处决,[],"2026-08-27 03:29:02.083015","2026-08-27 03:29:02.083015",,,,,
c36d4a826c5340cd811ca84e184d14d2,刘老惠,,,,,exact,exact,沙河,[],"[""伪警察特务系长，刺探太行根据地情报，抓捕来往交通人员。""]",抗日战争时期,"",伪职：伪警察特务系长，刺探太行根据地情报，抓捕来往交通人员。；结局：镇反时期处决,[],"2026-08-27 03:29:02.082079","2026-08-27 03:29:02.082079",,,,,
c37d1b1a2d924c01b4de141586dbec96,林尚光,,,,,exact,exact,台湾,[],"[""伪本溪县警务科长""]",抗日战争时期,"",伪职：伪本溪县警务科长；罪行：执掌本溪县伪警察系统，指挥特务密探，搜捕抗联交通员与地下爱国群众，参与多起抓捕迫害案件。；结局：解放后逮捕判刑。,[],"2026-08-27 03:29:02.091616","2026-08-27 03:29:02.091616",,,,,
c37e1026245d44eba5fc0c9419ad341a,吴茂松,,,,,exact,exact,诏安分水关、诏安县城,[],"[""伪和平救国军第一团团长""]",抗日战争时期,"",伪职：伪和平救国军第一团团长；罪行：黄大伟部下先锋，率伪军突破分水关攻入诏安县城，在城内搜刮物资。；结局：败退南澳，抗战胜利后被清算。,[],"2026-08-27 03:29:02.079369","2026-08-27 03:29:02.079369",,,,,
c37f6fc2045d4ccd984279676ab0ba40,陆少家,,,,,exact,exact,余姚盐区,[],"[""伪余姚福寿乡事务员""]",抗日战争时期,"",伪职：伪余姚福寿乡事务员；罪行：基层伪爪牙，告密抗日人员，协助日伪清乡，压榨盐民百姓。；结局：根据地抗日武装抓捕，教育释放后仍继续通敌，后被镇压。,[],"2026-08-27 03:29:02.100854","2026-08-27 03:29:02.100854",,,,,
c3836907249e46149299e3349044d9a5,张襄梧,,,,,"","",不详,[],"[""清乡"", ""县长""]",抗日战争时期,汪伪政权,伪任职务：第三任伪武进县长，执行清乡封锁政策，编组伪自卫团。。结局：汉奸罪审判，长期徒刑,[],"2026-08-26 17:52:47","2026-08-26 17:52:47",,,,,
c39830d7695447dcb399bfa5f542b646,王会斋、刘一峰,,,,,exact,exact,获鹿,[],"[""维持会核心委员，参与组建伪政权，协助日军摊派粮款。""]",抗日战争时期,"",伪职：维持会核心委员，参与组建伪政权，协助日军摊派粮款。；结局：抗战胜利逮捕管制,[],"2026-08-27 03:29:02.089572","2026-08-27 03:29:02.089572",,,,,
c39df59aa94747aa828f1218c2532231,陈伯盟,,,,,exact,exact,射阳陈洋、沟墩,[],"[""射阳地方大汉奸，大地主武装头目""]",抗日战争时期,"",伪职：射阳地方大汉奸，大地主武装头目；罪行：拥有大量私人武装，日军占领陈洋后投靠日伪；网罗土匪，为日军征粮征夫，告密抗日武装情报，残害地方百姓，人称 “东海王”盐城市史志...。；结局：1946 年公审判处无期徒刑，同年病死于狱中盐城市史志...。,[],"2026-08-27 03:29:02.099827","2026-08-27 03:29:02.099827",,,,,
c3f2b2ebf34843ab99b769d2560e4a60,王荆山,,,,,exact,exact,吉林,[],"[""伪吉林总商会会长""]",抗日战争时期,"",伪职：伪吉林总商会会长；罪行：吉林大商人，附逆日伪；为日军筹措军需物资，摊派报国捐，盘剥工商百姓。；结局：反奸清算，没收财产，判处徒刑。,[],"2026-08-27 03:29:02.094707","2026-08-27 03:29:02.094707",,,,,
c4386f6599a74143a5bca9422dad1a36,肖根山,,,,,exact,exact,"",[],"[""伪曲周警备大队队长；作恶多端，配合日伪扫荡冀南根据地。""]",抗日战争时期,"",伪职：伪曲周警备大队队长；作恶多端，配合日伪扫荡冀南根据地。；结局：邯郸解放战役被俘，公审判处死刑,[],"2026-08-27 03:29:02.081741","2026-08-27 03:29:02.081741",,,,,
c43af0c9f13842c8954f3a4e7b605855,肖永祥,,,,,exact,exact,郑家屯（双辽）,[],"[""伪街公所行政系主任，外号 “肖阎王”""]",抗日战争时期,"",伪职：伪街公所行政系主任，外号 “肖阎王”；罪行：多次强征劳工，敲诈勒索，谋财害命，忠实充当日本爪牙四平日报数...。；结局：群众公审，判处死刑立即执行。,[],"2026-08-27 03:29:02.094834","2026-08-27 03:29:02.094834",,,,,
c43c950ac9724573b3b67f037abac580,张德明,,,,,exact,exact,六安城关,[],"[""维持会副会长""]",抗日战争时期,"",伪职：维持会副会长；罪行：郝凤亭副手，协助组织维持会，逼迫商户向日军纳贡，指认抗日相关人员。；结局：1939 年元旦公审处决。,[],"2026-08-27 03:29:02.105434","2026-08-27 03:29:02.105434",,,,,
c443397593b147378cab0115b89e6fbf,王慕陶,,,,,exact,exact,宣城全县,[],"[""汪伪宣城县伪县长""]",抗日战争时期,"",伪职：汪伪宣城县伪县长；罪行：正式伪县公署主官，设立伪警察、伪保安大队，推行保甲，配合日军清剿宣南、孙家埠游击区，掠夺物资。；结局：日本投降后捕获，判处死刑。,[],"2026-08-27 03:29:02.106426","2026-08-27 03:29:02.106426",,,,,
c445111e2daa4978aed196d5e1579676,张敬颢,,,,,exact,exact,太原,"[""张景颢""]","[""伪太原市公署委员、后期伪市长""]",抗日战争时期,"",伪职：伪太原市公署委员、后期伪市长；罪行：接续白文惠，维持太原伪市政，管理城区五个行政区，征粮拉夫，推行新民会。；结局：抗战胜利被捕，汉奸罪判刑,[],"2026-08-27 03:29:02.087287","2026-08-27 03:29:02.087287",,,,,
c4543adc804e491587a0001c78ade525,金荣生,,,,,exact,exact,南浔,[],"[""南浔伪侦缉队队长""]",抗日战争时期,"",伪职：南浔伪侦缉队队长；罪行：特务爪牙，专门刺探太湖周边游击队情报，告密抓捕爱国人士，敲诈丝绸商户。；结局：被抗日武工队锄奸处决。,[],"2026-08-27 03:29:02.101425","2026-08-27 03:29:02.101425",,,,,
c454aa0e86ab4ffda3bb9eeb0f9a34f3,高立山,,,,,exact,exact,临榆,[],"[""伪警察局南海分驻所所长（海港区），外号 “南霸天”；驻守秦皇岛南海一带，抓捕抗日工作人员，勒索商户百姓。""]",抗日战争时期,"",伪职：伪警察局南海分驻所所长（海港区），外号 “南霸天”；驻守秦皇岛南海一带，抓捕抗日工作人员，勒索商户百姓。；结局：抗战胜利公审处死,[],"2026-08-27 03:29:02.097753","2026-08-27 03:29:02.097753",,,,,
c46579d0b7944921b483b84536cd1565,张化南,,,,,exact,exact,敖汉,[],"[""伪敖汉旗旗长；强征粮食牲畜，修筑部落（人圈），镇压敖汉南部抗日活动。""]",抗日战争时期,"",伪职：伪敖汉旗旗长；强征粮食牲畜，修筑部落（人圈），镇压敖汉南部抗日活动。；结局：日本投降潜逃，后抓捕归案判刑,[],"2026-08-27 03:29:02.085520","2026-08-27 03:29:02.085520",,,,,
c47d705a0866428598ac2dd42345166b,张金祥,,,,,exact,exact,青龙,[],"[""伪讨伐队副司令；驻守青龙县城，进山扫荡无人区，捕杀抗日干部。""]",抗日战争时期,"",伪职：伪讨伐队副司令；驻守青龙县城，进山扫荡无人区，捕杀抗日干部。；结局：拒不投降，交战中被八路军歼灭,[],"2026-08-27 03:29:02.097872","2026-08-27 03:29:02.097872",,,,,
c4a93b0a6cac41ceb5bde358f45d28ae,陈绍宾,,,,,exact,exact,汤原北部、嘉荫（佛山）山林,[],"[""原抗联六军师长，叛变""]",抗日战争时期,"",伪职：原抗联六军师长，叛变；罪行：率部投敌，为日军出谋划策，派遣刘德山等特务猎杀赵尚志；多次带队进山扫荡抗联根据地，残害抗日军民。；结局：伪满后期病死。,[],"2026-08-27 03:29:02.097613","2026-08-27 03:29:02.097613",,,,,
c4a98c3793234c81ad772d3c6cb39139,王治国,,,,,"","",重庆本地商人,[],"[""军长""]",抗日战争时期,汪伪政权,伪任职务：被日伪收买，组织地面信号团伙；日机空袭时在高楼、江边摆放白布、反光镜、灯光，给日军轰炸机指示轰炸目标。。结局：抓获后以汉奸罪死刑执行,[],"2026-08-26 17:52:47","2026-08-26 17:52:47",,,,,
c4cdc25078c24743be80f6aeb32e2b2a,吕怀义,,,,,exact,exact,颍上六十里铺（靠近凤台沦陷区）,[],"[""边境投敌叛徒""]",抗日战争时期,"",伪职：边境投敌叛徒；罪行：原地方自卫队士兵，被俘投敌，受日伪指派潜回颍上边境，策动乡丁哗变，搜集颍上防御情报。；结局：被地方自卫队捕获公审镇压。,[],"2026-08-27 03:29:02.105121","2026-08-27 03:29:02.105121",,,,,
c4fd97e4f66e4956902c9af560e4fc90,褚凤仪,,,,,exact,exact,"",[],"[""末代伪崞县县长""]",抗日战争时期,"",伪职：末代伪崞县县长；罪行：维持日伪末期统治。；结局：光复后逮捕判刑,[],"2026-08-27 03:29:02.089854","2026-08-27 03:29:02.089854",,,,,
c53c840433c04374bedf9f15c373c2e1,萨福畴,,,,,exact,exact,福州、马尾（后调华南）,[],"[""汪伪福州水上警察局局长，后汪伪海军中将常务次长、广州要港司令""]",抗日战争时期,"",伪职：汪伪福州水上警察局局长，后汪伪海军中将常务次长、广州要港司令；罪行：原民国海军少将，1941 年福州沦陷投敌；掌控闽江水上治安，搜捕海上抗日人员；后升任汪伪海军华南最高将领之一福州史志网。；结局：1943 年座舰触水雷被俘，重庆审判枪决福州史志网。,[],"2026-08-27 03:29:02.080983","2026-08-27 03:29:02.080983",,,,,
c54310527bcb404ea3985934d1756bff,吴秉周,,,,,exact,exact,平鲁,"[""高明""]","[""五地委秘书叛变，大特务""]",抗日战争时期,"",伪职：五地委秘书叛变，大特务；罪行：核心叛徒，出卖情报酿成白家辛庄惨案，168 名抗日干部学员遇难，是雁北重大惨案祸首之一。；结局：解放后公审枪决,[],"2026-08-27 03:29:02.088602","2026-08-27 03:29:02.088602",,,,,
c54f1346d71543778bd4bede99f97f9a,张二贵,,,,,exact,exact,柳林（临县交界）,[],"[""据点汉奸特务""]",抗日战争时期,"",伪职：据点汉奸特务；罪行：投靠日军，搜集情报，抓捕杀害抗日干部，四处敲诈百姓吕梁新闻网。；结局：解放后公审处决,[],"2026-08-27 03:29:02.090498","2026-08-27 03:29:02.090498",,,,,
c572f67c6cf84f10a47b4f95ce5f9f38,安光勋,,,,,exact,exact,抚松、临江,[],"[""抗联一军参谋，叛变特务""]",抗日战争时期,"",伪职：抗联一军参谋，叛变特务；罪行：投降日寇，给日军出谋划策，策反抗联人员，提供大量抗联情报。；结局：解放后被镇压。,[],"2026-08-27 03:29:02.095286","2026-08-27 03:29:02.095286",,,,,
c57a5e3e4be444e8b38ddd166f28b9f2,纪东,,,,,exact,exact,宁城小城子,"[""纪东阁""]","[""纪东讨伐队队长；原警察署长，部队三十余人，敲诈勒索，残害根据地群众，抢掠物资，破坏地下交通。""]",抗日战争时期,"",伪职：纪东讨伐队队长；原警察署长，部队三十余人，敲诈勒索，残害根据地群众，抢掠物资，破坏地下交通。；结局：1945 年全部被俘，纪东被公审处决中国人民政...,[],"2026-08-27 03:29:02.085479","2026-08-27 03:29:02.085479",,,,,
c57b119e34b749f299765f7972a30b71,高立山,,,,,exact,exact,临榆,[],"[""伪警察局南海分驻所所长（海港区），外号 “南霸天”；驻守秦皇岛南海一带，抓捕抗日工作人员，勒索商户百姓。""]",抗日战争时期,"",伪职：伪警察局南海分驻所所长（海港区），外号 “南霸天”；驻守秦皇岛南海一带，抓捕抗日工作人员，勒索商户百姓。；结局：抗战胜利公审处死,[],"2026-08-27 03:29:02.099571","2026-08-27 03:29:02.099571",,,,,
c58808cadc0a4dc9b070bb7aa5449ed5,胡承禄,,,,,exact,exact,"",[],"[""伪抚顺市副市长""]",抗日战争时期,"",伪职：伪抚顺市副市长；罪行：协助日伪强化治安，推行奴化宣传。；结局：战后汉奸罪惩处。,[],"2026-08-27 03:29:02.091359","2026-08-27 03:29:02.091359",,,,,
c599b207c30c4f7ebe8a55a817e48fa3,王本理,,,,,exact,exact,顺安、张家冲,[],"[""伪维持会筹备头目""]",抗日战争时期,"",伪职：伪维持会筹备头目；罪行：受日伪指派，带队下乡企图在张家冲建立维持会伪化乡村；搜罗地方劣绅，胁迫乡民归顺日伪，被新四军铜陵大队伏击打击安青网。；结局：战斗受挫之后潜藏，战后肃奸法办。,[],"2026-08-27 03:29:02.104387","2026-08-27 03:29:02.104387",,,,,
c5a9b7542b68490d874db0285ae2f24e,李荣三,,,,,exact,exact,"",[],"[""伪丰南办事处主任（等同伪县长），依附王子林，推行清乡，搜集路南游击队情报，抓捕地方干部。""]",抗日战争时期,"",伪职：伪丰南办事处主任（等同伪县长），依附王子林，推行清乡，搜集路南游击队情报，抓捕地方干部。；结局：1944 西葛各庄被八路军伏击击毙,[],"2026-08-27 03:29:02.091842","2026-08-27 03:29:02.091842",,,,,
c5bd2e55d6874f439c3f5b4ed940173c,张芝纲,,,,,exact,exact,神池,[],"[""伪神池县县长，后调伪五寨县长""]",抗日战争时期,"",伪职：伪神池县县长，后调伪五寨县长；罪行：主持伪政权；后被武工队伏击活捉，经教育后反正，发表文章揭露日军罪行，策动伪军起义山西党史方...。；结局：立功免予汉奸严惩,[],"2026-08-27 03:29:02.089913","2026-08-27 03:29:02.089913",,,,,
c5d66943c6b941fdaba2a5c9418d2df5,吴云麈,,,,,exact,exact,如皋（含今如东）,[],"[""伪如皋县长，绰号 “南通之狼”""]",抗日战争时期,"",伪职：伪如皋县长，绰号 “南通之狼”；罪行：执掌如皋伪政权，配合日伪扫荡清乡，横征暴敛，滥捕滥杀抗日军民，作恶极多。；结局：抗战胜利后被捕，花钱打通关系，下落不明，人间蒸发。,[],"2026-08-27 03:29:02.099037","2026-08-27 03:29:02.099037",,,,,
c5d6ec26a6824a9b9987ccee9321fcf2,王璧,,,,,exact,exact,长子,[],"[""伪长子县首任知事、维持会会长""]",抗日战争时期,"",伪职：伪长子县首任知事、维持会会长；罪行：地方士绅主动迎敌，组建维持会，建立保甲，征粮抓夫，协助修筑炮楼据点。；结局：镇反期间处决,[],"2026-08-27 03:29:02.087892","2026-08-27 03:29:02.087892",,,,,
c5ed043abbdf46a882417ea03c142254,周正,,,,,exact,exact,嵊县县城,[],"[""伪嵊县（嵊州）县长""]",抗日战争时期,"",伪职：伪嵊县（嵊州）县长；罪行：原城西镇长，沦陷后出任伪县长，改组维持会为伪县政府；设立小岛特务部队，大肆搜捕，推行保甲奴化统治中共嵊州市...。；结局：抗战胜利后汉奸审判枪决。,[],"2026-08-27 03:29:02.101556","2026-08-27 03:29:02.101556",,,,,
c60419f464674690b954cbc9a5bc98b9,任水生,,,,,exact,exact,郎溪钟桥,[],"[""内奸惯匪""]",抗日战争时期,"",伪职：内奸惯匪；罪行：勾结伪军，密谋里应外合偷袭游击武装，企图暗杀乡干部，出卖游击区情报。；结局：游击连抓获就地枪毙。,[],"2026-08-27 03:29:02.106054","2026-08-27 03:29:02.106054",,,,,
c6084d2775fc4df4b0a733782c8f9989,沈庆生,,,,,exact,exact,绍兴越城城区,[],"[""伪绍兴县维持会会长""]",抗日战争时期,"",伪职：伪绍兴县维持会会长；罪行：绍兴沦陷第一任维持会头目，出城迎日军入城，召集士绅商户，搭建初期傀儡统治，摊派物资资敌。；结局：抗战胜利后汉奸审判判处死刑。,[],"2026-08-27 03:29:02.101524","2026-08-27 03:29:02.101524",,,,,
c63747b863884d09bc65abfc999e7b47,李老黑,,,,,exact,exact,阜城,[],"[""伪阜城警备大队长；驻防阜城、漫河据点，残害抗日军民。""]",抗日战争时期,"",伪职：伪阜城警备大队长；驻防阜城、漫河据点，残害抗日军民。；结局：阜城解放被俘枪决,[],"2026-08-27 03:29:02.084691","2026-08-27 03:29:02.084691",,,,,
c64e913403ef4a55baadf7b0725a44aa,谢介石,,,,,"","",台湾新竹,[],"[""部长""]",抗日战争时期,汪伪政权,伪任职务：伪满洲国首任外交部总长，主导伪满外交，大量引荐台湾人赴东北出任伪职，为日本分裂中国效力。。结局：抗战胜利被捕，关押于抚顺战犯管理所，1954 年狱中去世,[],"2026-08-26 17:52:47","2026-08-26 17:52:47",,,,,
c663b2733a84404488b6e622621da074,额尔敦巴图,,,,,exact,exact,科左后旗,[],"[""伪旗警务科长；发展乡村密探，镇压草原反满活动。""]",抗日战争时期,"",伪职：伪旗警务科长；发展乡村密探，镇压草原反满活动。；结局：解放后镇反处决,[],"2026-08-27 03:29:02.085840","2026-08-27 03:29:02.085840",,,,,
c663b597d0094dbca1672231c7d1e1bf,杨丕力,,,,,exact,exact,黎城,[],"[""叛徒向导""]",抗日战争时期,"",伪职：叛徒向导；罪行：带领日军偷袭黄崖洞侧后阵地。；结局：战斗中被击毙邯郸党史网。,[],"2026-08-27 03:29:02.087946","2026-08-27 03:29:02.087946",,,,,
c66b401064234ea3ad233e0989d2bc72,王福臣,,,,,exact,exact,宁安兰岗、石岩,[],"[""伪宁安伪自卫团总团长，大地主""]",抗日战争时期,"",伪职：伪宁安伪自卫团总团长，大地主；罪行：地主武装头目，接受日军委任，组织自卫团搜捕抗联，盘剥乡民，检举反日群众。；结局：解放后公审镇压。,[],"2026-08-27 03:29:02.097198","2026-08-27 03:29:02.097198",,,,,
c672f88a66d849c2a6fe13c6e40e294a,刘国华,,,,,exact,exact,"",[],"[""伪安国首任知事；组建伪公署，设立新民会，推行奴化教育。""]",抗日战争时期,"",伪职：伪安国首任知事；组建伪公署，设立新民会，推行奴化教育。；结局：战后清算判刑,[],"2026-08-27 03:29:02.082537","2026-08-27 03:29:02.082537",,,,,
c68d73097170423792dc0be19e3af63d,管锡山,,,,,exact,exact,东北,[],"[""末代伪石门市市长，直至日本投降；日本投降后被国民党软禁收审。""]",抗日战争时期,"",伪职：末代伪石门市市长，直至日本投降；日本投降后被国民党软禁收审。；结局：解放后判处长期徒刑,[],"2026-08-27 03:29:02.078204","2026-08-27 03:29:02.078204",,,,,
c6acd2751a514553b3b9c1d6d00e2a61,刘迈,,,,,exact,exact,安庆、怀宁、桐城沿江,[],"[""伪第一方面军独立团团长""]",抗日战争时期,"",伪职：伪第一方面军独立团团长；罪行：原地方游击武装叛变投敌，在安庆组建伪军独立团；驻防安庆外围据点，多次配合日军进攻皖江抗日根据地，劫掠沿江村镇百姓。；结局：抗战胜利伪军解体，汉奸审判处决。,[],"2026-08-27 03:29:02.104549","2026-08-27 03:29:02.104549",,,,,
c6b2cb4eeb4a4b36821677c928c73e6a,汤卓然,,,,,"","",不详,[],"[""市长"", ""清乡"", ""县长""]",抗日战争时期,汪伪政权,伪任职务：汪伪第一任伪武进县县长，推行保甲联保切结、良民证制度，配合第一期清乡，编纂伪地方刊物为日伪宣传常州市档案...。。结局：战后汉奸罪判处死刑,[],"2026-08-26 17:52:47","2026-08-26 17:52:47",,,,,
c6e4eeee3b034c9fa387466f994384bd,巴图敖其尔,,,,,exact,exact,达拉特旗,[],"[""伪达拉特旗警务科长；接受包头伪公署指令，在沿黄渡口布置密探，抓捕渡河往来的抗日人员。""]",抗日战争时期,"",伪职：伪达拉特旗警务科长；接受包头伪公署指令，在沿黄渡口布置密探，抓捕渡河往来的抗日人员。；结局：解放后镇反公审处决,[],"2026-08-27 03:29:02.086008","2026-08-27 03:29:02.086008",,,,,
c6ff33e026cb42e5af156dadd852f3b5,杜文祥,,,,,exact,exact,兴山（鹤岗）矿区,[],"[""鹤岗煤矿头号大把头，维持会会长""]",抗日战争时期,"",伪职：鹤岗煤矿头号大把头，维持会会长；罪行：替日军欺骗关内百姓来矿做劳工，残酷压榨矿工；日本投降后组建维持会，勾结伪警、迎接国民党接收，阻挠民主政权接管矿山东北网。；结局：1946 年反奸清算运动被逮捕惩处。,[],"2026-08-27 03:29:02.096331","2026-08-27 03:29:02.096331",,,,,
c7072c465d5640cbbc62165a12d91909,许鲁初,,,,,exact,exact,凤台县城、古沟（今潘集）,[],"[""伪凤台县维持会会长""]",抗日战争时期,"",伪职：伪凤台县维持会会长；罪行：地痞出身，凤台沦陷首任维持会长，迎接日军进城，征粮抓夫，带领日伪军下乡搜捕地下党员，准备建立乡下据点，残害沿淮百姓淮南日报。；结局：1939 年被丁文山游击队活捉，古沟集公审就地枪决淮南网。,[],"2026-08-27 03:29:02.103710","2026-08-27 03:29:02.103710",,,,,
c728fce7f6634290ab32975fc100273f,孔玉书,,,,,exact,exact,郎溪梅渚‑钟桥,[],"[""伪军骨干""]",抗日战争时期,"",伪职：伪军骨干；罪行：赵君甫副手，勾结特务，抗缴公粮，破坏游击区基层，搜捕地下工作人员。；结局：武工队作战被俘，公审镇压。,[],"2026-08-27 03:29:02.106442","2026-08-27 03:29:02.106442",,,,,
c73bed27dc1143ac8ab4846a25d832c5,胡蕙,,,,,exact,exact,南昌本地人,[],"[""南昌沦陷首任维持会会长""]",抗日战争时期,"",伪职：南昌沦陷首任维持会会长；罪行：最早投靠日军，负责城区治安，为日军搜刮物资；结局：暂无明确结局记载,[],"2026-08-27 03:29:02.077867","2026-08-27 03:29:02.077867",,,,,
c76df90cc5c04b6d905bd165e903ccf7,蒋孝忠,,,,,"","",镇江,[],[],抗日战争时期,汪伪政权,伪任职务：潜伏汉奸，架设秘密电台；使用镜子反光为日机轰炸镇江做地面指引，造成大华饭店大轰炸惨案金山网。。结局：当场抓获，江边就地枪决,[],"2026-08-26 17:52:47","2026-08-26 17:52:47",,,,,
c7807545b52245b7a92d41d6eed90796,张阿福,,,,,exact,exact,江山贺村、淤头,[],"[""江山密探，汉奸向导""]",抗日战争时期,"",伪职：江山密探，汉奸向导；罪行：熟悉浙赣铁路沿线，多次给日军带路进山，搜捕溃散国军与爱国群众。；结局：被江山地方自卫队抓获处决。,[],"2026-08-27 03:29:02.102152","2026-08-27 03:29:02.102152",,,,,
c7878cc9c9ba4cce91201eae0de2f264,郭清,,,,,exact,exact,临漳,[],"[""土匪投敌，伪冀南剿共独立旅旅长；贾河口为大本营，烧杀掳掠，制造多起村庄惨案，大肆捕杀抗日军民，设立剿共委员会迫害群众。""]",抗日战争时期,"",伪职：土匪投敌，伪冀南剿共独立旅旅长；贾河口为大本营，烧杀掳掠，制造多起村庄惨案，大肆捕杀抗日军民，设立剿共委员会迫害群众。；结局：1949 年被俘，公审枪决,[],"2026-08-27 03:29:02.078534","2026-08-27 03:29:02.078534",,,,,
c787b346b982404784de1d828b2bc7fc,阎传绂,,,,,exact,exact,大连（旅大派）,[],"[""伪满司法部大臣、伪吉林省长""]",抗日战争时期,"",伪职：伪满司法部大臣、伪吉林省长；罪行：大连出身，长期在伪满高层，配合日本殖民统治。；结局：抚顺战犯管理所关押，后特赦。,[],"2026-08-27 03:29:02.090941","2026-08-27 03:29:02.090941",,,,,
c78ee6c49a834e6fa6c579c053c5acd0,姜兴周,,,,,exact,exact,"",[],"[""伪双辽（郑家屯）县长""]",抗日战争时期,"",伪职：伪双辽（郑家屯）县长；罪行：管控西部边境，盘查交通要道，强征粮畜，镇压地方抗日活动。；结局：光复后逮捕判刑。,[],"2026-08-27 03:29:02.094882","2026-08-27 03:29:02.094882",,,,,
c7942bbe17e1448da9a5dbae7a7d17c1,叶则庵,,,,,"","",不详,[],"[""市长""]",抗日战争时期,汪伪政权,伪任职务：伪厦门特别市教育局长，推行奴化教育。结局：战后逮捕判刑,[],"2026-08-26 17:52:47","2026-08-26 17:52:47",,,,,
c795f16133474d98ac2d8b9496cc5b84,李焕章,,,,,"","",不详,[],[],抗日战争时期,汪伪政权,伪任职务：同善社高层，负责联络汪伪周佛海，往返湖南、贵州，布置贵州地下阴谋活动，传递日伪指令给黔东各道首。。结局：抗战胜利抓捕判刑,[],"2026-08-26 17:52:47","2026-08-26 17:52:47",,,,,
c7982c084255488f8ac3d0f98a5f797f,李友三,,,,,exact,exact,龙湾永强,[],"[""伪永强（龙湾）伪镇长""]",抗日战争时期,"",伪职：伪永强（龙湾）伪镇长；罪行：执掌永强伪镇政权，催缴苛捐杂税，为日军提供民夫，告密乡间抗日动态。；结局：抗战胜利后公审伏法。,[],"2026-08-27 03:29:02.101004","2026-08-27 03:29:02.101004",,,,,
c7c31447f64a49d6b5288e72ad01d2a6,何其雄,,,,,exact,exact,宣城孙家埠,[],"[""叛徒（原宣城县委组织部长）""]",抗日战争时期,"",伪职：叛徒（原宣城县委组织部长）；罪行：被捕叛变，以乡公所为据点，胁迫党员 “自首”，带领特务搜捕地下同志，破坏宣南党组织中共宣城市...。；结局：被郎广武工队处决。,[],"2026-08-27 03:29:02.106291","2026-08-27 03:29:02.106291",,,,,
c7cb0fda304649a5b79eb730e47af83f,江朝宗,,,,,"","",安徽旌德,[],"[""市长"", ""维持会""]",抗日战争时期,汪伪政权,伪任职务：伪北平特别市首任市长，北平治安维持会会长。结局：1943 年病亡，未受审判中国社会科...,[],"2026-08-26 17:52:47","2026-08-26 17:52:47",,,,,
c7d4a8dbf1d445dabda8ca0a6df95ae9,沈香亭,,,,,exact,exact,宁波城区鄞县,[],"[""日伪密探组长，原镇海炮台副官""]",抗日战争时期,"",伪职：日伪密探组长，原镇海炮台副官；罪行：日军特务机关核心爪牙；出面组织欢迎日军入城，广布密探网络，搜捕爱国人士，为芝原平三郎提供情报支持。；结局：抗战胜利后汉奸审判伏法。,[],"2026-08-27 03:29:02.100792","2026-08-27 03:29:02.100792",,,,,
c7e75078155e48da9ae2ae1056a4e195,王晋斋,,,,,"","",不详,[],"[""部长"", ""师长""]",抗日战争时期,汪伪政权,伪任职务：伪二十四师副师长，绰号 “王老虎”，师部驻公道镇，频繁扫荡甘泉、湖西根据地，杀人众多。。结局：抗战胜利后公审处死邗江史志网,[],"2026-08-26 17:52:47","2026-08-26 17:52:47",,,,,
c7e83a5596ad451e82f2abb4dcf10172,陈则民,,,,,"","",江苏苏州,[],"[""省级长官"", ""维持会""]",抗日战争时期,南京伪维新政府,伪任职务：沦陷初期苏州治安维持会会长，伪维新政府首任伪江苏省省长，霸占拙政园作伪省府，主导苏南伪政权早期建设。。结局：抗战胜利逮捕，判处无期徒刑，后病死狱中《国家人文...,[],"2026-08-26 17:52:47","2026-08-26 17:52:47",,,,,
c809c04c6bd24750a655179389d39ce7,孔广和,,,,,exact,exact,厚和,[],"[""伪师范学生叛徒，跟随魏铭出卖抗日组织，指认抓捕爱国人员。""]",抗日战争时期,"",伪职：伪师范学生叛徒，跟随魏铭出卖抗日组织，指认抓捕爱国人员。；结局：解放后镇反处决,[],"2026-08-27 03:29:02.084855","2026-08-27 03:29:02.084855",,,,,
c80c2f0e662a48dab7250ee12b4337eb,韦焕章,,,,,exact,exact,辽阳灯塔沈旦堡,[],"[""伪满外交部大臣、伪奉天省省长""]",抗日战争时期,"",伪职：伪满外交部大臣、伪奉天省省长；罪行：辽阳本土出身，伪满高官；参与对日外交，签订日满华共同宣言，推行奴化教育、经济掠夺。主要任职长春、沈阳。；结局：苏军逮捕，关押抚顺战犯管理所，狱中病逝。,[],"2026-08-27 03:29:02.092995","2026-08-27 03:29:02.092995",,,,,
c814c23522e34f39b47a3560931ee6a1,周鸿煜,,,,,exact,exact,金东沈宅周边,[],"[""旧军官，沈锦智同党""]",抗日战争时期,"",伪职：旧军官，沈锦智同党；罪行：与沈锦智串通，准备投降日军，筹划伪化地方，为日军搜集乡间情报。；结局：同沈锦智一同被抗日武装处决。,[],"2026-08-27 03:29:02.078642","2026-08-27 03:29:02.078642",,,,,
c8307667e5964cdc9c81305c3b4ee859,李老栓,,,,,exact,exact,获鹿山区,[],"[""山区维持会长，专门向炮楼递送游击队情报。""]",抗日战争时期,"",伪职：山区维持会长，专门向炮楼递送游击队情报。；结局：1943 年太行锄奸队就地处决,[],"2026-08-27 03:29:02.084331","2026-08-27 03:29:02.084331",,,,,
c85e7b33175744888514854983ace8c8,吴子恒,,,,,exact,exact,喀喇沁,[],"[""伪喀喇沁右旗旗长；协助日军封锁山区，抓捕承平宁抗日人员。""]",抗日战争时期,"",伪职：伪喀喇沁右旗旗长；协助日军封锁山区，抓捕承平宁抗日人员。；结局：战后汉奸罪判处徒刑,[],"2026-08-27 03:29:02.085504","2026-08-27 03:29:02.085504",,,,,
c86ed310f04846f48cba9e9a860efc26,金翠娥,,,,,exact,exact,石家庄,[],"[""日伪妇女宣抚班班长，组织奴化宣传，拉拢妇女参加伪组织。""]",抗日战争时期,"",伪职：日伪妇女宣抚班班长，组织奴化宣传，拉拢妇女参加伪组织。；结局：1948 年随丈夫外逃毙命,[],"2026-08-27 03:29:02.078239","2026-08-27 03:29:02.078239",,,,,
c878e79933ab46a4b87b85b1b544cf2e,高立山,,,,,exact,exact,临榆,[],"[""伪警察局南海分驻所所长，外号 “南霸天”；驻守秦皇岛南海一带，抓捕多名抗日工作人员，借红白喜事大肆勒索商户百姓。""]",抗日战争时期,"",伪职：伪警察局南海分驻所所长，外号 “南霸天”；驻守秦皇岛南海一带，抓捕多名抗日工作人员，借红白喜事大肆勒索商户百姓。；结局：抗战胜利后公审处死,[],"2026-08-27 03:29:02.094153","2026-08-27 03:29:02.094153",,,,,
c8a91dbe963e4e4c9c652795f2591d9e,方步瀛,,,,,exact,exact,兰溪县城,[],"[""伪兰溪县维持会会长""]",抗日战争时期,"",伪职：伪兰溪县维持会会长；罪行：兰溪沦陷牵头组建维持会，迎接日军入城，胁迫商户摊派物资资敌，搭建早期伪统治框架。；结局：抗战胜利后汉奸审判判处重刑。,[],"2026-08-27 03:29:02.078717","2026-08-27 03:29:02.078717",,,,,
c8d6d2f9944943eea9fbae03e1e4db47,王子芬,,,,,exact,exact,福州城区,[],"[""伪警特务""]",抗日战争时期,"",伪职：伪警特务；罪行：伪警情报人员，发展告密线人，迫害家属。；结局：1946‑06‑10 枪决。,[],"2026-08-27 03:29:02.081068","2026-08-27 03:29:02.081068",,,,,
c8d792c41b1e486dbfae84e5836df6cf,陈觉民,,,,,"","",广东海丰,[],"[""省级长官"", ""部长"", ""委员长"", ""维持会""]",抗日战争时期,汪伪政权,伪任职务：伪广东省政府委员，维持会元老，陈炯明旧部投敌。结局：战后逮捕，判处死刑,[],"2026-08-26 17:52:47","2026-08-26 17:52:47",,,,,
c8e29bf4e1884461b3ef26d38586a53d,马选三（马朝选）,,,,,"","",绥远（归绥，今内蒙古）,[],"[""军长"", ""特务""]",抗日战争时期,汪伪政权,伪任职务：包头日本特务机关松井恒白派遣间谍，潜入西宁东关，拉拢地方人员，散布分裂谣言，搜集青海军政情报，策动西北分裂活动。。结局：1938 年在西宁被捕，押解兰州第八战区处置，判处重刑关押,[],"2026-08-26 17:52:47","2026-08-26 17:52:47",,,,,
c8f1294f16724c82a733a86895d132cb,陶明德,,,,,exact,exact,靖江县城,[],"[""伪靖江县警察局局长""]",抗日战争时期,"",伪职：伪靖江县警察局局长；罪行：掌控伪警察武装，割据靖江县城；既与蔡鑫元互相火并，又效忠日伪，盘剥港口商运，抓捕爱国人员泰州市党史...。；结局：抗战胜利后被俘惩处。,[],"2026-08-27 03:29:02.100256","2026-08-27 03:29:02.100256",,,,,
c913062f881f4fefaeab7250f21795ca,陈耿,,,,,exact,exact,长乐县城,[],"[""长乐附逆骨干""]",抗日战争时期,"",伪职：长乐附逆骨干；罪行：依附日伪，为日军传递乡间情报，迫害爱国群众福州新闻网。；结局：游击武装捕杀。,[],"2026-08-27 03:29:02.081092","2026-08-27 03:29:02.081092",,,,,
c98a29aa7a4d49fd8a293d899ac3c2b3,张景惠,,,,,exact,exact,辽宁台安（原属营口）,[],"[""伪满洲国国务总理大臣""]",抗日战争时期,"",伪职：伪满洲国国务总理大臣；罪行：台安籍贯，伪满头号大汉奸，长期在长春任职，不在营口本地履职。；结局：苏军俘获，关押抚顺战犯管理所，1957 年病死狱中。,[],"2026-08-27 03:29:02.092721","2026-08-27 03:29:02.092721",,,,,
c98b625b5bd64bf1835940ab8db69249,邓赞卿,,,,,exact,exact,蚌埠,[],"[""伪安徽省民政厅厅长""]",抗日战争时期,"",伪职：伪安徽省民政厅厅长；罪行：伪省府核心官员，主管全省伪县长、伪区长任免，推行保甲制度，办理良民证，管控沦陷区基层行政。；结局：战后肃奸判处重刑。,[],"2026-08-27 03:29:02.103491","2026-08-27 03:29:02.103491",,,,,
c99dd80c366f42639cea6654b3049a5b,王云沛,,,,,exact,exact,宁波鄞县,[],"[""伪鄞县县长""]",抗日战争时期,"",伪职：伪鄞县县长；罪行：执掌鄞县伪县公署，推行保甲制度、奴化教育，强征粮饷物资，配合伪十师伪军镇压城区及近郊抗日活动。；结局：抗战胜利后捕获，判处有期徒刑。,[],"2026-08-27 03:29:02.100824","2026-08-27 03:29:02.100824",,,,,
c9afdf52c6ac4dc7aacd94c2abab748d,张景涛,,,,,exact,exact,辽阳,[],"[""伪辽阳总商会会长""]",抗日战争时期,"",伪职：伪辽阳总商会会长；罪行：为日军摊派报国捐、筹措军需物资，搜刮商民，配合日伪经济统制。；结局：反奸清算，没收财产，判处徒刑。,[],"2026-08-27 03:29:02.093061","2026-08-27 03:29:02.093061",,,,,
c9d3f75682474c8cbf6b5b9a61e2eeed,白江绪,,,,,exact,exact,汤原、伊春全境小兴安岭山区,[],"[""原抗联六军政治部主任，叛徒特务""]",抗日战争时期,"",伪职：原抗联六军政治部主任，叛徒特务；罪行：被俘投降日伪，出卖下江地区抗联全部情报、密营位置、地下救国会组织；策反抗联干部，给日伪讨伐队充当向导，抗联六军遭受重大损失。；结局：抗战胜利后被民主政府逮捕处决。,[],"2026-08-27 03:29:02.097604","2026-08-27 03:29:02.097604",,,,,
c9ef1f3c29a44fc6a9d1f63c8ddb50a8,王继能,,,,,exact,exact,岱山、登步、普陀沿海,[],"[""伪军舟山保安总队主力司令""]",抗日战争时期,"",伪职：伪军舟山保安总队主力司令；罪行：原地方武装头目投敌，手握大批海岛伪军；大鱼山战斗主力伪军，配合日军围剿东海游击武装，海岛烧杀劫掠岱山新闻网。；结局：抗战胜利后被国民党收编，后清算伏法。,[],"2026-08-27 03:29:02.102313","2026-08-27 03:29:02.102313",,,,,
ca075dfc422b4c4f80e1780234ccd02a,张学成,,,,,"","",辽宁海城,[],"[""军长"", ""司令""]",抗日战争时期,伪军,伪任职务：张学良堂弟，伪辽西保安司令，收拢土匪伪军袭扰盘山一带。结局：1931 年被东北军部队击毙,[],"2026-08-26 17:52:47","2026-08-26 17:52:47",,,,,
ca0f5e4c610f480b9822bea842d50a63,赵军山,,,,,exact,exact,东台、时堰、安丰,[],"[""伪 35 师师长""]",抗日战争时期,"",伪职：伪 35 师师长；罪行：伪军主力，驻防东台西南各乡镇，下乡扫荡，抓捕抗日救国会群众，掠夺粮食物资。；结局：战后汉奸审判处决。,[],"2026-08-27 03:29:02.099852","2026-08-27 03:29:02.099852",,,,,
ca442c73ee784afc8caed2b6751f36c8,刘老山,,,,,exact,exact,万全,[],"[""伪万全警备大队长；频繁出城扫荡西部山区，残害抗日家属。""]",抗日战争时期,"",伪职：伪万全警备大队长；频繁出城扫荡西部山区，残害抗日家属。；结局：万全解放被俘处决,[],"2026-08-27 03:29:02.082925","2026-08-27 03:29:02.082925",,,,,
ca5c295bc30543a8ae816bffd7cce533,王品荣,,,,,exact,exact,嵊泗列岛（泗礁、黄龙）,"[""王宝龙""]","[""伪黄龙、泗礁自治会会长""]",抗日战争时期,"",伪职：伪黄龙、泗礁自治会会长；罪行：土匪出身投敌，占岛为王；借渔检名义发行航行证，大肆盘剥渔船渔民，搜刮鸦片钱财，扩充武装割据海岛。；结局：抗战胜利后逮捕审判。,[],"2026-08-27 03:29:02.102340","2026-08-27 03:29:02.102340",,,,,
ca69679055c444a5b6757c7d86604da4,吴凤舞,,,,,exact,exact,汤原（伊春南部）,[],"[""伪汤原县县长""]",抗日战争时期,"",伪职：伪汤原县县长；罪行：主持伪县公署，推行集团部落、粮食出荷，抓捕爱国群众；配合山林警察围剿汤原抗日根据地。；结局：光复后潜逃，后被捕获审判。,[],"2026-08-27 03:29:02.097645","2026-08-27 03:29:02.097645",,,,,
ca6bc37436ac47bda41ca2f27647a431,马荫棠,,,,,"","",金坛,[],"[""县长""]",抗日战争时期,汪伪政权,伪任职务：伪金坛县县长，金坛沦陷傀儡主官，组建伪县府、伪保安队。。结局：1945 年 8 月金坛解放被俘，公审处决常州史志,[],"2026-08-26 17:52:47","2026-08-26 17:52:47",,,,,
ca6f3464755f4a168a3d897f64368e6a,李锡侯,,,,,exact,exact,"",[],"[""伪巨鹿县县长；配合张百奎伪军，实施清乡、抓丁征粮。""]",抗日战争时期,"",伪职：伪巨鹿县县长；配合张百奎伪军，实施清乡、抓丁征粮。；结局：抗战胜利逮捕，判处无期徒刑,[],"2026-08-27 03:29:02.082198","2026-08-27 03:29:02.082198",,,,,
ca74f9175b7944a282dec8c01a27f67b,王子衡,,,,,"","",辽宁旅顺,[],"[""省级长官""]",抗日战争时期,汪伪政权,伪任职务：伪黑河省省长，强征数万劳工修筑边境要塞，协助 731 抓捕实验人员。结局：苏军俘获，抚顺战犯管理所，1964 年特赦释放,[],"2026-08-26 17:52:47","2026-08-26 17:52:47",,,,,
ca990fce43d24b21988a1dd05c6b6742,王曼卿,,,,,exact,exact,邯郸,[],"[""邯郸治安维持会会长、第一任伪邯郸县县长；邯郸最早投敌士绅，组建伪县公署，推行保甲连坐，为日军征粮征夫，协助建立各级伪组织邯郸日报社。""]",抗日战争时期,"",伪职：邯郸治安维持会会长、第一任伪邯郸县县长；邯郸最早投敌士绅，组建伪县公署，推行保甲连坐，为日军征粮征夫，协助建立各级伪组织邯郸日报社。；结局：抗战胜利后逮捕，判处无期徒刑，狱中病死,[],"2026-08-27 03:29:02.080625","2026-08-27 03:29:02.080625",,,,,
cabddda104854ecdac14339da6d9b510,丹巴,,,,,"","",外蒙古,[],"[""军长""]",抗日战争时期,汪伪政权,伪任职务：少数被关东军收买的边境王公，秘密为日军搜集苏蒙军事情报，没有公开出任伪职。结局：诺门罕之后被外蒙古当局抓捕镇压,[],"2026-08-26 17:52:47","2026-08-26 17:52:47",,,,,
cadb306f6ffb4dbb9483f7f68124c4a4,包敬斋,,,,,exact,exact,杜尔伯特腰新乡,"[""小三爷""]","[""杜尔伯特努图克达（伪乡级长官）、大地主""]",抗日战争时期,"",伪职：杜尔伯特努图克达（伪乡级长官）、大地主；罪行：伪满时期把持地方武装，欺压蒙古族百姓，协助日伪征粮抓丁；光复后发动武装叛乱对抗民主政权。；结局：叛乱失败逃窜，后被捕获惩处。,[],"2026-08-27 03:29:02.096712","2026-08-27 03:29:02.096712",,,,,
cb2dc3128f894835a019a89f1ce23d48,沈锦智,,,,,exact,exact,金东沈宅村,[],"[""地方旧军官，筹划组建金华东乡维持会""]",抗日战争时期,"",伪职：地方旧军官，筹划组建金华东乡维持会；罪行：沦陷前后勾结旧军官周鸿煜，密谋迎接日军，准备出面组建维持会，为日伪拉拢地方势力，企图建立傀儡基层政权。；结局：金义浦抗日武装突击组将二人就地处决，震慑沦陷区投敌势力。,[],"2026-08-27 03:29:02.078628","2026-08-27 03:29:02.078628",,,,,
cb389d526db048d588aaf4a88e4c6edb,丁聚堂,,,,,"","",泰州,[],"[""部长"", ""师长"", ""清乡""]",抗日战争时期,汪伪政权,伪任职务：伪 19 师师长，部队长期驻扎扬州、江都，配合日伪清乡封锁。。结局：抗战胜利后被处决,[],"2026-08-26 17:52:47","2026-08-26 17:52:47",,,,,
cb3fe752f9484ceba9ecb45e04c519f3,丁维藩,,,,,exact,exact,南通城区,[],"[""汪伪特工苏北分局局长""]",抗日战争时期,"",伪职：汪伪特工苏北分局局长；罪行：姜颂平之后接手特务机构，扩充行动队，主持逮捕、刑讯爱国人士，制造多起冤案。；结局：抗战胜利后逮捕法办。,[],"2026-08-27 03:29:02.099147","2026-08-27 03:29:02.099147",,,,,
cb5720d3da67455f8b35797600f1d8c6,刘玉山,,,,,exact,exact,贵池梅街,[],"[""叛变游击队员""]",抗日战争时期,"",伪职：叛变游击队员；罪行：原我方人员被俘投敌，潜伏南山搜集游击队情报，策动基层人员叛变。；结局：武工队捕获就地镇压。,[],"2026-08-27 03:29:02.105934","2026-08-27 03:29:02.105934",,,,,
cb5c363ab3d349578c2b489f28b69e4e,葛寿山,,,,,exact,exact,涿鹿,[],"[""伪涿鹿警备大队长；驻守涿鹿城、矾山据点，配合桑矾事变，搜捕抗日干部。""]",抗日战争时期,"",伪职：伪涿鹿警备大队长；驻守涿鹿城、矾山据点，配合桑矾事变，搜捕抗日干部。；结局：涿鹿解放被俘处决,[],"2026-08-27 03:29:02.082995","2026-08-27 03:29:02.082995",,,,,
cb607091f3c54575822876604cb788b6,邓国庆,,,,,exact,exact,黑龙江依兰,[],"[""伪满国军驻鞍山汤岗子第 10 工兵队上校，鞍山伪驻军头目""]",抗日战争时期,"",伪职：伪满国军驻鞍山汤岗子第 10 工兵队上校，鞍山伪驻军头目；罪行：原东北军，先参加义勇军，战败投敌；协助日军维持鞍山周边治安，镇压抗日力量。日本投降后收拢伪满军、残留日军，组建鞍山保安队、军警联合司令部，自任司令，勾结国民党进攻我方。1949 年公审时仍高唱日本国歌，态度极其顽固。；结局：1949‑05‑30 鞍山二台子公审枪决。,[],"2026-08-27 03:29:02.091207","2026-08-27 03:29:02.091207",,,,,
cb67a690b30c4cdfb9e17aa1fc35b6a3,姚作宾,,,,,"","",四川南部县,[],"[""市长"", ""维持会""]",抗日战争时期,汪伪政权,伪任职务：长期在北方沦陷区，历任伪青岛维持会总务长、伪青岛特别市市长；大肆搜刮物资献粮献金献飞机资敌。。结局：抗战胜利逮捕，判处死刑执行枪决,[],"2026-08-26 17:52:47","2026-08-26 17:52:47",,,,,
cb6e3a30231340e2a1f80a2b7402e25a,刘老八,,,,,exact,exact,当涂城郊、向山矿区,[],"[""当涂宪兵队便衣特务""]",抗日战争时期,"",伪职：当涂宪兵队便衣特务；罪行：地痞投靠日军宪兵队，混迹铁矿工人中间，侦查地下抗日活动，告密抓捕矿工，敲诈勒索百姓。；结局：抗战后期被我方锄奸队击毙。,[],"2026-08-27 03:29:02.104055","2026-08-27 03:29:02.104055",,,,,
cb8b976ece4e4e779d2a8fc17eec4d1c,徐澍强,,,,,exact,exact,"",[],"[""伪唐山警防团团长，统辖城区伪武装，镇压市民抗日活动，盘查城市出入口。""]",抗日战争时期,"",伪职：伪唐山警防团团长，统辖城区伪武装，镇压市民抗日活动，盘查城市出入口。；结局：战后逮捕判刑,[],"2026-08-27 03:29:02.086778","2026-08-27 03:29:02.086778",,,,,
cb999355069e462689637526e91779da,马鹤俦,,,,,exact,exact,石家庄,[],"[""伪市政公署筹备处主任、第一任伪石门市市长，伪商会会长，组建东亚商会，掠夺煤炭棉纱等战略物资抖音百科。""]",抗日战争时期,"",伪职：伪市政公署筹备处主任、第一任伪石门市市长，伪商会会长，组建东亚商会，掠夺煤炭棉纱等战略物资抖音百科。；结局：战后交出敌伪财产，判处管制 3 年,[],"2026-08-27 03:29:02.078161","2026-08-27 03:29:02.078161",,,,,
cbb080d2fccd45d3923f65220ba7fa81,王汉清,,,,,exact,exact,贵池殷汇镇,[],"[""殷汇伪区长""]",抗日战争时期,"",伪职：殷汇伪区长；罪行：把持殷汇伪区政权，修建碉堡据点，搜集贵西游击队情报，充当向导带领日军进山扫荡，迫害接济新四军乡民。；结局：被沿江武工队锄奸处决。,[],"2026-08-27 03:29:02.105874","2026-08-27 03:29:02.105874",,,,,
cbbfe4e65cb34d4792f1b7347526d84c,曹敬庵,,,,,exact,exact,正定,[],"[""原旧警察局长，投敌任伪正定警察局局长，搜捕地下党员，配合日军扫荡。""]",抗日战争时期,"",伪职：原旧警察局长，投敌任伪正定警察局局长，搜捕地下党员，配合日军扫荡。；结局：1946 年汉奸罪判处徒刑,[],"2026-08-27 03:29:02.084192","2026-08-27 03:29:02.084192",,,,,
cbe1a6de608c400fb9ffed4f621dc15a,黄家桐,,,,,exact,exact,锡南,[],"[""伪地方特务""]",抗日战争时期,"",伪职：伪地方特务；罪行：搜集抗日武装情报，抓捕接济新四军群众。；结局：1944 年被武工队锄奸处决无锡市档案...。,[],"2026-08-27 03:29:02.098762","2026-08-27 03:29:02.098762",,,,,
cbf2072aba2440b096153f0f64f5186e,吴宝山,,,,,exact,exact,阿荣旗,[],"[""伪警察讨伐队长；进山清剿抗联小分队，残害山区群众。""]",抗日战争时期,"",伪职：伪警察讨伐队长；进山清剿抗联小分队，残害山区群众。；结局：1945 被俘枪决,[],"2026-08-27 03:29:02.086442","2026-08-27 03:29:02.086442",,,,,
cbf7c69cb8d14a3a81d23929fac6042d,程方辰,,,,,exact,exact,延庆,[],"[""首任伪延庆县长；建立伪县公署，配合日军封锁平北根据地延庆报数字...。""]",抗日战争时期,"",伪职：首任伪延庆县长；建立伪县公署，配合日军封锁平北根据地延庆报数字...。；结局：战后汉奸罪判处徒刑,[],"2026-08-27 03:29:02.083075","2026-08-27 03:29:02.083075",,,,,
cc1717b353d145cca14c0ee03dcc94e3,王倜,,,,,exact,exact,"",[],"[""后期伪元氏县长，利用职务挑拨伪军头目内讧，分化伪保安队，执行日伪各项政令。""]",抗日战争时期,"",伪职：后期伪元氏县长，利用职务挑拨伪军头目内讧，分化伪保安队，执行日伪各项政令。；结局：日本投降后逮捕判刑石家庄新闻...,[],"2026-08-27 03:29:02.089616","2026-08-27 03:29:02.089616",,,,,
cc1d57bdf4be4ef9b16eccabc158abf7,李守信,,,,,"","",内蒙古卓索图盟土默特右旗,[],"[""军长"", ""司令"", ""总司令""]",抗日战争时期,汪伪政权,伪任职务：伪蒙疆政府副主席、伪蒙古军总司令，伪蒙疆最高军事统帅，多次进攻抗日根据地。结局：1950 年引渡回国关押，1964 年特赦，1970 年病逝,[],"2026-08-26 17:52:47","2026-08-26 17:52:47",,,,,
cc27496c3f1748aebfa9a45d081e6853,郑老福,,,,,exact,exact,浦城仙霞关周边,[],"[""日伪情报联络员""]",抗日战争时期,"",伪职：日伪情报联络员；罪行：由浙赣前线日特派遣，活动于闽浙交界，打探仙霞关驻军调动，收买地方闲散人员传递情报，企图策动山区败类内应。；结局：浦城县保安团捕获，判处死刑。,[],"2026-08-27 03:29:02.079142","2026-08-27 03:29:02.079142",,,,,
cc3f79bc939d46bbbade44c07c6bdcee,姚华康,,,,,exact,exact,慈溪龙山、澥浦,[],"[""伪镇北保安团团长""]",抗日战争时期,"",伪职：伪镇北保安团团长；罪行：投敌之后盘踞澥浦、河头、邱王多处据点，祸害慈北沿海，袭扰三五支队，抓捕接济抗日武装乡民。；结局：抗战胜利后捕获，公审枪决。,[],"2026-08-27 03:29:02.100784","2026-08-27 03:29:02.100784",,,,,
cc4ecaae111b4c15bf03d21d0a436c1a,沙贵章,,,,,exact,exact,淮城（今淮安区）,[],"[""伪淮安县维持会会长、伪县长""]",抗日战争时期,"",伪职：伪淮安县维持会会长、伪县长；罪行：原国民党淮安县长，主动献城迎日军；组建伪警察大队，强征粮款、推行鸦片种植；制造黄土桥惨案，残害上百名抗日军民，是淮安头号巨奸。；结局：1945 年群众三万人大公审，公审枪决。,[],"2026-08-27 03:29:02.099986","2026-08-27 03:29:02.099986",,,,,
cc585ee399af4ed486dae5f4df264116,高立山,,,,,exact,exact,临榆,[],"[""伪警察局南海分驻所所长（海港区），外号 “南霸天”；驻守秦皇岛南海一带，抓捕抗日工作人员，勒索商户百姓。""]",抗日战争时期,"",伪职：伪警察局南海分驻所所长（海港区），外号 “南霸天”；驻守秦皇岛南海一带，抓捕抗日工作人员，勒索商户百姓。；结局：抗战胜利公审处死,[],"2026-08-27 03:29:02.081362","2026-08-27 03:29:02.081362",,,,,
cc5bd647d3b44e48bd6f52353bfd5650,郭维周,,,,,exact,exact,"",[],"[""伪宣化县县长；宣化省核心伪政权，修筑大量炮楼封锁平绥铁路，掠夺粮食矿产。""]",抗日战争时期,"",伪职：伪宣化县县长；宣化省核心伪政权，修筑大量炮楼封锁平绥铁路，掠夺粮食矿产。；结局：抗战胜利逮捕，判处长期徒刑,[],"2026-08-27 03:29:02.082894","2026-08-27 03:29:02.082894",,,,,
ccc293dd14bb4a759cb3669ecc228357,王怀义,,,,,exact,exact,齐齐哈尔,[],"[""伪龙江省协和会本部部长""]",抗日战争时期,"",伪职：伪龙江省协和会本部部长；罪行：主持协和会奴化宣传，推行 “日满一体”，管控学校、社会团体，监视爱国思想，为战争动员搜刮人力物力。；结局：解放后关押改造。,[],"2026-08-27 03:29:02.095888","2026-08-27 03:29:02.095888",,,,,
ccff77cb8dcc46e68b645f39f17a8802,汪宗准,,,,,"","",广东,[],"[""省级长官"", ""军长"", ""厅长""]",抗日战争时期,汪伪政权,伪任职务：伪广东省财政厅厅长，为日军横征暴敛财税物资。结局：战后被捕，判处无期徒刑,[],"2026-08-26 17:52:47","2026-08-26 17:52:47",,,,,
cd23e2cd19c549ccae87943e96777d94,杨仲华,,,,,exact,exact,东台全境,[],"[""伪第二集团军总司令""]",抗日战争时期,"",伪职：伪第二集团军总司令；罪行：苏北早期投敌高级将领，麾下数万伪军；盘踞东台，修筑大量碉堡据点，频繁扫荡苏中抗日根据地，掠夺粮棉物资，祸害台城及周边乡镇。；结局：抗战胜利后被捕，汉奸审判判处死刑。,[],"2026-08-27 03:29:02.099776","2026-08-27 03:29:02.099776",,,,,
cd297d6589a04d0c8b705e63ad4d24d4,志达图,,,,,exact,exact,达斡尔族,[],"[""伪布特哈旗第二任旗长；执行日伪政令，协助日军掠夺森林、畜牧资源。""]",抗日战争时期,"",伪职：伪布特哈旗第二任旗长；执行日伪政令，协助日军掠夺森林、畜牧资源。；结局：战后管制判刑,[],"2026-08-27 03:29:02.086403","2026-08-27 03:29:02.086403",,,,,
cd3dd92b74ab4f2ba9645345566409f4,杨开昌,,,,,exact,exact,潘集田集,[],"[""伪绥靖六团营长""]",抗日战争时期,"",伪职：伪绥靖六团营长；罪行：杨立言之子，伪军基层带兵官，下乡烧杀骚扰根据地村庄。；结局：战斗中被击毙。,[],"2026-08-27 03:29:02.103781","2026-08-27 03:29:02.103781",,,,,
cd40b01c3c9d478bb9940921748b0582,王绍棠,,,,,exact,exact,"",[],"[""伪浮山县县长""]",抗日战争时期,"",伪职：伪浮山县县长；罪行：建立浮山伪政权，设立新民会、剿共委员会，制造东张万人坑惨案，残害大量百姓临汾新闻网。；结局：县城收复后逮捕判刑,[],"2026-08-27 03:29:02.090217","2026-08-27 03:29:02.090217",,,,,
cd61a8fbbac7474ea0841f325b79ef04,沈瀚卿,,,,,exact,exact,嘉兴城区,[],"[""伪嘉兴县首任伪县长""]",抗日战争时期,"",伪职：伪嘉兴县首任伪县长；罪行：汪伪嘉兴首任县知事，搭建伪县公署、伪警察系统，推行保甲，配合日军清乡，镇压城郊抗日活动浙江在线。；结局：1940 年被抗日游击队员刺杀于西埏桥堍，其子一同毙命浙江在线。,[],"2026-08-27 03:29:02.101094","2026-08-27 03:29:02.101094",,,,,
cd65c5dcae424724aec52004327f695b,姜明远,,,,,exact,exact,开鲁,[],"[""开鲁第一任伪县长，商会会长；1933 从中撮合促成李守信投敌，迎接日军占领开鲁，组建伪政权，搜刮资财。""]",抗日战争时期,"",伪职：开鲁第一任伪县长，商会会长；1933 从中撮合促成李守信投敌，迎接日军占领开鲁，组建伪政权，搜刮资财。；结局：战后汉奸罪重刑关押,[],"2026-08-27 03:29:02.085649","2026-08-27 03:29:02.085649",,,,,
cd6e8c7a238e4d368440a59b647e9e24,葛杰甫,,,,,exact,exact,温州城区、近郊,[],"[""伪永嘉县县长（第三次沦陷）""]",抗日战争时期,"",伪职：伪永嘉县县长（第三次沦陷）；罪行：日军扶持正式伪永嘉县长，搭建完整伪县公署，设立伪警察局、各镇伪镇长；推行保甲、征粮派夫，开设鸦片馆、赌场，奴化宣传，镇压民间抗日活动。；结局：抗战胜利后汉奸审判判处死刑。,[],"2026-08-27 03:29:02.100932","2026-08-27 03:29:02.100932",,,,,
cd849ef79ab74c4da2f169a120a6fbb1,刘子敬,,,,,exact,exact,芜湖城乡,[],"[""伪芜湖县保安大队大队长""]",抗日战争时期,"",伪职：伪芜湖县保安大队大队长；罪行：原日军翻译，精通日语；统辖十个中队伪军，分驻鲁港、方村、清水河等据点，横行乡里，赌博抽头、勒索百姓，多次配合日军扫荡游击区政协芜湖市...。；结局：被日军特务机关免职，战后清算惩处。,[],"2026-08-27 03:29:02.103237","2026-08-27 03:29:02.103237",,,,,
cdc9073834f7437691f3a5a878462424,武俊杰,,,,,exact,exact,离石大武,"[""山后虎""]","[""石门墕据点伪维持会总头目""]",抗日战争时期,"",伪职：石门墕据点伪维持会总头目；罪行：土豪劣绅投敌；盘踞石门墕据点，抓捕、悬赏缉拿我方干部；引日伪军制造雒贵琦惨案，残害大批抗日军民。；结局：武工队锄奸击毙,[],"2026-08-27 03:29:02.090377","2026-08-27 03:29:02.090377",,,,,
cdd34ba6876941abb19bf86fec719824,吕继虞,,,,,exact,exact,"",[],"[""伪敦化县县长""]",抗日战争时期,"",伪职：伪敦化县县长；罪行：敦化地处延边，配合日伪讨伐抗联，强征开拓团土地。；结局：战后汉奸罪判刑。,[],"2026-08-27 03:29:02.094452","2026-08-27 03:29:02.094452",,,,,
cddecea11bfd475f99ebd362368efc6f,赵毓松,,,,,"","",四川，青年党要人,[],"[""部长""]",抗日战争时期,汪伪政权,伪任职务：离开四川赴南京，出任汪伪农矿部长、司法行政部长，汪伪中央高官。。结局：抗战胜利被捕，判处无期徒刑,[],"2026-08-26 17:52:47","2026-08-26 17:52:47",,,,,
ce036cb86be64d80a0fc7bb5b64566a6,楼信源,,,,,exact,exact,诸暨牌头,[],"[""伪诸暨牌头区伪区长""]",抗日战争时期,"",伪职：伪诸暨牌头区伪区长；罪行：诸南铁杆汉奸，勾结青帮势力，抓捕缴械越山乡抗日自卫队，迫害金萧支队地方人员。；结局：金萧支队锄奸处决。,[],"2026-08-27 03:29:02.101581","2026-08-27 03:29:02.101581",,,,,
ce086249ffac43cca0b9e118e792a2aa,缪子香,,,,,exact,exact,凤台县城、淮河沿岸,[],"[""凤台日军特务队首任头目""]",抗日战争时期,"",伪职：凤台日军特务队首任头目；罪行：日军直接控制特务队，广布眼线，抓捕地下人员，敲诈商户，刑讯爱国百姓政协凤台县...。；结局：抗战胜利后捕获处决。,[],"2026-08-27 03:29:02.103731","2026-08-27 03:29:02.103731",,,,,
ce4a4ef792dd4342af614c0ee6ca8824,刘宝题,,,,,exact,exact,史料未明确记载,"[""亦作刘宝提""]","[""原北洋军阀孙传芳属下师长，抗战期间投靠日寇""]",抗日战争时期,"",伪职：原北洋军阀孙传芳属下师长，抗战期间投靠日寇；罪行：抗战期间公开投敌叛国，为日寇效力；1926年曾率部路过景德镇时敲诈勒索当地瓷商百姓，抗战期间彻底沦为民族败类；结局：史料未明确记载其最终审判及结局（来源：景德镇（浮梁县）抗战时期未被日军长期占领，仅遭受日军轰炸，未建立系统性日伪伪政权，有明确史料记载的本地汉奸数量较少）,[],"2026-08-27 03:29:02.078061","2026-08-27 03:29:02.078061",,,,,
ce5cdb10c3194ae8bd8dd966d5bca503,邵世恩,,,,,exact,exact,萧县黄口（今宿州北部）,[],"[""萧县黄口维持会会长、伪萧县知事""]",抗日战争时期,"",伪职：萧县黄口维持会会长、伪萧县知事；罪行：劣绅，日军进入黄口立刻组建维持会；抓夫征粮，推行伪化统治，其子邵竞生为主要帮凶抖音百科。；结局：抗战胜利后肃奸逮捕法办。,[],"2026-08-27 03:29:02.105277","2026-08-27 03:29:02.105277",,,,,
ce5ddce74d8b4274970695fb27e2e584,赵荣九,,,,,exact,exact,铁岭,[],"[""伪铁岭县卫队长""]",抗日战争时期,"",伪职：伪铁岭县卫队长；罪行：带领伪卫警，维持城乡治安，搜捕抗日人员，配合日军下乡讨伐。；结局：解放后判处徒刑。,[],"2026-08-27 03:29:02.093444","2026-08-27 03:29:02.093444",,,,,
ce6bc844c0c94836867cc81bbacdc9d2,杨玉书,,,,,exact,exact,佳木斯、富锦,[],"[""伪佳木斯警察厅特务科警尉""]",抗日战争时期,"",伪职：伪佳木斯警察厅特务科警尉；罪行：伪三江省特务骨干，专门搜捕地下党、抗联交通员，主持刑讯，制造多起冤案，抓捕大量爱国群众。；结局：1951 年公审处决。,[],"2026-08-27 03:29:02.097485","2026-08-27 03:29:02.097485",,,,,
ce8ba061520f40acaff2b6f4f0c7e731,周阿福,,,,,exact,exact,无锡城区,[],"[""汪伪无锡特工站特务""]",抗日战争时期,"",伪职：汪伪无锡特工站特务；罪行：汪伪特务，搜集情报，告密、抓捕爱国人员。；结局：被抗日锄奸团处决无锡市档案...。,[],"2026-08-27 03:29:02.098707","2026-08-27 03:29:02.098707",,,,,
ceb6ee832449435db437a2954bcc5653,崔学善,,,,,exact,exact,亳县芦家庙,[],"[""伪参谋长""]",抗日战争时期,"",伪职：伪参谋长；罪行：崔华山部参谋长，参与策划进攻亳县，芦家庙战斗被俘亳州新闻网。；结局：被俘后审讯，后续处置不详。,[],"2026-08-27 03:29:02.105692","2026-08-27 03:29:02.105692",,,,,
cebd23d993bd45c5ac9e0d17aafea978,杨胯子,,,,,exact,exact,舒城县城汪圩,[],"[""舒城城关维持会骨干""]",抗日战争时期,"",伪职：舒城城关维持会骨干；罪行：日军占领舒城后，领取日伪袖章膏药旗，搜集情报，带领日军下乡烧杀抢掠，胁迫群众 “欢迎皇军”。；结局：舒城光复后军法审判处决。,[],"2026-08-27 03:29:02.105508","2026-08-27 03:29:02.105508",,,,,
cec580958348458b9468fe3eb0e3b57d,谢虎丞,,,,,"","",杭州,[],"[""市长"", ""军长"", ""维持会""]",抗日战争时期,汪伪政权,伪任职务：杭州市治安维持会会长（沦陷初期第一号傀儡），典业银行行长、商会会长，为日军征调物资、胁迫市民回城。。结局：抗战胜利被捕，判处徒刑,[],"2026-08-26 17:52:47","2026-08-26 17:52:47",,,,,
cf11f8c18e144cd380801029358a7d65,张资平,,,,,"","",广东梅县,[],[],抗日战争时期,汪伪政权,伪任职务：上海文化汉奸，日伪刊物撰稿，鼓吹大东亚理论。结局：抗战胜利被捕判刑，刑满释放后病逝,[],"2026-08-26 17:52:47","2026-08-26 17:52:47",,,,,
cf2102a1957a49019d5cff15e1647875,萨福畴,,,,,exact,exact,福州、马尾（后调华南）,[],"[""汪伪福州水上警察局局长，后汪伪海军中将常务次长、广州要港司令""]",抗日战争时期,"",伪职：汪伪福州水上警察局局长，后汪伪海军中将常务次长、广州要港司令；罪行：原民国海军少将，1941 年福州沦陷投敌；掌控闽江水上治安，搜捕海上抗日人员；后升任汪伪海军华南最高将领之一福州史志网。；结局：1943 年座舰触水雷被俘，重庆审判枪决福州史志网。,[],"2026-08-27 03:29:02.080155","2026-08-27 03:29:02.080155",,,,,
cf2337b8ab694bf2bbb686628cec748a,刘凤山,,,,,exact,exact,延庆,[],"[""伪延庆警备大队长；盘踞延庆城、永宁据点，下乡清乡扫荡。""]",抗日战争时期,"",伪职：伪延庆警备大队长；盘踞延庆城、永宁据点，下乡清乡扫荡。；结局：延庆解放被俘处死,[],"2026-08-27 03:29:02.083090","2026-08-27 03:29:02.083090",,,,,
cf2860dc46d84bf4a305f4809c403404,李荣三,,,,,exact,exact,"",[],"[""伪丰南办事处主任（等同伪县长），依附王子林伪军，推行清乡，搜集路南游击队情报，抓捕地方干部。""]",抗日战争时期,"",伪职：伪丰南办事处主任（等同伪县长），依附王子林伪军，推行清乡，搜集路南游击队情报，抓捕地方干部。；结局：1944 西葛各庄被八路军伏击击毙,[],"2026-08-27 03:29:02.086871","2026-08-27 03:29:02.086871",,,,,
cf301664cb854b5da1e4024caad3842b,邓士奇,,,,,exact,exact,贵池县城,[],"[""皖南独立方面军派驻贵池经济汉奸""]",抗日战争时期,"",伪职：皖南独立方面军派驻贵池经济汉奸；罪行：投敌部队张昌德部下，开设皖南企业公司贵池分公司，大肆掠夺桐油、生漆、中药材等皖南土特产输送日军。；结局：抗战胜利后捕获镇压。,[],"2026-08-27 03:29:02.105866","2026-08-27 03:29:02.105866",,,,,
cf4b14982d774f339ba994163bb2b687,刘振邦,,,,,exact,exact,昌黎,[],"[""伪昌黎特务系长；专门搜捕迁卢抚昌联合县地方干部，酷刑审讯被捕人员。""]",抗日战争时期,"",伪职：伪昌黎特务系长；专门搜捕迁卢抚昌联合县地方干部，酷刑审讯被捕人员。；结局：镇反时期公审枪决,[],"2026-08-27 03:29:02.096044","2026-08-27 03:29:02.096044",,,,,
cf6227a4938c40c1b7c60eaa32eeea07,傅金林,,,,,exact,exact,遂昌县城（1942 过境沦陷）,[],"[""遂昌日军临时维持代表""]",抗日战争时期,"",伪职：遂昌日军临时维持代表；罪行：日军短暂占据遂昌，被胁迫出任乡城维持代表，征派民夫、粮食。日军离开即解散。；结局：战后附逆案件审理，判处有期徒刑。,[],"2026-08-27 03:29:02.102694","2026-08-27 03:29:02.102694",,,,,
cf8a58b695934e00b9d2e6848c3ca354,秦松亭,,,,,exact,exact,蚌埠、临淮关,[],"[""维持会骨干、伪凤阳县县长（蚌埠当时属凤阳县）""]",抗日战争时期,"",伪职：维持会骨干、伪凤阳县县长（蚌埠当时属凤阳县）；罪行：参与蚌埠早期维持会，后出任伪凤阳县长，推行保甲良民证，强征民夫修工事，迫害抗日群众。；结局：1951 年公审枪决。,[],"2026-08-27 03:29:02.103451","2026-08-27 03:29:02.103451",,,,,
cfa7da96f97f4e77b0975b2cf62cea6a,朱某,,,,,exact,exact,舒城桃溪镇,[],"[""桃溪汉奸头目""]",抗日战争时期,"",伪职：桃溪汉奸头目；罪行：胁迫乡民迎接日军，充当向导，引导日军焚毁周边二十余村庄，残害平民。；结局：地方自卫队捕获镇压。,[],"2026-08-27 03:29:02.105525","2026-08-27 03:29:02.105525",,,,,
cfa94747f9dd443c8681ea0877948cad,曹肇元,,,,,exact,exact,"",[],"[""伪新京特别市总务处长""]",抗日战争时期,"",伪职：伪新京特别市总务处长；罪行：伪市公署华人实权处长；八一五后为长春特别市政府总务处长，主持接收伪机关。；结局：民主政府逮捕，汉奸罪判刑吉林省地方...。,[],"2026-08-27 03:29:02.094057","2026-08-27 03:29:02.094057",,,,,
cfaa88e6712842ed947e2144d34c16ee,谢少臣,,,,,exact,exact,定远县路西（藕塘周边）,[],"[""定远谢家圩伪区长、伪县长""]",抗日战争时期,"",伪职：定远谢家圩伪区长、伪县长；罪行：定远豪强地主，筑谢家圩坚固土圩堡垒，拥兵三百；主动引日军扫荡路西藕塘抗日根据地，捕杀大量军民，多次对抗新四军四旅部队。；结局：圩子被新四军攻破，被俘，重伤死于狱中。,[],"2026-08-27 03:29:02.104970","2026-08-27 03:29:02.104970",,,,,
cfb41fb037794adeaf41f914f1066c40,刘化南,,,,,"","",河北,[],"[""军长"", ""司令""]",抗日战争时期,华北伪临时政府,伪任职务：伪华北治安军集团军司令，驻防保定、石家庄。结局：1945 年被俘，公审枪决,[],"2026-08-26 17:52:47","2026-08-26 17:52:47",,,,,
cfd8666a670e47da89d384bad28ea8c4,段占山,,,,,exact,exact,龙关,[],"[""伪龙关讨伐队队长；多次进山扫荡海陀山根据地，捕杀堡垒户。""]",抗日战争时期,"",伪职：伪龙关讨伐队队长；多次进山扫荡海陀山根据地，捕杀堡垒户。；结局：1944 年被平北支队击毙,[],"2026-08-27 03:29:02.083047","2026-08-27 03:29:02.083047",,,,,
d012b44f88bd48f38325d7630d63ca5e,林谦宣,,,,,exact,exact,福州城内,[],"[""伪市政委员会委员""]",抗日战争时期,"",伪职：伪市政委员会委员；罪行：追随林赤民，负责社会事务，胁迫士绅附逆，为日军征调民夫、物资。；结局：捕获后判处死刑。,[],"2026-08-27 03:29:02.080106","2026-08-27 03:29:02.080106",,,,,
d0191c25fb0d4ed3a7267b7393fef1dc,刘雨田,,,,,exact,exact,普兰店泡子,"[""刘逢霖""]","[""关东州厅参事、大连市议员、华商公议会会长，关东都督府嘱托（高级顾问）""]",抗日战争时期,"",伪职：关东州厅参事、大连市议员、华商公议会会长，关东都督府嘱托（高级顾问）；罪行：甲午战争主动给日军做向导，参与旅顺大屠杀引路；变卖土地房产捐献两架 “雨田号” 战机；宣扬大东亚共荣奴化思想，拉拢乡绅附逆，迫害爱国志士。；结局：1945 年隐匿潜逃，1951 年抓获公审枪决，至死毫无悔意。,[],"2026-08-27 03:29:02.090898","2026-08-27 03:29:02.090898",,,,,
d024e64e1a90405d9f7e8df0a1c03c13,李梦符,,,,,exact,exact,"",[],"[""伪龙关县县长；推行长城 “人圈” 集家并村政策，疯狂清剿平北抗日根据地。""]",抗日战争时期,"",伪职：伪龙关县县长；推行长城 “人圈” 集家并村政策，疯狂清剿平北抗日根据地。；结局：战后逮捕判刑,[],"2026-08-27 03:29:02.083040","2026-08-27 03:29:02.083040",,,,,
d0288a14f0c640a6baa3d2db27fb22d8,马梦吉,,,,,exact,exact,"",[],"[""伪朝阳县首任县长""]",抗日战争时期,"",伪职：伪朝阳县首任县长；罪行：热河沦陷后组建朝阳伪县公署，推行保甲制度，强征粮饷，配合日伪对朝阳山区义勇军进行反复讨伐。；结局：抗战胜利逮捕，汉奸罪判刑。,[],"2026-08-27 03:29:02.093558","2026-08-27 03:29:02.093558",,,,,
d03f72b04e4c4390907cc8156e1527b5,于镜涛,,,,,exact,exact,哈尔滨、滨江省全境,[],"[""伪哈尔滨警察厅厅长，后伪滨江省省长""]",抗日战争时期,"",伪职：伪哈尔滨警察厅厅长，后伪滨江省省长；罪行：执掌哈尔滨伪警察体系，推行粮食出荷、国兵征集，主导镇压北满抗日力量，兼任协和会头目。；结局：解放后被关押改造。,[],"2026-08-27 03:29:02.095672","2026-08-27 03:29:02.095672",,,,,
d0419ddfad59462b8cf6d32e33c236f6,赵瑞,,,,,exact,exact,山西,[],"[""伪山西省保安副司令、剿共军第一师师长""]",抗日战争时期,"",伪职：伪山西省保安副司令、剿共军第一师师长；罪行：原阎军军官，1942 投敌，驻扎太原；多次率伪军配合日军扫荡清太徐、交城根据地，屠杀干部民兵。；结局：抗战胜利被阎收编；太原解放被俘，劳动改造,[],"2026-08-27 03:29:02.087252","2026-08-27 03:29:02.087252",,,,,
d0c288815c88486a8c217aeb075d1c93,汤同书,,,,,"","",扬州,[],"[""军长"", ""清乡""]",抗日战争时期,汪伪政权,伪任职务：伪启东特别区公署署长，清乡时期启东最高伪官；设置封锁线、检问所，强建保甲，残酷迫害启海抗日军民。。结局：抗战胜利江苏高等法院判处死刑枪决,[],"2026-08-26 17:52:47","2026-08-26 17:52:47",,,,,
d0d4421f5d514f9c8e9307e4b040cd89,黄新农,,,,,exact,exact,滁县城关,[],"[""伪滁县维持会会长、首任伪滁县知事（县长）""]",抗日战争时期,"",伪职：伪滁县维持会会长、首任伪滁县知事（县长）；罪行：滁县头号汉奸，出城迎接日军入城；霸占大成面粉厂，克扣难民粮食 90 万斤；强掳妇女设立慰安所；多次充当向导带日军下乡扫荡，残害百姓。；结局：1951 年公审枪决。,[],"2026-08-27 03:29:02.104843","2026-08-27 03:29:02.104843",,,,,
d0d64a53de0d46b28804361c1710ff71,李祖龄,,,,,exact,exact,"",[],"[""伪盂县知事""]",抗日战争时期,"",伪职：伪盂县知事；罪行：盂县早期伪主官，建立完整伪行政体系，推行保甲、苛捐杂税。；结局：战后逮捕判刑阳泉市人大...,[],"2026-08-27 03:29:02.087641","2026-08-27 03:29:02.087641",,,,,
d0fdadf946df459b9d9fa500126b9437,冯仙洲,,,,,exact,exact,"",[],"[""凌印清伪部参谋""]",抗日战争时期,"",伪职：凌印清伪部参谋；罪行：为伪军出谋划策，四处游说收编地方武装。；结局：同案公审枪决人民政协网。,[],"2026-08-27 03:29:02.093155","2026-08-27 03:29:02.093155",,,,,
d10bf4689ada4766bfe18e2f9c5eff07,佟锡九,,,,,exact,exact,丰宁,[],"[""伪丰宁维持会头目，本地大地主；迎接日军，协助集家并村，出卖山区抗日情报。""]",抗日战争时期,"",伪职：伪丰宁维持会头目，本地大地主；迎接日军，协助集家并村，出卖山区抗日情报。；结局：丰宁解放公审处决,[],"2026-08-27 03:29:02.083364","2026-08-27 03:29:02.083364",,,,,
d11b3c6a82334dd08c15a0a657bbf201,杨翰西,,,,,exact,exact,无锡县城,[],"[""无锡伪自治委员会（维持会）委员长""]",抗日战争时期,"",伪职：无锡伪自治委员会（维持会）委员长；罪行：日军占领后牵头组建伪维持会，协助日军接管城市，推行殖民统治，管控工商行业。；结局：抗战胜利后被捕，后保释逃往香港，1973 年客死香港。,[],"2026-08-27 03:29:02.098642","2026-08-27 03:29:02.098642",,,,,
d136532894084f3288a86d84694a0ded,野元甚藏（野本甚藏）,,,,,"","",日本，关东军特务,[],"[""院长"", ""军长""]",抗日战争时期,汪伪政权,伪任职务：受关东军派遣，跟随安钦活佛入藏；潜伏日喀则，搜集西藏军政、寺院、交通情报，是第一位成功潜入后藏的日本特工。。结局：日本战败后从印度遣返回日本,[],"2026-08-26 17:52:47","2026-08-26 17:52:47",,,,,
d141793ee17247ca998b004c5485e7d9,范子和,,,,,exact,exact,"",[],"[""伪兴隆特务头目；木头凳、龙王庙发展大量密探，抓捕情报人员、堡垒户。""]",抗日战争时期,"",伪职：伪兴隆特务头目；木头凳、龙王庙发展大量密探，抓捕情报人员、堡垒户。；结局：1944 秋季被八路军锄奸击杀,[],"2026-08-27 03:29:02.083284","2026-08-27 03:29:02.083284",,,,,
d15045dbee2a4e0aa2fca007acd4aa4a,周瑞,,,,,"","",不详,[],"[""县长""]",抗日战争时期,汪伪政权,伪任职务：汪伪第二任伪江都县长，接续方小亭，强化物资搜刮，管控运河航运物资。。结局：战后汉奸罪判处长期徒刑,[],"2026-08-26 17:52:47","2026-08-26 17:52:47",,,,,
d15d931e065f4448af9f68fd3cfd93c6,袁金铠,,,,,"","",辽宁辽阳,[],"[""军长"", ""委员长"", ""维持会""]",抗日战争时期,汪伪政权,伪任职务：奉天治安维持会委员长、伪满尚书府大臣，沈阳最早附逆高层，协助日军接收沈阳政权。结局：1945 年被捕，保外就医，1947 年病死,[],"2026-08-26 17:52:47","2026-08-26 17:52:47",,,,,
d168291b77054eafa50ece6d58642531,林义和,,,,,exact,exact,马祖、嵛山岛，袭扰三沙、沙埕、三都澳沿海,[],"[""伪福建和平救国军第一路军司令（长乐籍，盘踞闽东海岛）""]",抗日战争时期,"",伪职：伪福建和平救国军第一路军司令（长乐籍，盘踞闽东海岛）；罪行：海匪出身受厦门日军收编，指挥伪军在闽东海面劫掠商船渔船，登陆霞浦、福鼎沿海村镇抢掠，抓捕渔民，封锁闽东海上航道，为日军提供沿海情报。；结局：1942 年被伪军内部仇家郑德明等人沉海杀害。,[],"2026-08-27 03:29:02.078850","2026-08-27 03:29:02.078850",,,,,
d172c29440df4b8d9bc1a50ea6f6ef7b,王泽民,,,,,exact,exact,永年,[],"[""伪永年保安司令；与许铁英合伙盘踞广府，抓捕迫害抗日家属，出城抢粮杀人；日降后改编为国民党保安纵队。""]",抗日战争时期,"",伪职：伪永年保安司令；与许铁英合伙盘踞广府，抓捕迫害抗日家属，出城抢粮杀人；日降后改编为国民党保安纵队。；结局：永年城破逃窜，后被抓获处决,[],"2026-08-27 03:29:02.078442","2026-08-27 03:29:02.078442",,,,,
d19c2223389445ec8f7fe5d6846de8d9,须田正继,,,,,"","",日本陆军特务,[],"[""特务""]",抗日战争时期,汪伪政权,伪任职务：北平特务机关负责人，专门统筹针对新疆、西北的谍报工作，资助和加尼牙孜流亡集团，策划向新疆派遣潜伏人员。活动基地在北平，没有进入新疆。。结局：日本战败投降，作为战犯被逮捕，后遣返日本,[],"2026-08-26 17:52:47","2026-08-26 17:52:47",,,,,
d1b71102db93488cbbecf9298239eadb,崔兴武,,,,,exact,exact,辽宁黑山,[],"[""原东北军骑兵旅长投敌；交出部队给李守信，后去长春任伪满赛马会会长。""]",抗日战争时期,"",伪职：原东北军骑兵旅长投敌；交出部队给李守信，后去长春任伪满赛马会会长。；结局：日本投降后被关押，病死狱中,[],"2026-08-27 03:29:02.085658","2026-08-27 03:29:02.085658",,,,,
d1bf03e4d6c04dfdaab27f0bfbb85379,关锡廉,,,,,exact,exact,"",[],"[""伪永吉县（吉林市）县长""]",抗日战争时期,"",伪职：伪永吉县（吉林市）县长；罪行：伪吉林县主官，推行保甲，强征劳工，镇压城郊抗日活动。；结局：抗战胜利逮捕，汉奸罪判刑。,[],"2026-08-27 03:29:02.094414","2026-08-27 03:29:02.094414",,,,,
d1c4971a793843a9991add0ec573b7fc,黄太勋,,,,,exact,exact,濉溪古饶（今烈山）濉溪县人民...,[],"[""古饶新民会会长""]",抗日战争时期,"",伪职：古饶新民会会长；罪行：成立伪新民会，发展亲日组织，鼓吹 “大东亚共荣”，胁迫士绅附逆，刺探根据地情报。；结局：根据地锄奸行动抓捕镇压。,[],"2026-08-27 03:29:02.104182","2026-08-27 03:29:02.104182",,,,,
d1c5ec82ce854ebdb25e204a35334b23,张慎修,,,,,exact,exact,"",[],"[""伪任县县长；强征壮丁粮草资敌，扶持伪大乡。""]",抗日战争时期,"",伪职：伪任县县长；强征壮丁粮草资敌，扶持伪大乡。；结局：战后逮捕判刑,[],"2026-08-27 03:29:02.082164","2026-08-27 03:29:02.082164",,,,,
d1c61286a1c542a3a00d402091e7895a,李逢春,,,,,exact,exact,肥乡,[],"[""伪肥乡警备大队长；带队多次下乡 “清乡”，抓捕抗日干部。""]",抗日战争时期,"",伪职：伪肥乡警备大队长；带队多次下乡 “清乡”，抓捕抗日干部。；结局：肥乡解放被俘，判处死刑,[],"2026-08-27 03:29:02.078493","2026-08-27 03:29:02.078493",,,,,
d1ccc214f10e4c55b6b40a0c1174f447,邹平凡,,,,,"","",湖北,[],"[""军长""]",抗日战争时期,汪伪政权,伪任职务：汪伪第 29 军军长，武汉伪军主力，驻防汉口周边。结局：日本投降投靠国民党，解放战争被俘,[],"2026-08-26 17:52:47","2026-08-26 17:52:47",,,,,
d1e0d728061f4711ae2c3e4db079ea7e,刘德山,,,,,exact,exact,平山,[],"[""伪平山警备大队长，伪军头目，驻守平山县城及南甸据点，频繁进山扫荡。""]",抗日战争时期,"",伪职：伪平山警备大队长，伪军头目，驻守平山县城及南甸据点，频繁进山扫荡。；结局：1945 年县城解放被俘，判处死刑,[],"2026-08-27 03:29:02.089541","2026-08-27 03:29:02.089541",,,,,
d21933d8871d4362b18c8ac75628b5f3,张天真,,,,,exact,exact,湄洲岛、平海湾,[],"[""伪和平救国军大队长（莆田忠门人）""]",抗日战争时期,"",伪职：伪和平救国军大队长（莆田忠门人）；罪行：本地海匪，最早引荐张逸舟勾结厦门日军；盘踞湄洲岛，登岛强征粮物，抓捕沿海渔民，充当日军海上耳目秀屿新闻网。；结局：抗战胜利后被国民党收编，解放后镇反处决。,[],"2026-08-27 03:29:02.079932","2026-08-27 03:29:02.079932",,,,,
d230f44d967442ff90a7dfe87bf70e92,常栋彝,,,,,exact,exact,绥化县城,"[""常八爷""]","[""伪绥化思想矫正院院长；光复后绥化维持会会长""]",抗日战争时期,"",伪职：伪绥化思想矫正院院长；光复后绥化维持会会长；罪行：大地主，投靠日寇掌管思想矫正院，抓捕迫害不满伪满百姓；日本投降后网罗伪警特务组建维持会、国民党党部，勾结土匪图谋暴乱，对抗民主政权绥化新闻网。；结局：1946 年除夕公审枪决绥化新闻网。,[],"2026-08-27 03:29:02.098482","2026-08-27 03:29:02.098482",,,,,
d244d7d6fc9f4ff1a6f05bb11d28d3cb,王才荣,,,,,exact,exact,大鱼山岛,[],"[""大鱼山伪保长""]",抗日战争时期,"",伪职：大鱼山伪保长；罪行：陪同张阿龙刺探情报，协助向日军告密，祸害岛上渔民群众岱山新闻网。；结局：战后群众公审惩处。,[],"2026-08-27 03:29:02.102331","2026-08-27 03:29:02.102331",,,,,
d245665eb3a14632a194d03c94b5a6be,侯如墉,,,,,"","",山东,[],"[""军长"", ""旅长""]",抗日战争时期,华北伪临时政府,伪任职务：伪华北绥靖军第八旅，盘踞阳泉、昔阳，祸害晋东根据地。结局：抗战后被国民党收编，解放战争中被歼灭,[],"2026-08-26 17:52:47","2026-08-26 17:52:47",,,,,
d27da2a8351b40469f2f29de340c8034,修广翰,,,,,exact,exact,洮南,[],"[""伪满旧官吏，洮南国民党党部骨干""]",抗日战争时期,"",伪职：伪满旧官吏，洮南国民党党部骨干；罪行：日伪时期依附日本；光复后勾结残余伪势力，联络国民党，策动地方武装暴乱，破坏民主政权接收吉林省地方...。；结局：被民主政府逮捕审判。,[],"2026-08-27 03:29:02.095540","2026-08-27 03:29:02.095540",,,,,
d29227c65ea7477c84c4f6d2a6e50d6f,金树声,,,,,exact,exact,"",[],"[""伪满洲国国际警察队头目；1932 带兵进驻满洲里，接管边境，抓捕苏炳文抗日人员。""]",抗日战争时期,"",伪职：伪满洲国国际警察队头目；1932 带兵进驻满洲里，接管边境，抓捕苏炳文抗日人员。；结局：1932 扎兰屯被救国军诱杀党史学习教...,[],"2026-08-27 03:29:02.086336","2026-08-27 03:29:02.086336",,,,,
d29cb8506cd14be2adae7cfbc2e6973d,王国瑞,,,,,exact,exact,九江县（今浔阳区）,[],"[""伪九江县县长""]",抗日战争时期,"",伪职：伪九江县县长；罪行：原六角石小学（今柴桑小学）教导主任，投敌后任伪县长，为日军推行殖民统治、征发物资劳役、镇压抗日活动；结局：史料未明确记载其最终结局（来源：九江伪政权“三巨头”之一，为九江沦陷期最高地方行政长官）,[],"2026-08-27 03:29:02.077622","2026-08-27 03:29:02.077622",,,,,
d29cd68984d44520953dcb6605b0e798,王伯安,,,,,exact,exact,"",[],"[""伪肃宁县县长；县城多次被我军攻克，反复重建伪政权，抓捕抗日家属。""]",抗日战争时期,"",伪职：伪肃宁县县长；县城多次被我军攻克，反复重建伪政权，抓捕抗日家属。；结局：日本投降潜逃，后抓捕归案判刑,[],"2026-08-27 03:29:02.083588","2026-08-27 03:29:02.083588",,,,,
d2a0b1a91ba441bea47d15917b098a0c,王光友,,,,,exact,exact,宿县五柳,[],"[""叛变投敌原游击队员""]",抗日战争时期,"",伪职：叛变投敌原游击队员；罪行：我方战士叛变投敌，配合汉奸陈庚新抓捕群众人质，出卖游击区情报。；结局：1944 年除夕夜被武工队捕获正法。,[],"2026-08-27 03:29:02.105348","2026-08-27 03:29:02.105348",,,,,
d2ba7f28710240ab9aa62ecf72c96e2d,樊瑞伍,,,,,exact,exact,右玉,[],"[""伪右玉县首任县长""]",抗日战争时期,"",伪职：伪右玉县首任县长；罪行：日军入城后组建维持会，出任伪县长，建立伪警察，推行保甲制度，管控右玉、杀虎口一带，搜捕往来抗日人员。；结局：战后汉奸罪判处重刑,[],"2026-08-27 03:29:02.088683","2026-08-27 03:29:02.088683",,,,,
d2bfb4655e044537b1fd63592dd61478,曹湘,,,,,"","",不详,[],"[""清乡"", ""县长""]",抗日战争时期,汪伪政权,伪任职务：第四任伪无锡县长，强化清乡配套行政，摊派田赋捐税。。结局：战后捕获，判处重刑,[],"2026-08-26 17:52:47","2026-08-26 17:52:47",,,,,
d2c0711fb2704463bd3abb960fe13041,阿齐兹医生,,,,,"","",新疆,[],"[""军长"", ""特务""]",抗日战争时期,汪伪政权,伪任职务：跟随和加尼牙孜流亡上海，与日本陆军特务机关密切合作，为日方做新疆情报翻译，联络流亡的新疆分裂分子，策划渗透新疆。未返回新疆本土活动环球网。。结局：抗战胜利在上海被捕判刑,[],"2026-08-26 17:52:47","2026-08-26 17:52:47",,,,,
d2c412a65720405f88cae0898eb852ed,王宇轼,,,,,exact,exact,吴兴县城及乡镇,[],"[""继任汪伪吴兴县县长""]",抗日战争时期,"",伪职：继任汪伪吴兴县县长；罪行：接替颜叔周主政吴兴伪政权，扩充伪警察、伪自卫团，强征赋税，破坏城郊地下抗日组织湖州市人民...。；结局：抗战胜利后汉奸审判判处重刑。,[],"2026-08-27 03:29:02.101333","2026-08-27 03:29:02.101333",,,,,
d30ada70e2c6426d99938eded438f57d,凌以忠,,,,,exact,exact,"",[],"[""伪丰润县县长，兼警备大队长、新民会会长；参与策划潘家峪惨案，召集日伪会议部署扫荡，征调民夫、粮饷资敌。""]",抗日战争时期,"",伪职：伪丰润县县长，兼警备大队长、新民会会长；参与策划潘家峪惨案，召集日伪会议部署扫荡，征调民夫、粮饷资敌。；结局：抗战胜利公审判处死刑,[],"2026-08-27 03:29:02.086804","2026-08-27 03:29:02.086804",,,,,
d32279ae34da40639235d70b009d214d,杨凤岐,,,,,exact,exact,朝阳,[],"[""伪朝阳警察厅特务系主任""]",抗日战争时期,"",伪职：伪朝阳警察厅特务系主任；罪行：领导华人密探网络，在朝阳、大庙、北票一带侦查抓捕地下抗日人员，刑讯迫害被捕群众。；结局：朝阳解放后公审枪决。,[],"2026-08-27 03:29:02.093614","2026-08-27 03:29:02.093614",,,,,
d3328048e4444381b062355cf7bd237c,楼信源,,,,,exact,exact,诸暨牌头,[],"[""伪诸暨牌头区伪区长""]",抗日战争时期,"",伪职：伪诸暨牌头区伪区长；罪行：诸南铁杆汉奸，勾结青帮势力，抓捕缴械越山乡抗日自卫队，迫害金萧支队地方人员。；结局：金萧支队锄奸处决。,[],"2026-08-27 03:29:02.101775","2026-08-27 03:29:02.101775",,,,,
d373532def424640bc195dd9acd1cbfd,张景唐,,,,,exact,exact,夏县,[],"[""伪夏县县长""]",抗日战争时期,"",伪职：伪夏县县长；罪行：建立夏县伪政权，配合日军反复扫荡中条山北部，搜捕中条地委干部。；结局：战后逮捕判刑,[],"2026-08-27 03:29:02.089264","2026-08-27 03:29:02.089264",,,,,
d3785d0d1dc044a09894b3cab2022255,楚景三,,,,,exact,exact,东明,[],"[""伪东明警备大队长；率伪军扫荡滩区村庄，残害群众。""]",抗日战争时期,"",伪职：伪东明警备大队长；率伪军扫荡滩区村庄，残害群众。；结局：东明解放被俘处决,[],"2026-08-27 03:29:02.081905","2026-08-27 03:29:02.081905",,,,,
d37bd596ed8143dbb1535fbad3c2295a,谢文东,,,,,"","",辽宁宽甸（长期活动黑龙江依兰）,[],"[""省级长官"", ""军长""]",抗日战争时期,汪伪政权,伪任职务：原为抗联第八军军长，1939 年率全军投敌，伪满三江省协和会头目，协助日军讨伐抗联。结局：日本投降后沦为北满巨匪，1946 年勃利公审枪决,[],"2026-08-26 17:52:47","2026-08-26 17:52:47",,,,,
d382e4722f9142b8b9614555caf2a6f4,韩全福,,,,,exact,exact,宁城（毗邻朝阳）,[],"[""伪警察讨伐队大队长""]",抗日战争时期,"",伪职：伪警察讨伐队大队长；罪行：讨伐队经常窜入建平、凌源境内扫荡；烧杀村镇，搜捕八路军热东工作团人员，双手沾满群众鲜血中国人民政...。；结局：1945 年后被民主政府镇压。,[],"2026-08-27 03:29:02.093635","2026-08-27 03:29:02.093635",,,,,
d392de289f9a4bf7a8d94ae115eb5be7,翟宗恕,,,,,exact,exact,寿阳翟上庄,[],"[""日军情报班长，地主汉奸""]",抗日战争时期,"",伪职：日军情报班长，地主汉奸；罪行：出卖十区区长石民先，发展乡村密探，疯狂搜捕抗日人员。；结局：1944 武工队锄奸处决,[],"2026-08-27 03:29:02.088924","2026-08-27 03:29:02.088924",,,,,
d3a4bfb3eb4746af9b0590b018ca9de1,徐柏如,,,,,exact,exact,衢州城区（衢县）,[],"[""衢县临时维持会会长""]",抗日战争时期,"",伪职：衢县临时维持会会长；罪行：1942 年日军攻占衢州后出面组建临时维持会，召集城内商绅，为日军征集粮草民夫，维持占领区市面。日军撤退后解散。；结局：抗战胜利后以附逆罪逮捕判刑。,[],"2026-08-27 03:29:02.102074","2026-08-27 03:29:02.102074",,,,,
d3ae6136ae054bf4b0a0e86e383a4c22,郭恩霖,,,,,"","",吉林,[],"[""省级长官"", ""军长"", ""厅长""]",抗日战争时期,汪伪政权,伪任职务：伪吉林省军政厅厅长，伪吉林警备军高级将领，围剿义勇军。结局：苏军逮捕，关押抚顺战犯管理所，病亡狱中,[],"2026-08-26 17:52:47","2026-08-26 17:52:47",,,,,
d3cfc201c6bb488eb57fabc5cc6cc5aa,魏花狗,,,,,exact,exact,长治府城,"[""呲牙狗""]","[""宪兵队便衣特务（四大汉奸之一）""]",抗日战争时期,"",伪职：宪兵队便衣特务（四大汉奸之一）；罪行：随同日军下乡扫荡，残害百姓，抓捕群众。日本投降后潜逃，后被抓捕归案处决。；结局：抓获后公审枪决,[],"2026-08-27 03:29:02.087828","2026-08-27 03:29:02.087828",,,,,
d3ef127538214534977a5f4426b241f4,肖根山,,,,,exact,exact,"",[],"[""伪曲周警备队队长；作恶多端，配合日伪扫荡冀南根据地，邯郸解放战役被俘邯郸党史网。""]",抗日战争时期,"",伪职：伪曲周警备队队长；作恶多端，配合日伪扫荡冀南根据地，邯郸解放战役被俘邯郸党史网。；结局：公审判处死刑,[],"2026-08-27 03:29:02.080793","2026-08-27 03:29:02.080793",,,,,
d4266b34cf4a41e9ba256c5a30fafce6,傅景勋,,,,,exact,exact,哈尔滨、哈东地区,[],"[""原哈东特委宣传部长，叛徒""]",抗日战争时期,"",伪职：原哈东特委宣传部长，叛徒；罪行：主动投敌，亲自带队搜捕地下党员，泄露全部联络点、组织关系，摧毁哈东地下交通网。；结局：解放后被镇压。,[],"2026-08-27 03:29:02.095723","2026-08-27 03:29:02.095723",,,,,
d436aa9517e24b6e863a3abd972dafae,朱永祥,,,,,"","",江宁小丹阳,[],"[""部长"", ""军长"", ""司令""]",抗日战争时期,汪伪政权,伪任职务：打着 “江南抗日游击司令” 旗号，暗通日军，准备率部投敌，横征暴敛残害百姓。尚未正式接受伪番号，但已经和日方密使谈判勾结。。结局：1938 年新四军第一支队将其部队剿灭，朱永祥被俘处决,[],"2026-08-26 17:52:47","2026-08-26 17:52:47",,,,,
d437c65234724e38b95a271a404480a5,德古来,,,,,exact,exact,达斡尔族,[],"[""伪兴安东省公署总务厅长；核心傀儡官员，实际执行日本参事官指令，招降纳叛，控制布特哈各旗。""]",抗日战争时期,"",伪职：伪兴安东省公署总务厅长；核心傀儡官员，实际执行日本参事官指令，招降纳叛，控制布特哈各旗。；结局：日本投降潜逃，后抓捕归案劳改,[],"2026-08-27 03:29:02.086385","2026-08-27 03:29:02.086385",,,,,
d459d306e08741f4bf6b9544549cf9ab,汪永年,,,,,"","",江都裔家乡,[],[],抗日战争时期,汪伪政权,伪任职务：伪裔家乡乡长，广收门徒，指使手下迫害抗日家属，烧毁民房。。结局：抗战胜利后清算处决邗江史志网,[],"2026-08-26 17:52:47","2026-08-26 17:52:47",,,,,
d484c269c9c541f5a5ee3671e07256a7,吴祥坤,,,,,exact,exact,濮塘,[],"[""伪濮塘自卫队干事""]",抗日战争时期,"",伪职：伪濮塘自卫队干事；罪行：参与搜捕地下组织，告密出卖地方干部，作恶多端中安在线。；结局：公审伏法。,[],"2026-08-27 03:29:02.103994","2026-08-27 03:29:02.103994",,,,,
d4aad3f9ca50461ca73da4081ebef4e6,黄子琪,,,,,"","",广西荔浦,[],"[""军长"", ""师长""]",抗日战争时期,汪伪政权,伪任职务：原国军，投敌任汪伪师长、黄卫军中将参谋长，在华中作战。结局：抗战胜利被捕，判处徒刑,[],"2026-08-26 17:52:47","2026-08-26 17:52:47",,,,,
d4df9cf718464dcdbc358aa6331de9ce,徐绍卿,,,,,exact,exact,辽宁沈阳,[],"[""伪锦州省首任省长（华人）""]",抗日战争时期,"",伪职：伪锦州省首任省长（华人）；罪行：伪满早期封疆大吏；主持锦州省全套殖民统治，推行保甲、集团部落，强征粮食、壮丁，残酷镇压辽西抗日义勇军。；结局：1945 被苏军逮捕，关押抚顺战犯管理所，后病死狱中。,[],"2026-08-27 03:29:02.092440","2026-08-27 03:29:02.092440",,,,,
d4f41821191f46c0be8a3da5bd4caa00,魏永和,,,,,exact,exact,元氏,[],"[""继任伪保安大队长，元氏本地伪军最高军事头目，盘踞元氏县城、元氏车站据点。""]",抗日战争时期,"",伪职：继任伪保安大队长，元氏本地伪军最高军事头目，盘踞元氏县城、元氏车站据点。；结局：元氏解放被俘，公审枪决石家庄新闻...,[],"2026-08-27 03:29:02.089596","2026-08-27 03:29:02.089596",,,,,
d4fff66da35e47aaa021b2a922e6737d,吴永发,,,,,exact,exact,莲都碧湖镇,[],"[""碧湖镇伪维持干事""]",抗日战争时期,"",伪职：碧湖镇伪维持干事；罪行：碧湖是日军重要外围据点，充当基层伪干事，催粮派差，监视乡间百姓动态。；结局：丽水收复后公审惩处。,[],"2026-08-27 03:29:02.102711","2026-08-27 03:29:02.102711",,,,,
d53564f21eb1494ab879bf57c663ed8b,朱道玉,,,,,exact,exact,芜湖城区,[],"[""维持会骨干""]",抗日战争时期,"",伪职：维持会骨干；罪行：跟随任凤昌出城迎接日军，充当爪牙，协助胁迫商户开市，盘查市民。；结局：战后汉奸审判伏法。,[],"2026-08-27 03:29:02.103156","2026-08-27 03:29:02.103156",,,,,
d55d86d0d7b647598ecc1e8a404255fd,金明珂,,,,,exact,exact,"",[],"[""正式伪鸡泽县县长；搭建伪县公署、新民会，推行保甲制度。""]",抗日战争时期,"",伪职：正式伪鸡泽县县长；搭建伪县公署、新民会，推行保甲制度。；结局：抗战胜利逮捕判刑,[],"2026-08-27 03:29:02.081764","2026-08-27 03:29:02.081764",,,,,
d57189d60f904c8da8f0bb8d0ded40d0,李绍唐,,,,,exact,exact,沁水,[],"[""伪沁水县县长""]",抗日战争时期,"",伪职：伪沁水县县长；罪行：建立完整伪政权，设立新民会、合作社，强征粮食、鸦片，残酷压榨百姓。；结局：日本投降后逮捕重判,[],"2026-08-27 03:29:02.088432","2026-08-27 03:29:02.088432",,,,,
d5d467eb3aa2477985438076ddd6ff79,黄阿宝,,,,,exact,exact,绍兴、上虞、嵊县交界（孙端、谷来）,"[""黄文宝""]","[""汪伪独立第一旅旅长，浙东自卫总队司令""]",抗日战争时期,"",伪职：汪伪独立第一旅旅长，浙东自卫总队司令；罪行：土匪出身投敌，伪军千余人，在绍虞嵊三县烧杀劫掠，配合日军下乡扫荡，残害地方百姓；日寇投降后改换旗号混迹忠义救国军，后卷入荣德生绑架案抖音百科。；结局：1948 年捕获，后处决。,[],"2026-08-27 03:29:02.101497","2026-08-27 03:29:02.101497",,,,,
d603f28cbac147ddace8de6f367f0e1c,王大川,,,,,exact,exact,阳原,[],"[""伪阳原县主要汉奸；勾结伪政权，告密抗日干部，血债累累中共张家口...。""]",抗日战争时期,"",伪职：伪阳原县主要汉奸；勾结伪政权，告密抗日干部，血债累累中共张家口...。；结局：群众公审处决,[],"2026-08-27 03:29:02.082955","2026-08-27 03:29:02.082955",,,,,
d60d3045b55c45f89a9d4adb698406b1,潘大咀,,,,,exact,exact,安庆全城城乡,"[""潘大嘴""]","[""安庆宪兵队特高特务头目""]",抗日战争时期,"",伪职：安庆宪兵队特高特务头目；罪行：日军宪兵队特高骨干，凶狠残暴；街头随意诬陷平民为抗日分子，大肆逮捕刑讯，残害无辜百姓，安庆百姓人人避之唯恐不及。；结局：抗战胜利捕获公审枪决。,[],"2026-08-27 03:29:02.104540","2026-08-27 03:29:02.104540",,,,,
d60f433b70f040cca90302d2d20764e1,许顺生,,,,,exact,exact,秀洲王江泾,[],"[""王江泾宪兵队情报骨干""]",抗日战争时期,"",伪职：王江泾宪兵队情报骨干；罪行：日伪特务，四处搜集抗日武装情报，多次引导日军下乡搜捕，残害乡间爱国人士秀洲新闻网。；结局：抗战胜利后被逮捕法办。,[],"2026-08-27 03:29:02.101119","2026-08-27 03:29:02.101119",,,,,
d6178bca8512447f863ec3166debc521,郑贞藩,,,,,exact,exact,福州城区,[],"[""伪市政委员会委员""]",抗日战争时期,"",伪职：伪市政委员会委员；罪行：伪组织骨干，参与经济掠夺，管控粮食、布匹物资供给日军。；结局：战后处决。,[],"2026-08-27 03:29:02.080927","2026-08-27 03:29:02.080927",,,,,
d63906397d384239b278ee2633173f8b,赵东山,,,,,exact,exact,朔县,[],"[""伪朔县民生科长""]",抗日战争时期,"",伪职：伪朔县民生科长；罪行：执行日伪苛捐杂税，摊派粮款，协助掠夺物资。；结局：战后逮捕判刑,[],"2026-08-27 03:29:02.088593","2026-08-27 03:29:02.088593",,,,,
d65066e64b3c4b2a8cdade05baa23bb7,张老五,,,,,exact,exact,蒙城板桥集周边,[],"[""蒙城伪乡维持头目""]",抗日战争时期,"",伪职：蒙城伪乡维持头目；罪行：日军过境蒙城期间出任临时伪乡长，迎接日军，抓夫抢粮，带路烧杀周边村庄。；结局：地方抗日武装捕获正法。,[],"2026-08-27 03:29:02.105762","2026-08-27 03:29:02.105762",,,,,
d6665faae4664d3e8e2bd776bbd529dc,蒋子和,,,,,"","",江都公道镇,[],[],抗日战争时期,汪伪政权,伪任职务：伪公道镇镇长，死心塌地附敌；征集民夫修工事，敲诈富户，泄露甘泉区署情报。。结局：1943 年甘泉抗日民主政府公审处决邗江史志网,[],"2026-08-26 17:52:47","2026-08-26 17:52:47",,,,,
d6689c0193c04363ba90d08ed727917d,赵鹏程（赵鲲）,,,,,"","",云南龙陵,[],"[""院长"", ""县长""]",抗日战争时期,汪伪政权,伪任职务：伪龙陵县县长，龙陵伪政府首脑，组建完整伪县府，征粮抓夫、推行良民证、奴化教育，将自家宅院充当伪县府办公地。结局：龙陵收复被俘，以汉奸罪判处死刑枪决,[],"2026-08-26 17:52:47","2026-08-26 17:52:47",,,,,
d669e96d509c4b36a0ed398995d29a42,王德安,,,,,exact,exact,全椒县城及四乡,"[""王小爷""]","[""全椒伪自卫队第四中队长""]",抗日战争时期,"",伪职：全椒伪自卫队第四中队长；罪行：青帮流氓投敌，收罗逃犯、叛变国军，武装横行全椒；连伪县长都难以约束；勒索奸淫，残害群众，配合日军扫荡古河周边抖音百科。；结局：1951 年镇反公审枪决抖音百科。,[],"2026-08-27 03:29:02.104932","2026-08-27 03:29:02.104932",,,,,
d69617de0bd04f7aa35d57e8dcb732fd,朱能云,,,,,exact,exact,"",[],"[""第二任伪获鹿县知事（1940‑1943），强化物资统制，管控山尹村、南铜冶各个据点。""]",抗日战争时期,"",伪职：第二任伪获鹿县知事（1940‑1943），强化物资统制，管控山尹村、南铜冶各个据点。；结局：战后汉奸罪判处徒刑,[],"2026-08-27 03:29:02.089556","2026-08-27 03:29:02.089556",,,,,
d69d1f94783e4304adbda2d11829365a,胡锡侯,,,,,exact,exact,蔚县,[],"[""伪蔚县县长；蔚县是晋察冀根据地前沿，修筑大量碉堡，疯狂抓捕抗日军民，制造多起惨案中共张家口...。""]",抗日战争时期,"",伪职：伪蔚县县长；蔚县是晋察冀根据地前沿，修筑大量碉堡，疯狂抓捕抗日军民，制造多起惨案中共张家口...。；结局：蔚县解放群众公审死刑,[],"2026-08-27 03:29:02.082971","2026-08-27 03:29:02.082971",,,,,
d6cbad63ae6a4d04b4816f3105c1521e,叶筱亭,,,,,exact,exact,沭城,[],"[""伪沭阳县商会会长""]",抗日战争时期,"",伪职：伪沭阳县商会会长；罪行：为日军筹措粮款物资，胁迫商户缴纳苛捐，拉拢地方士绅附逆，协助伪政权压榨城乡百姓中共宿迁市...。；结局：公审判处死刑执行枪决。,[],"2026-08-27 03:29:02.100594","2026-08-27 03:29:02.100594",,,,,
d6dc5e4ff6344be584caca944f3a7255,乐俊泉,,,,,exact,exact,吴兴练市,[],"[""练市维持会会长""]",抗日战争时期,"",伪职：练市维持会会长；罪行：沦陷初期组建练市伪维持会，懂日语，为日军征粮派夫，管控市镇商贸，搭建基层傀儡统治。；结局：抗战胜利后逮捕判刑。,[],"2026-08-27 03:29:02.101939","2026-08-27 03:29:02.101939",,,,,
d6de034c41b14bd79b804b231b45dfa5,张敬斋,,,,,exact,exact,"",[],"[""伪威县县长；推行保甲连坐，制造多起抓捕惨案。""]",抗日战争时期,"",伪职：伪威县县长；推行保甲连坐，制造多起抓捕惨案。；结局：战后汉奸罪判处徒刑,[],"2026-08-27 03:29:02.082245","2026-08-27 03:29:02.082245",,,,,
d6e5c697831e416ab2c07984c54a00b9,王少山,,,,,exact,exact,蚌埠、怀远、淮河沿线,[],"[""蚌埠宪兵队便衣特务头目""]",抗日战争时期,"",伪职：蚌埠宪兵队便衣特务头目；罪行：地痞投靠日军宪兵队，带领便衣在码头、铁路沿线刺探情报，敲诈商人，告密抓捕爱国人员。；结局：被我方锄奸队击毙。,[],"2026-08-27 03:29:02.103617","2026-08-27 03:29:02.103617",,,,,
d6f72b10ed424fdcbb3548ffa4f69c89,郜琅,,,,,exact,exact,平定,[],"[""伪阳泉警察所特务头目""]",抗日战争时期,"",伪职：伪阳泉警察所特务头目；罪行：侦查地下抗日人员，抓捕刑讯爱国群众，发展乡村密探。；结局：被武工队锄奸处决,[],"2026-08-27 03:29:02.087617","2026-08-27 03:29:02.087617",,,,,
d6f90e29140c4990b69b94162b523cd9,王景成,,,,,exact,exact,大连,[],"[""大连伪警察署华人特务系主任""]",抗日战争时期,"",伪职：大连伪警察署华人特务系主任；罪行：专门侦查、抓捕大连工人、学生中的地下抗日人员，刑讯迫害被捕爱国分子，搜集民间反日言论。；结局：1946 年逮捕，判处长期徒刑。,[],"2026-08-27 03:29:02.090956","2026-08-27 03:29:02.090956",,,,,
d768cad1433b46db860d8cee3fca35e9,徐朴诚,,,,,"","",江苏吴江,[],"[""军长"", ""师长""]",抗日战争时期,汪伪政权,伪任职务：伪和平军第一师师长，盘踞浙北嘉兴、嘉善，祸害杭嘉湖根据地。结局：抗战胜利被国民党收编，后被俘处决,[],"2026-08-26 17:52:47","2026-08-26 17:52:47",,,,,
d76fb18e26664fe58d4ab63babbd18f0,赵老黑,,,,,exact,exact,庆云,[],"[""伪庆云警备大队长；下乡抢掠，迫害堡垒户。""]",抗日战争时期,"",伪职：伪庆云警备大队长；下乡抢掠，迫害堡垒户。；结局：庆云解放被俘枪决,[],"2026-08-27 03:29:02.083754","2026-08-27 03:29:02.083754",,,,,
d7715366cfd145a0b8db5af541bd7da2,陈守谦,,,,,exact,exact,长子,[],"[""伪长子警备大队长""]",抗日战争时期,"",伪职：伪长子警备大队长；罪行：下乡清剿，残害堡垒户，勒索地方百姓。；结局：解放后处决,[],"2026-08-27 03:29:02.088162","2026-08-27 03:29:02.088162",,,,,
d79db653b21f44a2854b78fd54e6ed9f,杜星垣,,,,,exact,exact,"",[],"[""伪雄县县长；管控大清河沿线，盘查水上交通，抓捕地下交通员。""]",抗日战争时期,"",伪职：伪雄县县长；管控大清河沿线，盘查水上交通，抓捕地下交通员。；结局：战后汉奸罪判处徒刑,[],"2026-08-27 03:29:02.082644","2026-08-27 03:29:02.082644",,,,,
d7a1321e995e4473a376ddb53058e321,张梦符,,,,,exact,exact,成安,[],"[""伪成安警备队长；带领伪军袭扰周边村庄，迫害抗日家属。""]",抗日战争时期,"",伪职：伪成安警备队长；带领伪军袭扰周边村庄，迫害抗日家属。；结局：1945 成安解放被俘处决,[],"2026-08-27 03:29:02.081733","2026-08-27 03:29:02.081733",,,,,
d7cbb31096ea4978bff53d205ce1b2b0,荣臻,,,,,"","",河北枣强,[],"[""省级长官""]",抗日战争时期,汪伪政权,伪任职务：伪河北省省长（抗战后期）。结局：抗战胜利被捕，关押狱中，病死,[],"2026-08-26 17:52:47","2026-08-26 17:52:47",,,,,
d7e8a5fbe79941e6aa58c359ab32e739,郭清,,,,,exact,exact,临漳,[],"[""土匪投敌，伪冀南剿共独立旅旅长；贾河口为大本营，烧杀掳掠，制造多起村庄惨案，大肆捕杀抗日军民，设立剿共委员会迫害群众。""]",抗日战争时期,"",伪职：土匪投敌，伪冀南剿共独立旅旅长；贾河口为大本营，烧杀掳掠，制造多起村庄惨案，大肆捕杀抗日军民，设立剿共委员会迫害群众。；结局：1949 年被俘，公审枪决,[],"2026-08-27 03:29:02.080802","2026-08-27 03:29:02.080802",,,,,
d808965589bf481eae081ccb8f224742,崔子元,,,,,exact,exact,徐水,[],"[""伪徐水县县长；执行治安强化运动，强征壮丁粮草资敌。""]",抗日战争时期,"",伪职：伪徐水县县长；执行治安强化运动，强征壮丁粮草资敌。；结局：战后逮捕判刑,[],"2026-08-27 03:29:02.082447","2026-08-27 03:29:02.082447",,,,,
d82ac47cfce84a569fbc4456065cc11b,李子忠,,,,,exact,exact,六安城关,[],"[""维持会骨干""]",抗日战争时期,"",伪职：维持会骨干；罪行：替日军打探城内残余军政人员线索，敲诈避难百姓财物。；结局：公审枪决。,[],"2026-08-27 03:29:02.105450","2026-08-27 03:29:02.105450",,,,,
d82ba1bcda3647cbbbcad92e73becdfe,森盖,,,,,exact,exact,达拉特旗,[],"[""达拉特旗康王手下，伪达拉特旗保安司令；投日后充当伪蒙古军向导，多次渡过黄河袭扰东胜、桃力民抗日根据地，劫掠牧民牲畜。""]",抗日战争时期,"",伪职：达拉特旗康王手下，伪达拉特旗保安司令；投日后充当伪蒙古军向导，多次渡过黄河袭扰东胜、桃力民抗日根据地，劫掠牧民牲畜。；结局：1940 马占山部进攻东胜被俘，处决,[],"2026-08-27 03:29:02.085980","2026-08-27 03:29:02.085980",,,,,
d83ae13bb6594e04b7cf1299cb334ef4,吴四宝（吴世宝）,,,,,"","",江苏南通,[],[],抗日战争时期,汪伪政权,伪任职务：76 号警卫总队长，头号行动打手，大肆绑架暗杀。结局：1942 年被日本宪兵毒杀狱中,[],"2026-08-26 17:52:47","2026-08-26 17:52:47",,,,,
d859791afd6f407ca65b38776568e10d,邓祖禹,,,,,"","",江西吉安,[],"[""省级长官"", ""司令""]",抗日战争时期,汪伪政权,伪任职务：汪伪首任伪江西省省长、保安司令，省府驻九江，统辖赣北伪政权。结局：抗战胜利被捕，判处徒刑，狱中病逝,[],"2026-08-26 17:52:47","2026-08-26 17:52:47",,,,,
d864381e3f2d4d4caabe90ab98d8defe,杨异才,,,,,exact,exact,永年,[],"[""原我方抗日县长，叛变投敌任伪永年县县长；出卖组织人员名单祸害根据地。""]",抗日战争时期,"",伪职：原我方抗日县长，叛变投敌任伪永年县县长；出卖组织人员名单祸害根据地。；结局：1945 城破畏罪跳井自杀,[],"2026-08-27 03:29:02.081676","2026-08-27 03:29:02.081676",,,,,
d86cd98ae6674f639684266b86c906b7,卜兆瑞,,,,,exact,exact,萨拉齐,[],"[""伪萨拉齐县县长；修筑大量炮楼，管控平绥铁路西段，扫荡大青山南麓村庄。""]",抗日战争时期,"",伪职：伪萨拉齐县县长；修筑大量炮楼，管控平绥铁路西段，扫荡大青山南麓村庄。；结局：战后汉奸罪判处徒刑,[],"2026-08-27 03:29:02.084886","2026-08-27 03:29:02.084886",,,,,
d87f3ab76b954b11b6b24aa4c55a9bf8,林老八,,,,,exact,exact,大田、德化交界,[],"[""沿海投敌，潜回大田的情报联络员""]",抗日战争时期,"",伪职：沿海投敌，潜回大田的情报联络员；罪行：原沿海商人，福州沦陷后投敌，受指派潜入大田内地，刺探国军布防，联络山区败类准备接应。；结局：被闽西北武工队锄奸处决。,[],"2026-08-27 03:29:02.079831","2026-08-27 03:29:02.079831",,,,,
d88cabb3a09c4af78874db9e0edb1449,许铁英,,,,,exact,exact,永年,"[""铁磨头""]","[""土匪投敌，伪铁血团司令；残害抗日军民数百人；日降后被国民党收编，固守广府城，四处烧杀抢掠，制造多起惨案抖音百科。""]",抗日战争时期,"",伪职：土匪投敌，伪铁血团司令；残害抗日军民数百人；日降后被国民党收编，固守广府城，四处烧杀抢掠，制造多起惨案抖音百科。；结局：1947 永年解放突围时被击毙,[],"2026-08-27 03:29:02.080711","2026-08-27 03:29:02.080711",,,,,
d896a097ce5b4d4e9cf5fb2b1b87f8cb,沈义轩,,,,,exact,exact,涟水佃湖,[],"[""伪涟水六区区长""]",抗日战争时期,"",伪职：伪涟水六区区长；罪行：原国民党保长，日军占领后投敌；建立伪区政权，征粮抓丁，告密抗日武装行踪，迫害当地百姓淮安市政协。；结局：被抗日武工队锄奸处决。,[],"2026-08-27 03:29:02.099467","2026-08-27 03:29:02.099467",,,,,
d904031d966c4cfa99a62ad5b7deecbe,沈庆生,,,,,exact,exact,绍兴越城城区,[],"[""伪绍兴县维持会会长""]",抗日战争时期,"",伪职：伪绍兴县维持会会长；罪行：绍兴沦陷第一任维持会头目，出城迎日军入城，召集士绅商户，搭建初期傀儡统治，摊派物资资敌。；结局：抗战胜利后汉奸审判判处死刑。,[],"2026-08-27 03:29:02.101718","2026-08-27 03:29:02.101718",,,,,
d93e7b685b424ebc8e3359f5252f33b8,刘雨田,,,,,exact,exact,普兰店泡子,"[""刘逢霖""]","[""关东州厅参事、大连市议员、华商公议会会长，关东都督府嘱托（高级顾问）""]",抗日战争时期,"",伪职：关东州厅参事、大连市议员、华商公议会会长，关东都督府嘱托（高级顾问）；罪行：甲午战争主动给日军做向导，参与旅顺大屠杀引路；变卖土地房产捐献两架 “雨田号” 战机；宣扬大东亚共荣奴化思想，拉拢乡绅附逆，迫害爱国志士。；结局：1945 年隐匿潜逃，1951 年抓获公审枪决，至死毫无悔意。,[],"2026-08-27 03:29:02.091046","2026-08-27 03:29:02.091046",,,,,
d94765f505d941f18bf9a538f99442e8,肖万顺,,,,,exact,exact,磁县彭城,[],"[""伪彭城警察分局长；抓捕陶瓷工人中的抗日分子，敲诈窑厂商户，告密山区堡垒户。""]",抗日战争时期,"",伪职：伪彭城警察分局长；抓捕陶瓷工人中的抗日分子，敲诈窑厂商户，告密山区堡垒户。；结局：镇反时期清算处决,[],"2026-08-27 03:29:02.078476","2026-08-27 03:29:02.078476",,,,,
d9667604bd0d422ebeccadc51c61a176,李鹏图,,,,,"","",河北,[],"[""市长""]",抗日战争时期,汪伪政权,伪任职务：伪天津市财政局长、代理市长。结局：战后逮捕判刑，服刑后释放,[],"2026-08-26 17:52:47","2026-08-26 17:52:47",,,,,
d96cf9704ff542c2b5bffac15e37b3a1,任世泽,,,,,exact,exact,"",[],"[""伪朔县县长""]",抗日战争时期,"",伪职：伪朔县县长；罪行：建立朔县伪县公署、伪警察、新民会；推行保甲十家连坐，强征粮食劳工，配合日军扫荡洪涛山抗日根据地。；结局：日本投降后逮捕，汉奸罪重判,[],"2026-08-27 03:29:02.088551","2026-08-27 03:29:02.088551",,,,,
d971a48ed0ad41989836acc963cde084,刘麻子,,,,,exact,exact,广德誓节渡据点,[],"[""广德誓节渡伪乡队长""]",抗日战争时期,"",伪职：广德誓节渡伪乡队长；罪行：伪武装爪牙，抓捕接济新四军百姓，掠夺山区竹木物资，残害乡民。；结局：抗战胜利后公审处决。,[],"2026-08-27 03:29:02.106108","2026-08-27 03:29:02.106108",,,,,
d9a6ca26d49a4130b84012d44db466e7,富双英,,,,,exact,exact,辽阳,[],"[""汪伪军事参议院副院长、参军处中将参军""]",抗日战争时期,"",伪职：汪伪军事参议院副院长、参军处中将参军；罪行：辽阳籍奉系将领，抗战投汪伪，掌管伪军编练。；结局：1952 年以汉奸罪处决。,[],"2026-08-27 03:29:02.093003","2026-08-27 03:29:02.093003",,,,,
d9aa3d890afd4ca698db739c0c5fec1b,张玉振（张金声）,,,,,"","",河南获嘉,[],"[""维持会"", ""县长""]",抗日战争时期,汪伪政权,伪任职务：伪获嘉县知事、维持会会长，焚村、强征劳工、贩卖鸦片。结局：1950 年抓捕，万人公审后枪决,[],"2026-08-26 17:52:47","2026-08-26 17:52:47",,,,,
d9adfa4753b84d489e110751564ca624,宋殿元,,,,,exact,exact,康保,[],"[""伪讨伐队头目""]",抗日战争时期,"",伪职：伪讨伐队头目；结局：1951 年包头公审枪决,[],"2026-08-27 03:29:02.085349","2026-08-27 03:29:02.085349",,,,,
d9c5e4725f7a4b4f9a0bf0bb6fac1eea,谷次亨,,,,,exact,exact,大连（旅大派）,[],"[""伪满总务厅次长、伪安东省长、伪文教部大臣""]",抗日战争时期,"",伪职：伪满总务厅次长、伪安东省长、伪文教部大臣；罪行：关东州殖民教育培养，留学日本；主持鸦片政策，镇压东北文教界爱国力量，推行奴化教育，是伪满高层汉奸。；结局：被俘关押抚顺战犯管理所，后期获特赦。,[],"2026-08-27 03:29:02.091073","2026-08-27 03:29:02.091073",,,,,
d9c8c82c42ee46b9b4a5de4a75ba12ab,沈阿源,,,,,exact,exact,龙溪港尾、白沙滩,[],"[""资敌奸商""]",抗日战争时期,"",伪职：资敌奸商；罪行：勾结浯屿伪政权，持续向浯屿日军输送粮食、副食品，换回日货走私牟利，是岛上日军重要物资来源。；结局：战后肃奸，没收全部财产，判处有期徒刑。,[],"2026-08-27 03:29:02.079436","2026-08-27 03:29:02.079436",,,,,
d9ccfe2ea6954290b3fba119d9a7abbc,柳世平,,,,,exact,exact,武清,"[""柳小五""]","[""伪武清保安第一总队司令，见安次部分。""]",抗日战争时期,"",伪职：伪武清保安第一总队司令，见安次部分。；结局：公审枪决,[],"2026-08-27 03:29:02.084048","2026-08-27 03:29:02.084048",,,,,
da0ec9f060ab4dba91752c739ecf5419,卢元善,,,,,exact,exact,大连（旅大派）,[],"[""伪满司法大臣、伪奉天省民生厅长""]",抗日战争时期,"",伪职：伪满司法大臣、伪奉天省民生厅长；罪行：大连出身，受日本殖民教育；在伪满执行日本法令，镇压反日人士。；结局：抚顺战犯管理所关押，后特赦。,[],"2026-08-27 03:29:02.090933","2026-08-27 03:29:02.090933",,,,,
da195cdd4a124884a15880bb2b6e044d,吉祥,,,,,exact,exact,齐齐哈尔,[],"[""伪黑龙江省代理省长""]",抗日战争时期,"",伪职：伪黑龙江省代理省长；罪行：张景惠委任的伪代理省长，主持初期伪省公署，推行日本各项殖民政令，协助日军稳定北满统治。；结局：伪满后期病死。,[],"2026-08-27 03:29:02.095814","2026-08-27 03:29:02.095814",,,,,
da242acde6804494b14d770c39bc63b1,武怀让（伪大同省）,,,,,"","",山西,[],"[""省级长官""]",抗日战争时期,汪伪政权,伪任职务：伪大同省省长（伪蒙疆后期），管辖雁北地区。结局：被捕判刑，关押期间病亡,[],"2026-08-26 17:52:47","2026-08-26 17:52:47",,,,,
da38d1e02fd6454a93125f0521d22a72,刘洪山,,,,,exact,exact,长岭县兴隆泉,[],"[""伪警察分驻所所长，大地主出身""]",抗日战争时期,"",伪职：伪警察分驻所所长，大地主出身；罪行：充当伪满爪牙，依仗日伪权势欺压乡民，搜刮粮食，协助执行 “粮食出荷” 掠夺政策。；结局：解放后公审镇压。,[],"2026-08-27 03:29:02.095409","2026-08-27 03:29:02.095409",,,,,
da562c74d3114e9281f9a0870218df91,赵有金,,,,,exact,exact,扶余,[],"[""伪扶余保卫总队长（原土匪）""]",抗日战争时期,"",伪职：伪扶余保卫总队长（原土匪）；罪行：土匪投降日寇，组建伪地方武装，助日军维持地方统治，劫掠百姓。；结局：解放后被镇压。,[],"2026-08-27 03:29:02.095391","2026-08-27 03:29:02.095391",,,,,
da62b41efd0846d5a538ad98d679aa01,时育德,,,,,exact,exact,肇源,[],"[""伪肇源县村长""]",抗日战争时期,"",伪职：伪肇源县村长；罪行：执行日伪 “粮食出荷”，盘剥乡民；光复后秘密串联地主、伪官吏策划武装暴乱，图谋推翻民主区政府。；结局：1946 年公审枪决。,[],"2026-08-27 03:29:02.098007","2026-08-27 03:29:02.098007",,,,,
da630cbca8b3483b8e2839b875dcefa1,王汉臣,,,,,exact,exact,安庆城内,[],"[""伪怀宁县警察局局长""]",抗日战争时期,"",伪职：伪怀宁县警察局局长；罪行：执掌伪警察、侦缉队；码头、城门盘查行人，大肆搜捕地下党员、爱国青年，酷刑审讯被捕人员。；结局：1945 年肃奸公审枪决。,[],"2026-08-27 03:29:02.104612","2026-08-27 03:29:02.104612",,,,,
da6e651427a7458b90b93c33ee8e8d91,童曼卿,,,,,exact,exact,绍兴城区、平水,[],"[""梅机关派遣女间谍""]",抗日战争时期,"",伪职：梅机关派遣女间谍；罪行：上海梅机关派来的女特务，周旋绍兴军政上层，刺探钱塘江防务情报，为日军攻破绍兴城提供关键情报支持中国社会科...。；结局：抗战胜利后下落不明。,[],"2026-08-27 03:29:02.101709","2026-08-27 03:29:02.101709",,,,,
da9f03b8933d4628ae07a041a235516a,朱文超,,,,,exact,exact,九江县（今浔阳区）,[],"[""伪九江县政府筹备处处长""]",抗日战争时期,"",伪职：伪九江县政府筹备处处长；罪行：负责筹备伪九江县政府，协助日军建立正式殖民统治机构；结局：史料未明确记载其最终结局（来源：维持会到正式伪县政府过渡阶段的负责人）,[],"2026-08-27 03:29:02.077610","2026-08-27 03:29:02.077610",,,,,
dac5bce07efc48a5b4a501487ee062a9,吴荫堂,,,,,exact,exact,明光、女山湖、涧溪,[],"[""继任伪嘉山县县长""]",抗日战争时期,"",伪职：继任伪嘉山县县长；罪行：帮会头目，收编土匪伪军；管控明光河下警备，封锁女山湖水上交通，切断新四军南北往来通道。；结局：抗战胜利后汉奸审判死刑。,[],"2026-08-27 03:29:02.104947","2026-08-27 03:29:02.104947",,,,,
dad5e58e31124872a67aa2bf4a507714,程子源,,,,,exact,exact,开原八道岗子,[],"[""伪地方特务密探""]",抗日战争时期,"",伪职：伪地方特务密探；罪行：告密出卖白子峰抗日救国军，致使白家多人被害，为日军搜集义勇军情报，祸害乡里中国军网。；结局：解放后镇反公审枪决。,[],"2026-08-27 03:29:02.093385","2026-08-27 03:29:02.093385",,,,,
dafa4909eb12460098f425d363934542,田老印,,,,,exact,exact,安新,[],"[""伪安新警备大队长；配合日军对白洋淀进行反复 “清淀”，搜捕雁翎队队员。""]",抗日战争时期,"",伪职：伪安新警备大队长；配合日军对白洋淀进行反复 “清淀”，搜捕雁翎队队员。；结局：安新解放被俘枪决,[],"2026-08-27 03:29:02.082613","2026-08-27 03:29:02.082613",,,,,
dafd3a63886e4dd8b1d67f959a4c862a,王克敏,叔鲁,,1873,1945,exact,exact,浙江杭县（今余杭）,"[""\u738B\u53D4\u9C81""]","[""\u4F2A\u534E\u5317\u4E34\u65F6\u653F\u5E9C\u59D4\u5458\u957F"",""\u534E\u5317\u5934\u53F7\u6C49\u5978""]",抗日战争时期,华北伪临时政府 / 汪伪政权,王克敏，字叔鲁，浙江杭县人，举人出身。清末留日。民国时期历任中国银行总裁、财政总长、北平政务委员会委员等职。1937年12月在日本扶植下于北平成立「中华民国临时政府」，任行政委员会委员长。1940年并入汪伪政权后，任「华北政务委员会」委员长。1945年8月日本投降后被捕，12月25日在北平狱中畏罪服毒自杀，年72岁。,[],"2026-08-23 12:23:35.111969","2026-08-23 12:23:35.111969",,,,,
db15b9fb50d2432bb4fc03a660b77dcf,云得胜,,,,,exact,exact,托克托,[],"[""伪托克托讨伐队长；下乡清剿，残害抗日家属。""]",抗日战争时期,"",伪职：伪托克托讨伐队长；下乡清剿，残害抗日家属。；结局：托克托解放被俘处决,[],"2026-08-27 03:29:02.084910","2026-08-27 03:29:02.084910",,,,,
db32e2af6da14db381a371c2778f27ba,霍世九,,,,,exact,exact,合肥东北、定合县交界,[],"[""定合边界汉奸联络站头目""]",抗日战争时期,"",伪职：定合边界汉奸联络站头目；罪行：建立日伪情报联络站，策反我方人员，搜集淮南根据地军事情报，传递给日军据点中安在线。；结局：根据地公安局破案抓捕处决。,[],"2026-08-27 03:29:02.103027","2026-08-27 03:29:02.103027",,,,,
db392c2a9f4b409b90d61de543f94289,李凤和,,,,,exact,exact,涟水佃湖,[],"[""伪剿共军第一团团长""]",抗日战争时期,"",伪职：伪剿共军第一团团长；罪行：伪军主力头目，驻防佃湖据点，多次配合日军扫荡涟东根据地，烧杀抢掠，搜捕抗日干部群众淮安市政协。；结局：两淮战役被歼灭，本人被俘处决。,[],"2026-08-27 03:29:02.100058","2026-08-27 03:29:02.100058",,,,,
db4583a8f96a48d5b11ca2f2a79a4873,于景涛,,,,,exact,exact,岫岩,[],"[""伪岫岩县县长""]",抗日战争时期,"",伪职：伪岫岩县县长；罪行：管控岫岩伪政权，配合日伪对辽南三角抗区反复扫荡。；结局：解放后以汉奸罪判刑。,[],"2026-08-27 03:29:02.092344","2026-08-27 03:29:02.092344",,,,,
db4f6abb31d848859e014ac97cd55926,王阿歪,,,,,exact,exact,晋江围头、深沪湾,[],"[""海上伪军小头目""]",抗日战争时期,"",伪职：海上伪军小头目；罪行：投靠张逸舟，带领武装小艇在泉州湾劫掠渔船，上岸勒索沿海村庄钱财，给乌丘伪军传递陆地情报。；结局：抗战胜利被俘，判处重刑。,[],"2026-08-27 03:29:02.079681","2026-08-27 03:29:02.079681",,,,,
db5bb235b2aa4ba298af3eb813c8f04e,汤怀清,,,,,exact,exact,六安城关,[],"[""维持会骨干""]",抗日战争时期,"",伪职：维持会骨干；罪行：搜刮粮食柴草供给日军驻军。；结局：公审镇压。,[],"2026-08-27 03:29:02.105465","2026-08-27 03:29:02.105465",,,,,
db6a5b2e3ab64df4b8dc7c80660d570b,林沧圃,,,,,exact,exact,闽海海面,[],"[""伪和平救国军参谋长""]",抗日战争时期,"",伪职：伪和平救国军参谋长；罪行：负责伪军与厦门日军联络，策划袭扰漳州沿海，策动漳州沿海土匪、地方人员下海投伪。；结局：抗战胜利被国民党当局收用。,[],"2026-08-27 03:29:02.079407","2026-08-27 03:29:02.079407",,,,,
db714a08b91c48aa85a59abd02d72b57,和加尼牙孜（霍加尼亚孜）,,,,,"","",新疆哈密,[],"[""特务""]",抗日战争时期,汪伪政权,伪任职务：30 年代哈密暴动领袖；失败后逃亡内地，辗转上海投靠日本特务机关。日本计划利用他返回新疆组建亲日分裂傀儡，接受日方经费，在北平 “哈密公馆” 接受训练，准备伺机潜回新疆。始终未能踏入新疆境内环球网。。结局：日本战败后被国民政府逮捕关押，后病死狱中,[],"2026-08-26 17:52:47","2026-08-26 17:52:47",,,,,
db7e0949066f402d89130e7ac014c68e,李守业,,,,,exact,exact,浮山,[],"[""伪浮山警备大队长""]",抗日战争时期,"",伪职：伪浮山警备大队长；罪行：盘踞浮山县城，频繁配合日军扫荡浮山周边根据地。；结局：解放后公审枪决,[],"2026-08-27 03:29:02.090225","2026-08-27 03:29:02.090225",,,,,
db9b94381f1043c2be9627332952bba7,宋德山,,,,,exact,exact,集宁,[],"[""伪集宁警备大队长；伪军主力，盘踞集宁、老平地泉据点，多次配合日军进山清剿绥南抗日武装，抓捕县区干部。""]",抗日战争时期,"",伪职：伪集宁警备大队长；伪军主力，盘踞集宁、老平地泉据点，多次配合日军进山清剿绥南抗日武装，抓捕县区干部。；结局：集宁解放被俘公审枪决,[],"2026-08-27 03:29:02.086989","2026-08-27 03:29:02.086989",,,,,
dbba8af4ff79491ca7a281bfe102ca69,王春山,,,,,exact,exact,芜湖南乡,[],"[""伪保安二中队中队长""]",抗日战争时期,"",伪职：伪保安二中队中队长；罪行：驻防芜湖南乡据点，劫掠乡村，搜捕游击人员。；结局：伪军溃散后捕获法办。,[],"2026-08-27 03:29:02.103310","2026-08-27 03:29:02.103310",,,,,
dc08100e74784c9685e99bc39fbd4369,修长余,,,,,exact,exact,"",[],"[""伪吉林省警务处处长""]",抗日战争时期,"",伪职：伪吉林省警务处处长；罪行：掌管吉林全省伪警察系统，指挥特务密探，大肆搜捕地下党、抗联关系与爱国群众。；结局：光复后逮捕，汉奸罪重判。,[],"2026-08-27 03:29:02.094623","2026-08-27 03:29:02.094623",,,,,
dc189504ecba49c495f4bad03eb30691,郭采芹,,,,,exact,exact,邯郸贾村,"[""郭彩芹""]","[""伪邯郸商会会长、冀南剿共军教导司令；冀南头号大汉奸，为日军大量搜刮棉花粮食；训练伪军，参与指挥扫荡，在插箭岭杀害我方多名县区干部，纵容烟馆妓院毒害百姓。""]",抗日战争时期,"",伪职：伪邯郸商会会长、冀南剿共军教导司令；冀南头号大汉奸，为日军大量搜刮棉花粮食；训练伪军，参与指挥扫荡，在插箭岭杀害我方多名县区干部，纵容烟馆妓院毒害百姓。；结局：邯郸解放被俘，公审枪决,[],"2026-08-27 03:29:02.078375","2026-08-27 03:29:02.078375",,,,,
dc33911cc422448780839249d4f11e25,李翰卿,,,,,exact,exact,"",[],"[""伪渤海道道尹，伪渤海道最高行政长官；统辖 13 县伪政权，推行保甲、治安强化运动，征粮抓丁，配合日军扫荡冀中、冀鲁边根据地。""]",抗日战争时期,"",伪职：伪渤海道道尹，伪渤海道最高行政长官；统辖 13 县伪政权，推行保甲、治安强化运动，征粮抓丁，配合日军扫荡冀中、冀鲁边根据地。；结局：抗战胜利逮捕，判处无期徒刑,[],"2026-08-27 03:29:02.083477","2026-08-27 03:29:02.083477",,,,,
dc4ff3ad48ec4621a3362111715c80b3,曹尔恭,,,,,exact,exact,静乐,[],"[""伪静乐县县长""]",抗日战争时期,"",伪职：伪静乐县县长；罪行：搭建静乐伪政权，推行保甲，抓夫征粮。；结局：战后逮捕判刑,[],"2026-08-27 03:29:02.089981","2026-08-27 03:29:02.089981",,,,,
dc575df46d1c4205a2b03358af855fed,郭英麟,,,,,exact,exact,"",[],"[""伪本溪市副市长（华人最高职务）""]",抗日战争时期,"",伪职：伪本溪市副市长（华人最高职务）；罪行：协助日本市长推行保甲、劳工强征、物资统制；日本投降后牵头成立本溪临时治安维持会，企图留用全部伪警等待国民党接收，维护伪残余势力北国网。；结局：解放后以汉奸罪逮捕判刑。,[],"2026-08-27 03:29:02.091546","2026-08-27 03:29:02.091546",,,,,
dc57cce70bb44f3fa1954e73ddad073a,师绍慧,,,,,exact,exact,怀仁,[],"[""维持会副会长，伪政权骨干""]",抗日战争时期,"",伪职：维持会副会长，伪政权骨干；罪行：跟随李丙寅迎敌，协助办理伪政权事务，摊派粮款。；结局：战后逮捕判刑,[],"2026-08-27 03:29:02.088642","2026-08-27 03:29:02.088642",,,,,
dc58cf23cfe0499d9dc470f2f9ee81d7,王兴国,,,,,exact,exact,"",[],"[""伪汾阳保安少将城防司令""]",抗日战争时期,"",伪职：伪汾阳保安少将城防司令；罪行：统筹汾阳周边伪军，指挥各据点清乡扫荡，抓捕抗日干部群众。；结局：1945 被俘，汉奸罪判刑,[],"2026-08-27 03:29:02.090401","2026-08-27 03:29:02.090401",,,,,
dc6d8082cfec4fff96c96ef811a3ff25,沈丽卿,,,,,exact,exact,德清新市,[],"[""伪新市区区长""]",抗日战争时期,"",伪职：伪新市区区长；罪行：新市伪政权主官，签发良民证，推行保甲，压榨乡镇百姓，为日军搜集物资德清新闻网。；结局：解放后逮捕执行枪决。,[],"2026-08-27 03:29:02.101401","2026-08-27 03:29:02.101401",,,,,
dc7a287a344d4e33a72832f9c8075baa,袁庆汉,,,,,exact,exact,青龙干沟,"[""袁大白话""]","[""干沟维持会会长；逼迫百姓迁入人圈，告密山区群众与八路军往来，制造血案。""]",抗日战争时期,"",伪职：干沟维持会会长；逼迫百姓迁入人圈，告密山区群众与八路军往来，制造血案。；结局：1945 公审处决,[],"2026-08-27 03:29:02.099699","2026-08-27 03:29:02.099699",,,,,
dd07e61f5d5b4e4ca44b74f7fcf1350a,董子安,,,,,exact,exact,芮城,[],"[""伪芮城警备大队长""]",抗日战争时期,"",伪职：伪芮城警备大队长；罪行：祸害芮城沿河村庄，抓捕地下交通人员。；结局：解放后公审枪决,[],"2026-08-27 03:29:02.089301","2026-08-27 03:29:02.089301",,,,,
dd127bd4f42f40c29e5c1a26a11916b1,崔老印,,,,,exact,exact,广宗,[],"[""伪广宗警备大队长；带队下乡扫荡，残害堡垒户。""]",抗日战争时期,"",伪职：伪广宗警备大队长；带队下乡扫荡，残害堡垒户。；结局：1945 被俘枪决,[],"2026-08-27 03:29:02.082229","2026-08-27 03:29:02.082229",,,,,
dd2a25d921cc4023abb37875939f4edb,耿文彬,,,,,exact,exact,闻喜,[],"[""伪闻喜警备大队长""]",抗日战争时期,"",伪职：伪闻喜警备大队长；罪行：率伪军下乡清剿，抓捕抗日干部群众。；结局：解放后公审枪决,[],"2026-08-27 03:29:02.089197","2026-08-27 03:29:02.089197",,,,,
dd46ab60f1bf41cf880cd3435b6e865e,李积玉,,,,,exact,exact,邯郸,[],"[""伪宪兵特务队 “灭共组” 头目；搜捕地下党员、交通员，酷刑杀害多名抗日干部群众。""]",抗日战争时期,"",伪职：伪宪兵特务队 “灭共组” 头目；搜捕地下党员、交通员，酷刑杀害多名抗日干部群众。；结局：解放后公审枪决,[],"2026-08-27 03:29:02.081627","2026-08-27 03:29:02.081627",,,,,
dd4f9e9d079c4e0888a01c7e006c2dfe,林赤民,,,,,exact,exact,福州城区,[],"[""第二次沦陷伪维持会会长、福州市政委员会委员长""]",抗日战争时期,"",伪职：第二次沦陷伪维持会会长、福州市政委员会委员长；罪行：福州二次沦陷头号伪头目，网罗失意官僚、奸商组建伪政权；推行保甲、良民证，配合日军搜刮粮食物资，胁迫商户纳贡，协助奴化宣传。；结局：抗战胜利后汉奸审判，判处死刑。,[],"2026-08-27 03:29:02.080896","2026-08-27 03:29:02.080896",,,,,
dd8ce921c6dc4b9b8e653ba73d46b737,祁老幺,,,,,exact,exact,萨拉齐,[],"[""伪萨拉齐警备大队长；伪军铁杆，经常进山配合日军扫荡。""]",抗日战争时期,"",伪职：伪萨拉齐警备大队长；伪军铁杆，经常进山配合日军扫荡。；结局：萨拉齐解放被俘枪决,[],"2026-08-27 03:29:02.084894","2026-08-27 03:29:02.084894",,,,,
dda4a72e5f0e408fb1d86bc4565a8d01,于惠卿,,,,,exact,exact,"",[],"[""伪怀来县县长；依托沙城、新保安据点，抓捕地下交通人员，强征壮丁粮草。""]",抗日战争时期,"",伪职：伪怀来县县长；依托沙城、新保安据点，抓捕地下交通人员，强征壮丁粮草。；结局：战后判处长期徒刑,[],"2026-08-27 03:29:02.083032","2026-08-27 03:29:02.083032",,,,,
ddb2d04ef3134a8ebcad3b6447acfc9f,吴凤舞,,,,,exact,exact,汤原（伊春南部）,[],"[""伪汤原县县长""]",抗日战争时期,"",伪职：伪汤原县县长；罪行：主持伪县公署，推行集团部落、粮食出荷，抓捕爱国群众；配合山林警察围剿汤原抗日根据地。；结局：光复后潜逃，后被捕获审判。,[],"2026-08-27 03:29:02.096890","2026-08-27 03:29:02.096890",,,,,
ddb8ac5e0db34bedad6f5bc982c53f7b,傅成文,,,,,exact,exact,吉兴区,[],"[""伪村长李相阁心腹、密探爪牙""]",抗日战争时期,"",伪职：伪村长李相阁心腹、密探爪牙；罪行：充当眼线，向伪警察告密百姓接济抗联的行为，协助迫害当地爱国群众，仗势欺压乡民。；结局：解放后被公审处决。,[],"2026-08-27 03:29:02.097321","2026-08-27 03:29:02.097321",,,,,
ddc8f1e7b23044959bfcaf6e79f20a0b,陈国英,,,,,exact,exact,太原,[],"[""太原宪兵队便衣骨干""]",抗日战争时期,"",伪职：太原宪兵队便衣骨干；罪行：配合白志彦、屠锡泰，发展线人，抓捕抗日人员。；结局：解放后镇压处决,[],"2026-08-27 03:29:02.087319","2026-08-27 03:29:02.087319",,,,,
ddcb763bf2754d1dba38d42414f9ed7d,苑福堂,,,,,exact,exact,饶河大别拉坑、暴马顶子,[],"[""饶河伪地方特务头目""]",抗日战争时期,"",伪职：饶河伪地方特务头目；罪行：组建汉奸走狗队，抓捕饶河县委、反日会成员，逮捕李学福等 20 多名抗日骨干，破坏饶河地下党组织中国军网。；结局：抗战胜利后反奸清算被公审镇压。,[],"2026-08-27 03:29:02.096564","2026-08-27 03:29:02.096564",,,,,
ddd0212bb675403797d4b35b6a2e20c9,邢仁甫,,,,,exact,exact,盐山,[],"[""原冀鲁边军区司令员叛变；日军委任六县剿共司令，残害抗日人员；日降后投靠国民党军统。""]",抗日战争时期,"",伪职：原冀鲁边军区司令员叛变；日军委任六县剿共司令，残害抗日人员；日降后投靠国民党军统。；结局：1950 盐山公审枪决抖音百科,[],"2026-08-27 03:29:02.083508","2026-08-27 03:29:02.083508",,,,,
ddd44514d9e2432a9c07e833633dd7dc,吕仰周,,,,,exact,exact,六安城关,[],"[""维持会骨干""]",抗日战争时期,"",伪职：维持会骨干；罪行：参与维持会各项事务，为日军征集民夫，迫害城内爱国群众。；结局：公审镇压。,[],"2026-08-27 03:29:02.105442","2026-08-27 03:29:02.105442",,,,,
ddec153ac7fc4a43b21c3651254279d5,于金池,,,,,exact,exact,绥棱宋万金屯,[],"[""地方告密密探""]",抗日战争时期,"",伪职：地方告密密探；罪行：出卖于天放隐蔽地点，向伪警察告密，直接造成于天放、张录等人被捕，破坏绥棱地下抗日据点。；结局：解放后反奸清算被处决。,[],"2026-08-27 03:29:02.098522","2026-08-27 03:29:02.098522",,,,,
de0b4be18afb456c9085f4f1b4dec71c,谷次亨,,,,,exact,exact,大连（旅大派）,[],"[""伪满总务厅次长、伪安东省长、伪文教部大臣""]",抗日战争时期,"",伪职：伪满总务厅次长、伪安东省长、伪文教部大臣；罪行：关东州殖民教育培养，留学日本；主持鸦片政策，镇压东北文教界爱国力量，推行奴化教育，是伪满高层汉奸。；结局：被俘关押抚顺战犯管理所，后期获特赦。,[],"2026-08-27 03:29:02.090782","2026-08-27 03:29:02.090782",,,,,
de165c899b9a4f2889d598ef612d20c5,尹聘三,,,,,exact,exact,隆平,[],"[""伪隆平县县长；配合日军四五次治安强化运动，抓捕地下党员。""]",抗日战争时期,"",伪职：伪隆平县县长；配合日军四五次治安强化运动，抓捕地下党员。；结局：解放后镇反处决,[],"2026-08-27 03:29:02.082141","2026-08-27 03:29:02.082141",,,,,
de176b38cba64762861b5b6acf27b165,许雷生,,,,,exact,exact,宁波城区,[],"[""伪鄞县警察局局长""]",抗日战争时期,"",伪职：伪鄞县警察局局长；罪行：掌控伪警察队伍，推行宵禁，搜捕城内地下抗日人员，刑讯被捕爱国群众。；结局：战后汉奸审判惩处。,[],"2026-08-27 03:29:02.100832","2026-08-27 03:29:02.100832",,,,,
de1b2d17e45945878d4ef0fdfe4148e4,包永伦,,,,,exact,exact,七台河大四站、岚棒山一带,[],"[""伪勃利县大四站警察讨伐队警尉、特务头目""]",抗日战争时期,"",伪职：伪勃利县大四站警察讨伐队警尉、特务头目；罪行：带领伪讨伐队进山清剿二路军，包围杀害抗联五军副官长冯丕让；长期搜捕岚棒山根据地地下救国会群众，捣毁多处密营。；结局：解放后镇压反革命公审处决。,[],"2026-08-27 03:29:02.097281","2026-08-27 03:29:02.097281",,,,,
de1ee62a9ea3400c9028ebe5f9cbffc9,黄莲舫,,,,,exact,exact,厦门、鼓浪屿，窜扰漳泉沿海,"[""黄廉舫""]","[""伪新华同盟会副会长、伪华侨公会会长、厦门建设公司筹委""]",抗日战争时期,"",伪职：伪新华同盟会副会长、伪华侨公会会长、厦门建设公司筹委；罪行：联络汪伪，策划组建汉奸组织；献计日军进犯东山、平潭、湄洲，推荐伪军头目，企图出任漳州维持会长。；结局：1940 年被抗日志士制裁击毙。,[],"2026-08-27 03:29:02.080379","2026-08-27 03:29:02.080379",,,,,
de222fc957634c5597c6aaf2cbe1d1cf,王景成,,,,,exact,exact,大连,[],"[""大连伪警察署华人特务系主任""]",抗日战争时期,"",伪职：大连伪警察署华人特务系主任；罪行：专门侦查、抓捕大连工人、学生中的地下抗日人员，刑讯迫害被捕爱国分子，搜集民间反日言论。；结局：1946 年逮捕，判处长期徒刑。,[],"2026-08-27 03:29:02.091105","2026-08-27 03:29:02.091105",,,,,
de2f04e471c34e19a14d8b72403fec6a,汪精卫,季新,精卫,1883,1944,exact,exact,浙江绍兴府山阴县,"[""\u6C6A\u5146\u94ED"",""\u6C6A\u5B63\u65B0""]","[""\u4F2A\u56FD\u6C11\u653F\u5E9C\u4E3B\u5E2D"",""\u5934\u53F7\u6C49\u5978"",""\u540C\u76DF\u4F1A\u5143\u8001"",""\u653F\u6CBB\u5BB6""]",抗日战争时期,汪伪政权 / 中国国民党,汪兆铭，笔名精卫，历史上多以「汪精卫」称呼。祖籍浙江山阴（今绍兴），出生于广东三水（今属佛山市），是民国时期的重要政治人物。早年投身革命，曾谋刺清摄政王载沣未遂，袁世凯统治时期赴法国留学。回国后于1919年在孙中山领导下，驻上海创办《建设》杂志。1921年孙文在广州就任大总统，汪精卫任广东省教育会长、广东政府顾问。1924年任中央宣传部长。后期思想明显退变，于抗日战争期间投靠日本，在南京成立伪国民政府，沦为汉奸。1944年在日本名古屋因「骨髓肿」病死。,[],"2026-08-23 12:23:34.760968","2026-08-23 12:23:34.760968",,,,,
de32a2a3b63f48f8b146a0dea6beaed6,马茂阶,,,,,exact,exact,辽阳大安平,[],"[""伪辽阳地方事务所所长""]",抗日战争时期,"",伪职：伪辽阳地方事务所所长；罪行：被日军胁迫利诱出任伪职，协助日伪管控地方，搜集民间情报，配合治安肃正。；结局：抗战胜利后逮捕判刑。,[],"2026-08-27 03:29:02.093036","2026-08-27 03:29:02.093036",,,,,
de9ebad318fd4b038a364f202b190940,赵宇庭,,,,,exact,exact,丰镇,[],"[""伪警察署署长；指挥伪警察搜捕地下党员，多次随同讨伐队下乡。""]",抗日战争时期,"",伪职：伪警察署署长；指挥伪警察搜捕地下党员，多次随同讨伐队下乡。；结局：1944 据点被攻克，潜逃，后抓捕归案处决,[],"2026-08-27 03:29:02.087023","2026-08-27 03:29:02.087023",,,,,
debc754572644b12a8bf55b321057484,赵二秃子,,,,,exact,exact,榆社,[],"[""伪警备队头目""]",抗日战争时期,"",伪职：伪警备队头目；罪行：随同日军下乡骚扰，抓捕抗日积极分子。；结局：被武工队就地锄奸,[],"2026-08-27 03:29:02.089017","2026-08-27 03:29:02.089017",,,,,
dec13ca4c1754d5795da7582c5a1bbcb,冯德界,,,,,exact,exact,嘉荫（佛山）山区,[],"[""伪装毛皮商人的密探""]",抗日战争时期,"",伪职：伪装毛皮商人的密探；罪行：以收购皮货为掩护，潜伏山林打探抗联行踪，最早向伪警察报告赵尚志小队进入佛山境内的情报。；结局：解放后被逮捕惩处。,[],"2026-08-27 03:29:02.097660","2026-08-27 03:29:02.097660",,,,,
deccaaefcde44a699d8c30d845504d15,王友梅,,,,,"","",不详,[],"[""清乡"", ""县长""]",抗日战争时期,汪伪政权,伪任职务：第六任伪无锡县长，继续执行清乡封锁政策。。结局：战后汉奸罪审判，长期监禁,[],"2026-08-26 17:52:47","2026-08-26 17:52:47",,,,,
dee8725d84784bbca1f251974678ded9,宋海山,,,,,exact,exact,平谷,[],"[""伪警备大队长。""]",抗日战争时期,"",伪职：伪警备大队长。；结局：解放后处决,[],"2026-08-27 03:29:02.092113","2026-08-27 03:29:02.092113",,,,,
df15d92af65a4b6cbebf98b82b0d899a,詹松年,,,,,"","",海南文昌,[],"[""军长"", ""旅长"", ""司令"", ""总司令""]",抗日战争时期,华北伪临时政府,伪任职务：伪琼崖民众自卫军总司令（伪军最高统帅，约 5000 伪军），伪临时政府第二副主席；留日背景，为日军劝降、带路扫荡抗日根据地抖音百科。日军投降后伪军被国民党收编为独立 13 旅；韩练成下令解除武装逮捕。结局：1945 年被处决,[],"2026-08-26 17:52:47","2026-08-26 17:52:47",,,,,
df350730372b4ffd802757b8ede850b0,孙景堂,,,,,exact,exact,辽源,[],"[""伪西安煤矿劳务系华人头目""]",抗日战争时期,"",伪职：伪西安煤矿劳务系华人头目；罪行：协助日本人管理矿工，抓捕管控特殊工人（战俘劳工），迫害反抗矿工。；结局：反奸清算，判处长期徒刑。,[],"2026-08-27 03:29:02.095061","2026-08-27 03:29:02.095061",,,,,
df3a5c01dc4d4e2588b7c7e61edc1505,冯小黑子,,,,,exact,exact,怀宁月山、凉亭乡,[],"[""月山据点便衣特务""]",抗日战争时期,"",伪职：月山据点便衣特务；罪行：先投靠日军当情报特务，后又摇摆向国民党；日军为抓捕他扑空叶家享堂，迁怒无辜平民，酿成民间惨案中安在线。；结局：被我方武工队追踪击毙。,[],"2026-08-27 03:29:02.104581","2026-08-27 03:29:02.104581",,,,,
df41297023104becb4c700cc21313364,鲍观澄,,,,,exact,exact,哈尔滨,[],"[""伪哈尔滨特别市市长""]",抗日战争时期,"",伪职：伪哈尔滨特别市市长；罪行：主持哈尔滨特别市伪市政，执行日本殖民政令，赴外地替伪满做宣传游说。；结局：抗战胜利后潜逃香港。,[],"2026-08-27 03:29:02.095688","2026-08-27 03:29:02.095688",,,,,
df61afde39b9467e84e51249b048cb48,赵浩莫,,,,,"","",广东汕头,[],"[""市长""]",抗日战争时期,汪伪政权,伪任职务：伪汕头市市长，潮汕沦陷区伪首脑，掠夺潮汕工商业。结局：抗战胜利公审枪决,[],"2026-08-26 17:52:47","2026-08-26 17:52:47",,,,,
dfde1f913b104ef7897faae445490443,孙书田,,,,,exact,exact,凌源,[],"[""伪凌源县县长""]",抗日战争时期,"",伪职：伪凌源县县长；罪行：凌源伪主官，推行集团部落，配合日伪讨伐热东抗日武装，制造多起惨案。；结局：抗战胜利逮捕，判处重刑。,[],"2026-08-27 03:29:02.093591","2026-08-27 03:29:02.093591",,,,,
e006b280ff634f70a29adf5fd7c9f717,于志威,,,,,exact,exact,鸡西城子河晓城煤矿,[],"[""煤矿劳务系外勤，日伪特务""]",抗日战争时期,"",伪职：煤矿劳务系外勤，日伪特务；罪行：监视矿工，搜集矿区反日活动情报，配合日军镇压矿工反抗城子河区人...。；结局：解放后管制改造。,[],"2026-08-27 03:29:02.096175","2026-08-27 03:29:02.096175",,,,,
e013b8cf49394fe6b81d21e8a2b1d4c5,王荆山,,,,,"","",吉林长春,[],"[""军长""]",抗日战争时期,汪伪政权,伪任职务：长春实业巨头，裕昌源老板；为日军供应军粮，协助开拓团强占农民土地，兼任多个伪协会职务。结局：1951 年抓捕，1952 年以汉奸罪枪决，家产没收,[],"2026-08-26 17:52:47","2026-08-26 17:52:47",,,,,
e0350a4069f84a318042329690319208,刘老善,,,,,exact,exact,枣强,[],"[""伪枣强警备大队长；伪军主力，常驻枣强城、大营据点，下乡清乡扫荡。""]",抗日战争时期,"",伪职：伪枣强警备大队长；伪军主力，常驻枣强城、大营据点，下乡清乡扫荡。；结局：枣强解放被俘枪决,[],"2026-08-27 03:29:02.084552","2026-08-27 03:29:02.084552",,,,,
e0372b310d0b493497db9a15c70d0063,刘其昌,,,,,exact,exact,赤峰,[],"[""伪赤峰警察讨伐队大队长；多次进山扫荡承平宁联合县，抓捕武工队、地下交通人员，血债较多。""]",抗日战争时期,"",伪职：伪赤峰警察讨伐队大队长；多次进山扫荡承平宁联合县，抓捕武工队、地下交通人员，血债较多。；结局：1945 年赤峰解放被俘公审枪决,[],"2026-08-27 03:29:02.085442","2026-08-27 03:29:02.085442",,,,,
e03a7769bec64bde907b9d999324f361,宋钦,,,,,exact,exact,"",[],"[""盂县首任伪知事（伪县长）""]",抗日战争时期,"",伪职：盂县首任伪知事（伪县长）；罪行：搭建盂县伪政权，建立伪警备队、新民会。任职仅数月。；结局：调走，史料下落缺失,[],"2026-08-27 03:29:02.087633","2026-08-27 03:29:02.087633",,,,,
e07e01075d104f14977cfa7171476a23,奇子义,,,,,exact,exact,准格尔旗,[],"[""旗内台吉，勾结包头日伪；秘密接受伪委任，为日伪刺探准格尔、府谷一带河防情报。""]",抗日战争时期,"",伪职：旗内台吉，勾结包头日伪；秘密接受伪委任，为日伪刺探准格尔、府谷一带河防情报。；结局：抗战胜利后逮捕判刑,[],"2026-08-27 03:29:02.086032","2026-08-27 03:29:02.086032",,,,,
e087699d2d184afb99b7e2134f1dc546,陈静斋,,,,,"","",河南安阳,[],"[""省级长官""]",抗日战争时期,汪伪政权,伪任职务：伪河南省省长，推行治安强化、奴化教育，搜刮物资。结局：抗战后被捕，判处徒刑，狱中死亡,[],"2026-08-26 17:52:47","2026-08-26 17:52:47",,,,,
e0888fce03f94045b42c3a802fad42fb,刘凤池,,,,,exact,exact,保定,[],"[""伪保定警备联队长；保定城伪军主力，下辖千余伪军，频繁下乡扫荡清苑周边村庄，抓捕地下交通人员。""]",抗日战争时期,"",伪职：伪保定警备联队长；保定城伪军主力，下辖千余伪军，频繁下乡扫荡清苑周边村庄，抓捕地下交通人员。；结局：1945 年保定解放被俘，公审枪决,[],"2026-08-27 03:29:02.082410","2026-08-27 03:29:02.082410",,,,,
e08a6dec0b8e4dd88108fbff69a4026e,吴景奎,,,,,exact,exact,满洲里,[],"[""伪满洲里国境警察署长；管控中苏边境口岸，抓捕越境抗日人员，迫害侨民与爱国群众。""]",抗日战争时期,"",伪职：伪满洲里国境警察署长；管控中苏边境口岸，抓捕越境抗日人员，迫害侨民与爱国群众。；结局：日本投降被俘，判处重刑,[],"2026-08-27 03:29:02.086369","2026-08-27 03:29:02.086369",,,,,
e09193c11ea94050899c8e6972b1fbb8,冯司直,,,,,"","",山西平定,[],"[""省级长官""]",抗日战争时期,汪伪政权,伪任职务：伪山西省第二任省长，扩编伪保安队，献粮献铁，搜捕地下抗日人员抖音百科。结局：1945 年被捕，1949 年病死于狱中,[],"2026-08-26 17:52:47","2026-08-26 17:52:47",,,,,
e09f9c62bd494c7d94e7133dddc4a67a,陈刚池,,,,,exact,exact,厦门城区,[],"[""伪稽征所主任""]",抗日战争时期,"",伪职：伪稽征所主任；罪行：负责苛捐稽征，盘剥商户百姓。；结局：被捕判刑。,[],"2026-08-27 03:29:02.080471","2026-08-27 03:29:02.080471",,,,,
e0d5bf2d96714ecc9cc74d0cd58605e6,王子芬,,,,,exact,exact,福州城区,[],"[""伪警特务""]",抗日战争时期,"",伪职：伪警特务；罪行：伪警情报人员，发展告密线人，迫害家属。；结局：1946‑06‑10 枪决。,[],"2026-08-27 03:29:02.080241","2026-08-27 03:29:02.080241",,,,,
e0e34eca714742d4b6d189d6fa02ffd4,德穆楚克栋鲁普,,,,,exact,exact,苏尼特右旗,"[""德王""]","[""伪蒙古联盟自治政府主席，伪蒙疆联合自治政府副主席；以厚和为早期首府，分裂国土，设立巴彦塔拉盟，拆分土默特旗；派遣伪蒙古军反复扫荡大青山抗日根据地，掠夺牲畜矿产，推行日语奴化教育。""]",抗日战争时期,"",伪职：伪蒙古联盟自治政府主席，伪蒙疆联合自治政府副主席；以厚和为早期首府，分裂国土，设立巴彦塔拉盟，拆分土默特旗；派遣伪蒙古军反复扫荡大青山抗日根据地，掠夺牲畜矿产，推行日语奴化教育。；结局：1950 引渡回国受审，1963 特赦，1966 呼和浩特病逝光明数字报,[],"2026-08-27 03:29:02.084803","2026-08-27 03:29:02.084803",,,,,
e124187c6ea14232aab7de9ac3af5ec5,徐家桓,,,,,exact,exact,吉林永吉,[],"[""伪吉林省末代省长（永吉本地人）""]",抗日战争时期,"",伪职：伪吉林省末代省长（永吉本地人）；罪行：伪满末期吉林省华人最高长官；执行战时物资搜刮，强征劳工粮食；八一五后组建吉林治安维持会，妄图完整保留伪政权等待国民党接收。；结局：被苏军逮捕，关押抚顺战犯管理所，后特赦。,[],"2026-08-27 03:29:02.094335","2026-08-27 03:29:02.094335",,,,,
e126cc0fc9834934ae8a83758b212550,杨高伯,,,,,"","",无锡,[],"[""委员长"", ""维持会"", ""县长""]",抗日战争时期,汪伪政权,伪任职务：维持会委员，第二任伪无锡县长，对日态度强硬，残酷对待抗日人员。。结局：1940 年被抗日锄奸人员刺杀；日军为此闭城大搜捕一周,[],"2026-08-26 17:52:47","2026-08-26 17:52:47",,,,,
e131322fe7db4a4db1df57264b15e192,潘文忠,,,,,exact,exact,吴兴练市,[],"[""伪练市区区长""]",抗日战争时期,"",伪职：伪练市区区长；罪行：清乡时期伪区长，推行保甲，搜集抗日情报，迫害接济游击队乡民。；结局：被战时青年服务队暗杀锄奸。,[],"2026-08-27 03:29:02.101947","2026-08-27 03:29:02.101947",,,,,
e14c8f5713e7499a9f55961048b52e8a,王梦尧,,,,,exact,exact,合肥城内,[],"[""伪合肥警察局局长""]",抗日战争时期,"",伪职：伪合肥警察局局长；罪行：执掌伪警察武装，下设多个分驻所；网罗地痞组建侦缉队，搜捕地下党员、爱国青年，酷刑审讯被捕人员，推行宵禁户口检查。；结局：战后公审枪决。,[],"2026-08-27 03:29:02.102810","2026-08-27 03:29:02.102810",,,,,
e15e7c0db23e4f3d8030360b1b4b6aa2,李福和,,,,,"","",河南,[],"[""军长""]",抗日战争时期,伪军,伪任职务：皇协军第一路军军长，抗战早期投敌，驻防安阳水冶，进攻太行根据地。结局：1938 年部下起义，曲沟事变中将其就地击毙,[],"2026-08-26 17:52:47","2026-08-26 17:52:47",,,,,
e16d69e15e0d45c9941ed282fe5ef47c,杨异才,,,,,exact,exact,永年,[],"[""原我方抗日县长，叛变投敌任伪永年县县长，出卖组织人员名单，祸害根据地群众邯郸党史网。""]",抗日战争时期,"",伪职：原我方抗日县长，叛变投敌任伪永年县县长，出卖组织人员名单，祸害根据地群众邯郸党史网。；结局：1945 城破畏罪跳井自杀,[],"2026-08-27 03:29:02.078451","2026-08-27 03:29:02.078451",,,,,
e1cb3082d1954fbca1bcfc1de109831b,劳乃心,,,,,exact,exact,余姚全境,[],"[""伪余姚维持会会长、伪余姚县县长""]",抗日战争时期,"",伪职：伪余姚维持会会长、伪余姚县县长；罪行：余姚头号铁杆汉奸，民谣 “天上扫帚星，地上劳乃心”；组建侦缉队，破坏四明山地下党组织，抓捕屠杀大量抗日干部群众；主导余姚盐场清乡，强征毛竹修建封锁篱笆，配合日军反复扫荡浙东抗日根据地中国宁波网。；结局：抗战胜利后逮捕，汉奸审判判处死刑，公审枪决。,[],"2026-08-27 03:29:02.100724","2026-08-27 03:29:02.100724",,,,,
e1e920a25abd4eb5a1a5e33736a544b7,李黑马,,,,,exact,exact,襄垣,[],"[""伪襄垣警备大队长""]",抗日战争时期,"",伪职：伪襄垣警备大队长；罪行：伪军头目，多次袭扰襄垣周边根据地村庄。；结局：被俘后处决。,[],"2026-08-27 03:29:02.088194","2026-08-27 03:29:02.088194",,,,,
e220bb7fe283410fb149d23619c12aee,朱兆槐,,,,,exact,exact,上虞百官,[],"[""伪上虞维持会会长""]",抗日战争时期,"",伪职：伪上虞维持会会长；罪行：上虞沦陷牵头组建维持会，胁迫商户出钱出物资敌，拉拢乡绅附逆。；结局：战后逮捕判刑。,[],"2026-08-27 03:29:02.101596","2026-08-27 03:29:02.101596",,,,,
e23169826831499e9eec9c2767814096,姚慕陶,,,,,exact,exact,安庆,[],"[""伪怀宁县财政科长""]",抗日战争时期,"",伪职：伪怀宁县财政科长；罪行：经济汉奸，征收各类苛捐杂税，统筹粮食、铜铁、油料为日军搜刮战略物资，摊派商户巨额捐款。；结局：战后判处有期徒刑。,[],"2026-08-27 03:29:02.104619","2026-08-27 03:29:02.104619",,,,,
e242758c02bc400ebc24dd1d211b3a91,萨福畴,,,,,"","",福建福州,[],"[""军长"", ""司令""]",抗日战争时期,汪伪政权,伪任职务：福州沦陷后出任伪福州水上警察局长，后升任汪伪海军中将常务次长、广州要港司令。结局：1943 年座舰触水雷被俘，重庆审判枪决福州史志网,[],"2026-08-26 17:52:47","2026-08-26 17:52:47",,,,,
e247b8249b7c4ff0908377e47d4b7899,胡薰,,,,,"","",江西南昌,[],"[""市长"", ""军长"", ""维持会""]",抗日战争时期,汪伪政权,伪任职务：伪南昌特别市市长，南昌维持会头目，征粮抓夫、协助日军统治南昌。结局：抗战胜利后逮捕，判处死刑枪决,[],"2026-08-26 17:52:47","2026-08-26 17:52:47",,,,,
e249dd53ca0e466681a7ed049344abd5,王喜武,,,,,exact,exact,丰镇,[],"[""伪丰镇警备大队长；驻守丰镇、隆盛庄，下乡烧杀抢掠，迫害堡垒户。""]",抗日战争时期,"",伪职：伪丰镇警备大队长；驻守丰镇、隆盛庄，下乡烧杀抢掠，迫害堡垒户。；结局：丰镇解放被俘枪决,[],"2026-08-27 03:29:02.087015","2026-08-27 03:29:02.087015",,,,,
e255a2a5ad84491796748b2d95097867,李慎修,,,,,exact,exact,闻喜,[],"[""伪闻喜县县长""]",抗日战争时期,"",伪职：伪闻喜县县长；罪行：建立闻喜伪县公署，修筑炮楼，强征粮款，配合日军扫荡稷麓根据地。；结局：战后逮捕判刑,[],"2026-08-27 03:29:02.089189","2026-08-27 03:29:02.089189",,,,,
e26bdcd48d0747c8b1688cc94aea2b94,陈木森,,,,,exact,exact,福州伪警察局,[],"[""伪警骨干""]",抗日战争时期,"",伪职：伪警骨干；罪行：执掌伪警侦缉，盘查城门，抓捕抗日分子。；结局：1946‑06‑10 枪决。,[],"2026-08-27 03:29:02.081051","2026-08-27 03:29:02.081051",,,,,
e2792d1a8b2843b39b010a7954d664ab,朝克图,,,,,exact,exact,科左后旗,[],"[""伪科左后旗旗长；执行日伪政令，管控王府，协助伪兴安军征调骑兵、粮草。""]",抗日战争时期,"",伪职：伪科左后旗旗长；执行日伪政令，管控王府，协助伪兴安军征调骑兵、粮草。；结局：战后管制判刑,[],"2026-08-27 03:29:02.085833","2026-08-27 03:29:02.085833",,,,,
e2a18ca9476f4014b5a746a7b4aa2368,倪道烺,,,,,"","",安徽阜阳,[],"[""省级长官""]",抗日战争时期,汪伪政权,伪任职务：伪安徽省维新政府省长、汪伪安徽省政府主席（首任），省府蚌埠，搜刮物资、贩毒、强征劳工抖音百科。结局：1951 年蚌埠公审枪决,[],"2026-08-26 17:52:47","2026-08-26 17:52:47",,,,,
e2c12a02a6284c488d68188855917eca,胡金山,,,,,exact,exact,亳县二区（颜集）,"[""胡松亭""]","[""白枪会头目，勾结日伪""]",抗日战争时期,"",伪职：白枪会头目，勾结日伪；罪行：地方会道门武装，勾结日伪发动暴乱，制造亳二区惨案，杀害 9 名党员干部，抓捕二十余名革命人员。；结局：暴乱被镇压，捕获后公审枪决。,[],"2026-08-27 03:29:02.105731","2026-08-27 03:29:02.105731",,,,,
e2c641d83caa4e1bb678ad4848b333a8,宋老奎,,,,,exact,exact,饶阳,[],"[""伪饶阳警备大队长；驻守饶阳县城，出城抢掠村庄。""]",抗日战争时期,"",伪职：伪饶阳警备大队长；驻守饶阳县城，出城抢掠村庄。；结局：饶阳解放被俘枪决,[],"2026-08-27 03:29:02.084623","2026-08-27 03:29:02.084623",,,,,
e2fb45d2337944698f4b90995b5af029,蔡鑫元,,,,,exact,exact,靖江、泰兴,[],"[""伪暂编第十九师师长""]",抗日战争时期,"",伪职：伪暂编第十九师师长；罪行：手握数千伪军，盘踞靖泰地区，争夺地盘，四处劫掠；配合日军清乡扫荡，大肆搜捕地下抗日人员，祸害靖西乡村中国共产党...。；结局：抗战胜利后以汉奸罪处决。,[],"2026-08-27 03:29:02.100179","2026-08-27 03:29:02.100179",,,,,
e3082820ae60405ab1b675e548e411ab,戴子山,,,,,exact,exact,丰县李寨,[],"[""丰县李寨镇维持会会长""]",抗日战争时期,"",伪职：丰县李寨镇维持会会长；罪行：乡镇汉奸头目，为日军搜集情报，盘剥乡里。；结局：1941 年被抗日武装锄奸处决徐州政协。,[],"2026-08-27 03:29:02.098875","2026-08-27 03:29:02.098875",,,,,
e3093a83fff546c58bca46746093853e,李九鹏,,,,,exact,exact,哈尔滨道外,[],"[""日本宪兵队高级特务，道外恶霸""]",抗日战争时期,"",伪职：日本宪兵队高级特务，道外恶霸；罪行：开设赌场为日军搜集情报，密探网遍布道外，出卖爱国人士，敲诈残害百姓。；结局：1946 年公审枪决。,[],"2026-08-27 03:29:02.095697","2026-08-27 03:29:02.095697",,,,,
e31b4f9252f94085a6aadbfa81cb5d56,赵鲁生,,,,,"","",广西桂林,[],"[""军长"", ""处长"", ""维持会""]",抗日战争时期,汪伪政权,伪任职务：桂林伪维持会副处长，配合白坤公为日军服务。结局：战后逮捕处决广西新闻网,[],"2026-08-26 17:52:47","2026-08-26 17:52:47",,,,,
e31e55c05b714fa4baf061e9a2f66cd6,高德林,,,,,exact,exact,"",[],"[""伪华北治安军第 101 集团司令，集团部驻邢台；邢台最大伪军头目，兵力数千，反复扫荡太行、冀南根据地。""]",抗日战争时期,"",伪职：伪华北治安军第 101 集团司令，集团部驻邢台；邢台最大伪军头目，兵力数千，反复扫荡太行、冀南根据地。；结局：日本投降后丢弃部队北逃，解放后清算处决邢台网,[],"2026-08-27 03:29:02.082024","2026-08-27 03:29:02.082024",,,,,
e320644212004a9d90bd457f8abdd975,张世安,,,,,exact,exact,湾沚（今芜湖湾沚区）,[],"[""湾沚自治会会长（当时属宣城）""]",抗日战争时期,"",伪职：湾沚自治会会长（当时属宣城）；罪行：日军占领湾沚成立自治会，胁迫商户出钱出物资敌，配合芮义发往来宣城敌占区开展伪化活动。；结局：抗战胜利汉奸审判伏法。,[],"2026-08-27 03:29:02.106347","2026-08-27 03:29:02.106347",,,,,
e33b1595de7c4ca79240f46db3340fa0,崔文彬,,,,,exact,exact,"",[],"[""伪河间县县长；河间为冀中重要据点，强征壮丁粮草，推行伪大乡制度。""]",抗日战争时期,"",伪职：伪河间县县长；河间为冀中重要据点，强征壮丁粮草，推行伪大乡制度。；结局：战后逮捕判刑,[],"2026-08-27 03:29:02.083572","2026-08-27 03:29:02.083572",,,,,
e37ce38f48b848f7bedd747388ad732d,朱学贤,,,,,exact,exact,砀山县城,[],"[""伪砀山县县长""]",抗日战争时期,"",伪职：伪砀山县县长；罪行：砀山伪政权主官，推行保甲制度，收编土匪伪军，封锁砀山周边抗日根据地。；结局：抗战胜利后捕获法办。,[],"2026-08-27 03:29:02.105363","2026-08-27 03:29:02.105363",,,,,
e3818522a8c844c8aa5788b2753e395a,汪翱,,,,,exact,exact,长兴、太湖西南沿岸,[],"[""伪苏浙皖三省边区剿匪指挥官""]",抗日战争时期,"",伪职：伪苏浙皖三省边区剿匪指挥官；罪行：原我方人员叛变投敌，手握伪军武装，四处游说抗日武装投降，扫荡长兴山区抗日根据地，残害爱国军民。；结局：1939 年被长超抗日义勇军诱捕处决。,[],"2026-08-27 03:29:02.101342","2026-08-27 03:29:02.101342",,,,,
e3984636a1d4402a91420d97a6fb2ec6,刘继广,,,,,exact,exact,山东,[],"[""第一任正式伪包头市市长；原东北军，随李守信投敌，伪蒙古军第一师师长改任市长；推行保甲连坐，强征劳工修筑炮楼兵营，掠夺物资。后调任伪蒙疆最高检察厅厅长、宣化省省长。""]",抗日战争时期,"",伪职：第一任正式伪包头市市长；原东北军，随李守信投敌，伪蒙古军第一师师长改任市长；推行保甲连坐，强征劳工修筑炮楼兵营，掠夺物资。后调任伪蒙疆最高检察厅厅长、宣化省省长。；结局：日降后逃张家口，建国后抓捕劳改,[],"2026-08-27 03:29:02.085103","2026-08-27 03:29:02.085103",,,,,
e3a7b4e2ac2f496d89ecdaaa6e9f86f8,邸国珍,,,,,exact,exact,丰南邸庄,"[""张福生""]","[""伪自卫大队长、保安 26 团副团长；稻地大桥设卡盘查，溺杀无辜；日降后改任还乡团继续残害革命家属，毁容潜逃仍被抓获。""]",抗日战争时期,"",伪职：伪自卫大队长、保安 26 团副团长；稻地大桥设卡盘查，溺杀无辜；日降后改任还乡团继续残害革命家属，毁容潜逃仍被抓获。；结局：1951 年公审枪决,[],"2026-08-27 03:29:02.091833","2026-08-27 03:29:02.091833",,,,,
e3a97b70894a414daf4538392d9b5f0d,郑洗薰,,,,,"","",广东,[],"[""师长""]",抗日战争时期,汪伪政权,伪任职务：伪暂编 30 师师长，伪绥靖公署参谋长，扫荡粤中根据地。结局：抗战胜利公审枪决,[],"2026-08-26 17:52:47","2026-08-26 17:52:47",,,,,
e3b6eb20efb54516ae1ce65fd64a177c,吕阿四,,,,,exact,exact,缙云、新建、壶镇一带,[],"[""缙云日军便衣密探向导""]",抗日战争时期,"",伪职：缙云日军便衣密探向导；罪行：地痞投敌，熟悉括苍古道，多次带路引导日军进山扫荡，刺探国军布防情报，告密抓捕爱国群众。；结局：被地方抗日自卫队锄奸处决。,[],"2026-08-27 03:29:02.102671","2026-08-27 03:29:02.102671",,,,,
e3ec87e395d1477daa34537ac8a4eecb,姚海燕,,,,,"","",湖南临湘,[],"[""军长""]",抗日战争时期,汪伪政权,伪任职务：临湘日伪密缉队大队长，充当日军扫荡向导，捕杀群众。结局：抗战胜利公审枪决政协云,[],"2026-08-26 17:52:47","2026-08-26 17:52:47",,,,,
e3f3ad50c8754f0f8d5846f31216d1eb,魏花狗,,,,,exact,exact,长治府城,"[""呲牙狗""]","[""宪兵队便衣特务（四大汉奸之一）""]",抗日战争时期,"",伪职：宪兵队便衣特务（四大汉奸之一）；罪行：随同日军下乡扫荡，残害百姓，抓捕群众。日本投降后潜逃，后被抓捕归案处决。；结局：抓获后公审枪决,[],"2026-08-27 03:29:02.088091","2026-08-27 03:29:02.088091",,,,,
e41239f505d548d9867e6364d2cd760f,王骧,,,,,"","",山西寿阳,[],"[""省级长官"", ""市长"", ""司令"", ""委员长""]",抗日战争时期,汪伪政权,伪任职务：伪末代山西省省长，兼伪保安司令、新民会会长、剿共委员会主任晋中市人民...。结局：被捕入狱，1953 年狱中病死,[],"2026-08-26 17:52:47","2026-08-26 17:52:47",,,,,
e4346d283e704e7cb506686cbef96abc,田喜庭,,,,,exact,exact,五原,[],"[""五原沦陷后伪县长；日军占领五原，牵头组建伪县政府、伪警备厅，推行强化治安，为日军征粮拉夫，迫害爱国群众五原县人民...。""]",抗日战争时期,"",伪职：五原沦陷后伪县长；日军占领五原，牵头组建伪县政府、伪警备厅，推行强化治安，为日军征粮拉夫，迫害爱国群众五原县人民...。；结局：五原收复后被逮捕公审处决,[],"2026-08-27 03:29:02.086536","2026-08-27 03:29:02.086536",,,,,
e43b5d6f95d248b995e10314ecd388e9,郭恩霖,,,,,exact,exact,吉林,[],"[""伪吉林省军政厅厅长、伪满中将""]",抗日战争时期,"",伪职：伪吉林省军政厅厅长、伪满中将；罪行：辅佐熙洽，整编吉林伪军，指挥讨伐义勇军与抗联。；结局：苏军逮捕，关押抚顺战犯管理所，狱中病死。,[],"2026-08-27 03:29:02.094359","2026-08-27 03:29:02.094359",,,,,
e4419027677e4b70a987591598d614c8,陈季甫,,,,,exact,exact,永嘉城区,[],"[""伪维持会副会长""]",抗日战争时期,"",伪职：伪维持会副会长；罪行：沦陷初期维持会骨干，奔走游说士绅商人附逆，协助王永山管控市面，筹措日军所需物资。；结局：汉奸清算判处有期徒刑。,[],"2026-08-27 03:29:02.100949","2026-08-27 03:29:02.100949",,,,,
e44b31010f204396842525615c3bc01c,成宅西,,,,,exact,exact,海宁硖石,[],"[""继任伪海宁县署长""]",抗日战争时期,"",伪职：继任伪海宁县署长；罪行：接替章学海执掌海宁伪政权，继续推行清乡保甲，强征蚕丝、粮食供给日军。；结局：抗战胜利后逮捕惩处。,[],"2026-08-27 03:29:02.101207","2026-08-27 03:29:02.101207",,,,,
e44f7c23ad824e50a06399107f0a3414,刘伟仪,,,,,"","",广西柳江拉堡,[],"[""军长"", ""维持会""]",抗日战争时期,汪伪政权,伪任职务：拉堡乡伪维持会长，为日军征粮带路，刺探游击队情报。结局：战后公审处决,[],"2026-08-26 17:52:47","2026-08-26 17:52:47",,,,,
e454f5ffd608402baf994892509c5174,王亚民,,,,,exact,exact,盱眙,[],"[""伪盱眙警察局局长""]",抗日战争时期,"",伪职：伪盱眙警察局局长；罪行：执掌伪警察系统，执行日伪政令，抓捕地下抗日人员，协助伪县长维持傀儡统治宿迁日报。；结局：战后逮捕惩处。,[],"2026-08-27 03:29:02.099459","2026-08-27 03:29:02.099459",,,,,
e47627a5b90d4186b9c810b7587108f4,邢仲谦,,,,,exact,exact,诏安战场,[],"[""伪和平救国军第二团团长""]",抗日战争时期,"",伪职：伪和平救国军第二团团长；罪行：随同进攻诏安，负责城内警戒，逼迫乡民为伪军提供粮草。；结局：溃败逃亡，后被捕获治罪。,[],"2026-08-27 03:29:02.079380","2026-08-27 03:29:02.079380",,,,,
e480122bbe5d486ea6ce09cfc7a4f4c8,刘佩忱,,,,,exact,exact,沧县仁和村,[],"[""巨匪投敌，伪渤海道剿共总司令；沧盐一带作恶，抓捕壮丁充伪军，多次扫荡，屠杀平民；日本投降后改任国民党沧州城防司令。1947 沧州解放被俘，押解途中气绝，补枪执行死刑。""]",抗日战争时期,"",伪职：巨匪投敌，伪渤海道剿共总司令；沧盐一带作恶，抓捕壮丁充伪军，多次扫荡，屠杀平民；日本投降后改任国民党沧州城防司令。1947 沧州解放被俘，押解途中气绝，补枪执行死刑。；结局：1947 被俘，押解途中死亡，补枪处决,[],"2026-08-27 03:29:02.083490","2026-08-27 03:29:02.083490",,,,,
e4ca47dfe5fc4a679319e618681ab7a1,张敬浩,,,,,exact,exact,山东博山,[],"[""首任伪上党道道尹""]",抗日战争时期,"",伪职：首任伪上党道道尹；罪行：搭建伪上党道整套行政体系；推行治安强化、保甲连坐，强征粮食、煤炭、劳工，指挥各县伪政权配合日军扫荡太行根据地，推行新民会奴化教育。；结局：抗战胜利后逮捕，汉奸罪重判,[],"2026-08-27 03:29:02.088036","2026-08-27 03:29:02.088036",,,,,
e51747cdaaa24fa5bbaeafa259d51677,包凤山,,,,,exact,exact,巴林右旗,[],"[""伪大板讨伐队队长；草原清剿，抓捕支援游击队的牧民。""]",抗日战争时期,"",伪职：伪大板讨伐队队长；草原清剿，抓捕支援游击队的牧民。；结局：林西战斗被俘处决,[],"2026-08-27 03:29:02.085584","2026-08-27 03:29:02.085584",,,,,
e517a48ee17a4e33a3046996275221a3,李品和,,,,,exact,exact,合肥,[],"[""汪伪合肥县后期县长""]",抗日战争时期,"",伪职：汪伪合肥县后期县长；罪行：抗战末期伪合肥主官，直到日军投降；统筹城乡伪行政，管控水陆交通，盘查过往行人，抓捕爱国群众。；结局：1945 年肃奸被捕判刑。,[],"2026-08-27 03:29:02.102980","2026-08-27 03:29:02.102980",,,,,
e5505d6ced3749b7837216e76cc51a09,陈希平,,,,,exact,exact,蚌埠二马路,[],"[""伪蚌埠商会会长""]",抗日战争时期,"",伪职：伪蚌埠商会会长；罪行：经济汉奸，胁迫商户开市，摊派巨额捐款，为日军征集粮食、布匹、铜铁各类战略物资，操控商贸。；结局：1951 年公审处决。,[],"2026-08-27 03:29:02.103530","2026-08-27 03:29:02.103530",,,,,
e5556273470a40fa8497fa54b036365e,孙柏青,,,,,exact,exact,兴隆,[],"[""伪兴隆县长，重点推行长城 “无人区” 政策，疯狂清剿。""]",抗日战争时期,"",伪职：伪兴隆县长，重点推行长城 “无人区” 政策，疯狂清剿。；结局：1945 年被俘，公审死刑,[],"2026-08-27 03:29:02.092159","2026-08-27 03:29:02.092159",,,,,
e561f06da4224ac3a7f7ec23dc7c14f8,二喇嘛,,,,,exact,exact,准格尔旗,[],"[""伪地方联庄会头目；为日军搜集黄河渡口情报，迫害爱国蒙汉群众。""]",抗日战争时期,"",伪职：伪地方联庄会头目；为日军搜集黄河渡口情报，迫害爱国蒙汉群众。；结局：被武工队就地锄奸,[],"2026-08-27 03:29:02.086039","2026-08-27 03:29:02.086039",,,,,
e579f506e40d4917b5da749c06352423,王英,,,,,"","",河北万全,[],"[""军长"", ""司令"", ""总司令""]",抗日战争时期,伪军,伪任职务：伪 “大汉义军” 总司令，绥远伪军头目，绥远抗战进攻百灵庙主力，匪军出身。结局：抗战胜利后被国民政府逮捕，1950 年公审枪决抖音百科,[],"2026-08-26 17:52:47","2026-08-26 17:52:47",,,,,
e57fa66966cf41ffa8d90c19547b7f4e,郭子恒,,,,,exact,exact,高平北王庄,[],"[""地方汉奸，郭子和之弟""]",抗日战争时期,"",伪职：地方汉奸，郭子和之弟；罪行：勾结日伪据点，为日军搜集情报，迫害本村进步群众。；结局：解放后镇压处理晋城市人民...,[],"2026-08-27 03:29:02.088362","2026-08-27 03:29:02.088362",,,,,
e5a345495599402fac46b9f4cceb63eb,郭炭块,,,,,exact,exact,赵县,[],"[""伪赵县联队司令，赵县伪军最高头目，城内驻守 800 余伪军；1945 年 8 月拒绝投降，雨夜弃城潜逃。""]",抗日战争时期,"",伪职：伪赵县联队司令，赵县伪军最高头目，城内驻守 800 余伪军；1945 年 8 月拒绝投降，雨夜弃城潜逃。；结局：1953 年抓获归案判处死刑石家庄日报,[],"2026-08-27 03:29:02.089640","2026-08-27 03:29:02.089640",,,,,
e5a9f8f929a74d479e6fcd00f0577aac,李忠镐,,,,,exact,exact,萧县徐楼,"[""李七猴""]","[""徐楼维持会会长""]",抗日战争时期,"",伪职：徐楼维持会会长；罪行：大地主，勾结曹村车站日军修筑徐楼伪圩子；横征暴敛，搜捕抗日人员，破坏基层抗日活动。；结局：新四军攻破圩寨，逃往徐州；抗战胜利后缉拿归案判刑。,[],"2026-08-27 03:29:02.105340","2026-08-27 03:29:02.105340",,,,,
e5ac43e99bee47eb83d35ec55280657f,申保元,,,,,exact,exact,潞城,[],"[""伪潞城警备大队长""]",抗日战争时期,"",伪职：伪潞城警备大队长；罪行：盘踞潞城、微子镇据点，多次袭扰太行根据地边缘村庄。；结局：解放后镇压处决,[],"2026-08-27 03:29:02.088131","2026-08-27 03:29:02.088131",,,,,
e5b366419674493d958772265d5c865c,王在邦,,,,,exact,exact,"",[],"[""伪盘山县县长""]",抗日战争时期,"",伪职：伪盘山县县长；罪行：执行伪满战时物资出荷，搜刮粮食，强征国兵与劳工。；结局：光复后逮捕判刑。,[],"2026-08-27 03:29:02.093179","2026-08-27 03:29:02.093179",,,,,
e5b840e33fe242eeb611fb8810ea880a,王冷佛,,,,,exact,exact,"",[],"[""伪热河协和会会长；主导奴化宣传，监视群众，检举抗日人员。""]",抗日战争时期,"",伪职：伪热河协和会会长；主导奴化宣传，监视群众，检举抗日人员。；结局：公审处决,[],"2026-08-27 03:29:02.083195","2026-08-27 03:29:02.083195",,,,,
e5dd3e42135a4d0f8c782449400b5b4e,张锡堃,,,,,exact,exact,安达（任民镇）,[],"[""伪安达县首任县长""]",抗日战争时期,"",伪职：伪安达县首任县长；罪行：九一八事变投靠日本，建立安达伪政权，推行各项殖民政令，镇压本地义勇军抗日活动绥化新闻网。；结局：被抗日义勇军俘获，后下落不详。,[],"2026-08-27 03:29:02.096745","2026-08-27 03:29:02.096745",,,,,
e5f5a97107bc47f2a497012943abf7b3,袁文会,,,,,"","",天津,[],"[""军长""]",抗日战争时期,汪伪政权,伪任职务：青帮大头目，伪安清道义会首领，为日军搜集情报、抓捕劳工、残害爱国人士。结局：1950 年天津公审，判处死刑枪决,[],"2026-08-26 17:52:47","2026-08-26 17:52:47",,,,,
e5f94f7b696b47dc84c9e59b9b2d6842,刘振邦,,,,,exact,exact,昌黎,[],"[""伪昌黎特务系长；专门搜捕迁卢抚昌联合县地方干部，酷刑审讯被捕人员。""]",抗日战争时期,"",伪职：伪昌黎特务系长；专门搜捕迁卢抚昌联合县地方干部，酷刑审讯被捕人员。；结局：镇反时期公审枪决,[],"2026-08-27 03:29:02.094226","2026-08-27 03:29:02.094226",,,,,
e65243c79cd749f1a9d36b47166e592c,田二红,,,,,exact,exact,冀县,[],"[""土匪头目，投敌伪冀县自卫团司令；四处烧杀抢掠，祸害冀县周边村庄。""]",抗日战争时期,"",伪职：土匪头目，投敌伪冀县自卫团司令；四处烧杀抢掠，祸害冀县周边村庄。；结局：1944 年被县大队击毙,[],"2026-08-27 03:29:02.084527","2026-08-27 03:29:02.084527",,,,,
e657344afc484e4c92b4550268936a20,孙朝贤,,,,,exact,exact,濮阳,[],"[""伪濮阳警备联队长；伪军主力，多次配合日军扫荡昆吾根据地。""]",抗日战争时期,"",伪职：伪濮阳警备联队长；伪军主力，多次配合日军扫荡昆吾根据地。；结局：濮阳解放被俘枪决,[],"2026-08-27 03:29:02.081874","2026-08-27 03:29:02.081874",,,,,
e6574ccd309b4c3b98e23a9a90daddbf,宋一夫,,,,,exact,exact,佳木斯、勃利、穆棱一带,[],"[""原中共吉东省委书记，大叛徒""]",抗日战争时期,"",伪职：原中共吉东省委书记，大叛徒；罪行：1938 年携巨款叛变投敌，出卖吉东地下党组织，供出大批党员、交通站情报，给抗联二路军造成重大打击。；结局：解放后被逮捕镇压。,[],"2026-08-27 03:29:02.097477","2026-08-27 03:29:02.097477",,,,,
e65fcc26700245168ac47860659b59ac,唐少侯,,,,,exact,exact,蚌埠,[],"[""伪安徽省财政厅厅长""]",抗日战争时期,"",伪职：伪安徽省财政厅厅长；罪行：蚌埠地方士绅投敌，掌管伪省财政，苛捐杂税统管粮、盐、鸦片，为日军筹措巨额军费；勾结青帮，操纵蚌埠商界资敌中安在线。；结局：1951 年蚌埠飞机场公审处决。,[],"2026-08-27 03:29:02.103442","2026-08-27 03:29:02.103442",,,,,
e6608532dcd14e06a559aae264ba3f7a,王贤伟,,,,,exact,exact,大连（旅大派）,[],"[""伪满滨江省长、伪外交部次长""]",抗日战争时期,"",伪职：伪满滨江省长、伪外交部次长；罪行：关东州本土培养，伪满高官，执行日本各项殖民政策。；结局：被俘后关押改造。,[],"2026-08-27 03:29:02.091097","2026-08-27 03:29:02.091097",,,,,
e6673d7598cd4d7ca8c510d7f968b3c4,李铭书,,,,,exact,exact,吉林,[],"[""伪吉林省秘书长、第二任伪吉林省省长""]",抗日战争时期,"",伪职：伪吉林省秘书长、第二任伪吉林省省长；罪行：熙洽核心副手；主持吉林省伪行政，推行保甲、粮食出荷，强征国兵劳工，镇压吉林抗日武装。；结局：日本投降后被苏军逮捕，关押抚顺战犯管理所，狱中病死。,[],"2026-08-27 03:29:02.094318","2026-08-27 03:29:02.094318",,,,,
e678ba81506c4730ac5d147fe62c9d53,郭炭块,,,,,exact,exact,赵县,[],"[""伪赵县联队司令，赵县伪军最高头目，城内驻守 800 余伪军；1945 年 8 月拒绝投降，雨夜弃城潜逃。""]",抗日战争时期,"",伪职：伪赵县联队司令，赵县伪军最高头目，城内驻守 800 余伪军；1945 年 8 月拒绝投降，雨夜弃城潜逃。；结局：1953 年抓获归案判处死刑石家庄日报,[],"2026-08-27 03:29:02.084382","2026-08-27 03:29:02.084382",,,,,
e688f0ceff654ce7a79374b1dd17ce36,巴金保,,,,,exact,exact,达斡尔族,[],"[""末任伪兴安东省省长；接续博彦满都，维持伪满末期统治。""]",抗日战争时期,"",伪职：末任伪兴安东省省长；接续博彦满都，维持伪满末期统治。；结局：战后关押改造，特赦释放,[],"2026-08-27 03:29:02.086411","2026-08-27 03:29:02.086411",,,,,
e68929fe17de4abdb5addf58d6607873,孙景春,,,,,exact,exact,沭阳乡镇,[],"[""伪沭阳伪区长""]",抗日战争时期,"",伪职：伪沭阳伪区长；罪行：基层伪政权头目，下乡推行保甲，告密抗日武装情报，抓捕接济抗日队伍乡民中共宿迁市...。；结局：公审就地枪决。,[],"2026-08-27 03:29:02.100643","2026-08-27 03:29:02.100643",,,,,
e68b834d9b5d471485b4f61e53006d77,谭书奎,,,,,"","",浙江,[],"[""市长""]",抗日战争时期,汪伪政权,伪任职务：伪杭州市市长。结局：1944 年在杭州西湖饭店门口被抗日武装击毙,[],"2026-08-26 17:52:47","2026-08-26 17:52:47",,,,,
e691b6358480432ab5dee1219b6ee37d,吴依恪,,,,,exact,exact,北竿、嵛山岛，窜扰闽东沿海,"[""吴正善""]","[""伪军头目""]",抗日战争时期,"",伪职：伪军头目；罪行：海匪汉奸，引日军势力进入闽东列岛，胁迫岛上保甲交出枪械物资，配合林义和袭扰宁德近海村镇。；结局：伪军内讧中覆灭。,[],"2026-08-27 03:29:02.078866","2026-08-27 03:29:02.078866",,,,,
e695ba68222049b28108c2dc94fe35f9,陈匡,,,,,"","",湖北大冶,[],"[""军长"", ""县长""]",抗日战争时期,汪伪政权,伪任职务：伪大冶县知事，协助日军掠夺大冶铁矿资源，强征劳工。结局：1951 年公审处决,[],"2026-08-26 17:52:47","2026-08-26 17:52:47",,,,,
e69b69ca37a84adb96d313358e56d1da,刘建昌,,,,,exact,exact,宝清,[],"[""抗联二路军后方管理处主任，叛徒""]",抗日战争时期,"",伪职：抗联二路军后方管理处主任，叛徒；罪行：被俘投降日伪，出卖抗联后方基地、储备物资地点，给日伪提供讨伐向导情报。；结局：抗战胜利后被逮捕镇压。,[],"2026-08-27 03:29:02.096588","2026-08-27 03:29:02.096588",,,,,
e6a1b81caa2c456b9a7100ad21ce0f00,郭二虎,,,,,exact,exact,昌黎,[],"[""伪警备队头目，盘踞碣石山区，多次进山扫荡。""]",抗日战争时期,"",伪职：伪警备队头目，盘踞碣石山区，多次进山扫荡。；结局：1945 年解放被俘处决,[],"2026-08-27 03:29:02.091965","2026-08-27 03:29:02.091965",,,,,
e6ad29305e4348a0b3a6901e16bf10a8,沁布多尔济,,,,,exact,exact,喀喇沁左旗,[],"[""伪喀喇沁左旗旗长（蒙奸）""]",抗日战争时期,"",伪职：伪喀喇沁左旗旗长（蒙奸）；罪行：喀左伪最高长官；协助日军镇压热东抗日武装，掠夺蒙汉百姓牲畜土地；八一五后勾结国民党，收拢伪旗警，继续与人民为敌。；结局：被俘后公审处决。,[],"2026-08-27 03:29:02.093583","2026-08-27 03:29:02.093583",,,,,
e6ada8ecb5af4fd7890db69b4235b039,胡国臣,,,,,exact,exact,抚松、濛江,[],"[""抗联一军军需部长，叛徒特务""]",抗日战争时期,"",伪职：抗联一军军需部长，叛徒特务；罪行：叛变投敌，献计抓捕程斌母亲胁迫程斌投降，出卖抗联大量机密情报党史学习教...。；结局：解放后被镇压。,[],"2026-08-27 03:29:02.095294","2026-08-27 03:29:02.095294",,,,,
e6af5c9c9c5e4e0daf6bd0c1312d1637,方振邦,,,,,exact,exact,歙县深渡、街口（浙皖边界）,[],"[""歙县内奸，伪情报联络员""]",抗日战争时期,"",伪职：歙县内奸，伪情报联络员；罪行：勾结浙江沦陷区日伪，利用新安江航运，传递我方情报，掩护敌特过江，敲诈沿江船户。；结局：被歙县地方保安队抓捕法办。,[],"2026-08-27 03:29:02.104756","2026-08-27 03:29:02.104756",,,,,
e6b9836fa0924e5da5e203b49649bf4e,王汉臣,,,,,exact,exact,博望集镇,[],"[""伪博望维持代表""]",抗日战争时期,"",伪职：伪博望维持代表；罪行：基层伪头目，办理良民证，催粮派夫，搜集横山游击区情报给日伪。；结局：抗战胜利后法办。,[],"2026-08-27 03:29:02.104063","2026-08-27 03:29:02.104063",,,,,
e6cd6b59f9d74fbc8b289398c7472a35,吕梦龄,,,,,exact,exact,"",[],"[""伪阜新县县长""]",抗日战争时期,"",伪职：伪阜新县县长；罪行：主持阜新县伪公署，推行集团部落、保甲连坐，强征粮食、国兵、劳工，镇压辽西抗日义勇军。；结局：抗战胜利逮捕，汉奸罪判刑。,[],"2026-08-27 03:29:02.092865","2026-08-27 03:29:02.092865",,,,,
e6d23e1318884b319a0e7b3fbca6a0d0,罗君强,,,,,exact,exact,蚌埠,[],"[""汪伪第三任伪安徽省主席、蚌埠绥靖主任""]",抗日战争时期,"",伪职：汪伪第三任伪安徽省主席、蚌埠绥靖主任；罪行：统管伪安徽军政，扩充保安武装，强化特工镇压；在蚌埠推行新国民运动，配合日军掠夺皖北粮食棉花。；结局：1947 年判处无期徒刑，1970 年病死于上海监狱。,[],"2026-08-27 03:29:02.103475","2026-08-27 03:29:02.103475",,,,,
e6de1df70d634a7b85ae0f64c5aaa2de,赵守伦,,,,,exact,exact,井陉,[],"[""宪兵队密探大头目，长期刺探太行根据地情报，残害地方干部；日降后伪装国民党员企图脱罪。""]",抗日战争时期,"",伪职：宪兵队密探大头目，长期刺探太行根据地情报，残害地方干部；日降后伪装国民党员企图脱罪。；结局：镇反时期公审枪决,[],"2026-08-27 03:29:02.089494","2026-08-27 03:29:02.089494",,,,,
e6ec680b4c07454b863b9c6d30e876fb,张秀山,,,,,exact,exact,沧县,[],"[""伪沧县警察局长；配合日本宪兵抓捕地下党员、交通员，酷刑迫害被捕人员。""]",抗日战争时期,"",伪职：伪沧县警察局长；配合日本宪兵抓捕地下党员、交通员，酷刑迫害被捕人员。；结局：镇反时期公审处决,[],"2026-08-27 03:29:02.083525","2026-08-27 03:29:02.083525",,,,,
e6ed1d7ed2ac4ef89d639652da7940e0,缪斌,,,,,"","",无锡南门,[],"[""院长""]",抗日战争时期,汪伪政权,伪任职务：汪伪立法院副院长、考试院副院长；无锡出身的汪伪中央级大汉奸，曾秘密与重庆私下联络。主要任职在南京，不在无锡本地履职。。结局：1946 年苏州以汉奸罪枪决，是第一个被处决的汪伪中央大员,[],"2026-08-26 17:52:47","2026-08-26 17:52:47",,,,,
e729194f7e3548ec836268cf78f437de,朱宝顺,,,,,exact,exact,青田县城,[],"[""青田维持会会长""]",抗日战争时期,"",伪职：青田维持会会长；罪行：日军两次窜犯青田，出任临时维持会头目；征集粮食财物资敌，逼迫商户恢复营业，协助日军盘查瓯江过往船只。；结局：抗战胜利后汉奸清算判刑。,[],"2026-08-27 03:29:02.102679","2026-08-27 03:29:02.102679",,,,,
e75b8c9f1bf94584aee0378458609660,孙金富,,,,,exact,exact,犁桥,[],"[""犁桥伪乡干事""]",抗日战争时期,"",伪职：犁桥伪乡干事；罪行：基层伪爪牙，盘查行人，搜集情报，迫害抗日家属。；结局：被锄奸团处决。,[],"2026-08-27 03:29:02.104372","2026-08-27 03:29:02.104372",,,,,
e75babd7107f464ea659e3ebc2658b2a,陆慎之,,,,,"","",常州,[],"[""清乡"", ""县长""]",抗日战争时期,汪伪政权,伪任职务：伪武进县警察局局长，掌控伪警察，配合宪兵队搜捕地下抗日人员，参与清乡抓捕。。结局：光复后公审枪决,[],"2026-08-26 17:52:47","2026-08-26 17:52:47",,,,,
e790925629ad4a37bdb89f19e14db0c5,尚连生,,,,,exact,exact,黑河‑北安边境地带,[],"[""抗联内部奸细、日伪特务""]",抗日战争时期,"",伪职：抗联内部奸细、日伪特务；罪行：混入抗联制造谣言离间抗联领导人，向日军出卖讷河中心县委情报，造成地下党组织重大破坏，多次给日伪提供抗联情报。；结局：解放后被逮捕判处死刑。,[],"2026-08-27 03:29:02.098399","2026-08-27 03:29:02.098399",,,,,
e7ba8ee16e494adcaa834d1fcd1d2db7,李炳荣,,,,,"","",江都公道镇,[],[],抗日战争时期,汪伪政权,伪任职务：伪区自卫总团长，蒋子和姑表兄，掌握地方伪武装，配合日伪搜捕。。结局：抗战胜利审判处决邗江史志网,[],"2026-08-26 17:52:47","2026-08-26 17:52:47",,,,,
e7e872954db943ba81cfa6ec7f3f6a72,郑禹,,,,,exact,exact,福建闽侯,[],"[""伪奉天市末代市长""]",抗日战争时期,"",伪职：伪奉天市末代市长；罪行：郑孝胥之子，伪满后期奉天市长，执行日军末期搜刮政策。；结局：1945 被苏军逮捕，关押抚顺战犯管理所，1954 年病死。,[],"2026-08-27 03:29:02.090668","2026-08-27 03:29:02.090668",,,,,
e81fa1cafef748cf8bda8635216179b9,申秉正,,,,,exact,exact,大名,[],"[""伪警备团头目，上千伪军驻守城外炮楼，多次参与扫荡。""]",抗日战争时期,"",伪职：伪警备团头目，上千伪军驻守城外炮楼，多次参与扫荡。；结局：大名解放被俘处决,[],"2026-08-27 03:29:02.081828","2026-08-27 03:29:02.081828",,,,,
e83c56436c6248bc92fe0cc02e9c1cae,朱深,,,,,"","",河北永清,[],"[""委员长""]",抗日战争时期,华北伪临时政府,伪任职务：伪华北政务委员会司法总署督办，北平伪政权核心。结局：1943 年病死于北平，逃脱审判中国社会科...,[],"2026-08-26 17:52:47","2026-08-26 17:52:47",,,,,
e844456df3f34547820849501672e4de,李香阁,,,,,exact,exact,辽阳大安平伪警察署长,[],"[""铁杆汉奸；拒绝马兴周劝降，死心效忠日军；大肆搜捕义勇军人员及其家属，刑讯迫害被捕群众。""]",抗日战争时期,"",伪职：铁杆汉奸；拒绝马兴周劝降，死心效忠日军；大肆搜捕义勇军人员及其家属，刑讯迫害被捕群众。；罪行：被抗日武装设计锄奸处决中国军网。,[],"2026-08-27 03:29:02.093028","2026-08-27 03:29:02.093028",,,,,
e8512ab6adb042a09083b3ba7418a30f,王治国,,,,,exact,exact,丰润,[],"[""伪丰润县警察所所长，配合日军宪兵，抓捕抗日干部群众，参与潘家峪行动部署。""]",抗日战争时期,"",伪职：伪丰润县警察所所长，配合日军宪兵，抓捕抗日干部群众，参与潘家峪行动部署。；结局：镇反时期处决,[],"2026-08-27 03:29:02.086820","2026-08-27 03:29:02.086820",,,,,
e857fe0be5674654bcaa6fcd9914e6b6,石宝山,,,,,"","",贵州,[],"[""军长"", ""司令""]",抗日战争时期,汪伪政权,伪任职务：同善社 “证恩”，中元左翼军司令，参与黔东事变，受汪伪势力遥控煽动暴乱。。结局：兵败被捕处死,[],"2026-08-26 17:52:47","2026-08-26 17:52:47",,,,,
e8776db6564249c28c9566f3db9e7fae,盖文化,,,,,exact,exact,"",[],"[""伪盘山县县长""]",抗日战争时期,"",伪职：伪盘山县县长；罪行：伪满后期盘山县主官，执行战时掠夺政策。；结局：日本投降后被捕判刑。,[],"2026-08-27 03:29:02.093202","2026-08-27 03:29:02.093202",,,,,
e883f1ccd68740268c54dcb18e5a919b,尹锡三,,,,,exact,exact,承德,[],"[""承德大地主士绅；1933 出城迎接日军入城；战后组织维持会，勾结敌伪残余势力。""]",抗日战争时期,"",伪职：承德大地主士绅；1933 出城迎接日军入城；战后组织维持会，勾结敌伪残余势力。；结局：解放后清算判刑,[],"2026-08-27 03:29:02.083211","2026-08-27 03:29:02.083211",,,,,
e8cffb16a8c74a8892ebe13ac5cb9430,陈展如,,,,,"","",不详,[],"[""县长""]",抗日战争时期,汪伪政权,伪任职务：末代伪吴县县长，日本投降前 5 个月到任。。结局：1946 年判处有期徒刑十二年苏州市地方...,[],"2026-08-26 17:52:47","2026-08-26 17:52:47",,,,,
e8da03246d494dcda0c99c009ea371ee,张本政,,,,,exact,exact,旅顺,[],"[""关东州厅参事、大连市商会会长，身兼 49 项伪职，政记轮船公司老板""]",抗日战争时期,"",伪职：关东州厅参事、大连市商会会长，身兼 49 项伪职，政记轮船公司老板；罪行：甲午即投敌；全部轮船供日军运输军火兵员；捐献飞机 40 架，受日本天皇接见；日本投降后组建大连治安维持会，勾结残留日军与国民党势力，迫害爱国人士。；结局：1947 初判 12 年，保外就医潜逃；1951 年公审枪决，家产全部没收抖音百科。,[],"2026-08-27 03:29:02.091033","2026-08-27 03:29:02.091033",,,,,
e8f55f9776f4452e83e6b54888bf9fd3,郑鲁岩,,,,,exact,exact,宝清、饶河完达山区域,[],"[""原抗联七军政治部主任，叛变特务""]",抗日战争时期,"",伪职：原抗联七军政治部主任，叛变特务；罪行：被俘投敌，完整出卖东线抗联全部密营坐标、交通网、地下救国会人员名册，致使宝清‑饶河抗联根据地遭受毁灭性扫荡。；结局：抗战胜利后被民主政府逮捕处决。,[],"2026-08-27 03:29:02.096523","2026-08-27 03:29:02.096523",,,,,
e8fdd0431f41471f91246f2e754191d0,马永山,,,,,exact,exact,东阳横店,[],"[""东阳横店伪区长""]",抗日战争时期,"",伪职：东阳横店伪区长；罪行：基层伪政权头目，配合日军扫荡会稽山边缘游击区，告密抗日武装行踪，强征民夫修筑据点工事。；结局：金萧支队锄奸处决。,[],"2026-08-27 03:29:02.078741","2026-08-27 03:29:02.078741",,,,,
e905337427874a26b1bba8bb759b254b,施仁心,,,,,exact,exact,启东,[],"[""继任伪启东自治会会长""]",抗日战争时期,"",伪职：继任伪启东自治会会长；罪行：依附日寇，为日军征粮派差，拉拢地方士绅归顺日伪。；结局：战后汉奸审判判刑。,[],"2026-08-27 03:29:02.099139","2026-08-27 03:29:02.099139",,,,,
e92a7de516b446db872cc0aa8a7253cd,汤鹏举,,,,,exact,exact,大连,[],"[""伪迁安县警备联队副联队长，实权远超伪县长；精通日语，深受日军信任；大肆捕杀抗日军民，多次扫荡迁青平无人区根据地；被捕后还密谋暴狱作乱。""]",抗日战争时期,"",伪职：伪迁安县警备联队副联队长，实权远超伪县长；精通日语，深受日军信任；大肆捕杀抗日军民，多次扫荡迁青平无人区根据地；被捕后还密谋暴狱作乱。；结局：1959 迁安万人公审，判处死刑,[],"2026-08-27 03:29:02.091850","2026-08-27 03:29:02.091850",,,,,
e92ff102bb4043a98eb91ee11a674630,方明,,,,,exact,exact,"",[],"[""方家柜大把头（蔡九龄上司）""]",抗日战争时期,"",伪职：方家柜大把头（蔡九龄上司）；罪行：天津日本特务机关代理人，在西安煤矿设立方家柜，大规模募集、抓捕劳工，压榨矿工。；结局：1943 年病死。,[],"2026-08-27 03:29:02.095036","2026-08-27 03:29:02.095036",,,,,
e93b6691f46d4cd4be9d3cd70c0563bb,孙永刚,,,,,exact,exact,南通全县,[],"[""伪苏北清乡公署政治工作团团长""]",抗日战争时期,"",伪职：伪苏北清乡公署政治工作团团长；罪行：张北生妻弟，招纳大批汉奸爪牙，下乡开展奴化宣传，协助推行保甲、清乡政策，迫害爱国乡绅群众。；结局：抗战胜利后汉奸审判惩处。,[],"2026-08-27 03:29:02.099045","2026-08-27 03:29:02.099045",,,,,
e94164bc7877439fbd5889f5275a0e1b,韩禄,,,,,exact,exact,龙江县,[],"[""伪龙江县自卫团总团长""]",抗日战争时期,"",伪职：伪龙江县自卫团总团长；罪行：地主武装头目投降日军，组建伪自卫团，配合日伪军扫荡乡村，搜捕抗联交通员，压榨当地乡民。；结局：解放后公审镇压。,[],"2026-08-27 03:29:02.095872","2026-08-27 03:29:02.095872",,,,,
e95b13c98a284f2f9821372671eb4a90,陈老八,,,,,exact,exact,合肥城郊、二十埠、磨店,[],"[""合肥宪兵队便衣密探""]",抗日战争时期,"",伪职：合肥宪兵队便衣密探；罪行：地痞投靠日军宪兵队，四处刺探情报，敲诈商户，告密抓捕进步群众，民愤极大。；结局：抗战后期被地下锄奸队击毙。,[],"2026-08-27 03:29:02.103051","2026-08-27 03:29:02.103051",,,,,
e95d03501ec7445f8c302341fb03a782,巫孔玺,,,,,"","",镇江,[],"[""部长"", ""清乡""]",抗日战争时期,汪伪政权,伪任职务：原抗日干部，跟随包建华叛变；任伪清乡公署特别行动总队副队长，出卖根据地情报，杀害多名抗日干部，拆民房修碉堡、搜刮钱粮抖音百科。。结局：战后逮捕，判处死刑执行枪决,[],"2026-08-26 17:52:47","2026-08-26 17:52:47",,,,,
e96241757cf64d249a665767154f73f6,张守业,,,,,exact,exact,阳高,[],"[""伪阳高讨伐队队长""]",抗日战争时期,"",伪职：伪阳高讨伐队队长；罪行：祸害阳高、天镇一带，抓捕抗日干部，敲诈百姓。；结局：1945 年被民兵击毙,[],"2026-08-27 03:29:02.087508","2026-08-27 03:29:02.087508",,,,,
e965e15739a24ea597d9709000b8d340,胡继芳,,,,,exact,exact,嘉兴（管辖嘉属六县）,[],"[""汪伪嘉兴专区专员""]",抗日战争时期,"",伪职：汪伪嘉兴专区专员；罪行：浙北伪政权高级官员，统管嘉兴、嘉善、平湖、海宁、桐乡、崇德六县伪政务，督导清乡，督促各县搜刮物资资敌。；结局：抗战胜利后逮捕，汉奸罪重刑判决。,[],"2026-08-27 03:29:02.101103","2026-08-27 03:29:02.101103",,,,,
e97ec08d077c410bba3f87d920903a58,朝克图,,,,,exact,exact,乌审旗,[],"[""王府下级官员，私通日伪；秘密接受伪委任，试图策动部分保安队投敌，阴谋败露后逃窜。""]",抗日战争时期,"",伪职：王府下级官员，私通日伪；秘密接受伪委任，试图策动部分保安队投敌，阴谋败露后逃窜。；结局：解放后抓获处决,[],"2026-08-27 03:29:02.086242","2026-08-27 03:29:02.086242",,,,,
e993f73d5b55457da0a815c5a0bbf415,沙贵章,,,,,exact,exact,淮城（今淮安区）,[],"[""伪淮安县维持会会长、伪县长""]",抗日战争时期,"",伪职：伪淮安县维持会会长、伪县长；罪行：原国民党淮安县长，主动献城迎日军；组建伪警察大队，强征粮款、推行鸦片种植；制造黄土桥惨案，残害上百名抗日军民，是淮安头号巨奸。；结局：1945 年群众三万人大公审，公审枪决。,[],"2026-08-27 03:29:02.099365","2026-08-27 03:29:02.099365",,,,,
e9bf63bf58ff40df85d6d4d7c5a00fe1,阿拉坦鄂济尔,,,,,exact,exact,杭锦旗,"[""阿王""]","[""伪伊克昭盟盟长""]",抗日战争时期,"",伪职：伪伊克昭盟盟长；结局：日本投降后交印，居家管制,[],"2026-08-27 03:29:02.085316","2026-08-27 03:29:02.085316",,,,,
e9e85a3c2863402f8ce9e3db86c9216c,刘梦庚,,,,,exact,exact,锦州,[],"[""伪锦州市维持会会长（八一五后）""]",抗日战争时期,"",伪职：伪锦州市维持会会长（八一五后）；罪行：日本投降后拼凑锦州治安维持会，留用全部伪警察，勾结残留日军等待国民党接收。；结局：1945 年被民主政府逮捕，汉奸罪判刑。,[],"2026-08-27 03:29:02.092540","2026-08-27 03:29:02.092540",,,,,
ea108f0b52914978828881e462997689,李凤岐,,,,,exact,exact,北戴河,[],"[""伪北戴河海滨维持会会长；为日军提供疗养驻地，摊派物资，管控海滨伪自卫团。""]",抗日战争时期,"",伪职：伪北戴河海滨维持会会长；为日军提供疗养驻地，摊派物资，管控海滨伪自卫团。；结局：日本投降后逮捕，判处管制改造,[],"2026-08-27 03:29:02.099611","2026-08-27 03:29:02.099611",,,,,
ea12779367a64fce95125cc07d75f012,吕春荣,,,,,"","",广东阳江,[],"[""军长"", ""委员长"", ""维持会""]",抗日战争时期,伪军,伪任职务：伪广东治安维持会副委员长，早期伪军头目。结局：抗战胜利被捕，公审枪决,[],"2026-08-26 17:52:47","2026-08-26 17:52:47",,,,,
ea14e34a77124878b2d78e481306dcbb,白受天,,,,,exact,exact,哈尔滨、双城,[],"[""伪哈尔滨警察厅特务科特务（“白菜叶” 之一）""]",抗日战争时期,"",伪职：伪哈尔滨警察厅特务科特务（“白菜叶” 之一）；罪行：专门搜捕地下党、抗联地下交通人员，酷刑迫害被捕爱国人士，多次参与大检举抓捕行动。；结局：解放后公审处决。,[],"2026-08-27 03:29:02.095655","2026-08-27 03:29:02.095655",,,,,
ea3e077fa025410a8d574f73ebbcf6f7,李象山,,,,,exact,exact,虎林、密山一带,[],"[""伪伪军团长""]",抗日战争时期,"",伪职：伪伪军团长；罪行：投降日军，充当向导，带领日伪军进攻高玉山国民救国军，扫荡虎林、黑嘴子抗日根据地，残害抗日军民。；结局：抗战胜利后被清算镇压。,[],"2026-08-27 03:29:02.096120","2026-08-27 03:29:02.096120",,,,,
ea433541600f47d0bb59917dc4e82022,刘元志,,,,,exact,exact,滁县城内及城郊,[],"[""日军治安部密探队队长""]",抗日战争时期,"",伪职：日军治安部密探队队长；罪行：日伪特务头目，广布便衣眼线，专门侦查地下党组织，实施抓捕、刑讯爱国群众中国人民政...。；结局：抗战胜利后捕获伏法。,[],"2026-08-27 03:29:02.104877","2026-08-27 03:29:02.104877",,,,,
ea68c5e6165c4d488e93c280d688f37d,何瓒（何希甫）,,,,,"","",福建,[],"[""市长"", ""军长""]",抗日战争时期,南京伪维新政府,伪任职务：伪杭州市首任市长（维新政府），组建伪杭州市政府，推行保甲、良民证，大肆搜刮，为日军服务。。结局：1939 年被抗日锄奸组刺杀于家中钱江晚报,[],"2026-08-26 17:52:47","2026-08-26 17:52:47",,,,,
ea6ae6f73d0640d2b64f6a08c681f436,韩一峰,,,,,exact,exact,"",[],"[""伪献县县长；五一大扫荡后重建伪政权，疯狂搜捕冀中八分区干部。""]",抗日战争时期,"",伪职：伪献县县长；五一大扫荡后重建伪政权，疯狂搜捕冀中八分区干部。；结局：战后汉奸罪判处徒刑,[],"2026-08-27 03:29:02.083548","2026-08-27 03:29:02.083548",,,,,
ea6f50729fd647c29e8abd3557470b33,吕桂生,,,,,exact,exact,上虞全境,[],"[""伪上虞伪警察大队长""]",抗日战争时期,"",伪职：伪上虞伪警察大队长；罪行：伪武装头目，带队下乡搜捕地下党、抗日群众，多次配合日军扫荡虞北。；结局：公审枪决。,[],"2026-08-27 03:29:02.101798","2026-08-27 03:29:02.101798",,,,,
eaa6c91f48f74b84a7c942aad2c692e4,邵尚俭,,,,,exact,exact,金州,[],"[""关东州厅参事、大连市商会副会长，身兼 30 余个伪职，粮油大亨""]",抗日战争时期,"",伪职：关东州厅参事、大连市商会副会长，身兼 30 余个伪职，粮油大亨；罪行：垄断大连粮油行业，执行日军物资配给，摊派报国公债，把粮食油料供给日军；商民抗捐罢市时私自赴东京欺骗日本当局；日本投降后任治安维持会副会长，勾结日伪残余与国民党。；结局：1946 逮捕，没收绝大部分财产，保外就医，后病逝北京。,[],"2026-08-27 03:29:02.090765","2026-08-27 03:29:02.090765",,,,,
eac42fbdfb4b439bb9a79be54b5bef6d,陈绍宾,,,,,exact,exact,汤原北部、嘉荫（佛山）山林,[],"[""原抗联六军师长，叛变""]",抗日战争时期,"",伪职：原抗联六军师长，叛变；罪行：率部投敌，为日军出谋划策，派遣刘德山等特务猎杀赵尚志；多次带队进山扫荡抗联根据地，残害抗日军民。；结局：伪满后期病死。,[],"2026-08-27 03:29:02.096858","2026-08-27 03:29:02.096858",,,,,
eadc2386d1654469be1848c60e95e924,郭梦龄,,,,,exact,exact,芜湖,[],"[""特工安徽区副区长""]",抗日战争时期,"",伪职：特工安徽区副区长；罪行：王玉华副手，主持特务行动，策反我方人员，敲诈商户。；结局：汉奸审判判处死刑。,[],"2026-08-27 03:29:02.103229","2026-08-27 03:29:02.103229",,,,,
eae55ac66ff54564afe59339b2a63186,徐梦祥,,,,,exact,exact,武义县城,[],"[""伪武义县维持会会长""]",抗日战争时期,"",伪职：伪武义县维持会会长；罪行：武义沦陷出任维持会会长，协助日军掠夺萤石矿产，摊派苛捐杂税，奴化宣传。；结局：抗战胜利后逮捕判刑。,[],"2026-08-27 03:29:02.078749","2026-08-27 03:29:02.078749",,,,,
eae9f4d6a99f420581eb18ba9fde79c7,薛兴甫,,,,,exact,exact,"",[],"[""伪冀南道道尹（前期），冀南道最高伪行政长官；统辖 14 县伪政权，推行治安强化运动，组织各县伪军扫荡冀南根据地，掠夺粮棉物资。""]",抗日战争时期,"",伪职：伪冀南道道尹（前期），冀南道最高伪行政长官；统辖 14 县伪政权，推行治安强化运动，组织各县伪军扫荡冀南根据地，掠夺粮棉物资。；结局：1944 清丰战斗被俘，公审枪决,[],"2026-08-27 03:29:02.080637","2026-08-27 03:29:02.080637",,,,,
eafcbe38fac743ea9cad15e89963f8cd,郭振昌,,,,,exact,exact,复县,[],"[""伪复县末代县长""]",抗日战争时期,"",伪职：伪复县末代县长；罪行：伪满末期疯狂搜刮物资，强征劳工送往矿山与边境。；结局：日本投降后被捕判刑。,[],"2026-08-27 03:29:02.092705","2026-08-27 03:29:02.092705",,,,,
eb1f17712f2b4bfcae2b7a2fddf9b2cf,陈才福,,,,,"","",不详,[],"[""军长"", ""师长""]",抗日战争时期,伪军,伪任职务：伪 26 师师长，盘踞如皋、海安一带伪军头目，配合日军扫荡，残害百姓，横征暴敛南通史志网。。结局：抗战胜利后被处决,[],"2026-08-26 17:52:47","2026-08-26 17:52:47",,,,,
eb37d7139f2e45ebb65fa6d7bf628585,吴郎藩,,,,,exact,exact,福州南台（台江）,[],"[""第一次沦陷伪商会会长""]",抗日战争时期,"",伪职：第一次沦陷伪商会会长；罪行：1941 年第一次沦陷时期伪商会头目，逼迫商行出钱出物资敌。日军撤退来不及逃窜被俘。；结局：1941 年福州光复即被枪决。,[],"2026-08-27 03:29:02.080147","2026-08-27 03:29:02.080147",,,,,
eb5e076f05f24dd7aeb9157c744c75f1,秦亮功,,,,,exact,exact,无锡县城,[],"[""第三任伪无锡县县长""]",抗日战争时期,"",伪职：第三任伪无锡县县长；罪行：原维持会委员，出任伪县长，充当日军傀儡，配合清乡、征粮。；结局：抗战胜利后被逮捕判刑。,[],"2026-08-27 03:29:02.098658","2026-08-27 03:29:02.098658",,,,,
eb62dea4fadc4cfd9c523e9594d92bea,王治国,,,,,exact,exact,丰润,[],"[""伪丰润县警察所所长，配合宪兵抓捕抗日干部群众，参与潘家峪行动部署。""]",抗日战争时期,"",伪职：伪丰润县警察所所长，配合宪兵抓捕抗日干部群众，参与潘家峪行动部署。；结局：镇反时期处决,[],"2026-08-27 03:29:02.091773","2026-08-27 03:29:02.091773",,,,,
eb7238aca95d4f01b3240ef5b853a1d3,贺佑民,,,,,exact,exact,蚌埠,[],"[""伪安徽省建设厅厅长""]",抗日战争时期,"",伪职：伪安徽省建设厅厅长；罪行：强征皖北各地民夫，为日军修筑铁路、公路、碉堡、军事工事，掠夺矿产资源资敌。；结局：汉奸清算判处有期徒刑。,[],"2026-08-27 03:29:02.103507","2026-08-27 03:29:02.103507",,,,,
eb78b8a5a0f649e9977821acb639af35,王拴牛,,,,,exact,exact,清水河,[],"[""伪清水河讨伐队头目；祸害山区村庄，迫害堡垒户。""]",抗日战争时期,"",伪职：伪清水河讨伐队头目；祸害山区村庄，迫害堡垒户。；结局：1944 被大青山武工队击毙,[],"2026-08-27 03:29:02.084942","2026-08-27 03:29:02.084942",,,,,
eb88d645a1c64888a71e555af8dba1b6,吴引崇,,,,,exact,exact,淮阴城区,[],"[""清江浦四大魔王之一，伪警察头目""]",抗日战争时期,"",伪职：清江浦四大魔王之一，伪警察头目；罪行：投靠日伪，执掌伪警察力量，配合日军清乡扫荡，抓捕进步人士，盘剥城内工商业。；结局：抗战胜利后逮捕法办。,[],"2026-08-27 03:29:02.099403","2026-08-27 03:29:02.099403",,,,,
eba7acb6c30e489493d5758ca6fed98d,汪瑞闿,,,,,"","",江西,[],"[""省级长官"", ""厅长""]",抗日战争时期,汪伪政权,伪任职务：伪浙江省首任省主席（1938‑1940），杭州伪政权开创者，组建全套伪省厅机构。结局：1940 年病亡杭州，逃脱审判,[],"2026-08-26 17:52:47","2026-08-26 17:52:47",,,,,
ebc165ed14b74400a43192437cf00c3c,孙文兰,,,,,"","",不详,[],"[""特务""]",抗日战争时期,汪伪政权,伪任职务：伪便衣特务队长，海启一带作恶，残杀民兵，悬挂人头恐吓群众南通史志网。。结局：被东南行动大队锄奸处决,[],"2026-08-26 17:52:47","2026-08-26 17:52:47",,,,,
ebc37edab98c4e06a5a8338dee451457,王义龙,,,,,exact,exact,忻县,[],"[""伪忻县警备大队长""]",抗日战争时期,"",伪职：伪忻县警备大队长；罪行：驻守忻县城、奇村据点，多次带队扫荡忻崞边山根据地，残害干部群众。；结局：解放后公审枪决,[],"2026-08-27 03:29:02.089752","2026-08-27 03:29:02.089752",,,,,
ebe5eae38db545d6b944922268dc70c9,孙荣久,,,,,exact,exact,勃利（七台河全境）,"[""孙老兆""]","[""原抗联八军师长，投敌伪山林讨伐队长""]",抗日战争时期,"",伪职：原抗联八军师长，投敌伪山林讨伐队长；罪行：投降日寇，带队扫荡抗联根据地；光复后发动勃利 “双‑十二暴乱”，杀害二十余名革命干部，北满四大匪首之一。；结局：1947 年被俘公审枪决。,[],"2026-08-27 03:29:02.097294","2026-08-27 03:29:02.097294",,,,,
ebec95a1b52d40da9eb09c63df9db09f,张书翰,,,,,exact,exact,"",[],"[""伪磐石县县长""]",抗日战争时期,"",伪职：伪磐石县县长；罪行：磐石是抗联诞生地；推行集团部落，拆房归屯，疯狂搜捕抗联地下组织，迫害抗联家属。；结局：解放后公审判处重刑。,[],"2026-08-27 03:29:02.094422","2026-08-27 03:29:02.094422",,,,,
ec252138b86c4d39907c15ee13bdff4c,么开贵,,,,,exact,exact,明光王咀渡口（女山湖）,[],"[""伪和平救国军队长""]",抗日战争时期,"",伪职：伪和平救国军队长；罪行：伪军中队长，驻守王咀据点，封锁湖面渡口，盘扣来往船只，抓捕地下交通人员，劫掠湖上商船渔户。；结局：解放后公审镇压。,[],"2026-08-27 03:29:02.104955","2026-08-27 03:29:02.104955",,,,,
ec721ffb0a8444e7931d608657efa1ce,熊老五,,,,,exact,exact,六安城关,[],"[""维持会骨干""]",抗日战争时期,"",伪职：维持会骨干；罪行：地痞出身，仗日军势力勒索商户、欺凌百姓。；结局：公审镇压。,[],"2026-08-27 03:29:02.105491","2026-08-27 03:29:02.105491",,,,,
ec730e6344bf4770ad13355e79454d1e,张承铭,,,,,exact,exact,盱眙,"[""张大龙""]","[""盱眙伪特工队队长""]",抗日战争时期,"",伪职：盱眙伪特工队队长；罪行：日伪特务头目，网罗爪牙，暗杀抗日干部，刺探盱嘉支队情报，多次制造抓捕屠杀事件宿迁日报。；结局：解放后公审伏法。,[],"2026-08-27 03:29:02.099451","2026-08-27 03:29:02.099451",,,,,
ec754c0da7aa45afba18e7f25975ef8e,陈宝荃,,,,,exact,exact,"",[],"[""伪万全县县长；管控万全、孔家庄一带，推行集家并村，抓捕堡垒户。""]",抗日战争时期,"",伪职：伪万全县县长；管控万全、孔家庄一带，推行集家并村，抓捕堡垒户。；结局：战后汉奸罪判处徒刑,[],"2026-08-27 03:29:02.082917","2026-08-27 03:29:02.082917",,,,,
ed3837a001094b1bb9fb7e461531f578,扈全禄,,,,,"","",河南滑县,[],"[""军长"", ""旅长"", ""县长""]",抗日战争时期,伪军,伪任职务：伪第六旅旅长，滑县浚县一带皇协军，祸害卫南地区。结局：卫南战役部队被歼灭，本人逃窜，后被捕获处决,[],"2026-08-26 17:52:47","2026-08-26 17:52:47",,,,,
ed5d3ca74b3847a8b28448a9f5da83f9,李树芬,,,,,exact,exact,正定,[],"[""伪安平警备团独立中队长；直接听命宪兵队，招降纳叛，疯狂抓捕抗日人员。""]",抗日战争时期,"",伪职：伪安平警备团独立中队长；直接听命宪兵队，招降纳叛，疯狂抓捕抗日人员。；结局：安平解放公审枪决,[],"2026-08-27 03:29:02.084639","2026-08-27 03:29:02.084639",,,,,
ed5d740ff6ae414faecd193679778410,熙洽,,,,,exact,exact,辽宁沈阳（满族）,[],"[""伪满宫内府大臣""]",抗日战争时期,"",伪职：伪满宫内府大臣；罪行：九一八主动引日军入吉林，策动伪满建国，搜刮东北资源，镇压吉林抗日力量。；结局：苏军逮捕，引渡回国，1952 年哈尔滨战犯管理所病逝。,[],"2026-08-27 03:29:02.093920","2026-08-27 03:29:02.093920",,,,,
ed6630ea5fb24a5e89c9d3f33ce336f6,阎传绂,,,,,exact,exact,辽宁海城,[],"[""伪满司法部大臣""]",抗日战争时期,"",伪职：伪满司法部大臣；罪行：伪满司法头目，大量判处 “国事犯”，迫害爱国志士。；结局：苏军逮捕，抚顺战犯管理所，后期特赦释放。,[],"2026-08-27 03:29:02.094008","2026-08-27 03:29:02.094008",,,,,
ed6ab9141e4644bea202840d50c7d15e,李义芳,,,,,exact,exact,穆棱八面通、绥芬河,[],"[""八面通宪兵队密探汉奸""]",抗日战争时期,"",伪职：八面通宪兵队密探汉奸；罪行：出卖地下交通员赵兴东，致使其被捕牺牲，破坏绥芬河国际地下交通线绥芬河市人...。；结局：1960 年群众检举，牡丹江法院判处反革命罪惩处。,[],"2026-08-27 03:29:02.097157","2026-08-27 03:29:02.097157",,,,,
ed8448274005433da717d4216cb8f570,赵仲仁,,,,,exact,exact,黑龙江,[],"[""伪满呼伦贝尔善后督办；九一八之后投敌，协助日军接管满洲里、海拉尔，拉拢当地上层附日。""]",抗日战争时期,"",伪职：伪满呼伦贝尔善后督办；九一八之后投敌，协助日军接管满洲里、海拉尔，拉拢当地上层附日。；结局：伪满内部倾轧，被程志远杀害抖音百科,[],"2026-08-27 03:29:02.086361","2026-08-27 03:29:02.086361",,,,,
ed8be06febdb497c843627d274d3e113,王永清,,,,,exact,exact,梨树,"[""匪首""]","[""伪维持会武装头目，土匪投敌""]",抗日战争时期,"",伪职：伪维持会武装头目，土匪投敌；罪行：九一八被日伪收编，配合维持会，在辽北劫掠村镇，进攻抗日武装。；结局：被抗日武装击溃，后被镇压。,[],"2026-08-27 03:29:02.094914","2026-08-27 03:29:02.094914",,,,,
edb33a3759134522847a0c0383e8990f,刘兴,,,,,exact,exact,三肇全域,[],"[""伪满刘兴讨伐队头目""]",抗日战争时期,"",伪职：伪满刘兴讨伐队头目；罪行：伪军讨伐队司令，配合日军围剿抗联十二支队，参与三肇肃正，四处搜捕、屠杀抗日军民。；结局：伪满后期病死。,[],"2026-08-27 03:29:02.098023","2026-08-27 03:29:02.098023",,,,,
edb50e7eb0d047b79bb488b479324635,林沧圃,,,,,exact,exact,闽海海面,[],"[""伪和平救国军参谋长""]",抗日战争时期,"",伪职：伪和平救国军参谋长；罪行：负责伪军与厦门兴亚院联络，策划袭扰闽东沿海，策动闽东沿海海匪、地方人员下海投伪。；结局：抗战胜利被国民党当局收用。,[],"2026-08-27 03:29:02.078894","2026-08-27 03:29:02.078894",,,,,
ede9886ad50546a2a61107c3fed49932,孙柏青,,,,,exact,exact,"",[],"[""伪青龙县县长；执行长城无人区政策，强修 “人圈”，疯狂清剿长城沿线抗日武装，抓捕迫害大量群众。""]",抗日战争时期,"",伪职：伪青龙县县长；执行长城无人区政策，强修 “人圈”，疯狂清剿长城沿线抗日武装，抓捕迫害大量群众。；结局：1945 年被俘，公审判处死刑,[],"2026-08-27 03:29:02.096052","2026-08-27 03:29:02.096052",,,,,
ee0e92edaa984d1498d5601f05cb03e5,顾宜我（顾尚义）,,,,,"","",南通,[],"[""清乡""]",抗日战争时期,汪伪政权,伪任职务：清乡时期伪段桥乡乡长，姜颂平爪牙，作恶多端。。结局：被新四军短枪队锄奸镇压,[],"2026-08-26 17:52:47","2026-08-26 17:52:47",,,,,
ee1e6ed6f24d425a95f9e4c2d9ab123f,王兴义,,,,,exact,exact,"",[],"[""伪阜新市华人副市长""]",抗日战争时期,"",伪职：伪阜新市华人副市长；罪行：伪市公署华人最高职位；协助日本市长推行保甲制度、强征劳工、物资统制，配合对煤矿工人镇压。日本投降后参与组建阜新治安维持会，维持伪残余势力等待国民党接收央视网新闻...。；结局：解放后以汉奸罪逮捕判刑。,[],"2026-08-27 03:29:02.092785","2026-08-27 03:29:02.092785",,,,,
ee262caef2c8436bac138f6065162236,招桂章,,,,,"","",广东南海,[],"[""军长"", ""司令""]",抗日战争时期,汪伪政权,伪任职务：伪广州要港司令，汪伪海军华南最高长官，掌控珠江水上武装。结局：日本投降被国民党收编，后因汉奸罪逮捕判刑,[],"2026-08-26 17:52:47","2026-08-26 17:52:47",,,,,
ee3456588d0d4008917b8ed1a158fe38,张世德,,,,,exact,exact,大同,[],"[""宪兵队便衣特务头目""]",抗日战争时期,"",伪职：宪兵队便衣特务头目；罪行：投靠大同日本宪兵队，发展线人，破获地下交通站，告密抓捕地下党员与爱国群众。；结局：解放后镇压处决,[],"2026-08-27 03:29:02.087475","2026-08-27 03:29:02.087475",,,,,
ee5f50dab4b145b7b643c0a3dedc7fd7,吕继虞,,,,,exact,exact,"",[],"[""伪敦化县县长""]",抗日战争时期,"",伪职：伪敦化县县长；罪行：敦化地处延边，配合日伪讨伐抗联，强征开拓团土地。；结局：战后汉奸罪判刑。,[],"2026-08-27 03:29:02.094684","2026-08-27 03:29:02.094684",,,,,
ee66c71b41e3415cb5d01cbda6e82e53,吴赞周,,,,,exact,exact,正定,[],"[""正定维持会会长、首任伪正定县知事，后升任伪河北省省长、真定道尹，河北头号大汉奸，统筹治安强化运动、五一大扫荡，强征民夫修炮楼封锁沟。""]",抗日战争时期,"",伪职：正定维持会会长、首任伪正定县知事，后升任伪河北省省长、真定道尹，河北头号大汉奸，统筹治安强化运动、五一大扫荡，强征民夫修炮楼封锁沟。；结局：北平解放后判无期徒刑，1949 年狱中病亡,[],"2026-08-27 03:29:02.089440","2026-08-27 03:29:02.089440",,,,,
ee6a699693f24defac01803d9bf6a8f8,陈庚新,,,,,exact,exact,宿县夹沟五柳,[],"[""夹沟伪据点头目""]",抗日战争时期,"",伪职：夹沟伪据点头目；罪行：铁杆伪军，驻守五柳据点，吸食毒品，勒索民财，坚决反共，抓捕抗日家属作为人质。；结局：被萧宿铜总队武工队锄奸击毙。,[],"2026-08-27 03:29:02.105317","2026-08-27 03:29:02.105317",,,,,
ee7476a897a3496cab185364b02ac192,毕星垣,,,,,exact,exact,"",[],"[""伪滦平县县长；制造滦平南部无人区，推行集家并村，管控古北口周边。""]",抗日战争时期,"",伪职：伪滦平县县长；制造滦平南部无人区，推行集家并村，管控古北口周边。；结局：战后逮捕判刑,[],"2026-08-27 03:29:02.083333","2026-08-27 03:29:02.083333",,,,,
ee7df24dcf71469296943ef095d7caf9,熙洽,,,,,exact,exact,沈阳（满族）,[],"[""伪吉林省首任长官、伪财政部大臣""]",抗日战争时期,"",伪职：伪吉林省首任长官、伪财政部大臣；罪行：九一八主动放弃吉林防务，开城投降日军；组建伪吉林省长官公署，宣布脱离国民政府；参与伪满建国；指挥伪军围剿吉林各地义勇军、抗联，推行集团部落，疯狂掠夺资源抖音百科。；结局：苏军逮捕，关押，1952 年哈尔滨战犯管理所病死。,[],"2026-08-27 03:29:02.094540","2026-08-27 03:29:02.094540",,,,,
ee89f37ec6844df2b0d80d44e37375ba,吉格木德,,,,,exact,exact,土默特旗,[],"[""伪土默特旗公署参事官；拆分土默特旗，推行部落制度，配合日军清乡。""]",抗日战争时期,"",伪职：伪土默特旗公署参事官；拆分土默特旗，推行部落制度，配合日军清乡。；结局：战后判处长期徒刑,[],"2026-08-27 03:29:02.084878","2026-08-27 03:29:02.084878",,,,,
eea852e0d50f454c8516822d34908ccf,于方仁,,,,,exact,exact,依兰,[],"[""伪依兰县县长""]",抗日战争时期,"",伪职：伪依兰县县长；罪行：伪满主政依兰，执行粮食出荷、抓国兵；协助谢文东、李华堂投敌之后的后勤补给；光复后组织维持会抗拒民主政权接收。；结局：被民主政府逮捕惩办。,[],"2026-08-27 03:29:02.097073","2026-08-27 03:29:02.097073",,,,,
eec60ae40fa0430cb5f960a26118be66,段玉昆,,,,,exact,exact,清苑,[],"[""伪保定警察局长；配合保定日本宪兵，大肆搜捕冀中地下党组织，酷刑迫害被捕干部群众。""]",抗日战争时期,"",伪职：伪保定警察局长；配合保定日本宪兵，大肆搜捕冀中地下党组织，酷刑迫害被捕干部群众。；结局：解放后镇反公审处决,[],"2026-08-27 03:29:02.082418","2026-08-27 03:29:02.082418",,,,,
eedc0276f33b46e684b988c3f1b9cc2c,胡杰生,,,,,exact,exact,宿城,[],"[""伪宿迁县商会会长""]",抗日战争时期,"",伪职：伪宿迁县商会会长；罪行：商界大汉奸，为日军搜刮军用物资，垄断城内商贸，摊派各类苛捐杂税，盘剥商户百姓，资助伪政权运转中共宿迁市...。；结局：清算运动被群众斗争，判处重刑。,[],"2026-08-27 03:29:02.100374","2026-08-27 03:29:02.100374",,,,,
eee4ed76dbec47aab34bb7bfcca89dfd,刘兆山,,,,,"","",邵伯镇,[],"[""军长""]",抗日战争时期,汪伪政权,伪任职务：伪邵伯警察局局长，掌控伪警察，配合日军宪兵队搜捕地下人员，在码头抓捕怀疑 “通新四军” 的船工、渔民。。结局：邵伯解放被俘，公审判处徒刑,[],"2026-08-26 17:52:47","2026-08-26 17:52:47",,,,,
eef29f99f2a94a19aff679f7bc0c9ac6,阮振铎,,,,,"","",辽宁铁岭,[],"[""省级长官"", ""部长""]",抗日战争时期,汪伪政权,伪任职务：伪奉天省省长、伪满外交部大臣，伪满后期高官。结局：抚顺战犯管理所关押，1973 年特赦释放,[],"2026-08-26 17:52:47","2026-08-26 17:52:47",,,,,
ef0f0b3c9d8c4f64a1f50a2fdd1ef29f,禹澄,,,,,exact,exact,"",[],"[""伪鞍山市副市长（伪市公署华人最高职位）""]",抗日战争时期,"",伪职：伪鞍山市副市长（伪市公署华人最高职位）；罪行：伪市公署二把手，协助日本市长推行保甲、劳工征用、物资掠夺；日本投降后牵头组建鞍山市治安维持委员会，任副会长，企图维持伪政权等待国民党接收，掌控伪残余势力。；结局：1948‑1949 年间以汉奸罪逮捕判刑。,[],"2026-08-27 03:29:02.091179","2026-08-27 03:29:02.091179",,,,,
ef2701d343264cad9269e4b649a248ac,陈维康,,,,,exact,exact,"",[],"[""伪临榆县县长，驻山海关；组建伪警察，管控山海关关隘，盘查进出关人员，征集劳工粮草，搜捕地下抗日人员，执行长城封锁政策。""]",抗日战争时期,"",伪职：伪临榆县县长，驻山海关；组建伪警察，管控山海关关隘，盘查进出关人员，征集劳工粮草，搜捕地下抗日人员，执行长城封锁政策。；结局：1945 年冀热辽部队收复山海关被俘，公审处决秦皇岛发布,[],"2026-08-27 03:29:02.095951","2026-08-27 03:29:02.095951",,,,,
ef2eeb346f3246388f793d65cb3139da,柴恩波,,,,,exact,exact,献县,[],"[""原冀中独立二团团长叛变投敌，伪献县警备司令；杀害大批我方军政人员，破坏献县根据地。""]",抗日战争时期,"",伪职：原冀中独立二团团长叛变投敌，伪献县警备司令；杀害大批我方军政人员，破坏献县根据地。；结局：日本投降被国民党收编；解放后抓获处决,[],"2026-08-27 03:29:02.083556","2026-08-27 03:29:02.083556",,,,,
ef6fa3a1d95643fe82eaea087c819a3c,孙殿英,,,,,"","",河南永城,[],"[""军长"", ""司令"", ""总司令""]",抗日战争时期,汪伪政权,伪任职务：原国民党将领，投敌任伪第二十四集团军副总司令，豫北活动。结局：1945 年被俘，关押途中病死,[],"2026-08-26 17:52:47","2026-08-26 17:52:47",,,,,
ef7222956e04402aad9430635cdbef5e,潘元恺,,,,,"","",苏州,[],"[""县长""]",抗日战争时期,汪伪政权,伪任职务：伪吴县警察局局长，掌控伪警察，配合 90 号特工站搜捕爱国人士。。结局：光复后公审枪决,[],"2026-08-26 17:52:47","2026-08-26 17:52:47",,,,,
efa3cdc643eb40dfad95927172e33980,何瓒,,,,,"","",福建闽侯,[],"[""市长"", ""维持会""]",抗日战争时期,汪伪政权,伪任职务：伪杭州市首任市长，杭州维持会骨干。结局：1939 年被爱国志士刺杀毙命,[],"2026-08-26 17:52:47","2026-08-26 17:52:47",,,,,
efa56e6d12c04f3ab58c817bd2f503c0,康达多尔济,,,,,exact,exact,达拉特旗,"[""康王""]","[""达拉特旗札萨克；一度摇摆，与包头日伪往来，接受伪伊盟公署委任，暗中给日伪输送物资，后迫于压力回归国民政府阵营。""]",抗日战争时期,"",伪职：达拉特旗札萨克；一度摇摆，与包头日伪往来，接受伪伊盟公署委任，暗中给日伪输送物资，后迫于压力回归国民政府阵营。；结局：抗战胜利后居家，管制处理,[],"2026-08-27 03:29:02.085999","2026-08-27 03:29:02.085999",,,,,
efab53cdd4964be3b2923fc4119b179b,张寅生,,,,,exact,exact,亳县城乡,[],"[""国民党亳县党部特派员，通敌勾结""]",抗日战争时期,"",伪职：国民党亳县党部特派员，通敌勾结；罪行：暗中勾结日伪，煽动地方民团暴乱，破坏根据地基层组织，为敌伪递送情报。；结局：抗战胜利后肃奸逮捕判刑。,[],"2026-08-27 03:29:02.105746","2026-08-27 03:29:02.105746",,,,,
efb4d066cea74b3aabeddb19c9611f4a,赵云椿,,,,,exact,exact,抚宁,[],"[""第一任伪抚宁县县长，组建伪县公署、警备队、新民会；1938 年调集伪军围剿七家寨抗日暴动队伍，制造重大伤亡，推行清乡抓丁征粮。""]",抗日战争时期,"",伪职：第一任伪抚宁县县长，组建伪县公署、警备队、新民会；1938 年调集伪军围剿七家寨抗日暴动队伍，制造重大伤亡，推行清乡抓丁征粮。；结局：日本投降后潜逃，1946 抓捕归案镇压,[],"2026-08-27 03:29:02.097802","2026-08-27 03:29:02.097802",,,,,
efc30341184e4a0eacd5dedb675b52dc,汪少山,,,,,exact,exact,休宁屯溪商界,[],"[""休宁资敌奸商""]",抗日战争时期,"",伪职：休宁资敌奸商；罪行：商人，私下通过边境通道，向芜湖日伪走私茶叶、桐油等战略物资，换取日伪鸦片，属于重大资敌分子，没有出任伪职。；结局：抗战胜利后肃奸立案，没收全部资产，判处有期徒刑。,[],"2026-08-27 03:29:02.104748","2026-08-27 03:29:02.104748",,,,,
effd96bf6d9d44c2bea3081011f1d735,刘惠卿,,,,,exact,exact,宁河,[],"[""伪宁河县长，管控蓟运河沿线，强征粮米。""]",抗日战争时期,"",伪职：伪宁河县长，管控蓟运河沿线，强征粮米。；结局：战后汉奸罪判处徒刑,[],"2026-08-27 03:29:02.092003","2026-08-27 03:29:02.092003",,,,,
f0252f40607a4d6ea9224bc62ee57578,褚民谊,,,,,"","",浙江吴兴,[],"[""院长""]",抗日战争时期,汪伪政权,伪任职务：汪伪行政院副院长，常驻上海，汪伪核心大员。结局：1946 年苏州枪决中国新闻网,[],"2026-08-26 17:52:47","2026-08-26 17:52:47",,,,,
f03cbfc17ae2432bb9910fd57c1a61e9,贾秉彝,,,,,exact,exact,蓟县,[],"[""伪警备团长，多次扫荡盘山根据地。""]",抗日战争时期,"",伪职：伪警备团长，多次扫荡盘山根据地。；结局：1945 年蓟县解放被俘处决,[],"2026-08-27 03:29:02.092042","2026-08-27 03:29:02.092042",,,,,
f042688ae57542ce90069e29c398998b,徐其昌,,,,,exact,exact,屯留,[],"[""伪屯留县县长、防守司令""]",抗日战争时期,"",伪职：伪屯留县县长、防守司令；罪行：屯留伪政权主官，强征壮丁物资，配合日军封锁根据地。；结局：抗战胜利后逮捕判刑,[],"2026-08-27 03:29:02.088170","2026-08-27 03:29:02.088170",,,,,
f0481371978c4113a75035c053fa1a9d,王劲修,,,,,"","",湖南长沙,[],"[""军长"", ""委员长"", ""清乡""]",抗日战争时期,汪伪政权,伪任职务：汪伪军事委员会委员，在华中参与伪军整编，协助清乡。结局：抗战胜利被国民党收编，后起义,[],"2026-08-26 17:52:47","2026-08-26 17:52:47",,,,,
f049a8e16032468daa5dfbff46f5e97f,戴东藩,,,,,exact,exact,西安（辽源）,[],"[""九一八后代理县长，伪西安县第一任县长""]",抗日战争时期,"",伪职：九一八后代理县长，伪西安县第一任县长；罪行：九一八原县长逃跑，戴东藩代理县长，主张出城迎接日军；组建伪西安县公署，依靠日军武力维持统治，协助日军接收西安煤矿，推行保甲，镇压地方抗日武装辽源市人民...。；结局：抗战胜利后逮捕，汉奸罪判处徒刑。,[],"2026-08-27 03:29:02.094987","2026-08-27 03:29:02.094987",,,,,
f04d4778bdcd419c86a1daa1afbe3416,郭化民,,,,,exact,exact,邯郸贾村,[],"[""伪军司令，郭采芹侄子；掌握邯郸主力伪军，盘踞城乡据点，扫荡紫山游击区，破坏地下交通线。""]",抗日战争时期,"",伪职：伪军司令，郭采芹侄子；掌握邯郸主力伪军，盘踞城乡据点，扫荡紫山游击区，破坏地下交通线。；结局：潜逃北平，1950 抓捕押回邯郸枪决,[],"2026-08-27 03:29:02.081618","2026-08-27 03:29:02.081618",,,,,
f04fded1739b45698e30c34ed3d4f6e9,李文成,,,,,exact,exact,东光李习村；曾为八路军旅长，叛变投敌；伪东光警备司令，祸害东光、南皮、宁津一带，血债深重。,[],[],抗日战争时期,"",结局：1954 年公审枪决,[],"2026-08-27 03:29:02.083714","2026-08-27 03:29:02.083714",,,,,
f076b0b9825a4083bc08099cdeb8e19b,王梦久,,,,,exact,exact,鹤岗全矿区,[],"[""伪鹤岗煤矿矿警队队长""]",抗日战争时期,"",伪职：伪鹤岗煤矿矿警队队长；罪行：执掌矿警武装，镇压矿工反抗，保护日军煤炭掠夺；光复后投奔国民党，企图阻挠矿山接收东北网。；结局：随国民党势力逃窜，后被清算。,[],"2026-08-27 03:29:02.096345","2026-08-27 03:29:02.096345",,,,,
f0e157724a14489b8a0b8af60a3a7575,邵不丞,,,,,exact,exact,睢宁,[],"[""睢宁伪维持会骨干""]",抗日战争时期,"",伪职：睢宁伪维持会骨干；罪行：协助周象九，拉拢地方乡绅，推行日伪差役、粮食摊派。；结局：战后汉奸审判判刑。,[],"2026-08-27 03:29:02.098890","2026-08-27 03:29:02.098890",,,,,
f0e8ad4fdd3c402f9286bbdb335cb6e7,赵云椿,,,,,exact,exact,抚宁,[],"[""第一任伪抚宁县县长，组建伪县公署、警备队、新民会；1938 年调集伪军围剿七家寨抗日暴动队伍，制造重大伤亡，推行清乡抓丁征粮。""]",抗日战争时期,"",伪职：第一任伪抚宁县县长，组建伪县公署、警备队、新民会；1938 年调集伪军围剿七家寨抗日暴动队伍，制造重大伤亡，推行清乡抓丁征粮。；结局：日本投降后潜逃，1946 抓捕归案镇压,[],"2026-08-27 03:29:02.099620","2026-08-27 03:29:02.099620",,,,,
f0eccac8e41847e9a61d709944631b20,黄自强,,,,,exact,exact,汪伪江西省政府（省治九江）,[],"[""汪伪江西省省长兼驻九江绥靖主任""]",抗日战争时期,"",伪职：汪伪江西省省长兼驻九江绥靖主任；罪行：1945年3月出任江西省长，为日军在赣北沦陷区做最后阶段的殖民统治；结局：1945年8月日本投降后随汪伪政权覆灭，最终结局史料未明确记载（来源：曾任汪伪军事委员会政治部部长、政治保卫总署总监，为汪伪政权特务系统头目）,[],"2026-08-27 03:29:02.077564","2026-08-27 03:29:02.077564",,,,,
f0f723b805b948968fdcdbc30a913bbc,李树三,,,,,exact,exact,"",[],"[""伪赵县县长；日本投降后投靠国民党，充当特派员，收拢赵县、宁晋伪军残部组建第五纵队继续进攻解放区河北省老区...。""]",抗日战争时期,"",伪职：伪赵县县长；日本投降后投靠国民党，充当特派员，收拢赵县、宁晋伪军残部组建第五纵队继续进攻解放区河北省老区...。；结局：1946 年被俘，汉奸罪判处死刑,[],"2026-08-27 03:29:02.089632","2026-08-27 03:29:02.089632",,,,,
f104f91182b1459ba9ffa5faa0ca1954,林金山,,,,,exact,exact,白驹、刘庄一带,[],"[""伪台北县（大丰）伪区长""]",抗日战争时期,"",伪职：伪台北县（大丰）伪区长；罪行：基层伪政权头目，积极推行清乡保甲，告密新四军情报，迫害接济抗日武装乡民。；结局：1946 年白驹公审判处死刑盐城市史志...。,[],"2026-08-27 03:29:02.099892","2026-08-27 03:29:02.099892",,,,,
f105d86cc46a499dbfc3b0c9f6e89a98,邵竞生,,,,,exact,exact,萧县全境,"[""邵秃子""]","[""汪伪萧县县长""]",抗日战争时期,"",伪职：汪伪萧县县长；罪行：邵世恩之子，人称 “二县长”；主持萧县伪县公署，强化保甲良民证，配合日军扫荡萧铜抗日根据地；后调任伪灌云县长、徐州筹备主任抖音百科。；结局：1952 年镇反处决。,[],"2026-08-27 03:29:02.105286","2026-08-27 03:29:02.105286",,,,,
f114fb720e9e4cde9530baa392f749ce,王秀山,,,,,exact,exact,运城,[],"[""伪运城地方事务局局长""]",抗日战争时期,"",伪职：伪运城地方事务局局长；罪行：辅佐道尹管理运城城区，摊派粮款，管控城区治安。；结局：战后汉奸罪判刑,[],"2026-08-27 03:29:02.089158","2026-08-27 03:29:02.089158",,,,,
f1255ef623c44ade9fbe6411f794d9a4,彭宝善,,,,,"","",四川永川,[],"[""军长""]",抗日战争时期,汪伪政权,伪任职务：彭汝尊次子，亲赴长春拜见溥仪与关东军，带回密令，在四川训练 “神兵” 武装，布置西南地下叛乱网络。。结局：逮捕关押，病死狱中,[],"2026-08-26 17:52:47","2026-08-26 17:52:47",,,,,
f1257e4c056d44c18dc38d31105ae19a,王叙五,,,,,exact,exact,沭阳李恒一带,[],"[""伪军头目，参与谋害汤曙红""]",抗日战争时期,"",伪职：伪军头目，参与谋害汤曙红；罪行：参与诱杀八路军陇海南进支队汤曙红，长期在沭东南作恶，残害革命干部群众中共宿迁市...。；结局：万余人公审，烈士碑前枪决。,[],"2026-08-27 03:29:02.100658","2026-08-27 03:29:02.100658",,,,,
f154cbb3a2e0418cadfbe5f279166544,张润珊,,,,,"","",无锡,[],[],抗日战争时期,汪伪政权,伪任职务：继任汪伪伪无锡商会会长，配合日伪物资统制。。结局：汉奸罪判处有期徒刑,[],"2026-08-26 17:52:47","2026-08-26 17:52:47",,,,,
f16faa37b7a544fc8b9fe2c363d742ba,张相之,,,,,exact,exact,卢龙,[],"[""伪卢龙县县长，配合日军制造长城沿线无人区，抓捕堡垒户。""]",抗日战争时期,"",伪职：伪卢龙县县长，配合日军制造长城沿线无人区，抓捕堡垒户。；结局：战后汉奸罪判处徒刑,[],"2026-08-27 03:29:02.091941","2026-08-27 03:29:02.091941",,,,,
f173bb585ae34e1e9b35ccb203333935,姚震宇,,,,,exact,exact,福州台江,[],"[""第一次沦陷伪商会附逆骨干""]",抗日战争时期,"",伪职：第一次沦陷伪商会附逆骨干；罪行：协助伪商会摊派苛捐，迫害拒绝合作商人。；结局：1941 年枪决。,[],"2026-08-27 03:29:02.080176","2026-08-27 03:29:02.080176",,,,,
f17d3582c11b4973b0bb8f44e4ce5b8d,马伯良,,,,,exact,exact,"",[],"[""伪容城县县长；推行伪大乡制度，抓丁征粮。""]",抗日战争时期,"",伪职：伪容城县县长；推行伪大乡制度，抓丁征粮。；结局：战后逮捕判刑,[],"2026-08-27 03:29:02.082660","2026-08-27 03:29:02.082660",,,,,
f183b431964144a3b42ed6c61d04898e,龙希贞（龙瓜屋子）,,,,,"","",山东台儿庄,[],"[""军长""]",抗日战争时期,伪军,伪任职务：涧头集伪区长，运河支队叛徒，运河南岸伪军头目。结局：抗战胜利后公审处决,[],"2026-08-26 17:52:47","2026-08-26 17:52:47",,,,,
f18ac641d2be425bbbfd6e10be3b2b2f,邵尚俭,,,,,exact,exact,金州,[],"[""关东州厅参事、大连市商会副会长，身兼 30 余个伪职，粮油大亨""]",抗日战争时期,"",伪职：关东州厅参事、大连市商会副会长，身兼 30 余个伪职，粮油大亨；罪行：垄断大连粮油行业，执行日军物资配给，摊派报国公债，把粮食油料供给日军；商民抗捐罢市时私自赴东京欺骗日本当局；日本投降后任治安维持会副会长，勾结日伪残余与国民党。；结局：1946 逮捕，没收绝大部分财产，保外就医，后病逝北京。,[],"2026-08-27 03:29:02.090907","2026-08-27 03:29:02.090907",,,,,
f193d114186d4bf8abdb9e68e2091213,陈老四,,,,,exact,exact,太平‑泾县交界（今黄山区北部）,[],"[""边境奸细，沦陷区过来的联络员""]",抗日战争时期,"",伪职：边境奸细，沦陷区过来的联络员；罪行：经常往返敌占区与太平后方，传递情报，贩卖鸦片、走私物资资敌，引诱乡村人员投敌。；结局：樵山地区武工队锄奸处决。,[],"2026-08-27 03:29:02.104741","2026-08-27 03:29:02.104741",,,,,
f1982f70ed2542099b4cf6c01d939c7f,何举之,,,,,exact,exact,"",[],"[""伪清丰县县长；依附日军，掠夺粮棉物资，制造多起抓捕惨案。""]",抗日战争时期,"",伪职：伪清丰县县长；依附日军，掠夺粮棉物资，制造多起抓捕惨案。；结局：战后逮捕判刑,[],"2026-08-27 03:29:02.081851","2026-08-27 03:29:02.081851",,,,,
f1acf0cc82ae4224a265852e04b838ea,吴老八,,,,,exact,exact,乡宁,[],"[""伪乡宁警备队长""]",抗日战争时期,"",伪职：伪乡宁警备队长；罪行：祸害乡宁沿山乡村，抓捕抗日积极分子。；结局：抗战时期被武工队击毙,[],"2026-08-27 03:29:02.090280","2026-08-27 03:29:02.090280",,,,,
f1c1d867e1354c0cbd85ec29df92dc44,鲍文樾,,,,,"","",辽宁沈阳,[],"[""省级长官"", ""部长"", ""军长""]",抗日战争时期,汪伪政权,伪任职务：伪河南省末代省长（1945.5‑8），汪伪军政部长。结局：1947 年判死刑后改无期，押往台湾，1966 年病亡台湾,[],"2026-08-26 17:52:47","2026-08-26 17:52:47",,,,,
f1c90e7da599421b96047f927d1733d9,高邦隆、王介民、徐度民、柳方胜,,,,,exact,exact,"",[],"[""历任伪盂县知事""]",抗日战争时期,"",伪职：历任伪盂县知事；罪行：接续执行日伪政令，征粮抓丁，配合治安强化。；结局：战后全部逮捕判刑阳泉市人大...,[],"2026-08-27 03:29:02.087671","2026-08-27 03:29:02.087671",,,,,
f1d26f53f5c54d63a16b45731a72e445,郭连壁,,,,,exact,exact,西丰,[],"[""伪西丰县后期县长""]",抗日战争时期,"",伪职：伪西丰县后期县长；罪行：推行集团部落，配合日伪讨伐抗联三师，强征劳工粮食。；结局：抗战胜利逮捕判刑。,[],"2026-08-27 03:29:02.093428","2026-08-27 03:29:02.093428",,,,,
f1f1db796f8744ef8a0be67e7a3a51d3,张百奎,,,,,exact,exact,巨鹿张庄,"[""张伯魁""]","[""伪巨鹿保安联队长，冀南著名铁杆汉奸；设立杀人场 “鬼王台”，残害大量干部、战士、群众，手段极其残暴；投降后混入国民党，潜逃上海。""]",抗日战争时期,"",伪职：伪巨鹿保安联队长，冀南著名铁杆汉奸；设立杀人场 “鬼王台”，残害大量干部、战士、群众，手段极其残暴；投降后混入国民党，潜逃上海。；结局：1951 年抓捕押回巨鹿，万人公审处决,[],"2026-08-27 03:29:02.082190","2026-08-27 03:29:02.082190",,,,,
f2504c0a59864cf0aa3e40763cbcf4b1,刘老贵,,,,,exact,exact,海阳镇,[],"[""伪海阳镇伪大乡长；给据点输送情报，强征粮款民夫，告密多名堡垒户。""]",抗日战争时期,"",伪职：伪海阳镇伪大乡长；给据点输送情报，强征粮款民夫，告密多名堡垒户。；结局：抗战胜利群众控诉，镇压处决,[],"2026-08-27 03:29:02.099595","2026-08-27 03:29:02.099595",,,,,
f254047aebb04288a9b9ebccc5744824,唐方英,,,,,exact,exact,福州城内,[],"[""伪特务""]",抗日战争时期,"",伪职：伪特务；罪行：混迹街巷搜集情报，罗织罪名构陷百姓。；结局：1946‑06‑05 枪决。,[],"2026-08-27 03:29:02.081031","2026-08-27 03:29:02.081031",,,,,
f255ed5f4d2c401db9543ceda9289cc0,王荫椿,,,,,exact,exact,平定,[],"[""伪平定县知事（伪县长），1943 伪县公署迁阳泉桥北街""]",抗日战争时期,"",伪职：伪平定县知事（伪县长），1943 伪县公署迁阳泉桥北街；罪行：组建伪县公署、伪公安局、新民会；推行保甲十家连坐；配合治安强化运动，征粮抓劳工，为煤矿、各据点筹措物资，镇压抗日活动。；结局：1945 日本投降后逮捕审判,[],"2026-08-27 03:29:02.087576","2026-08-27 03:29:02.087576",,,,,
f2a0ea5f26ce4819acd217f7142a4600,梁世英,,,,,exact,exact,定襄,[],"[""伪定襄警备大队长""]",抗日战争时期,"",伪职：伪定襄警备大队长；罪行：盘踞定襄、河边据点，袭扰晋察冀二分区根据地。；结局：解放后公审枪决,[],"2026-08-27 03:29:02.089781","2026-08-27 03:29:02.089781",,,,,
f2a1200b6abc44149a9eaf7080124391,徐翻译,,,,,exact,exact,嵊县甘霖,[],"[""嵊县日军据点翻译特务""]",抗日战争时期,"",伪职：嵊县日军据点翻译特务；罪行：日军翻译，助纣为虐，多次告密抓捕爱国群众，民愤极大。；结局：被抗日志士设计锄奸处决。,[],"2026-08-27 03:29:02.101573","2026-08-27 03:29:02.101573",,,,,
f2c39545743a44dd9a78e5f94860b9e2,王济之,,,,,exact,exact,"","[""张述本""]","[""原国际情报组织人员，叛变后任安东宪兵特务""]",抗日战争时期,"",伪职：原国际情报组织人员，叛变后任安东宪兵特务；罪行：原为共产国际情报员，1935 被捕叛变；出卖安东情报组织，大量地下人员被捕牺牲，充当日伪特务爪牙。；结局：光复后民主政府公审判处死刑。,[],"2026-08-27 03:29:02.092276","2026-08-27 03:29:02.092276",,,,,
f2d4b8323118480c82b0d370da57210f,邢宝臣,,,,,exact,exact,"",[],"[""伪和林格尔县县长；大青山根据地前沿，修筑碉堡，疯狂搜捕游击队员。""]",抗日战争时期,"",伪职：伪和林格尔县县长；大青山根据地前沿，修筑碉堡，疯狂搜捕游击队员。；结局：日本投降潜逃，后抓捕归案判刑,[],"2026-08-27 03:29:02.084917","2026-08-27 03:29:02.084917",,,,,
f2e04c02d11b4ac790c4f547be338566,侯福麟,,,,,exact,exact,介休,[],"[""伪介休县县长""]",抗日战争时期,"",伪职：伪介休县县长；罪行：搭建介休伪政权，强征煤炭粮食，修筑炮楼据点，配合日军扫荡绵山根据地。；结局：光复后逮捕判刑,[],"2026-08-27 03:29:02.088900","2026-08-27 03:29:02.088900",,,,,
f2ed4de4a51e48bda03e30976d4ca498,马喜山,,,,,exact,exact,桦川（今佳木斯郊区）,[],"[""伪地方自卫团总头目""]",抗日战争时期,"",伪职：伪地方自卫团总头目；罪行：地主武装，投靠日军，组建自卫团，协助日军推行集团部落，抓捕地下抗日人员。；结局：解放后公审枪决。,[],"2026-08-27 03:29:02.097501","2026-08-27 03:29:02.097501",,,,,
f2ee62ad034742b591d9baa210f0f315,周佛海,,,,,"","",湖南沅陵,[],"[""市长"", ""部长"", ""特务""]",抗日战争时期,汪伪政权,伪任职务：汪伪财政部长、伪上海市长，汪伪核心巨头，掌控汪伪财政特务系统。结局：抗战后判处无期徒刑，1948 年病死狱中,[],"2026-08-26 17:52:47","2026-08-26 17:52:47",,,,,
f2f32c2d0874486889879a0f8c2fde07,姚立清,,,,,exact,exact,沭阳乡间,[],"[""伪沭阳伪乡长""]",抗日战争时期,"",伪职：伪沭阳伪乡长；罪行：为伪政权催粮抓丁，充当日伪耳目，迫害基层抗日群众中共宿迁市...。；结局：公审伏法。,[],"2026-08-27 03:29:02.100463","2026-08-27 03:29:02.100463",,,,,
f30e929f5c34496abefbc99d427555ec,李祖宇,,,,,"","",不详,[],"[""清乡"", ""县长""]",抗日战争时期,汪伪政权,伪任职务：第五任伪无锡县长，配合日伪第二期清乡，编组保甲联保切结。。结局：抗战胜利判刑入狱,[],"2026-08-26 17:52:47","2026-08-26 17:52:47",,,,,
f31e4541faf746adb3d09b52098c20a4,庄国范,,,,,exact,exact,本溪,[],"[""伪本溪警察署警长，外号 “庄阎王”""]",抗日战争时期,"",伪职：伪本溪警察署警长，外号 “庄阎王”；罪行：执掌伪警察侦缉，大肆抓捕爱国工人、地下反日人员，严刑拷打被捕群众，血债累累北国网。；结局：1946‑12‑26 本溪万人公审大会枪决北国网。,[],"2026-08-27 03:29:02.091566","2026-08-27 03:29:02.091566",,,,,
f31e9cfd1eff4283a33e0c4354319953,冯小头,,,,,exact,exact,黄岩县城,[],"[""黄岩维持会骨干""]",抗日战争时期,"",伪职：黄岩维持会骨干；罪行：维持会核心爪牙，带队检查行人、敲诈商铺，为日军强征铜铁粮食。；结局：1941 年 5 月 3 日执行死刑中国台州网。,[],"2026-08-27 03:29:02.102463","2026-08-27 03:29:02.102463",,,,,
f330c74ce46b4af1a3e4e53a98d90350,唐惠民,,,,,"","",江苏,[],"[""部长"", ""特务""]",抗日战争时期,汪伪政权,伪任职务：76 号特工总部副主任，早期特务头目，后与李士群内讧被排挤。结局：抗战胜利被捕，病死狱中,[],"2026-08-26 17:52:47","2026-08-26 17:52:47",,,,,
f35daef1d5a54ffbbec26af66d62ed38,吴隆盛,,,,,exact,exact,"",[],"[""伪冀东警备团副团长，团部驻唐山，城区伪军主力，配合宪兵搜捕地下组织，封锁城乡交通。""]",抗日战争时期,"",伪职：伪冀东警备团副团长，团部驻唐山，城区伪军主力，配合宪兵搜捕地下组织，封锁城乡交通。；结局：1945 年被捕，判处有期徒刑,[],"2026-08-27 03:29:02.086787","2026-08-27 03:29:02.086787",,,,,
f36eda3f11744639912dc518aea85855,崔步武,,,,,exact,exact,泰州城区（姜堰）,[],"[""伪泰县（泰州）县长""]",抗日战争时期,"",伪职：伪泰县（泰州）县长；罪行：汪伪清乡专员，主政泰县伪政权，推行清乡保甲，征粮抓丁，配合日伪围剿苏中三分区抗日武装南通市档案...。；结局：抗战胜利后被捕判刑。,[],"2026-08-27 03:29:02.100231","2026-08-27 03:29:02.100231",,,,,
f375799f944b469c9fd335cbbba6f46a,倪祥,,,,,exact,exact,福州城区,[],"[""伪特务爪牙""]",抗日战争时期,"",伪职：伪特务爪牙；罪行：参与抓捕、勒索，残害普通民众。；结局：1946‑06‑05 枪决。,[],"2026-08-27 03:29:02.080218","2026-08-27 03:29:02.080218",,,,,
f38d2da894a44c5ab6706fbe4fd992b1,卞金山,,,,,exact,exact,大连,[],"[""伪迁安县公署督察员、日军翻译；引荐汤鹏举，充当日军耳目，敲诈商户，迫害爱国群众。""]",抗日战争时期,"",伪职：伪迁安县公署督察员、日军翻译；引荐汤鹏举，充当日军耳目，敲诈商户，迫害爱国群众。；结局：1946 汉奸罪判处死刑,[],"2026-08-27 03:29:02.091859","2026-08-27 03:29:02.091859",,,,,
f3a3b4d7e3ec45afaea09c6570352fd1,刘国翰,,,,,exact,exact,盂县,[],"[""伪盂县特务队队长""]",抗日战争时期,"",伪职：伪盂县特务队队长；罪行：专门搜集根据地情报，告密抓捕抗日干部群众。；结局：解放后镇压处决,[],"2026-08-27 03:29:02.087680","2026-08-27 03:29:02.087680",,,,,
f3e0bda300184920a4cc954dacb25d96,张耀宸,,,,,"","",湖北黄冈,[],"[""军长"", ""县长""]",抗日战争时期,汪伪政权,伪任职务：伪黄安县县长，组建伪保安队，残害根据地军民。结局：1945 年收复后公审枪决,[],"2026-08-26 17:52:47","2026-08-26 17:52:47",,,,,
f4325f107acd48559aa37b5d3281196b,韩广森,,,,,exact,exact,张家口,[],"[""张家口商会会长，伪张家口市市长；迎接日军入城，横征暴敛，抓捕爱国人士，强征劳工资敌中共张家口...。""]",抗日战争时期,"",伪职：张家口商会会长，伪张家口市市长；迎接日军入城，横征暴敛，抓捕爱国人士，强征劳工资敌中共张家口...。；结局：1945‑10‑08 公审枪决,[],"2026-08-27 03:29:02.082843","2026-08-27 03:29:02.082843",,,,,
f441412af1044813864d673bd3fb6f65,万咸章,,,,,exact,exact,白城‑洮南铁路沿线,[],"[""伪洮昂铁路、洮索铁路局局长""]",抗日战争时期,"",伪职：伪洮昂铁路、洮索铁路局局长；罪行：伪满掌管西部铁路，为日军军事运输服务，转运兵员物资，配合日本资源掠夺政策。；结局：抗战胜利后被逮捕审查。,[],"2026-08-27 03:29:02.095549","2026-08-27 03:29:02.095549",,,,,
f45385c05694464ba5a3471c3f7a9219,王芝佐,,,,,exact,exact,抚宁,[],"[""台头营据点伪警备队长；驻守抚宁北部山区，多次扫荡迁卢抚昌根据地，刺探情报，抓捕爱国群众；七家寨暴动提前告密，致使暴动受损秦皇岛党史...。""]",抗日战争时期,"",伪职：台头营据点伪警备队长；驻守抚宁北部山区，多次扫荡迁卢抚昌根据地，刺探情报，抓捕爱国群众；七家寨暴动提前告密，致使暴动受损秦皇岛党史...。；结局：抗战后期被抗日武装就地锄奸击毙,[],"2026-08-27 03:29:02.097810","2026-08-27 03:29:02.097810",,,,,
f4540a8f10d0410290554ff70d377ae0,吴念中,,,,,"","",安徽,[],"[""市长""]",抗日战争时期,汪伪政权,伪任职务：伪杭州市后期市长。结局：抗战胜利被捕，判处无期徒刑，狱中死亡,[],"2026-08-26 17:52:47","2026-08-26 17:52:47",,,,,
f47ac3045dd845b181134dcff0934e72,韩继尧,,,,,exact,exact,沛县敬安一带,[],"[""伪沛县伪军将领""]",抗日战争时期,"",伪职：伪沛县伪军将领；罪行：土匪投敌，掌握沛县地方伪军，频繁下乡扫荡，抓捕残害抗日干部群众。；结局：抗战胜利后公审处决。,[],"2026-08-27 03:29:02.098915","2026-08-27 03:29:02.098915",,,,,
f47e6018eef04d22b13134890387c8b0,王文,,,,,exact,exact,阜新蒙古族地区,[],"[""蒙奸大地主，伪地方头目""]",抗日战争时期,"",伪职：蒙奸大地主，伪地方头目；罪行：投靠日伪，欺压蒙汉百姓；日本投降后勾结国民党残余，在平安地一带策反破坏，迫害革命群众。；结局：群众公审枪决。,[],"2026-08-27 03:29:02.092857","2026-08-27 03:29:02.092857",,,,,
f4901cbb80124e9688ca31e6b3309e82,张慎修,,,,,exact,exact,安庆‑怀宁,[],"[""伪怀宁县教育科长""]",抗日战争时期,"",伪职：伪怀宁县教育科长；罪行：推行奴化教育，中小学强制日语教学，查禁爱国书刊，改组城乡学校伪化教育。；结局：附逆案判刑。,[],"2026-08-27 03:29:02.104627","2026-08-27 03:29:02.104627",,,,,
f4b76d374fa643149a7b60549a9afcd9,刘阔然,,,,,exact,exact,武清,[],"[""伪武清保安第四大队长；驻守王庆坨，设置多处分据点，镇压路南抗日活动。""]",抗日战争时期,"",伪职：伪武清保安第四大队长；驻守王庆坨，设置多处分据点，镇压路南抗日活动。；结局：武清解放被俘处决北方网,[],"2026-08-27 03:29:02.084057","2026-08-27 03:29:02.084057",,,,,
f4b9f045a23346fa9bc41ae2de9265a6,陈老三,,,,,exact,exact,青田瓯江沿线,[],"[""青田港头密探""]",抗日战争时期,"",伪职：青田港头密探；罪行：依附日军，在码头搜集航运情报，敲诈船户渔民，向日军告密游击武装活动踪迹。；结局：被抗日武装就地处决。,[],"2026-08-27 03:29:02.102687","2026-08-27 03:29:02.102687",,,,,
f4d60c0c26d045709ac3205feb341899,黄希文,,,,,exact,exact,"",[],"[""伪磁县县长（知事），精通日语；编纂伪磁县县志，推行奴化教育，管控彭城陶瓷产业为日军掠夺资源，组织伪警备队扫荡磁西山区根据地邯郸日报社。""]",抗日战争时期,"",伪职：伪磁县县长（知事），精通日语；编纂伪磁县县志，推行奴化教育，管控彭城陶瓷产业为日军掠夺资源，组织伪警备队扫荡磁西山区根据地邯郸日报社。；结局：抗战胜利逮捕，判处长期监禁,[],"2026-08-27 03:29:02.080736","2026-08-27 03:29:02.080736",,,,,
f4e1835b9fee4498b43f38ccddd580ec,陈森度（陈耀忠）,,,,,"","",常州武进,[],"[""军长"", ""委员长"", ""维持会""]",抗日战争时期,汪伪政权,伪任职务：维持会委员、伪巡警队长、伪救火队长；青帮头目，勾结日军下乡扫荡，大肆敲诈、贩毒、残害爱国志士常州史志。。结局：胜利后国民政府判刑；1951 年被镇压,[],"2026-08-26 17:52:47","2026-08-26 17:52:47",,,,,
f5197f6ffc954fbf867640c2b2109b4f,刘万宝,,,,,exact,exact,凉城,[],"[""伪凉城警备大队长；铁杆伪军，频繁进山 “治安肃正”，制造多起村庄惨案。""]",抗日战争时期,"",伪职：伪凉城警备大队长；铁杆伪军，频繁进山 “治安肃正”，制造多起村庄惨案。；结局：凉城解放被俘公审枪决,[],"2026-08-27 03:29:02.087038","2026-08-27 03:29:02.087038",,,,,
f575c8cc63ba40fd96bbc6d044d5dc28,熊大七,,,,,exact,exact,新建乐化本地人,[],"[""日军靖安队头目""]",抗日战争时期,"",伪职：日军靖安队头目；罪行：充当日军向导，制造华盐桥、捡门惨案；结局：暂无明确结局记载,[],"2026-08-27 03:29:02.077966","2026-08-27 03:29:02.077966",,,,,
f5bdabd33d2446c3afb0885fea1b0408,白江绪,,,,,exact,exact,汤原、伊春全境小兴安岭山区,[],"[""原抗联六军政治部主任，叛徒特务""]",抗日战争时期,"",伪职：原抗联六军政治部主任，叛徒特务；罪行：被俘投降日伪，出卖下江地区抗联全部情报、密营位置、地下救国会组织；策反抗联干部，给日伪讨伐队充当向导，抗联六军遭受重大损失。；结局：抗战胜利后被民主政府逮捕处决。,[],"2026-08-27 03:29:02.096850","2026-08-27 03:29:02.096850",,,,,
f5cb5e7fe93a411d872c29bcedf1216c,夏钟秀,,,,,exact,exact,义县,[],"[""九一八后义县伪县长""]",抗日战争时期,"",伪职：九一八后义县伪县长；罪行：日军占领义县，主动献城投敌，组建伪县公署；激起义县民众围城反抗，依靠日军武力维持统治，镇压辽西义勇军。；结局：抗战胜利逮捕，汉奸罪判刑。,[],"2026-08-27 03:29:02.092485","2026-08-27 03:29:02.092485",,,,,
f5d46b2cc3f146159ac5a3fffe7ed8d6,项致庄,,,,,"","",浙江杭州,[],"[""省级长官"", ""司令""]",抗日战争时期,汪伪政权,伪任职务：伪浙江省省长，省保安司令，后调任伪江苏省省长。结局：1946 年汉奸罪枪决抖音百科,[],"2026-08-26 17:52:47","2026-08-26 17:52:47",,,,,
f5d6826df264478191e116a3bfb283ba,周作人,,,,,"","",浙江绍兴,[],"[""委员长""]",抗日战争时期,华北伪临时政府,伪任职务：伪华北政务委员会教育总署督办，北平文化汉奸，推行奴化教育。结局：抗战后逮捕，判处 14 年徒刑，新中国成立后释放,[],"2026-08-26 17:52:47","2026-08-26 17:52:47",,,,,
f5f08ff74211478092c8ee53d27b6482,李阿财,,,,,exact,exact,东山铜陵、陈城,[],"[""东山岛内汉奸眼线""]",抗日战争时期,"",伪职：东山岛内汉奸眼线；罪行：日军进犯东山时暗中充当内应，给日伪军通风报信，指认爱国人士。；结局：东山抗日武装锄奸处决。,[],"2026-08-27 03:29:02.079455","2026-08-27 03:29:02.079455",,,,,
f60497a22e39408f85855d8d77b3d92a,鲍凤鸣,,,,,exact,exact,喀喇沁,[],"[""伪喀喇沁讨伐队队长；常驻王爷府，扫荡小牛群、大庙一带山区。""]",抗日战争时期,"",伪职：伪喀喇沁讨伐队队长；常驻王爷府，扫荡小牛群、大庙一带山区。；结局：1944 被武工队锄奸击毙,[],"2026-08-27 03:29:02.085512","2026-08-27 03:29:02.085512",,,,,
f64074b08f2c4109800fdfa0a8e30912,乌尔金,,,,,exact,exact,蒙古族,[],"[""伪兴安北警备军少将司令；统率伪蒙古骑兵，布防呼伦贝尔草原边境，搜缴民间武器，镇压边境牧民众反抗。""]",抗日战争时期,"",伪职：伪兴安北警备军少将司令；统率伪蒙古骑兵，布防呼伦贝尔草原边境，搜缴民间武器，镇压边境牧民众反抗。；结局：1945 被苏军俘虏，后关押改造,[],"2026-08-27 03:29:02.086345","2026-08-27 03:29:02.086345",,,,,
f66c5d98ccf5499681b7bd233286a1ba,李连生,,,,,exact,exact,丰润,[],"[""伪丰润警察所特务系长，特务头目，专门搜捕地下交通站人员，酷刑逼供。""]",抗日战争时期,"",伪职：伪丰润警察所特务系长，特务头目，专门搜捕地下交通站人员，酷刑逼供。；结局：解放后清算处死,[],"2026-08-27 03:29:02.086827","2026-08-27 03:29:02.086827",,,,,
f68820212362452787f716f248feb7e7,齐燮元,,,,,"","",河北宁河（今属天津）,[],"[""军长"", ""司令"", ""总司令""]",抗日战争时期,华北伪临时政府,伪任职务：伪华北治安总署督办、华北治安军总司令，河北伪军总头目。结局：1946 年南京枪决,[],"2026-08-26 17:52:47","2026-08-26 17:52:47",,,,,
f6a8a12e6871401c9c48f9ab6590c99a,陆翥双,,,,,"","",不详,[],"[""清乡"", ""县长""]",抗日战争时期,汪伪政权,伪任职务：伪吴县县长，配合清乡运动，下乡摊派苛捐。。结局：战后逮捕，判处重刑关押苏州市地方...,[],"2026-08-26 17:52:47","2026-08-26 17:52:47",,,,,
f6b656073a464079b079c12b4deb2009,陈维康,,,,,exact,exact,"",[],"[""伪临榆县县长，驻山海关；组建伪警察，盘查山海关关隘，征集劳工粮草，搜捕地下抗日人员，执行长城封锁政策。""]",抗日战争时期,"",伪职：伪临榆县县长，驻山海关；组建伪警察，盘查山海关关隘，征集劳工粮草，搜捕地下抗日人员，执行长城封锁政策。；结局：1945 冀热辽部队收复山海关被俘，公审处决,[],"2026-08-27 03:29:02.099539","2026-08-27 03:29:02.099539",,,,,
f6cb5b6b41e046c5a9b094e9cfc49e0c,李凤和,,,,,exact,exact,涟水佃湖,[],"[""伪剿共军第一团团长""]",抗日战争时期,"",伪职：伪剿共军第一团团长；罪行：伪军主力头目，驻防佃湖据点，多次配合日军扫荡涟东根据地，烧杀抢掠，搜捕抗日干部群众淮安市政协。；结局：两淮战役被歼灭，本人被俘处决。,[],"2026-08-27 03:29:02.099435","2026-08-27 03:29:02.099435",,,,,
f6df10895bc44ece995cb8cea6ecfe9d,董树棠,,,,,exact,exact,盱眙县城,[],"[""伪盱眙保安大队副大队长""]",抗日战争时期,"",伪职：伪盱眙保安大队副大队长；罪行：执掌伪保安武装，配合特工队下乡扫荡盱嘉支队，捣毁乡村抗日救国会，抓捕杀害爱国群众宿迁日报。；结局：抗战胜利后汉奸罪判刑。,[],"2026-08-27 03:29:02.100066","2026-08-27 03:29:02.100066",,,,,
f6ede4a8727e43e58de7bf6c4285c208,张万海,,,,,exact,exact,南芬铁矿大把头,[],"[""充当日本监工爪牙，打骂、迫害矿工，克扣口粮，告密抓捕敢于反抗的矿工。""]",抗日战争时期,"",伪职：充当日本监工爪牙，打骂、迫害矿工，克扣口粮，告密抓捕敢于反抗的矿工。；罪行：解放后镇反处决。,[],"2026-08-27 03:29:02.091673","2026-08-27 03:29:02.091673",,,,,
f70e4f4ceb0d4feebff045661aca4b0c,刘勤,,,,,exact,exact,庆安、绥棱宋万金屯,"[""老石头""]","[""伪庆安警务科特务""]",抗日战争时期,"",伪职：伪庆安警务科特务；罪行：潜伏监视于天放等抗联地下人员，刺探抗联小分队行踪，搜集救国会情报，多次参与搜捕行动绥化新闻网。；结局：解放后被清算镇压。,[],"2026-08-27 03:29:02.098512","2026-08-27 03:29:02.098512",,,,,
f731f970a55646e293b68e07f5faffcf,胡秀柏,,,,,"","",贵州玉屏,[],"[""司令""]",抗日战争时期,汪伪政权,伪任职务：同善社骨干，黔东事变另一路司令，发展大量会众，散布日伪谣言，策划武装起事。。结局：暴动失败被俘处决,[],"2026-08-26 17:52:47","2026-08-26 17:52:47",,,,,
f7343d5b6854423aad9390e4ce797514,盛计然,,,,,"","",武进,[],"[""部长"", ""军长"", ""县长""]",抗日战争时期,汪伪政权,伪任职务：伪武进县密探队队长；先投顽军，后投靠日伪，捕杀武南县委妇女部长朱真，残害抗日人员常州史志。。结局：1942 年被武南短枪队就地镇压,[],"2026-08-26 17:52:47","2026-08-26 17:52:47",,,,,
f73aef9978dd4b6888a478524d93639f,郑有才,,,,,exact,exact,祁门西部（靠近东至沦陷区）,[],"[""祁门边境密探""]",抗日战争时期,"",伪职：祁门边境密探；罪行：往返日伪占领的至德（东至）与祁门，刺探祁门驻军情报，散布日军谣言，煽动乡民动摇。；结局：被祁门军警查获判刑。,[],"2026-08-27 03:29:02.104763","2026-08-27 03:29:02.104763",,,,,
f769017653204aac98e9b363f47d6332,李际春,,,,,exact,exact,天津籍,[],"[""伪宝坻维持会总头目，老牌汉奸；冀东事变时期勾结日军，组织伪军祸害京东各县。""]",抗日战争时期,"",伪职：伪宝坻维持会总头目，老牌汉奸；冀东事变时期勾结日军，组织伪军祸害京东各县。；结局：抗战胜利后逮捕，狱中病死,[],"2026-08-27 03:29:02.092019","2026-08-27 03:29:02.092019",,,,,
f78284d08c2f4c77a15c975de50229a9,郝寿恒,,,,,exact,exact,正定,[],"[""正定维持会核心成员，伪县公署科长，新民会骨干，协助吴赞周推行奴化教育、保甲连坐抖音百科。""]",抗日战争时期,"",伪职：正定维持会核心成员，伪县公署科长，新民会骨干，协助吴赞周推行奴化教育、保甲连坐抖音百科。；结局：抗战胜利后逮捕判刑,[],"2026-08-27 03:29:02.089452","2026-08-27 03:29:02.089452",,,,,
f78d7cab63dd4bfbafe1616bc75c87c7,李海山,,,,,exact,exact,西安县东部,[],"[""伪地方自卫团总头目""]",抗日战争时期,"",伪职：伪地方自卫团总头目；罪行：投靠日伪，带领自卫团配合日伪清乡，搜捕抗联人员，祸害乡村百姓。；结局：解放后镇反处决。,[],"2026-08-27 03:29:02.095079","2026-08-27 03:29:02.095079",,,,,
f7edf8ad85794fe388e8d965c97e4724,王倜,,,,,exact,exact,"",[],"[""后期伪元氏县长，利用职务挑拨伪军头目内讧，分化伪保安队，执行日伪各项政令。""]",抗日战争时期,"",伪职：后期伪元氏县长，利用职务挑拨伪军头目内讧，分化伪保安队，执行日伪各项政令。；结局：日本投降后逮捕判刑石家庄新闻...,[],"2026-08-27 03:29:02.084357","2026-08-27 03:29:02.084357",,,,,
f7f6caf4501f4e3f82607e78259bc4b0,王芝佐,,,,,exact,exact,抚宁,[],"[""台头营据点伪警备队长；驻守抚宁北部山区，多次扫荡迁卢抚昌根据地，刺探情报，抓捕爱国群众；七家寨暴动提前告密，致使暴动受损秦皇岛党史...。""]",抗日战争时期,"",伪职：台头营据点伪警备队长；驻守抚宁北部山区，多次扫荡迁卢抚昌根据地，刺探情报，抓捕爱国群众；七家寨暴动提前告密，致使暴动受损秦皇岛党史...。；结局：抗战后期被抗日武装就地锄奸击毙,[],"2026-08-27 03:29:02.081421","2026-08-27 03:29:02.081421",,,,,
f8526c2adca64afba420573c2bfe5532,李午樵,,,,,exact,exact,蓟县,[],"[""伪蓟县县长，配合日军制造盘山无人区。""]",抗日战争时期,"",伪职：伪蓟县县长，配合日军制造盘山无人区。；结局：战后逮捕判刑,[],"2026-08-27 03:29:02.092034","2026-08-27 03:29:02.092034",,,,,
f86b8472d6cb499a8d24972b151b7312,章树钦,,,,,exact,exact,嘉善全县,[],"[""伪嘉善县县长""]",抗日战争时期,"",伪职：伪嘉善县县长；罪行：汪伪委任嘉善伪县长，建立完整伪基层体系，征粮抓丁，配合沪杭沿线日军扫荡，破坏地下抗日组织。；结局：抗战胜利后逮捕判刑。,[],"2026-08-27 03:29:02.101143","2026-08-27 03:29:02.101143",,,,,
f87709bff6194bb883a382836b2dc2ee,邓洪恩,,,,,exact,exact,盂县,[],"[""伪盂东警备队长""]",抗日战争时期,"",伪职：伪盂东警备队长；罪行：驻守盂县东部据点，配合日军袭扰抗日根据地。；结局：解放后公审枪决,[],"2026-08-27 03:29:02.087695","2026-08-27 03:29:02.087695",,,,,
f87bf5474dfb4bf68b7bb12bf011659d,王疤眼,,,,,exact,exact,蔡里（今淮北杜集）淮北文明网,[],"[""伪伪军大队长""]",抗日战争时期,"",伪职：伪伪军大队长；罪行：原旧军官，投敌任伪军大队长；其子充当日军翻译，父子作恶，抓捕残害爱国人士，鱼肉乡里。；结局：1944 年中秋，被地下锄奸小组在婚宴上击毙淮北文明网。,[],"2026-08-27 03:29:02.104191","2026-08-27 03:29:02.104191",,,,,
f894ab8ad5074137b6072ccf7b3d4aa6,盛某,,,,,exact,exact,金东澧浦,"[""老盛，本名失传""]","[""澧浦伪乡长""]",抗日战争时期,"",伪职：澧浦伪乡长；罪行：澧浦伪乡政权头目，为日军催粮派差，向炮台据点日军递送情报，欺压乡间百姓金华市人民...。；结局：八大队夜袭澧浦，抓捕处决金华市人民...。,[],"2026-08-27 03:29:02.078708","2026-08-27 03:29:02.078708",,,,,
f8a0500153bc4da0baadc81c391f150a,王锁魁、李士义,,,,,exact,exact,晋城,[],"[""据点叛徒特务""]",抗日战争时期,"",伪职：据点叛徒特务；罪行：向敌告密，出卖抗日人员，协助日伪抓捕村干部。；结局：抗战时期被我方镇压,[],"2026-08-27 03:29:02.088338","2026-08-27 03:29:02.088338",,,,,
f8a665d6798d4da1aed218f93fc91b5d,李广龙,,,,,exact,exact,安次八洋庄,[],"[""八洋庄据点伪军中队长；四处清乡，抓捕杀害多名县区村干部，残害百姓。""]",抗日战争时期,"",伪职：八洋庄据点伪军中队长；四处清乡，抓捕杀害多名县区村干部，残害百姓。；结局：冀中十分区武工队锄奸击毙,[],"2026-08-27 03:29:02.083882","2026-08-27 03:29:02.083882",,,,,
f8e52490a2a7402eace9a60a1fd6ad4d,金石,,,,,exact,exact,蚌埠,[],"[""伪省党部组织科科长""]",抗日战争时期,"",伪职：伪省党部组织科科长；罪行：职业特务，专门发展伪组织成员，搜集社会情报，胁迫进步人士附逆，手段恶劣。；结局：抗战胜利后伏法。,[],"2026-08-27 03:29:02.103610","2026-08-27 03:29:02.103610",,,,,
f8e9fa99a5d44394a12dc8b12abc1056,姜全我,,,,,exact,exact,凤城,[],"[""伪凤城县警务科长、伪满少将""]",抗日战争时期,"",伪职：伪凤城县警务科长、伪满少将；罪行：原东北军投敌；长期在凤城、安东一带讨伐义勇军，制造多起惨案。；结局：1934 年被义勇军击毙。,[],"2026-08-27 03:29:02.092320","2026-08-27 03:29:02.092320",,,,,
f8fd1642b18d4a30af17f66ed424d304,赵琳,,,,,exact,exact,石家庄,[],"[""东亚商会会长，勾结日伪，搜刮工商物资，其妻金翠娥为妇女宣抚班班长。""]",抗日战争时期,"",伪职：东亚商会会长，勾结日伪，搜刮工商物资，其妻金翠娥为妇女宣抚班班长。；结局：1948 年外逃途中被劫毙命,[],"2026-08-27 03:29:02.078230","2026-08-27 03:29:02.078230",,,,,
f91851c61cc14e9089a18ca7091dd5d4,谢有生,,,,,exact,exact,"",[],"[""后期伪南皮县长；原伪渤海道保安科长，疯狂招兵买马搜刮钱财，1945 被伏击活捉。""]",抗日战争时期,"",伪职：后期伪南皮县长；原伪渤海道保安科长，疯狂招兵买马搜刮钱财，1945 被伏击活捉。；结局：1945 双庙村公审枪决,[],"2026-08-27 03:29:02.083627","2026-08-27 03:29:02.083627",,,,,
f91cbe5f67f5477f9d5391cc1be73717,罗君强,,,,,"","",湖南湘潭,[],"[""市长""]",抗日战争时期,汪伪政权,伪任职务：伪上海特别市副市长，汪伪高官，周佛海派系核心。结局：判处无期徒刑，1970 年上海监狱病逝红色文化网,[],"2026-08-26 17:52:47","2026-08-26 17:52:47",,,,,
f95461ecd68c4b2e9655b7302edf628a,戴阿苟,,,,,exact,exact,浦江黄宅据点,[],"[""浦江黄宅伪保安队长""]",抗日战争时期,"",伪职：浦江黄宅伪保安队长；罪行：伪军小头目，带队下乡劫掠，抓捕接济抗日队伍乡民，祸害浦江南乡。；结局：抗战后期被金萧支队击毙。,[],"2026-08-27 03:29:02.078773","2026-08-27 03:29:02.078773",,,,,
f96a803a34c94ed1948a478b3ce1832b,李玉清,,,,,exact,exact,鞍山,[],"[""伪鞍山市商会会长""]",抗日战争时期,"",伪职：伪鞍山市商会会长；罪行：为昭和制钢所、日伪当局摊派物资、强征商民，搜刮钢铁粮食供给日军；日本投降后出任鞍山市治安维持委员会委员长，勾结伪军警残余势力。；结局：解放后逮捕，以汉奸罪惩处。,[],"2026-08-27 03:29:02.091216","2026-08-27 03:29:02.091216",,,,,
f9723aac301c4a83a3686b6166709bd7,蓝步青,,,,,exact,exact,厦门沿海、近海岛屿,[],"[""伪福建和平救国军厦门伪军指挥官""]",抗日战争时期,"",伪职：伪福建和平救国军厦门伪军指挥官；罪行：黄莲舫举荐，指挥本地伪军，袭扰闽南沿海，劫掠船只，进攻内地游击武装。；结局：抗战胜利被国民党收编，后续被清算。,[],"2026-08-27 03:29:02.080534","2026-08-27 03:29:02.080534",,,,,
f984aa0abb32491da2ff101d92db35f1,王老墨,,,,,exact,exact,临城,[],"[""伪临城警备大队长；驻守临城、西竖据点，抓捕抗日干部群众。""]",抗日战争时期,"",伪职：伪临城警备大队长；驻守临城、西竖据点，抓捕抗日干部群众。；结局：临城解放被俘枪决,[],"2026-08-27 03:29:02.082110","2026-08-27 03:29:02.082110",,,,,
f9921d4321bd46d69f436f5c9d9703cf,汪北鸥,,,,,"","",江苏苏州,[],"[""清乡""]",抗日战争时期,汪伪政权,伪任职务：伪《江苏日报》社长，汪伪在苏州的核心喉舌，大肆刊登亲日投降言论，宣传清乡。。结局：战后汉奸罪判处徒刑,[],"2026-08-26 17:52:47","2026-08-26 17:52:47",,,,,
f996d70cbf5942b8a129bd600fb09c3e,高冠吾,,,,,"","",江苏崇明,[],"[""省级长官"", ""清乡""]",抗日战争时期,汪伪政权,伪任职务：汪伪第二任伪江西省省长，此前任江苏、安徽伪省长，主持赣北清乡。结局：抗战胜利后隐匿，1953 年病死于济南狱中抖音百科,[],"2026-08-26 17:52:47","2026-08-26 17:52:47",,,,,
f9a814e9eff94a87aba1da68295259aa,汪翱,,,,,exact,exact,长兴、太湖西南沿岸,[],"[""伪苏浙皖三省边区剿匪指挥官""]",抗日战争时期,"",伪职：伪苏浙皖三省边区剿匪指挥官；罪行：原我方人员叛变投敌，手握伪军武装，四处游说抗日武装投降，扫荡长兴山区抗日根据地，残害爱国军民。；结局：1939 年被长超抗日义勇军诱捕处决。,[],"2026-08-27 03:29:02.101923","2026-08-27 03:29:02.101923",,,,,
f9ce3cb307a54da28b13decc4b1f7e7c,周铁铮,,,,,exact,exact,建昌（原凌南）,[],"[""伪凌南县县长""]",抗日战争时期,"",伪职：伪凌南县县长；罪行：建昌药王庙一带抗日斗争激烈；执行集家并村，制造无人区，配合日伪扫荡，抓捕抗日干部群众。；结局：抗战胜利逮捕重判。,[],"2026-08-27 03:29:02.093807","2026-08-27 03:29:02.093807",,,,,
fa2085c7329e449cba5e5701004a3bbd,王锡九,,,,,exact,exact,"",[],"[""伪怀安县县长；强征粮秣，管控柴沟堡交通要道，配合日军清乡。""]",抗日战争时期,"",伪职：伪怀安县县长；强征粮秣，管控柴沟堡交通要道，配合日军清乡。；结局：战后逮捕判刑,[],"2026-08-27 03:29:02.082933","2026-08-27 03:29:02.082933",,,,,
fa49d58fea554d27a416563ec4e14142,冯雨笙,,,,,"","",常州,[],[],抗日战争时期,汪伪政权,伪任职务：继任伪商会会长，执行日伪物资统制，管制粮、棉、布。。结局：汉奸罪判处有期徒刑,[],"2026-08-26 17:52:47","2026-08-26 17:52:47",,,,,
fa52a35dd676488b9ec53ab3a2cd6735,陈其华,,,,,exact,exact,乌丘岛、莆田近海,[],"[""伪和平救国军一路军司令，驻乌丘屿""]",抗日战争时期,"",伪职：伪和平救国军一路军司令，驻乌丘屿；罪行：驻守乌丘核心据点，岛上设立日军气象站、补给站；管控海上航运，贩运鸦片、日货，截击我方海上交通船；闽中海上游击队曾截获其巨额物资船莆田晚报。；结局：被军统特务诱杀。,[],"2026-08-27 03:29:02.079958","2026-08-27 03:29:02.079958",,,,,
fa541002f3644d3aa7391a24136175a8,孙光辉,,,,,exact,exact,滁县、乌衣、沙河集铁路沿线,[],"[""伪军樱挺进队司令、伪滁县保安大队长""]",抗日战争时期,"",伪职：伪军樱挺进队司令、伪滁县保安大队长；罪行：本地伪军主力头目，手下五百余人，驻守滁城及外围据点；频繁袭扰淮南根据地，搜捕地下人员；日军投降后摇身投靠国民党继续作恶中国人民政...。；结局：1950 年公审枪决。,[],"2026-08-27 03:29:02.104862","2026-08-27 03:29:02.104862",,,,,
fa58124bfea1433081360e358a45af9d,林炳东,,,,,exact,exact,福州城内,[],"[""伪特务骨干""]",抗日战争时期,"",伪职：伪特务骨干；罪行：蔡金兰同伙，告密陷害进步群众，敲诈市民财物。；结局：1946‑06‑05 枪决。,[],"2026-08-27 03:29:02.080193","2026-08-27 03:29:02.080193",,,,,
fa8a36e98a2a4754a4f299896a696cb0,沈夕俩,,,,,exact,exact,蚌埠城区,[],"[""伪蚌埠警备司令""]",抗日战争时期,"",伪职：伪蚌埠警备司令；罪行：执掌伪警备武装，负责蚌埠城防，镇压城区爱国活动，下乡配合日军扫荡怀远、凤阳乡村。；结局：1951 年蚌埠公审枪决。,[],"2026-08-27 03:29:02.103523","2026-08-27 03:29:02.103523",,,,,
fa9ca90a6e3945c79437edf2b8b892d5,吴正荣,,,,,exact,exact,无锡城区,[],"[""伪侦缉队队长""]",抗日战争时期,"",伪职：伪侦缉队队长；罪行：老牌流氓汉奸，手上残害大量共产党、爱国志士，滥施酷刑，为日军大肆抓捕群众无锡市档案...。；结局：1939 年被尤国桢锄奸团击毙。,[],"2026-08-27 03:29:02.098692","2026-08-27 03:29:02.098692",,,,,
fab47d9a954e4250bdf6cde6c0e09858,刘寿天,,,,,exact,exact,"",[],"[""伪桦甸县县长""]",抗日战争时期,"",伪职：伪桦甸县县长；罪行：桦甸为抗联重要游击区；配合日伪大讨伐，强征粮食劳工。；结局：战后汉奸罪判刑。,[],"2026-08-27 03:29:02.094429","2026-08-27 03:29:02.094429",,,,,
fae83377f99d4e708a7b61b68a037ec4,哈斯巴特尔,,,,,exact,exact,海拉尔,[],"[""伪兴安北省警务厅特务科长；指挥国境警察、特务，在海拉尔、满洲里大搜捕，刑讯爱国人士，向关东军提供情报。""]",抗日战争时期,"",伪职：伪兴安北省警务厅特务科长；指挥国境警察、特务，在海拉尔、满洲里大搜捕，刑讯爱国人士，向关东军提供情报。；结局：解放后镇反公审枪决,[],"2026-08-27 03:29:02.086353","2026-08-27 03:29:02.086353",,,,,
fafbf39973284cb6988814bff82a1cd3,高玉芝、魏东风、司营、任宝合,,,,,exact,exact,迁安北部无人区,[],"[""本地干部叛变投敌；充当特务，刺探情报，带领日军扫荡长城沿线根据地，破坏我方基层组织唐山党史网。""]",抗日战争时期,"",伪职：本地干部叛变投敌；充当特务，刺探情报，带领日军扫荡长城沿线根据地，破坏我方基层组织唐山党史网。；结局：抗战期间陆续被锄奸 / 战后清算处决,[],"2026-08-27 03:29:02.091886","2026-08-27 03:29:02.091886",,,,,
faff644465c149f39c149f48818ceb1b,刘长伦,,,,,exact,exact,时村、尹集，濉溪东部边境,[],"[""伪连长""]",抗日战争时期,"",伪职：伪连长；罪行：带领便衣特务袭击尹集区抗日区公所，图谋杀害我区长；四处搜集根据地情报，绑架群众勒索钱财。；结局：时村攻破被俘，镇压处决。,[],"2026-08-27 03:29:02.104238","2026-08-27 03:29:02.104238",,,,,
fb255d4b737f49d3ba151a737793d658,潘文忠,,,,,exact,exact,吴兴练市,[],"[""伪练市区区长""]",抗日战争时期,"",伪职：伪练市区区长；罪行：清乡时期伪区长，推行保甲，搜集抗日情报，迫害接济游击队乡民。；结局：被战时青年服务队暗杀锄奸。,[],"2026-08-27 03:29:02.101367","2026-08-27 03:29:02.101367",,,,,
fb3677497fdb4c9591ba5814eb0e0c3f,曲焕文,,,,,exact,exact,赤峰,[],"[""伪赤峰警察署署长；随同讨伐队下乡，勒索、抓捕抗日家属。""]",抗日战争时期,"",伪职：伪赤峰警察署署长；随同讨伐队下乡，勒索、抓捕抗日家属。；结局：1945 被俘处决,[],"2026-08-27 03:29:02.085460","2026-08-27 03:29:02.085460",,,,,
fb53b117970d480b854d90df10577011,周香亭,,,,,exact,exact,"",[],"[""伪吴桥县县长；依托津浦铁路，修筑大量炮楼。""]",抗日战争时期,"",伪职：伪吴桥县县长；依托津浦铁路，修筑大量炮楼。；结局：战后汉奸罪判处长期徒刑,[],"2026-08-27 03:29:02.083706","2026-08-27 03:29:02.083706",,,,,
fb649aef65ba49719a2c9552a957793f,张阿龙,,,,,exact,exact,大鱼山、岱山,[],"[""伪军大洋山独立中队副分队长""]",抗日战争时期,"",伪职：伪军大洋山独立中队副分队长；罪行：表面假意接触我方，暗中窥探军情，连夜向岱山日军告密，直接引发大鱼山血战，造成我方重大伤亡岱山新闻网。；结局：抗战胜利后捕获公审处决。,[],"2026-08-27 03:29:02.102322","2026-08-27 03:29:02.102322",,,,,
fb89f26b254c43938481790411e2672f,王静修,,,,,exact,exact,辽宁沈阳,[],"[""伪奉天警备司令，伪陆军上将""]",抗日战争时期,"",伪职：伪奉天警备司令，伪陆军上将；罪行：奉军出身，投敌掌管奉天伪军，维持沈阳及周边治安，围剿抗日武装，配合日军清乡。；结局：1945 被苏军俘获，关押抚顺战犯管理所，病死狱中。,[],"2026-08-27 03:29:02.090644","2026-08-27 03:29:02.090644",,,,,
fb9d4df60d18468cab747928c40b097d,赵万斌,,,,,exact,exact,"",[],"[""伪满首都警察厅理事官（长春华人警务头目）""]",抗日战争时期,"",伪职：伪满首都警察厅理事官（长春华人警务头目）；罪行：掌管首都华人伪警察，搜捕地下党、爱国学生工人；八一五后被于镜涛任命为长春市公安总局局长，全盘留用伪警。；结局：解放后逮捕，汉奸罪重判。,[],"2026-08-27 03:29:02.094026","2026-08-27 03:29:02.094026",,,,,
fbc96471835f4041bc629b2a6688b4c2,袁庆汉,,,,,exact,exact,青龙干沟,"[""袁大白话""]","[""干沟维持会会长；逼迫百姓迁入人圈，告密山区群众与八路军往来，制造血案。""]",抗日战争时期,"",伪职：干沟维持会会长；逼迫百姓迁入人圈，告密山区群众与八路军往来，制造血案。；结局：1945 公审处决,[],"2026-08-27 03:29:02.081493","2026-08-27 03:29:02.081493",,,,,
fbcb2c1370014fbf81b5db3efe7bbc26,胡履义,,,,,exact,exact,淮阴城区,[],"[""清江浦四大魔王之一，伪商会骨干""]",抗日战争时期,"",伪职：清江浦四大魔王之一，伪商会骨干；罪行：商界汉奸，为日军强征物资，勒索商户，拉拢士绅归顺日伪，资助伪政权。；结局：抗战胜利后被捕判刑。,[],"2026-08-27 03:29:02.100100","2026-08-27 03:29:02.100100",,,,,
fbe171be5c0042b8b8452df9ca3b1722,宋寿山,,,,,exact,exact,沙河,[],"[""伪沙河县维持会会长、首任伪县长；迎接日军入城，组建伪警备队，管控平汉铁路沙河沿线据点。""]",抗日战争时期,"",伪职：伪沙河县维持会会长、首任伪县长；迎接日军入城，组建伪警备队，管控平汉铁路沙河沿线据点。；结局：战后汉奸罪判处徒刑,[],"2026-08-27 03:29:02.082063","2026-08-27 03:29:02.082063",,,,,
fbfbee7630e049e5b7c27ef3f518dc7c,于俊峰,,,,,exact,exact,汤旺河、老钱柜一带,"[""于五炮""]","[""伪山林警察大队副大队长，于四炮之弟""]",抗日战争时期,"",伪职：伪山林警察大队副大队长，于四炮之弟；罪行：协助兄长管理伪山林警察，迫害伐木工人，搜剿抗联密营；参与镇压汤原抗日群众。；结局：老钱柜战斗被俘，反正后又复叛，后被抗联处决。,[],"2026-08-27 03:29:02.096841","2026-08-27 03:29:02.096841",,,,,
fc05f819ee154f3c801dd1ec519f389f,蓝步青,,,,,"","",福建,[],"[""军长""]",抗日战争时期,伪军,伪任职务：厦门伪军指挥官，黄莲舫举荐，配合日军进犯闽南沿海。结局：抗战胜利被捕公审枪决,[],"2026-08-26 17:52:47","2026-08-26 17:52:47",,,,,
fc11e71ba05e46468bbb79882d8168f8,张景惠,,,,,exact,exact,辽宁台安,[],"[""伪满国务总理大臣，协和会会长""]",抗日战争时期,"",伪职：伪满国务总理大臣，协和会会长；罪行：伪满在位最久总理，完全听命关东军；签署大量镇压、掠夺法令，疯狂掠夺东北粮食矿产，配合讨伐抗日武装。八一五后组建长春治安维持会。；结局：苏军逮捕押苏联，1950 引渡抚顺战犯管理所，1959 年狱中病死。,[],"2026-08-27 03:29:02.093903","2026-08-27 03:29:02.093903",,,,,
fc1b4ed5bded4dd2ba6fd4e024343357,叶善德,,,,,exact,exact,松阳城关,[],"[""松阳维持会干事""]",抗日战争时期,"",伪职：松阳维持会干事；罪行：为日军搜集物资，胁迫乡绅出面合作，充当日军下乡向导。；结局：附逆罪判处徒刑。,[],"2026-08-27 03:29:02.102654","2026-08-27 03:29:02.102654",,,,,
fc235ebbb60c4e4086fbcb3eac6bab69,杨老黑,,,,,exact,exact,雄县,[],"[""伪雄县警备大队长；驻守雄县城及昝岗据点，下乡扫荡。""]",抗日战争时期,"",伪职：伪雄县警备大队长；驻守雄县城及昝岗据点，下乡扫荡。；结局：雄县解放被俘处决,[],"2026-08-27 03:29:02.082653","2026-08-27 03:29:02.082653",,,,,
fc4a527d1b2a4c0aa1fb154e620f1f85,刘秉钧,,,,,exact,exact,合肥,[],"[""伪合肥县教育科长""]",抗日战争时期,"",伪职：伪合肥县教育科长；罪行：推行奴化教育，改编中小学教材，强迫学校开设日语课，查禁爱国书刊。；结局：战后肃奸判刑。,[],"2026-08-27 03:29:02.102883","2026-08-27 03:29:02.102883",,,,,
fc4b9f7fd53d455ca1ad2b70da4352cb,郜德恩,,,,,exact,exact,犁桥,[],"[""犁桥维持会会长""]",抗日战争时期,"",伪职：犁桥维持会会长；罪行：犁桥早期维持会头目，迎接日军进驻据点，办理良民证，催粮派夫，抓捕地方爱国群众，充当日军向导下乡扫荡。；结局：被长江锄奸团铲除处决。,[],"2026-08-27 03:29:02.104357","2026-08-27 03:29:02.104357",,,,,
fc76fecbfd0e4ed39a20245cbb616197,方守业,,,,,exact,exact,舒城千人桥,[],"[""舒城投敌叛徒""]",抗日战争时期,"",伪职：舒城投敌叛徒；罪行：原地方自卫队员，被俘投敌，潜回舒城东乡策动乡丁哗变，刺探四支队活动情报。；结局：新四军地方武工队锄奸处决。,[],"2026-08-27 03:29:02.105573","2026-08-27 03:29:02.105573",,,,,
fc8f076e79b9491e8aa8eda6b8b2c98e,谢叶生,,,,,"","",江都公道镇,[],"[""军长""]",抗日战争时期,伪军,伪任职务：伪地方情报头目，与伪军高层结拜，大开香堂收徒近百人，给日伪提供情报。。结局：抗战胜利公审镇压邗江史志网,[],"2026-08-26 17:52:47","2026-08-26 17:52:47",,,,,
fcc98f46fc2e474bb5e7e13ea53210fd,陈宪卿,,,,,exact,exact,临海城关,[],"[""临海附逆汉奸""]",抗日战争时期,"",伪职：临海附逆汉奸；罪行：日军过境沦陷期间投靠敌寇，充当向导，搜集城内情报，胁迫商绅资敌。；结局：1944 年 9 月第七行政督察区在临海公审处决台州史志。,[],"2026-08-27 03:29:02.102487","2026-08-27 03:29:02.102487",,,,,
fce4f255b39647dfb0aff4abfbd45e53,张海生,,,,,"","",安徽泗县,[],"[""省级长官"", ""军长"", ""司令""]",抗日战争时期,汪伪政权,伪任职务：伪淮海省第六总队司令，盘踞张楼据点，捕杀新四军与群众，抵抗解放进攻。结局：1951 年公审枪决,[],"2026-08-26 17:52:47","2026-08-26 17:52:47",,,,,
fcf51ca6732243eabbd9c588c54554d7,阎啸风,,,,,exact,exact,"",[],"[""伪翼城县县长""]",抗日战争时期,"",伪职：伪翼城县县长；罪行：日军占领翼城后组建伪公署；修筑据点，征粮抓丁，配合日军扫荡翼城东部山区。；结局：战后逮捕判刑,[],"2026-08-27 03:29:02.090201","2026-08-27 03:29:02.090201",,,,,
fd39fe30ac78495281c1b47dee5e0152,江云生,,,,,exact,exact,贵池马衙,[],"[""伪乡维持头目""]",抗日战争时期,"",伪职：伪乡维持头目；罪行：基层伪头目，带路日军下乡烧杀，检举革命家属，勒索村庄财物。；结局：抗日民主政府抓捕正法。,[],"2026-08-27 03:29:02.105927","2026-08-27 03:29:02.105927",,,,,
fdc303686c0a4c41a8f2deb0154462ba,魏运衡,,,,,exact,exact,"",[],"[""伪本溪县县长""]",抗日战争时期,"",伪职：伪本溪县县长；罪行：主持本溪县伪公署，推行集团部落，配合日伪对赛马集、草河掌抗联根据地讨伐，强征劳工粮食本溪纪检监...。；结局：抗战胜利逮捕，汉奸罪判刑。,[],"2026-08-27 03:29:02.091591","2026-08-27 03:29:02.091591",,,,,
fddcbc3fa23f47788a2c3ddbafac33e5,张爱仁,,,,,exact,exact,"",[],"[""伪冀东警备团团长，团部驻北戴河‑海阳一线；假意联络八路军起义，实际勾结日军设伏，企图围歼我方部队，破坏滦东情报网。""]",抗日战争时期,"",伪职：伪冀东警备团团长，团部驻北戴河‑海阳一线；假意联络八路军起义，实际勾结日军设伏，企图围歼我方部队，破坏滦东情报网。；结局：被日军怀疑私通八路，逮捕押解，判处十年徒刑送回日本,[],"2026-08-27 03:29:02.081397","2026-08-27 03:29:02.081397",,,,,
fdee332013fd49c59e050ac92368271e,黄希文,,,,,exact,exact,"",[],"[""伪磁县县长（知事），精通日语；编纂伪磁县县志，推行奴化教育，管控彭城陶瓷产业为日军掠夺资源，组织伪警备队扫荡磁西山区根据地邯郸日报社。""]",抗日战争时期,"",伪职：伪磁县县长（知事），精通日语；编纂伪磁县县志，推行奴化教育，管控彭城陶瓷产业为日军掠夺资源，组织伪警备队扫荡磁西山区根据地邯郸日报社。；结局：抗战胜利逮捕，判处长期监禁,[],"2026-08-27 03:29:02.078460","2026-08-27 03:29:02.078460",,,,,
fdf8132a36aa4aaba3cac3d3d5d3a415,李荫棠,,,,,exact,exact,"",[],"[""伪平泉县县长；平泉是日伪扫荡承平宁根据地指挥中心，强修炮楼人圈，大检举抓捕抗日人员。""]",抗日战争时期,"",伪职：伪平泉县县长；平泉是日伪扫荡承平宁根据地指挥中心，强修炮楼人圈，大检举抓捕抗日人员。；结局：战后汉奸罪判处长期徒刑,[],"2026-08-27 03:29:02.083317","2026-08-27 03:29:02.083317",,,,,
fe0f02a66954411e8f58837f2959b52b,刘善之,,,,,exact,exact,"",[],"[""伪尧山县县长；修筑大量炮楼，封锁滏阳河两岸。""]",抗日战争时期,"",伪职：伪尧山县县长；修筑大量炮楼，封锁滏阳河两岸。；结局：战后汉奸罪判处徒刑,[],"2026-08-27 03:29:02.082133","2026-08-27 03:29:02.082133",,,,,
fe357bd3306d4f199e9071c14b190a62,周仕安,,,,,exact,exact,博望铜山‑谢村,[],"[""铜山伪军头目""]",抗日战争时期,"",伪职：铜山伪军头目；罪行：勾结刀会势力，递送情报，抓捕游击队员，打压横山地区抗日活动；抗战胜利后潜逃芜湖潜伏。；结局：1947 年落网，判处死刑。,[],"2026-08-27 03:29:02.104009","2026-08-27 03:29:02.104009",,,,,
fe539d787b934b6699689c8386843ffd,和梦九,,,,,exact,exact,威县出身，后期任伪平乡县长,[],"[""先威县大汉奸，后任伪平乡县长；日降后被国民党收编为保安第三旅长；收拢伪军顽抗。""]",抗日战争时期,"",伪职：先威县大汉奸，后任伪平乡县长；日降后被国民党收编为保安第三旅长；收拢伪军顽抗。；结局：1945 被冀南西支队活捉，公审枪决威县发布,[],"2026-08-27 03:29:02.082206","2026-08-27 03:29:02.082206",,,,,
fe7b05043736468883e25b156ed45a85,费宏阁,,,,,exact,exact,濉溪古饶费寨濉溪县人民...,[],"[""费寨土圩附逆头目""]",抗日战争时期,"",伪职：费寨土圩附逆头目；罪行：地主武装头目，依附日伪固守费寨圩子，对抗抗日游击队，窝藏汉奸，拒绝向抗日政府交粮。；结局：抗日武装攻打费寨，圩破被俘惩处。,[],"2026-08-27 03:29:02.104222","2026-08-27 03:29:02.104222",,,,,
fe818799b7814b0ba805169d6dd5221e,矮子黄麻子,,,,,exact,exact,武阳本地人,[],"[""伪保长""]",抗日战争时期,"",伪职：伪保长；罪行：为日军引路围剿抚河沿岸村庄；结局：暂无明确结局记载,[],"2026-08-27 03:29:02.077949","2026-08-27 03:29:02.077949",,,,,
fe83c0e72c8e436685ea37318e57633c,丛景和,,,,,exact,exact,凤城,[],"[""伪凤城县县长""]",抗日战争时期,"",伪职：伪凤城县县长；罪行：主持凤城伪县公署，推行集团部落，强征劳工，配合日伪讨伐抗联与义勇军。；结局：抗战胜利逮捕，汉奸罪判刑。,[],"2026-08-27 03:29:02.092328","2026-08-27 03:29:02.092328",,,,,
fe87a5c066a34aa8b15e21b3027111c2,郑德民,,,,,exact,exact,闽东海域,[],"[""伪和平救国军副司令""]",抗日战争时期,"",伪职：伪和平救国军副司令；罪行：张逸舟副手，多次率船窜犯霞浦、福鼎沿海，劫掠船只，参与杀害林义和，兼有伪军、军统双重身份。；结局：战后肃奸逮捕判刑。,[],"2026-08-27 03:29:02.078886","2026-08-27 03:29:02.078886",,,,,
feaa46353e214e6687f0e98a1c260f07,段宝麟,,,,,exact,exact,翼城,[],"[""伪翼城警备大队长""]",抗日战争时期,"",伪职：伪翼城警备大队长；罪行：驻守翼城县城、桥上据点，抓捕抗日干部群众。；结局：解放后镇压处决,[],"2026-08-27 03:29:02.090209","2026-08-27 03:29:02.090209",,,,,
feaf44d14a2742c99fa00c51dc6296e8,孙赓尧,,,,,exact,exact,兴城,[],"[""伪兴城县县长""]",抗日战争时期,"",伪职：伪兴城县县长；罪行：伪满兴城县主官，推行集团部落，强征国兵、劳工，管控沿海口岸，盘查过往人员，围剿辽西义勇军。；结局：光复后逮捕判刑。,[],"2026-08-27 03:29:02.093761","2026-08-27 03:29:02.093761",,,,,
fee44354b0fb4c8ba865310e71c90d5b,胡玉堂,,,,,exact,exact,博望小丹阳、铜山山区,[],"[""铜山伪军头目""]",抗日战争时期,"",伪职：铜山伪军头目；罪行：土匪投敌，数百武装盘踞苏皖边界；替日军看守向山铁矿，抓捕逃跑矿工；拦截抗日物资，配合刀会武装攻打横山抗日根据地，焚毁基层抗日驻地。；结局：1941 年锄奸行动抓捕归案，判处死刑。,[],"2026-08-27 03:29:02.104001","2026-08-27 03:29:02.104001",,,,,
ff03e3be1e744216bd230ae7f0482c9c,张逢源,,,,,exact,exact,阳城,[],"[""伪阳城县县长""]",抗日战争时期,"",伪职：伪阳城县县长；罪行：搭建阳城伪县公署，修筑炮楼，推行治安强化运动，配合日军反复扫荡阳南根据地。；结局：战后汉奸罪判刑,[],"2026-08-27 03:29:02.088401","2026-08-27 03:29:02.088401",,,,,
ff0a4f807f20478499dd5c310a458ace,董康,,,,,"","",江苏武进,[],"[""委员长""]",抗日战争时期,华北伪临时政府,伪任职务：伪华北政务委员会司法委员会委员长，北平法学界附逆代表。结局：被捕判刑，保外就医后病亡,[],"2026-08-26 17:52:47","2026-08-26 17:52:47",,,,,
ff0f51e0464b46db969d29fa8d335d98,周阿桂,,,,,exact,exact,海门、葭沚、路桥一带,[],"[""海门（椒江）日军便衣密探""]",抗日战争时期,"",伪职：海门（椒江）日军便衣密探；罪行：地痞投敌，刺探我方自卫队情报，引导日军登陆扫荡，告密抓捕爱国青年。；结局：被地方抗日自卫队锄奸处决。,[],"2026-08-27 03:29:02.102504","2026-08-27 03:29:02.102504",,,,,
ff1135ded40c4c4b8115f71c7ad88d0d,童兆鹏,,,,,exact,exact,顺安镇,[],"[""顺安双料情报特务""]",抗日战争时期,"",伪职：顺安双料情报特务；罪行：周旋于日伪与国民党特务之间，为崔光汉牵线勾结中统，双向递送情报，破坏地下交通线。；结局：抗战胜利后逮捕重判。,[],"2026-08-27 03:29:02.104379","2026-08-27 03:29:02.104379",,,,,
ff124d17ee364b17826c0b21e8f6552a,胡朝珍,,,,,exact,exact,犁桥,[],"[""犁桥伪地方骨干""]",抗日战争时期,"",伪职：犁桥伪地方骨干；罪行：追随叶茂华、郜德恩，刺探游击武装动向，告密抓捕地下工作人员，敲诈乡间百姓。；结局：锄奸行动就地镇压。,[],"2026-08-27 03:29:02.104364","2026-08-27 03:29:02.104364",,,,,
ff162b943b32481ba8742eb32234888e,李圣五,,,,,"","",山东泰安,[],"[""部长""]",抗日战争时期,汪伪政权,伪任职务：汪伪司法行政部部长，主持伪司法系统，为日伪统治提供法理包装光明数字报。。结局：汉奸罪判处 15 年徒刑,[],"2026-08-26 17:52:47","2026-08-26 17:52:47",,,,,
ff408c2a8d374adf9ddbf08e41909eb3,吴显庭,,,,,exact,exact,呼玛、漠河一带,[],"[""伪呼玛县县长""]",抗日战争时期,"",伪职：伪呼玛县县长；罪行：主持呼玛伪县公署，执行集团部落、粮食掠夺，管控金矿资源，配合日军封锁中苏边境，迫害边境爱国边民。；结局：日本投降后潜逃，后被捕获审判。,[],"2026-08-27 03:29:02.098423","2026-08-27 03:29:02.098423",,,,,
ff421f1d141b413786269f25a1ec07f8,袁道隆,,,,,exact,exact,广德县城、誓节渡,"[""袁道降""]","[""广德维持会骨干""]",抗日战争时期,"",伪职：广德维持会骨干；罪行：石佐民主要爪牙，办理良民证，搜刮物资，协助管控广德外围据点，迫害抗日家属。；结局：肃奸运动判处死刑。,[],"2026-08-27 03:29:02.106251","2026-08-27 03:29:02.106251",,,,,
ff4d707c259a4a1a84e0f59326d44704,李老歪,,,,,exact,exact,福鼎沙埕、前岐闽浙边界,[],"[""日特情报联络员""]",抗日战争时期,"",伪职：日特情报联络员；罪行：由浙南日伪特务机关派出，混迹闽浙边境集镇，打探军队调动，引诱沿海渔民下海参加伪军。；结局：福鼎军警稽查处捕获，判处死刑。,[],"2026-08-27 03:29:02.078923","2026-08-27 03:29:02.078923",,,,,
ff6cbdd7993544ad9eda0f0e19cfd288,壮耀明,,,,,exact,exact,芜湖,[],"[""汪伪芜湖特工侦行股股长""]",抗日战争时期,"",伪职：汪伪芜湖特工侦行股股长；罪行：特务行动头目，带队抓捕、绑架爱国人士，实施酷刑迫害中国人民政...。；结局：战后伏法。,[],"2026-08-27 03:29:02.103347","2026-08-27 03:29:02.103347",,,,,
ff6e13d8f9224bd9893c551cb45178f9,马梦吉,,,,,exact,exact,抚宁,[],"[""伪抚宁县县长，强化沿海管控，盘查海上交通线。""]",抗日战争时期,"",伪职：伪抚宁县县长，强化沿海管控，盘查海上交通线。；结局：战后判处有期徒刑,[],"2026-08-27 03:29:02.091973","2026-08-27 03:29:02.091973",,,,,
ff873956ce7344f2a5ae6a5812cc060f,张书翰,,,,,exact,exact,"",[],"[""伪磐石县县长""]",抗日战争时期,"",伪职：伪磐石县县长；罪行：磐石是抗联诞生地；推行集团部落，拆房归屯，疯狂搜捕抗联地下组织，迫害抗联家属。；结局：解放后公审判处重刑。,[],"2026-08-27 03:29:02.094654","2026-08-27 03:29:02.094654",,,,,
ffb798caaeed40acb67a749dc5a8b4d1,赵云椿,,,,,exact,exact,抚宁,[],"[""第一任伪抚宁县县长，组建伪县公署、警备队、新民会；冀东大暴动期间调集伪军围剿七家寨抗日暴动队伍，制造重大伤亡，推行清乡、抓丁征粮。""]",抗日战争时期,"",伪职：第一任伪抚宁县县长，组建伪县公署、警备队、新民会；冀东大暴动期间调集伪军围剿七家寨抗日暴动队伍，制造重大伤亡，推行清乡、抓丁征粮。；结局：日本投降后潜逃，1946 年抓捕归案镇压,[],"2026-08-27 03:29:02.095997","2026-08-27 03:29:02.095997",,,,,
ffc6b79cbc244e6d87998a6996c37e31,赵云椿,,,,,exact,exact,抚宁,[],"[""第一任伪抚宁县县长，组建伪县公署、警备队、新民会；1938 年调集伪军围剿七家寨抗日暴动队伍，制造重大伤亡，推行清乡抓丁征粮。""]",抗日战争时期,"",伪职：第一任伪抚宁县县长，组建伪县公署、警备队、新民会；1938 年调集伪军围剿七家寨抗日暴动队伍，制造重大伤亡，推行清乡抓丁征粮。；结局：日本投降后潜逃，1946 抓捕归案镇压,[],"2026-08-27 03:29:02.081413","2026-08-27 03:29:02.081413",,,,,
ffed46ff0f004f1d80552272798441b5,谷次亨,,,,,exact,exact,大连,[],"[""伪满总务厅次长、民生部大臣，曾任伪安东省厅长""]",抗日战争时期,"",伪职：伪满总务厅次长、民生部大臣，曾任伪安东省厅长；罪行：伪满实权汉奸，主导鸦片政策、奴化教育，强征劳工，参与东边道大讨伐。；结局：苏军逮捕，抚顺战犯管理所，后期特赦释放吉林省地方...。,[],"2026-08-27 03:29:02.093976","2026-08-27 03:29:02.093976",,,,,
fff9050883b7437b9d6671445eee52f2,刀保固,,,,,"","",云南芒市,[],"[""军长""]",抗日战争时期,汪伪政权,伪任职务：土司家族，追随刀保图投敌，组织伪自卫团，配合日军统治边境地区。结局：战后逮捕判刑,[],"2026-08-26 17:52:47","2026-08-26 17:52:47",,,,,
fffc56a7b0114849b430e6db28f4ba9a,顾玉山,,,,,exact,exact,颍上、阜阳交界,[],"[""日伪派遣联络员""]",抗日战争时期,"",伪职：日伪派遣联络员；罪行：往返凤台伪政权与阜阳后方，传递情报，掩护敌特潜入，引诱部分人员投奔敌占区。；结局：武工队锄奸行动就地处决。,[],"2026-08-27 03:29:02.105129","2026-08-27 03:29:02.105129",,,,,
