姓名,籍贯,省份,城市,身份标签,严重度,恶性事件类型,涉及事件名称,罪行摘要,恶性事件详情,结局
任凤昌,芜湖老城区,安徽,芜湖,[芜湖维持会首任会长],HIGH,屠杀、大屠杀,制造城内大屠杀,伪职：芜湖维持会首任会长；罪行：引狼入室，带日军从竹丝港开进芜湖，制造城内大屠杀；组建最早伪维持会，搜刮财物，强征粮草资敌。；结局：解放后公审镇压处决。,罪行：引狼入室，带日军从竹丝港开进芜湖，制造城内大屠杀,解放后公审镇压处决。
何举之,,,,[伪清丰县县长；依附日军，掠夺粮棉物资，制造多起抓捕惨案。],HIGH,惨案,制造多起抓捕惨案,伪职：伪清丰县县长；依附日军，掠夺粮棉物资，制造多起抓捕惨案。；结局：战后逮捕判刑,依附日军，掠夺粮棉物资，制造多起抓捕惨案。,战后逮捕判刑
余传忠,江西瑞昌,江西,九江,"[军长, 县长]",HIGH,屠杀、扫荡,,伪任职务：伪瑞昌县县长、伪保安总队长，多次带路扫荡，屠杀抗日军民。结局：1945 年日本投降后被诱捕捕杀,伪任职务：伪瑞昌县县长、伪保安总队长，多次带路扫荡，屠杀抗日军民。结局：1945 年日本投降后被诱捕捕杀,1945 年日本投降后被诱捕捕杀
余昆山,望江杨湾,安徽,安庆,[杨湾汉奸],HIGH,惨案,参与杨湾惨案,伪职：杨湾汉奸；罪行：搜集乡间情报向日军告密，参与杨湾惨案，敲诈当地乡民财物望江新闻网。；结局：捕获后依法镇压。,罪行：搜集乡间情报向日军告密，参与杨湾惨案，敲诈当地乡民财物望江新闻网。,捕获后依法镇压。
关雅亭,通辽,内蒙古,通辽,[伪兴安南警备军副官处长；参与策划 “归还兵惨案”，诱骗起义蒙古武装，协助日军解除武装、屠杀起义官兵。],HIGH,惨案、屠杀,归还兵惨案,伪职：伪兴安南警备军副官处长；参与策划 “归还兵惨案”，诱骗起义蒙古武装，协助日军解除武装、屠杀起义官兵。；结局：解放后镇反公审枪决,参与策划 “归还兵惨案”，诱骗起义蒙古武装，协助日军解除武装、屠杀起义官兵。,解放后镇反公审枪决
冯小黑子,怀宁月山、凉亭乡,安徽,安庆,[月山据点便衣特务],HIGH,惨案,酿成民间惨案,伪职：月山据点便衣特务；罪行：先投靠日军当情报特务，后又摇摆向国民党；日军为抓捕他扑空叶家享堂，迁怒无辜平民，酿成民间惨案中安在线。；结局：被我方武工队追踪击毙。,日军为抓捕他扑空叶家享堂，迁怒无辜平民，酿成民间惨案中安在线。,被我方武工队追踪击毙。
凌以忠,河北,河北,,[伪丰润县县长，兼警备大队长、新民会会长；参与策划潘家峪惨案，部署全县扫荡，强征粮款民夫资敌。],HIGH,惨案、扫荡,参与策划潘家峪惨案,伪职：伪丰润县县长，兼警备大队长、新民会会长；参与策划潘家峪惨案，部署全县扫荡，强征粮款民夫资敌。；结局：抗战胜利公审判处死刑,参与策划潘家峪惨案，部署全县扫荡，强征粮款民夫资敌。,抗战胜利公审判处死刑
凌以忠,,,,[伪丰润县县长，兼警备大队长、新民会会长；参与策划潘家峪惨案，召集日伪会议部署扫荡，征调民夫、粮饷资敌。],HIGH,惨案、扫荡,参与策划潘家峪惨案,伪职：伪丰润县县长，兼警备大队长、新民会会长；参与策划潘家峪惨案，召集日伪会议部署扫荡，征调民夫、粮饷资敌。；结局：抗战胜利公审判处死刑,参与策划潘家峪惨案，召集日伪会议部署扫荡，征调民夫、粮饷资敌。,抗战胜利公审判处死刑
刘万宝,凉城,内蒙古,乌兰察布,[伪凉城警备大队长；铁杆伪军，频繁进山 “治安肃正”，制造多起村庄惨案。],HIGH,惨案,制造多起村庄惨案,伪职：伪凉城警备大队长；铁杆伪军，频繁进山 “治安肃正”，制造多起村庄惨案。；结局：凉城解放被俘公审枪决,铁杆伪军，频繁进山 “治安肃正”，制造多起村庄惨案。,凉城解放被俘公审枪决
刘佩忱,沧县仁和村,河北,沧州,[巨匪投敌，伪渤海道剿共总司令；沧盐一带作恶，抓捕壮丁充伪军，多次扫荡，屠杀平民；日本投降后改任国民党沧州城防司令。1947 沧州解放被俘，押解途中气绝，补枪执行死刑。],HIGH,屠杀、扫荡,,伪职：巨匪投敌，伪渤海道剿共总司令；沧盐一带作恶，抓捕壮丁充伪军，多次扫荡，屠杀平民；日本投降后改任国民党沧州城防司令。1947 沧州解放被俘，押解途中气绝，补枪执行死刑。；结局：1947 被俘，押解途中死亡，补枪处决,沧盐一带作恶，抓捕壮丁充伪军，多次扫荡，屠杀平民,1947 被俘，押解途中死亡，补枪处决
刘兴,三肇全域,黑龙江,大庆,[伪满刘兴讨伐队头目],HIGH,屠杀、围剿,,伪职：伪满刘兴讨伐队头目；罪行：伪军讨伐队司令，配合日军围剿抗联十二支队，参与三肇肃正，四处搜捕、屠杀抗日军民。；结局：伪满后期病死。,罪行：伪军讨伐队司令，配合日军围剿抗联十二支队，参与三肇肃正，四处搜捕、屠杀抗日军民。,伪满后期病死。
刘兴,三肇全域,黑龙江,大庆,[伪满刘兴讨伐队头目],HIGH,屠杀、围剿,,伪职：伪满刘兴讨伐队头目；罪行：伪军讨伐队司令，配合日军围剿抗联十二支队，参与三肇肃正，四处搜捕、屠杀抗日军民。；结局：伪满后期病死。,罪行：伪军讨伐队司令，配合日军围剿抗联十二支队，参与三肇肃正，四处搜捕、屠杀抗日军民。,伪满后期病死。
刘守德,绛县,山西,运城,[伪警备队中队长],HIGH,惨案,制造多起惨案,伪职：伪警备队中队长；罪行：驻董封据点，配合日军残害被俘抗日人员，制造多起惨案。；结局：被俘后审判处决,罪行：驻董封据点，配合日军残害被俘抗日人员，制造多起惨案。,被俘后审判处决
刘昆峰,成安,河北,邯郸,[伪成安县县长；成安惨案之后接管伪政权，协助日军维持占领秩序，搜刮物资。],HIGH,惨案,成安惨案,伪职：伪成安县县长；成安惨案之后接管伪政权，协助日军维持占领秩序，搜刮物资。；结局：抗战胜利后逮捕判刑,成安惨案之后接管伪政权，协助日军维持占领秩序，搜刮物资。,抗战胜利后逮捕判刑
刘昆峰,成安,河北,邯郸,[伪成安县县长；成安惨案之后接管伪政权，协助日军维持占领，搜刮物资。],HIGH,惨案,成安惨案,伪职：伪成安县县长；成安惨案之后接管伪政权，协助日军维持占领，搜刮物资。；结局：抗战胜利逮捕判刑,成安惨案之后接管伪政权，协助日军维持占领，搜刮物资。,抗战胜利逮捕判刑
刘昆峰,成安,河北,邯郸,[伪成安县县长；成安惨案之后接管伪政权，协助日军维持占领秩序，搜刮物资。],HIGH,惨案,成安惨案,伪职：伪成安县县长；成安惨案之后接管伪政权，协助日军维持占领秩序，搜刮物资。；结局：抗战胜利后逮捕判刑,成安惨案之后接管伪政权，协助日军维持占领秩序，搜刮物资。,抗战胜利后逮捕判刑
刘本功,山东济宁,山东,济宁,"[军长, 司令, 县长]",HIGH,惨案,制造多起惨案,伪任职务：伪郓城县长、伪警备司令，外号活阎王，鲁西重要伪军，制造多起惨案。结局：1946 年济南被处决,伪任职务：伪郓城县长、伪警备司令，外号活阎王，鲁西重要伪军，制造多起惨案。结局：1946 年济南被处决,1946 年济南被处决
刘雨田,普兰店泡子,辽宁,大连,[关东州厅参事、大连市议员、华商公议会会长，关东都督府嘱托（高级顾问）],HIGH,屠杀、大屠杀,参与旅顺大屠杀,伪职：关东州厅参事、大连市议员、华商公议会会长，关东都督府嘱托（高级顾问）；罪行：甲午战争主动给日军做向导，参与旅顺大屠杀引路；变卖土地房产捐献两架 “雨田号” 战机；宣扬大东亚共荣奴化思想，拉拢乡绅附逆，迫害爱国志士。；结局：1945 年隐匿潜逃，1951 年抓获公审枪决，至死毫无悔意。,罪行：甲午战争主动给日军做向导，参与旅顺大屠杀引路,1945 年隐匿潜逃，1951 年抓获公审枪决，至死毫无悔意。
刘雨田,普兰店泡子,辽宁,大连,[关东州厅参事、大连市议员、华商公议会会长，关东都督府嘱托（高级顾问）],HIGH,屠杀、大屠杀,参与旅顺大屠杀,伪职：关东州厅参事、大连市议员、华商公议会会长，关东都督府嘱托（高级顾问）；罪行：甲午战争主动给日军做向导，参与旅顺大屠杀引路；变卖土地房产捐献两架 “雨田号” 战机；宣扬大东亚共荣奴化思想，拉拢乡绅附逆，迫害爱国志士。；结局：1945 年隐匿潜逃，1951 年抓获公审枪决，至死毫无悔意。,罪行：甲午战争主动给日军做向导，参与旅顺大屠杀引路,1945 年隐匿潜逃，1951 年抓获公审枪决，至死毫无悔意。
刘雨田,普兰店泡子,辽宁,大连,[关东州厅参事、大连市议员、华商公议会会长，关东都督府嘱托（高级顾问）],HIGH,屠杀、大屠杀,参与旅顺大屠杀,伪职：关东州厅参事、大连市议员、华商公议会会长，关东都督府嘱托（高级顾问）；罪行：甲午战争主动给日军做向导，参与旅顺大屠杀引路；变卖土地房产捐献两架 “雨田号” 战机；宣扬大东亚共荣奴化思想，拉拢乡绅附逆，迫害爱国志士。；结局：1945 年隐匿潜逃，1951 年抓获公审枪决，至死毫无悔意。,罪行：甲午战争主动给日军做向导，参与旅顺大屠杀引路,1945 年隐匿潜逃，1951 年抓获公审枪决，至死毫无悔意。
劳乃心,余姚全境,浙江,宁波,[伪余姚维持会会长、伪余姚县县长],HIGH,屠杀、扫荡、清乡,抓捕屠杀,伪职：伪余姚维持会会长、伪余姚县县长；罪行：余姚头号铁杆汉奸，民谣 “天上扫帚星，地上劳乃心”；组建侦缉队，破坏四明山地下党组织，抓捕屠杀大量抗日干部群众；主导余姚盐场清乡，强征毛竹修建封锁篱笆，配合日军反复扫荡浙东抗日根据地中国宁波网。；结局：抗战胜利后逮捕，汉奸审判判处死刑，公审枪决。,组建侦缉队，破坏四明山地下党组织，抓捕屠杀大量抗日干部群众；主导余姚盐场清乡，强征毛竹修建封锁篱笆，配合日军反复扫荡浙东抗日根据地中国宁波网。,抗战胜利后逮捕，汉奸审判判处死刑，公审枪决。
卢万寿,邯郸,河北,邯郸,[伪邯郸警察所长；配合特务抓捕抗日人员，参与插箭岭屠杀干部事件。],HIGH,屠杀,参与插箭岭屠杀,伪职：伪邯郸警察所长；配合特务抓捕抗日人员，参与插箭岭屠杀干部事件。；结局：镇反公审处决,配合特务抓捕抗日人员，参与插箭岭屠杀干部事件。,镇反公审处决
卢万寿,邯郸,河北,邯郸,[伪邯郸警察所长；配合特务李积玉抓捕抗日人员，参与插箭岭屠杀干部事件。],HIGH,屠杀,参与插箭岭屠杀,伪职：伪邯郸警察所长；配合特务李积玉抓捕抗日人员，参与插箭岭屠杀干部事件。；结局：镇反时期公审处决,配合特务李积玉抓捕抗日人员，参与插箭岭屠杀干部事件。,镇反时期公审处决
卢万寿,邯郸,河北,邯郸,[伪邯郸警察所长；配合特务李积玉抓捕抗日人员，参与插箭岭屠杀干部事件。],HIGH,屠杀,参与插箭岭屠杀,伪职：伪邯郸警察所长；配合特务李积玉抓捕抗日人员，参与插箭岭屠杀干部事件。；结局：镇反时期公审处决,配合特务李积玉抓捕抗日人员，参与插箭岭屠杀干部事件。,镇反时期公审处决
吴秉周,平鲁,山西,朔州,[五地委秘书叛变，大特务],HIGH,惨案,是雁北重大惨案、情报酿成白家辛庄惨案,伪职：五地委秘书叛变，大特务；罪行：核心叛徒，出卖情报酿成白家辛庄惨案，168 名抗日干部学员遇难，是雁北重大惨案祸首之一。；结局：解放后公审枪决,罪行：核心叛徒，出卖情报酿成白家辛庄惨案，168 名抗日干部学员遇难，是雁北重大惨案祸首之一。,解放后公审枪决
周善之,,,,[伪赤城县县长；执行集家并村，逼迫百姓迁入人圈，制造无人区惨案。],HIGH,惨案,制造无人区惨案,伪职：伪赤城县县长；执行集家并村，逼迫百姓迁入人圈，制造无人区惨案。；结局：日本投降后潜逃，1946 抓捕归案判刑,执行集家并村，逼迫百姓迁入人圈，制造无人区惨案。,日本投降后潜逃，1946 抓捕归案判刑
周昆贤,望江杨湾,安徽,安庆,[望江县杨湾汉奸向导],HIGH,惨案、杀害、扫荡,直接酿成杨湾惨案,伪职：望江县杨湾汉奸向导；罪行：带领日军汽艇扫荡杨湾，直接酿成杨湾惨案，52 名平民惨遭杀害，村庄焚毁，为日军打探乡间抗日武装踪迹望江新闻网。；结局：抗战胜利公审处决。,罪行：带领日军汽艇扫荡杨湾，直接酿成杨湾惨案，52 名平民惨遭杀害，村庄焚毁，为日军打探乡间抗日武装踪迹望江新闻网。,抗战胜利公审处决。
周海山,青龙,河北,秦皇岛,[伪青龙警备大队长；伪军主力头目，多次配合日军扫荡青平根据地，制造多起村庄惨案。],HIGH,惨案、扫荡,制造多起村庄惨案,伪职：伪青龙警备大队长；伪军主力头目，多次配合日军扫荡青平根据地，制造多起村庄惨案。；结局：解放后镇反公审处决,伪军主力头目，多次配合日军扫荡青平根据地，制造多起村庄惨案。,解放后镇反公审处决
周海山,青龙,河北,秦皇岛,[伪青龙警备大队长；伪军主力头目，多次配合日军扫荡青平根据地，制造多起村庄惨案。],HIGH,惨案、扫荡,制造多起村庄惨案,伪职：伪青龙警备大队长；伪军主力头目，多次配合日军扫荡青平根据地，制造多起村庄惨案。；结局：解放后镇反公审处决,伪军主力头目，多次配合日军扫荡青平根据地，制造多起村庄惨案。,解放后镇反公审处决
周麻子,霍山大河厂??下符桥,安徽,六安,[霍山便衣汉奸],HIGH,惨案、烧杀、扫荡,口被炸死惨案,伪职：霍山便衣汉奸；罪行：带路日军扫荡大河厂，砍断电话线嫁祸乡民，酿成石洞全家 13 口被炸死惨案，烧杀劫掠乡村。；结局：霍山地方武装捕获正法。,罪行：带路日军扫荡大河厂，砍断电话线嫁祸乡民，酿成石洞全家 13 口被炸死惨案，烧杀劫掠乡村。,霍山地方武装捕获正法。
夏宜,,,,[伪抚顺县早期县长],HIGH,惨案,平顶山惨案,伪职：伪抚顺县早期县长；罪行：九一八后投敌，组建抚顺县伪公署；平顶山惨案发生时，向伪奉天省报告情况，配合日军统治。；结局：抗战胜利逮捕，汉奸罪判刑。,平顶山惨案发生时，向伪奉天省报告情况，配合日军统治。,抗战胜利逮捕，汉奸罪判刑。
姜全我,凤城,辽宁,丹东,[伪凤城县警务科长、伪满少将],HIGH,惨案,制造多起惨案,伪职：伪凤城县警务科长、伪满少将；罪行：原东北军投敌；长期在凤城、安东一带讨伐义勇军，制造多起惨案。；结局：1934 年被义勇军击毙。,长期在凤城、安东一带讨伐义勇军，制造多起惨案。,1934 年被义勇军击毙。
孙书田,凌源,辽宁,朝阳,[伪凌源县县长],HIGH,惨案,制造多起惨案,伪职：伪凌源县县长；罪行：凌源伪主官，推行集团部落，配合日伪讨伐热东抗日武装，制造多起惨案。；结局：抗战胜利逮捕，判处重刑。,罪行：凌源伪主官，推行集团部落，配合日伪讨伐热东抗日武装，制造多起惨案。,抗战胜利逮捕，判处重刑。
孙文兰,不详,,,[特务],HIGH,残杀,,伪任职务：伪便衣特务队长，海启一带作恶，残杀民兵，悬挂人头恐吓群众南通史志网。。结局：被东南行动大队锄奸处决,伪任职务：伪便衣特务队长，海启一带作恶，残杀民兵，悬挂人头恐吓群众南通史志网。。结局：被东南行动大队锄奸处决,被东南行动大队锄奸处决
孙柏青,,,,[伪兴隆县县长；强力推行集家并村，强修人圈，疯狂清剿雾灵山抗日根据地，制造多起惨案。],HIGH,惨案、清剿,制造多起惨案,伪职：伪兴隆县县长；强力推行集家并村，强修人圈，疯狂清剿雾灵山抗日根据地，制造多起惨案。；结局：1945 被俘，公审判处死刑,强力推行集家并村，强修人圈，疯狂清剿雾灵山抗日根据地，制造多起惨案。,1945 被俘，公审判处死刑
孙柏青,,,,[伪青龙县县长；强力推行集家并村、修建人圈，疯狂清剿长城沿线抗日武装，制造多起惨案。],HIGH,惨案、清剿,制造多起惨案,伪职：伪青龙县县长；强力推行集家并村、修建人圈，疯狂清剿长城沿线抗日武装，制造多起惨案。；结局：1945 被俘，公审判处死刑,强力推行集家并村、修建人圈，疯狂清剿长城沿线抗日武装，制造多起惨案。,1945 被俘，公审判处死刑
孙柏青,,,,[伪青龙县县长；强力推行集家并村、修建人圈，疯狂清剿长城沿线抗日武装，制造多起惨案。],HIGH,惨案、清剿,制造多起惨案,伪职：伪青龙县县长；强力推行集家并村、修建人圈，疯狂清剿长城沿线抗日武装，制造多起惨案。；结局：1945 被俘，公审判处死刑,强力推行集家并村、修建人圈，疯狂清剿长城沿线抗日武装，制造多起惨案。,1945 被俘，公审判处死刑
孙柏青,,,,[伪青龙县县长；强力推行集家并村、修建人圈，疯狂清剿长城沿线抗日武装，制造多起惨案。],HIGH,惨案、清剿,制造多起惨案,伪职：伪青龙县县长；强力推行集家并村、修建人圈，疯狂清剿长城沿线抗日武装，制造多起惨案。；结局：1945 被俘，公审判处死刑,强力推行集家并村、修建人圈，疯狂清剿长城沿线抗日武装，制造多起惨案。,1945 被俘，公审判处死刑
崔光汉,顺安镇及铜官山周边,安徽,铜陵,[顺安特务大队长（双料特务）],HIGH,惨案、杀害,密直接酿成范家湾惨案,伪职：顺安特务大队长（双料特务）；罪行：伪装进步骗取皖南行署参议员身份，公开叛变投敌；出卖地下党组织，抓捕杀害督导处主任陈益卿；勾结中统，组建特务武装；向日军告密直接酿成范家湾惨案，致使巫希权等 28 位新四军指战员牺牲。；结局：抗战胜利后肃奸捕获，判处死刑处决。,出卖地下党组织，抓捕杀害督导处主任陈益卿；向日军告密直接酿成范家湾惨案，致使巫希权等 28 位新四军指战员牺牲。,抗战胜利后肃奸捕获，判处死刑处决。
张保安,肇州、肇源,黑龙江,大庆,[抗日救国会叛徒],HIGH,惨案,造成三十二烈士惨案,伪职：抗日救国会叛徒；罪行：出卖三肇地下党组织，泄露地下机关地点、救国会人员名册，直接引发三肇大搜捕，造成三十二烈士惨案，大批地下党员被捕牺牲抖音百科。；结局：解放后镇压反革命公审处决。,罪行：出卖三肇地下党组织，泄露地下机关地点、救国会人员名册，直接引发三肇大搜捕，造成三十二烈士惨案，大批地下党员被捕牺牲抖音百科。,解放后镇压反革命公审处决。
张保安,肇州、肇源,黑龙江,大庆,[抗日救国会叛徒],HIGH,惨案,造成三十二烈士惨案,伪职：抗日救国会叛徒；罪行：出卖三肇地下党组织，泄露地下机关地点、救国会人员名册，直接引发三肇大搜捕，造成三十二烈士惨案，大批地下党员被捕牺牲抖音百科。；结局：解放后镇压反革命公审处决。,罪行：出卖三肇地下党组织，泄露地下机关地点、救国会人员名册，直接引发三肇大搜捕，造成三十二烈士惨案，大批地下党员被捕牺牲抖音百科。,解放后镇压反革命公审处决。
张冠英,建昌（凌南）,辽宁,葫芦岛,[伪凌南县（建昌前身）县长],HIGH,惨案、杀害、扫荡,建昌药王庙惨案,伪职：伪凌南县（建昌前身）县长；罪行：建昌药王庙惨案发生时伪县长；配合日军扫荡，抓捕、杀害大量抗日志士与群众。；结局：光复后汉奸罪判刑。,罪行：建昌药王庙惨案发生时伪县长；配合日军扫荡，抓捕、杀害大量抗日志士与群众。,光复后汉奸罪判刑。
张北生,江苏南通,江苏,南通,"[市长, 部长, 军长, 司令, 清乡]",HIGH,屠杀、清剿、清乡,,伪任职务：汪伪苏北清乡主任公署主任、苏北清乡保安司令，通如海启清乡总头目；修筑竹篱笆封锁线，遍设检问所，编组大批伪军、伪保甲，残酷清剿苏中四分区抗日根据地，屠杀大批革命干部群众南通市档案...。。结局：战后判处无期徒刑，长期关押狱中,伪任职务：汪伪苏北清乡主任公署主任、苏北清乡保安司令，通如海启清乡总头目；修筑竹篱笆封锁线，遍设检问所，编组大批伪军、伪保甲，残酷清剿苏中四分区抗日根据地，屠杀大批革命干部群众南通市档案...。。结局：战后判处无期徒刑，长期关押狱中,战后判处无期徒刑，长期关押狱中
张北生,南通全境（通如启海）,江苏,南通,[伪苏北清乡公署主任、清乡保安司令],HIGH,屠杀、清乡,大肆抓捕屠杀,伪职：伪苏北清乡公署主任、清乡保安司令；罪行：汪伪 “清乡专家”，主导苏中四分区血腥清乡；修建竹篱笆封锁线，大肆抓捕屠杀新四军、地下党员与爱国群众，掠夺粮棉物资，摧残苏中抗日根据地南通市档案...。；结局：抗战后国民政府判无期徒刑；新中国成立后重新审理，1954 年南通公审枪决南通市档案...。,伪职：伪苏北清乡公署主任、清乡保安司令；罪行：汪伪 “清乡专家”，主导苏中四分区血腥清乡；修建竹篱笆封锁线，大肆抓捕屠杀新四军、地下党员与爱国群众，掠夺粮棉物资，摧残苏中抗日根据地南通市档案...。,抗战后国民政府判无期徒刑
张发科,离石,山西,吕梁,[伪离石警察所长],HIGH,惨案、扫荡,制造后马家村惨案,伪职：伪离石警察所长；罪行：掌管伪警察，指挥便衣，严刑拷打被捕抗日人员，递送情报配合进山扫荡，制造后马家村惨案。；结局：解放后公审枪决,罪行：掌管伪警察，指挥便衣，严刑拷打被捕抗日人员，递送情报配合进山扫荡，制造后马家村惨案。,解放后公审枪决
张承铭,盱眙,江苏,淮安,[盱眙伪特工队队长],HIGH,屠杀,多次制造抓捕屠杀,伪职：盱眙伪特工队队长；罪行：日伪特务头目，网罗爪牙，暗杀抗日干部，刺探盱嘉支队情报，多次制造抓捕屠杀事件宿迁日报。；结局：解放后公审伏法。,罪行：日伪特务头目，网罗爪牙，暗杀抗日干部，刺探盱嘉支队情报，多次制造抓捕屠杀事件宿迁日报。,解放后公审伏法。
张承铭,盱眙,江苏,淮安,[盱眙伪特工队队长],HIGH,屠杀,多次制造抓捕屠杀,伪职：盱眙伪特工队队长；罪行：日伪特务头目，网罗爪牙，暗杀抗日干部，刺探盱嘉支队情报，多次制造抓捕屠杀事件宿迁日报。；结局：解放后公审伏法。,罪行：日伪特务头目，网罗爪牙，暗杀抗日干部，刺探盱嘉支队情报，多次制造抓捕屠杀事件宿迁日报。,解放后公审伏法。
张敬斋,,,,[伪威县县长；推行保甲连坐，制造多起抓捕惨案。],HIGH,惨案,制造多起抓捕惨案,伪职：伪威县县长；推行保甲连坐，制造多起抓捕惨案。；结局：战后汉奸罪判处徒刑,推行保甲连坐，制造多起抓捕惨案。,战后汉奸罪判处徒刑
张文溪,抚顺郑家屯,辽宁,抚顺,[郑家屯伪警察署署长],HIGH,惨案、扫荡,多次制造村庄惨案,伪职：郑家屯伪警察署署长；罪行：死心投靠日军，带领伪警察四处扫荡，抓捕抗联交通员，多次制造村庄惨案。；结局：抗联战斗中被击毙。,罪行：死心投靠日军，带领伪警察四处扫荡，抓捕抗联交通员，多次制造村庄惨案。,抗联战斗中被击毙。
张百奎,河北巨鹿,河北,邢台,[军长],HIGH,惨案,制造多起惨案,伪任职务：巨鹿伪警备大队长，双手沾满根据地军民鲜血，制造多起惨案。结局：1951 年公审枪决,伪任职务：巨鹿伪警备大队长，双手沾满根据地军民鲜血，制造多起惨案。结局：1951 年公审枪决,1951 年公审枪决
彭天柱,平定,山西,阳泉,[伪警备队第二中队长，驻守河底据点],HIGH,惨案、扫荡,制造大西庄惨案,伪职：伪警备队第二中队长，驻守河底据点；罪行：带队下乡扫荡，制造大西庄惨案，残害地道内避难百姓。；结局：解放后公审枪决,罪行：带队下乡扫荡，制造大西庄惨案，残害地道内避难百姓。,解放后公审枪决
徐继泰,涟水、灌南一带,江苏,淮安,[伪 “和平反共兴亚建国第三军” 军长，伪涟水、阜宁县长],HIGH,屠杀、扫荡,,伪职：伪 “和平反共兴亚建国第三军” 军长，伪涟水、阜宁县长；罪行：原国民党游击司令，1942 年率部投敌；发明多种酷刑残害根据地军民，扫荡盐场，屠杀灶民与抗日干部，频繁袭扰涟东抗日根据地。；结局：抗战胜利后被俘，汉奸审判处决。,发明多种酷刑残害根据地军民，扫荡盐场，屠杀灶民与抗日干部，频繁袭扰涟东抗日根据地。,抗战胜利后被俘，汉奸审判处决。
徐继泰,涟水、灌南一带,江苏,淮安,[伪 “和平反共兴亚建国第三军” 军长，伪涟水、阜宁县长],HIGH,屠杀、扫荡,,伪职：伪 “和平反共兴亚建国第三军” 军长，伪涟水、阜宁县长；罪行：原国民党游击司令，1942 年率部投敌；发明多种酷刑残害根据地军民，扫荡盐场，屠杀灶民与抗日干部，频繁袭扰涟东抗日根据地。；结局：抗战胜利后被俘，汉奸审判处决。,发明多种酷刑残害根据地军民，扫荡盐场，屠杀灶民与抗日干部，频繁袭扰涟东抗日根据地。,抗战胜利后被俘，汉奸审判处决。
戚仲侠,宿迁县城,江苏,宿迁,[伪宿迁宪兵情报队首任队长],HIGH,惨案,制造多起抓捕惨案,伪职：伪宿迁宪兵情报队首任队长；罪行：日军占领初期最早一批汉奸，组建情报队，网罗地痞搜集根据地情报，告密地下抗日人员，制造多起抓捕惨案中共宿迁市...。；结局：抗战胜利后逮捕法办。,罪行：日军占领初期最早一批汉奸，组建情报队，网罗地痞搜集根据地情报，告密地下抗日人员，制造多起抓捕惨案中共宿迁市...。,抗战胜利后逮捕法办。
戚仲侠,宿迁县城,江苏,宿迁,[伪宿迁宪兵情报队首任队长],HIGH,惨案,制造多起抓捕惨案,伪职：伪宿迁宪兵情报队首任队长；罪行：日军占领初期最早一批汉奸，组建情报队，网罗地痞搜集根据地情报，告密地下抗日人员，制造多起抓捕惨案中共宿迁市...。；结局：抗战胜利后逮捕法办。,罪行：日军占领初期最早一批汉奸，组建情报队，网罗地痞搜集根据地情报，告密地下抗日人员，制造多起抓捕惨案中共宿迁市...。,抗战胜利后逮捕法办。
曹湘,无锡荡口（锡东）,江苏,无锡,[伪乡长兼清乡大队长],HIGH,惨案、扫荡、清乡,直接引发门楼下惨案,伪职：伪乡长兼清乡大队长；罪行：向日军告密新四军驻地情报，直接引发门楼下惨案，致使日军奔袭扫荡，残害百姓无锡市档案...。；结局：抗战胜利后公审处决。,伪职：伪乡长兼清乡大队长；罪行：向日军告密新四军驻地情报，直接引发门楼下惨案，致使日军奔袭扫荡，残害百姓无锡市档案...。,抗战胜利后公审处决。
朱德明,贵池观前、茅坦,安徽,池州,[伪区特务头目],HIGH,惨案、屠杀,制造四十二人惨案、至贵池三阳墩集体屠杀,伪职：伪区特务头目；罪行：铁杆特务，因索贿未遂，随意抓捕杜祖汉等 42 名无辜百姓，押至贵池三阳墩集体屠杀，制造四十二人惨案。；结局：1950 年捉拿归案公审枪决。,罪行：铁杆特务，因索贿未遂，随意抓捕杜祖汉等 42 名无辜百姓，押至贵池三阳墩集体屠杀，制造四十二人惨案。,1950 年捉拿归案公审枪决。
朱瑞,洮南,吉林,白城,[伪国高教员，光复后 “光复军” 头目],HIGH,屠杀,,伪职：伪国高教员，光复后 “光复军” 头目；罪行：伪满时期从事奴化教育；日本投降后网罗土匪、伪军警组建国民党东北先遣军第十一师，多次攻打洮南县城，屠杀革命干部群众吉林省地方...。；结局：武装叛乱失败被捕获处决。,日本投降后网罗土匪、伪军警组建国民党东北先遣军第十一师，多次攻打洮南县城，屠杀革命干部群众吉林省地方...。,武装叛乱失败被捕获处决。
朱盛林,承德,河北,承德,[伪满讨伐队头目，龙须门讨伐队；参与王厂沟惨案，屠杀平民 49 人、八路军干部战士多人，在承德??青龙??兴隆疯狂讨伐扫荡。],HIGH,惨案、屠杀、扫荡,参与王厂沟惨案,伪职：伪满讨伐队头目，龙须门讨伐队；参与王厂沟惨案，屠杀平民 49 人、八路军干部战士多人，在承德??青龙??兴隆疯狂讨伐扫荡。；结局：1946??03??13 承德特别法庭公审枪决,参与王厂沟惨案，屠杀平民 49 人、八路军干部战士多人，在承德??青龙??兴隆疯狂讨伐扫荡。,1946??03??13 承德特别法庭公审枪决
李守信,热河,河北,,[伪蒙古军总司令，总部常驻厚和；指挥伪蒙古骑兵围剿大青山支队，制造多起村庄惨案，捕杀地下交通人员，强征鸦片劳工。],HIGH,惨案、围剿,制造多起村庄惨案,伪职：伪蒙古军总司令，总部常驻厚和；指挥伪蒙古骑兵围剿大青山支队，制造多起村庄惨案，捕杀地下交通人员，强征鸦片劳工。；结局：1950 引渡回国，1964 特赦，1970 呼和浩特去世,指挥伪蒙古骑兵围剿大青山支队，制造多起村庄惨案，捕杀地下交通人员，强征鸦片劳工。,1950 引渡回国，1964 特赦，1970 呼和浩特去世
李少白,贵池城关,安徽,池州,[贵池伪特务],HIGH,惨案,酿成十八人被杀惨案,伪职：贵池伪特务；罪行：和章荣高互相争斗，肆意株连平民，酿成十八人被杀惨案。；结局：肃奸逮捕，判处重刑。,罪行：和章荣高互相争斗，肆意株连平民，酿成十八人被杀惨案。,肃奸逮捕，判处重刑。
李弼臣,任丘,河北,沧州,[伪任丘警备司令；铁杆汉奸，参与反共誓约惨案，四处烧杀抢掠。],HIGH,惨案、烧杀、烧杀抢掠,参与反共誓约惨案,伪职：伪任丘警备司令；铁杆汉奸，参与反共誓约惨案，四处烧杀抢掠。；结局：任丘解放被俘处决,铁杆汉奸，参与反共誓约惨案，四处烧杀抢掠。,任丘解放被俘处决
李易山,朔县,山西,朔州,[我方干部叛变，日伪特务头目],HIGH,惨案,制造大量抓捕惨案,伪职：我方干部叛变，日伪特务头目；罪行：原朔县我方干部，1942 投敌，交出 260 多名地下人员名单，配合日伪在平鲁、朔县大搜捕，制造大量抓捕惨案。；结局：解放后公审处决,罪行：原朔县我方干部，1942 投敌，交出 260 多名地下人员名单，配合日伪在平鲁、朔县大搜捕，制造大量抓捕惨案。,解放后公审处决
李永平,山东诸城,山东,潍坊,"[军长, 司令]",HIGH,惨案、屠杀、大屠杀,制造泊里大屠杀惨案、制造泊里大屠杀,伪任职务：伪滨海警备军司令，盘踞泊里，制造泊里大屠杀惨案。结局：1944 年病死于青岛,伪任职务：伪滨海警备军司令，盘踞泊里，制造泊里大屠杀惨案。结局：1944 年病死于青岛,1944 年病死于青岛
李贤斋,山东,山东,,"[军长, 司令]",HIGH,屠杀,继续制造屠杀,伪任职务：接替李永平任伪滨海警备军司令，继续制造屠杀。结局：1945 年泊里解放被俘，公审处决,伪任职务：接替李永平任伪滨海警备军司令，继续制造屠杀。结局：1945 年泊里解放被俘，公审处决,1945 年泊里解放被俘，公审处决
杨开山,潘集、沿淮一带,安徽,淮南,[伪绥靖六团副团长],HIGH,奸淫、扫荡,,伪职：伪绥靖六团副团长；罪行：杨立言侄子，伪军副团长，随同扫荡根据地，劫掠乡村百姓，奸淫掳掠无恶不作。；结局：与杨立言同一场战斗被击毙。,罪行：杨立言侄子，伪军副团长，随同扫荡根据地，劫掠乡村百姓，奸淫掳掠无恶不作。,与杨立言同一场战斗被击毙。
杨敬之,,,,[伪锦西县伪县长],HIGH,惨案,参与下五家子惨案,伪职：伪锦西县伪县长；罪行：伪满正式建制后的锦西县主官；推行保甲连坐，强征劳工粮食，配合日伪对虹螺岘、缸窑岭山区义勇军进行讨伐，参与下五家子惨案相关治安部署。；结局：光复后汉奸罪判刑。,推行保甲连坐，强征劳工粮食，配合日伪对虹螺岘、缸窑岭山区义勇军进行讨伐，参与下五家子惨案相关治安部署。,光复后汉奸罪判刑。
杨金彪,井陉,河北,石家庄,[伪特务队长，屠杀抗日军民；日军投降后改头换面充当国民党县党部书记长。],HIGH,屠杀,,伪职：伪特务队长，屠杀抗日军民；日军投降后改头换面充当国民党县党部书记长。；结局：解放后清算处决,伪职：伪特务队长，屠杀抗日军民,解放后清算处决
杨金彪,井陉,河北,石家庄,[伪特务队长，屠杀抗日军民；日军投降后改头换面充当国民党县党部书记长。],HIGH,屠杀,,伪职：伪特务队长，屠杀抗日军民；日军投降后改头换面充当国民党县党部书记长。；结局：解放后清算处决,伪职：伪特务队长，屠杀抗日军民,解放后清算处决
杨顶恒,东海曹浦,江苏,连云港,[伪地方恶霸、武装头目],HIGH,屠杀,,伪职：伪地方恶霸、武装头目；罪行：抗战时期私养数百人武装，投靠日伪，屠杀抗日干部民兵；战后变成还乡团继续反攻倒算，制造多起血案。；结局：解放后公审处决。,罪行：抗战时期私养数百人武装，投靠日伪，屠杀抗日干部民兵,解放后公审处决。
林一,普陀沈家门,浙江,舟山,[日伪沈家门特务队长],HIGH,枪杀、扫荡,,伪职：日伪沈家门特务队长；罪行：地痞投敌，特务组长升特务队长；多次带领日军下乡扫荡，枪杀游击队员与群众，焚烧民房浙江省地方...。；结局：抗战时期被抗日武装锄奸处决。,多次带领日军下乡扫荡，枪杀游击队员与群众，焚烧民房浙江省地方...。,抗战时期被抗日武装锄奸处决。
柳世平,武清,天津,天津,[伪武清保安第一总队司令，势力覆盖安次、胜芳一带；廊坊头号铁杆汉奸，盘踞胜芳、葛渔城，多次扫荡大清河北，屠杀干部群众。],HIGH,屠杀、扫荡,,伪职：伪武清保安第一总队司令，势力覆盖安次、胜芳一带；廊坊头号铁杆汉奸，盘踞胜芳、葛渔城，多次扫荡大清河北，屠杀干部群众。；结局：1945 年天津被国民党逮捕，1946 公审枪决北方网,廊坊头号铁杆汉奸，盘踞胜芳、葛渔城，多次扫荡大清河北，屠杀干部群众。,1945 年天津被国民党逮捕，1946 公审枪决北方网
武俊杰,离石大武,山西,吕梁,[石门墕据点伪维持会总头目],HIGH,惨案,日伪军制造雒贵琦惨案,伪职：石门墕据点伪维持会总头目；罪行：土豪劣绅投敌；盘踞石门墕据点，抓捕、悬赏缉拿我方干部；引日伪军制造雒贵琦惨案，残害大批抗日军民。；结局：武工队锄奸击毙,引日伪军制造雒贵琦惨案，残害大批抗日军民。,武工队锄奸击毙
武海潭,霸县,河北,廊坊,[伪警备大队长，王德裕副手；驻策城据点，告密我方人员，制造多起惨案。],HIGH,惨案,制造多起惨案,伪职：伪警备大队长，王德裕副手；驻策城据点，告密我方人员，制造多起惨案。；结局：策城被攻克被俘处决,驻策城据点，告密我方人员，制造多起惨案。,策城被攻克被俘处决
段炳炎,五台,山西,忻州,[伪五台警备大队长],HIGH,惨案、扫荡,制造多起村庄惨案,伪职：伪五台警备大队长；罪行：多次进山扫荡，制造多起村庄惨案。；结局：解放后公审枪决,罪行：多次进山扫荡，制造多起村庄惨案。,解放后公审枪决
沈玉仁,涟水全境,江苏,淮安,[日伪密探（篾匠）],HIGH,惨案,直接引发大胡庄惨案,伪职：日伪密探（篾匠）；罪行：以走街串巷编织竹器为掩护搜集情报；告密新四军驻地，直接引发大胡庄惨案，致使大量指战员牺牲。；结局：解放后清算镇压。,告密新四军驻地，直接引发大胡庄惨案，致使大量指战员牺牲。,解放后清算镇压。
沈玉仁,涟水全境,江苏,淮安,[日伪密探（篾匠）],HIGH,惨案,直接引发大胡庄惨案,伪职：日伪密探（篾匠）；罪行：以走街串巷编织竹器为掩护搜集情报；告密新四军驻地，直接引发大胡庄惨案，致使大量指战员牺牲。；结局：解放后清算镇压。,告密新四军驻地，直接引发大胡庄惨案，致使大量指战员牺牲。,解放后清算镇压。
沙贵章,淮城（今淮安区）,江苏,淮安,[伪淮安县维持会会长、伪县长],HIGH,惨案,制造黄土桥惨案,伪职：伪淮安县维持会会长、伪县长；罪行：原国民党淮安县长，主动献城迎日军；组建伪警察大队，强征粮款、推行鸦片种植；制造黄土桥惨案，残害上百名抗日军民，是淮安头号巨奸。；结局：1945 年群众三万人大公审，公审枪决。,制造黄土桥惨案，残害上百名抗日军民，是淮安头号巨奸。,1945 年群众三万人大公审，公审枪决。
沙贵章,淮城（今淮安区）,江苏,淮安,[伪淮安县维持会会长、伪县长],HIGH,惨案,制造黄土桥惨案,伪职：伪淮安县维持会会长、伪县长；罪行：原国民党淮安县长，主动献城迎日军；组建伪警察大队，强征粮款、推行鸦片种植；制造黄土桥惨案，残害上百名抗日军民，是淮安头号巨奸。；结局：1945 年群众三万人大公审，公审枪决。,制造黄土桥惨案，残害上百名抗日军民，是淮安头号巨奸。,1945 年群众三万人大公审，公审枪决。
洪景祥,通辽,内蒙古,通辽,[伪兴安军中校参谋处长；出面诱降聚宝起义部队，欺骗谈判，配合日军屠杀起义人员。],HIGH,屠杀,配合日军屠杀,伪职：伪兴安军中校参谋处长；出面诱降聚宝起义部队，欺骗谈判，配合日军屠杀起义人员。；结局：1945 年被俘，判处重刑,出面诱降聚宝起义部队，欺骗谈判，配合日军屠杀起义人员。,1945 年被俘，判处重刑
洪福僧格,扎鲁特旗,内蒙古,通辽,[伪扎鲁特旗警务科长；假意参加起义，出卖加林台等人，直接制造起义警察惨案，双手沾满鲜血。],HIGH,惨案,直接制造起义警察惨案,伪职：伪扎鲁特旗警务科长；假意参加起义，出卖加林台等人，直接制造起义警察惨案，双手沾满鲜血。；结局：1945 年光复后公审枪决,假意参加起义，出卖加林台等人，直接制造起义警察惨案，双手沾满鲜血。,1945 年光复后公审枪决
熊大七,新建乐化本地人,江西,南昌,[日军靖安队头目],HIGH,惨案,捡门惨案,伪职：日军靖安队头目；罪行：充当日军向导，制造华盐桥、捡门惨案；结局：暂无明确结局记载,罪行：充当日军向导，制造华盐桥、捡门惨案,暂无明确结局记载
王德安,全椒县城及四乡,安徽,滁州,[全椒伪自卫队第四中队长],HIGH,奸淫、扫荡,,伪职：全椒伪自卫队第四中队长；罪行：青帮流氓投敌，收罗逃犯、叛变国军，武装横行全椒；连伪县长都难以约束；勒索奸淫，残害群众，配合日军扫荡古河周边抖音百科。；结局：1951 年镇反公审枪决抖音百科。,勒索奸淫，残害群众，配合日军扫荡古河周边抖音百科。,1951 年镇反公审枪决抖音百科。
王慎修,,,,[伪汾城县县长],HIGH,惨案,制造多起村庄惨案,伪职：伪汾城县县长；罪行：建立汾城伪政权，修筑炮楼，疯狂摊派粮款，制造多起村庄惨案。；结局：战后逮捕判刑,罪行：建立汾城伪政权，修筑炮楼，疯狂摊派粮款，制造多起村庄惨案。,战后逮捕判刑
王河,长治南关,山西,长治,[潞安宪兵队便衣特务头目（上党四大汉奸之一）],HIGH,惨案,制造多起惨案,伪职：潞安宪兵队便衣特务头目（上党四大汉奸之一）；罪行：叛变投敌，带领宪兵抓捕抗日军民；协助日军拿平民做活体解剖，制造多起惨案。；结局：长治解放公审枪决,协助日军拿平民做活体解剖，制造多起惨案。,长治解放公审枪决
王河,长治南关,山西,长治,[潞安宪兵队便衣特务头目（上党四大汉奸之一）],HIGH,惨案,制造多起惨案,伪职：潞安宪兵队便衣特务头目（上党四大汉奸之一）；罪行：叛变投敌，带领宪兵抓捕抗日军民；协助日军拿平民做活体解剖，制造多起惨案。；结局：长治解放公审枪决,协助日军拿平民做活体解剖，制造多起惨案。,长治解放公审枪决
王直平,,,,[伪任丘县县长；策划臭名昭著的反共誓约惨案，逼迫群众宣誓反共，残害大量平民百姓。],HIGH,惨案,名昭著的反共誓约惨案,伪职：伪任丘县县长；策划臭名昭著的反共誓约惨案，逼迫群众宣誓反共，残害大量平民百姓。；结局：1945 年公审判处死刑,策划臭名昭著的反共誓约惨案，逼迫群众宣誓反共，残害大量平民百姓。,1945 年公审判处死刑
王绍棠,,,,[伪浮山县县长],HIGH,惨案,制造东张万人坑惨案,伪职：伪浮山县县长；罪行：建立浮山伪政权，设立新民会、剿共委员会，制造东张万人坑惨案，残害大量百姓临汾新闻网。；结局：县城收复后逮捕判刑,罪行：建立浮山伪政权，设立新民会、剿共委员会，制造东张万人坑惨案，残害大量百姓临汾新闻网。,县城收复后逮捕判刑
甘珠尔扎布,辽宁彰武,辽宁,阜新,[伪兴安南警备军司令官、伪第九军管区中将司令官，司令部驻通辽；指挥兴安骑兵多次赴热河、冀东讨伐抗日武装，制造大量惨案，推行奴化教育，为日军搜集粮草马匹抖音百科。],HIGH,惨案,制造大量惨案,伪职：伪兴安南警备军司令官、伪第九军管区中将司令官，司令部驻通辽；指挥兴安骑兵多次赴热河、冀东讨伐抗日武装，制造大量惨案，推行奴化教育，为日军搜集粮草马匹抖音百科。；结局：1945 被俘，关押改造，1966 年特赦释放,指挥兴安骑兵多次赴热河、冀东讨伐抗日武装，制造大量惨案，推行奴化教育，为日军搜集粮草马匹抖音百科。,1945 被俘，关押改造，1966 年特赦释放
章伏龙,南昌麻丘荷埠周村人,江西,南昌,[汉奸向导],HIGH,惨案、屠杀、大屠杀,余人惨死的惨案、年令公庙大屠杀,伪职：汉奸向导；罪行：1942年令公庙大屠杀带路元凶，带领日军制造860余人惨死的惨案；结局：战后被依法处决,罪行：1942年令公庙大屠杀带路元凶，带领日军制造860余人惨死的惨案,战后被依法处决
胡金山,亳县二区（颜集）,安徽,亳州,[白枪会头目，勾结日伪],HIGH,惨案、杀害,制造亳二区惨案,伪职：白枪会头目，勾结日伪；罪行：地方会道门武装，勾结日伪发动暴乱，制造亳二区惨案，杀害 9 名党员干部，抓捕二十余名革命人员。；结局：暴乱被镇压，捕获后公审枪决。,罪行：地方会道门武装，勾结日伪发动暴乱，制造亳二区惨案，杀害 9 名党员干部，抓捕二十余名革命人员。,暴乱被镇压，捕获后公审枪决。
胡锡侯,蔚县,河北,张家口,[伪蔚县县长；蔚县是晋察冀根据地前沿，修筑大量碉堡，疯狂抓捕抗日军民，制造多起惨案中共张家口...。],HIGH,惨案,制造多起惨案,伪职：伪蔚县县长；蔚县是晋察冀根据地前沿，修筑大量碉堡，疯狂抓捕抗日军民，制造多起惨案中共张家口...。；结局：蔚县解放群众公审死刑,蔚县是晋察冀根据地前沿，修筑大量碉堡，疯狂抓捕抗日军民，制造多起惨案中共张家口...。,蔚县解放群众公审死刑
范俊文,河南开封,河南,开封,"[特务, 县长]",HIGH,纵火,,伪任职务：伪安义县特务队长，手段残暴，多次纵火屠村，残害大量群众。结局：抗战胜利后江西公审，执行死刑,伪任职务：伪安义县特务队长，手段残暴，多次纵火屠村，残害大量群众。结局：抗战胜利后江西公审，执行死刑,抗战胜利后江西公审，执行死刑
范俊文,河南开封人（安义籍）,河南,开封,[汪伪安义县特务队队长],HIGH,惨案、烧杀、烧杀抢掠、扫荡,制造多起烧杀抢掠惨案,伪职：汪伪安义县特务队队长；罪行：盘踞新建乐化、樵舍，带领日军靖安队扫荡新建、安义、靖安乡村，制造多起烧杀抢掠惨案，残害抗日军民；结局：战后被依法处决,罪行：盘踞新建乐化、樵舍，带领日军靖安队扫荡新建、安义、靖安乡村，制造多起烧杀抢掠惨案，残害抗日军民,战后被依法处决
董九吉,怀来桑园,河北,张家口,[联庄会头目，后投敌；制造桑矾救国会惨案，杀害我方干部，逮捕大批救国会人员送交日军，严重破坏宣涿怀根据地。],HIGH,惨案、杀害,制造桑矾救国会惨案,伪职：联庄会头目，后投敌；制造桑矾救国会惨案，杀害我方干部，逮捕大批救国会人员送交日军，严重破坏宣涿怀根据地。；结局：怀来解放后公审枪决,制造桑矾救国会惨案，杀害我方干部，逮捕大批救国会人员送交日军，严重破坏宣涿怀根据地。,怀来解放后公审枪决
蒋孝忠,镇江,江苏,镇江,[],HIGH,惨案,成大华饭店大轰炸惨案,伪任职务：潜伏汉奸，架设秘密电台；使用镜子反光为日机轰炸镇江做地面指引，造成大华饭店大轰炸惨案金山网。。结局：当场抓获，江边就地枪决,使用镜子反光为日机轰炸镇江做地面指引，造成大华饭店大轰炸惨案金山网。。结局：当场抓获，江边就地枪决,当场抓获，江边就地枪决
蔡圣孟,哈尔滨、辽宁东部,黑龙江,哈尔滨,[伪哈尔滨警察厅刑事科搜查股长（“白菜叶” 之一）],HIGH,惨案、屠杀、杀害,余群众被捕屠杀、制造本溪胡家村惨案,伪职：伪哈尔滨警察厅刑事科搜查股长（“白菜叶” 之一）；罪行：制造本溪胡家村惨案，200 余群众被捕屠杀；追踪捕杀抗日志士，严刑逼供杀害多人。；结局：1951 年处决。,罪行：制造本溪胡家村惨案，200 余群众被捕屠杀；追踪捕杀抗日志士，严刑逼供杀害多人。,1951 年处决。
蔡圣孟,辽宁,辽宁,,"[厅长, 特务]",HIGH,屠杀,,伪任职务：伪哈尔滨警察厅特务科头目，屠杀革命者，战后隐姓埋名。结局：1951 年抓捕押回哈尔滨，公审枪决,伪任职务：伪哈尔滨警察厅特务科头目，屠杀革命者，战后隐姓埋名。结局：1951 年抓捕押回哈尔滨，公审枪决,1951 年抓捕押回哈尔滨，公审枪决
许铁英,永年,河北,邯郸,[土匪投敌，伪铁血团司令；残害抗日军民数百人；日降后被国民党收编，固守广府城，四处烧杀抢掠，制造多起惨案抖音百科。],HIGH,惨案、烧杀、烧杀抢掠,制造多起惨案,伪职：土匪投敌，伪铁血团司令；残害抗日军民数百人；日降后被国民党收编，固守广府城，四处烧杀抢掠，制造多起惨案抖音百科。；结局：1947 永年解放突围时被击毙,日降后被国民党收编，固守广府城，四处烧杀抢掠，制造多起惨案抖音百科。,1947 永年解放突围时被击毙
许铁英,永年,河北,邯郸,[土匪投敌，伪铁血团司令；残害抗日军民数百人；日降后被国民党收编，固守广府城，四处烧杀抢掠，制造多起惨案抖音百科。],HIGH,惨案、烧杀、烧杀抢掠,制造多起惨案,伪职：土匪投敌，伪铁血团司令；残害抗日军民数百人；日降后被国民党收编，固守广府城，四处烧杀抢掠，制造多起惨案抖音百科。；结局：1947 永年解放突围时被击毙,日降后被国民党收编，固守广府城，四处烧杀抢掠，制造多起惨案抖音百科。,1947 永年解放突围时被击毙
谢文东,依兰、勃利、桦南，合江全境,黑龙江,哈尔滨,[原抗联第八军军长，投降后伪三江省讨伐队头目],HIGH,惨案、屠杀,制造多起屠杀、制造多起屠杀惨案,伪职：原抗联第八军军长，投降后伪三江省讨伐队头目；罪行：土龙山暴动起家，1939 年率抗联八军大部投降日寇；带领伪军进山讨伐抗联，残害抗日军民；日本投降后投靠国民党，成为 “四大旗杆” 匪首，制造多起屠杀惨案佳木斯广播...。；结局：1946 年依兰公审枪决。,日本投降后投靠国民党，成为 “四大旗杆” 匪首，制造多起屠杀惨案佳木斯广播...。,1946 年依兰公审枪决。
谢文东,依兰、勃利、桦南，合江全境,黑龙江,哈尔滨,[原抗联第八军军长，投降后伪三江省讨伐队头目],HIGH,惨案、屠杀,制造多起屠杀、制造多起屠杀惨案,伪职：原抗联第八军军长，投降后伪三江省讨伐队头目；罪行：土龙山暴动起家，1939 年率抗联八军大部投降日寇；带领伪军进山讨伐抗联，残害抗日军民；日本投降后投靠国民党，成为 “四大旗杆” 匪首，制造多起屠杀惨案佳木斯广播...。；结局：1946 年依兰公审枪决。,日本投降后投靠国民党，成为 “四大旗杆” 匪首，制造多起屠杀惨案佳木斯广播...。,1946 年依兰公审枪决。
谷次亨,大连,辽宁,大连,[伪安东省教育厅厅长],HIGH,惨案,安东教育救国会惨案,伪职：伪安东省教育厅厅长；罪行：“安东教育救国会惨案” 之后到任；清洗爱国师生，强力推行奴化教育；后升任伪满总务厅次长、民生部大臣，主导鸦片政策。；结局：抚顺战犯管理所关押，后期特赦抖音百科。,罪行：“安东教育救国会惨案” 之后到任,抚顺战犯管理所关押，后期特赦抖音百科。
贾德成,朔县,山西,朔州,[商会会长，朔县惨案中告密汉奸],HIGH,惨案,朔县惨案,伪职：商会会长，朔县惨案中告密汉奸；罪行：城破当众指认抗日县长郭同仁，致使郭同仁被日军烧死；后被日军杀死，未等到战后审判。；结局：被日军刺死,伪职：商会会长，朔县惨案中告密汉奸,被日军刺死
赵儒,昔阳,山西,晋中,[伪昔阳警备大队长],HIGH,惨案,配合日军制造多起惨案,伪职：伪昔阳警备大队长；罪行：驻守昔阳县城，多次配合日军制造多起惨案。；结局：解放后公审枪决,罪行：驻守昔阳县城，多次配合日军制造多起惨案。,解放后公审枪决
赵瑞,山西,山西,,[伪山西省保安副司令、剿共军第一师师长],HIGH,屠杀、扫荡,,伪职：伪山西省保安副司令、剿共军第一师师长；罪行：原阎军军官，1942 投敌，驻扎太原；多次率伪军配合日军扫荡清太徐、交城根据地，屠杀干部民兵。；结局：抗战胜利被阎收编；太原解放被俘，劳动改造,多次率伪军配合日军扫荡清太徐、交城根据地，屠杀干部民兵。,抗战胜利被阎收编
邵本良,吉林海龙,吉林,通化,[伪满国军少将，东边道讨伐司令],HIGH,惨案、烧杀、围剿,制造多起惨案,伪职：伪满国军少将，东边道讨伐司令；罪行：原东北军，投敌；盘踞本溪、桓仁、新宾一带，多次大规模围剿杨靖宇抗联第一师，烧杀村庄，制造多起惨案。；结局：1936 年被抗联重创，重伤逃回奉天，伤重而死。,盘踞本溪、桓仁、新宾一带，多次大规模围剿杨靖宇抗联第一师，烧杀村庄，制造多起惨案。,1936 年被抗联重创，重伤逃回奉天，伤重而死。
郭清,临漳,河北,邯郸,[土匪投敌，伪冀南剿共独立旅旅长；贾河口为大本营，烧杀掳掠，制造多起村庄惨案，大肆捕杀抗日军民，设立剿共委员会迫害群众。],HIGH,惨案、烧杀,制造多起村庄惨案,伪职：土匪投敌，伪冀南剿共独立旅旅长；贾河口为大本营，烧杀掳掠，制造多起村庄惨案，大肆捕杀抗日军民，设立剿共委员会迫害群众。；结局：1949 年被俘，公审枪决,贾河口为大本营，烧杀掳掠，制造多起村庄惨案，大肆捕杀抗日军民，设立剿共委员会迫害群众。,1949 年被俘，公审枪决
郭清,临漳,河北,邯郸,[土匪投敌，伪冀南剿共独立旅旅长；贾河口为大本营，烧杀掳掠，制造多起村庄惨案，大肆捕杀抗日军民，设立剿共委员会迫害群众。],HIGH,惨案、烧杀,制造多起村庄惨案,伪职：土匪投敌，伪冀南剿共独立旅旅长；贾河口为大本营，烧杀掳掠，制造多起村庄惨案，大肆捕杀抗日军民，设立剿共委员会迫害群众。；结局：1949 年被俘，公审枪决,贾河口为大本营，烧杀掳掠，制造多起村庄惨案，大肆捕杀抗日军民，设立剿共委员会迫害群众。,1949 年被俘，公审枪决
陈楷贤,怀宁洪镇,安徽,安庆,[安庆特务机关大特务、伪洪镇区区长],HIGH,纵火,,伪职：安庆特务机关大特务、伪洪镇区区长；罪行：鸦片烟鬼出身，铁杆特务；带队充当日军向导夜袭江镇，纵火焚烧民房；拦劫根据地紧缺盐、布、医药物资；随意罗织 “私通新四军” 罪名抓捕百姓，敲诈勒索，血债累累。；结局：1942 冬被游击锄奸队就地击毙。,带队充当日军向导夜袭江镇，纵火焚烧民房,1942 冬被游击锄奸队就地击毙。
隋明福,河北,河北,,[伪玉田县县长；配合日军铃木启久，推行第四次治安强化运动；组建反共自卫团、棍儿团，炮制八大杀禁律，一周抓捕三千余抗日人员，制造玉田大抓捕惨案唐山党史网。],HIGH,惨案,制造玉田大抓捕惨案,伪职：伪玉田县县长；配合日军铃木启久，推行第四次治安强化运动；组建反共自卫团、棍儿团，炮制八大杀禁律，一周抓捕三千余抗日人员，制造玉田大抓捕惨案唐山党史网。；结局：冀东民主政府公审死刑,组建反共自卫团、棍儿团，炮制八大杀禁律，一周抓捕三千余抗日人员，制造玉田大抓捕惨案唐山党史网。,冀东民主政府公审死刑
隋明福,,,,[伪玉田县县长，配合铃木启久日军部队推行第四次治安强化运动；组建反共自卫团、棍儿团，炮制 “八大杀禁律”，全县抓捕三千余抗日人员，制造玉田大抓捕惨案唐山党史网。],HIGH,惨案,制造玉田大抓捕惨案,伪职：伪玉田县县长，配合铃木启久日军部队推行第四次治安强化运动；组建反共自卫团、棍儿团，炮制 “八大杀禁律”，全县抓捕三千余抗日人员，制造玉田大抓捕惨案唐山党史网。；结局：冀东民主政府公审死刑,组建反共自卫团、棍儿团，炮制 “八大杀禁律”，全县抓捕三千余抗日人员，制造玉田大抓捕惨案唐山党史网。,冀东民主政府公审死刑
靖国儒,望奎全县,黑龙江,绥化,[伪望奎县县长],HIGH,惨案,制造多起惨案,伪职：伪望奎县县长；罪行：主持望奎伪县公署，推行集团部落、粮食出荷，以反满抗日罪名大肆捕杀爱国群众，制造多起惨案绥化新闻网。；结局：抗战胜利后潜逃，后被捕获惩处。,罪行：主持望奎伪县公署，推行集团部落、粮食出荷，以反满抗日罪名大肆捕杀爱国群众，制造多起惨案绥化新闻网。,抗战胜利后潜逃，后被捕获惩处。
韩全福,宁城,内蒙古,赤峰,[韩全福讨伐队大队长，宁城头号汉奸；队伍一百七八十人，长期在宁城、平泉、喀喇沁一带扫荡，烧杀抢掠，制造多起惨案，疯狂围剿承平宁武工队。],HIGH,惨案、烧杀、烧杀抢掠、扫荡、围剿,制造多起惨案,伪职：韩全福讨伐队大队长，宁城头号汉奸；队伍一百七八十人，长期在宁城、平泉、喀喇沁一带扫荡，烧杀抢掠，制造多起惨案，疯狂围剿承平宁武工队。；结局：1945 年解放被俘，公审枪决中国人民政...,队伍一百七八十人，长期在宁城、平泉、喀喇沁一带扫荡，烧杀抢掠，制造多起惨案，疯狂围剿承平宁武工队。,1945 年解放被俘，公审枪决中国人民政...
韩维屏,陵川万章村,山西,晋城,[原国民党二区区长，日伪咨议员],HIGH,惨案,直接酿成万章惨案,伪职：原国民党二区区长，日伪咨议员；罪行：被峰头据点抓捕随即叛变；出卖万章村民兵情报，直接酿成万章惨案，多名民兵牺牲。；结局：万章村公审就地枪决,出卖万章村民兵情报，直接酿成万章惨案，多名民兵牺牲。,万章村公审就地枪决
高必发,淮安区,江苏,淮安,[伪淮安县警察大队长],HIGH,惨案、扫荡,参与黄土桥惨案,伪职：伪淮安县警察大队长；罪行：沙贵章副手，执掌伪警察武装，参与黄土桥惨案，下乡扫荡，抓捕酷刑迫害爱国群众。；结局：抗战胜利后公审枪决。,罪行：沙贵章副手，执掌伪警察武装，参与黄土桥惨案，下乡扫荡，抓捕酷刑迫害爱国群众。,抗战胜利后公审枪决。
高必发,淮安区,江苏,淮安,[伪淮安县警察大队长],HIGH,惨案、扫荡,参与黄土桥惨案,伪职：伪淮安县警察大队长；罪行：沙贵章副手，执掌伪警察武装，参与黄土桥惨案，下乡扫荡，抓捕酷刑迫害爱国群众。；结局：抗战胜利后公审枪决。,罪行：沙贵章副手，执掌伪警察武装，参与黄土桥惨案，下乡扫荡，抓捕酷刑迫害爱国群众。,抗战胜利后公审枪决。
高首三,迁西罗家屯,河北,唐山,[伪治安军独立二十团团长，兵力千余；迁安??迁西北部最强伪军；反复清乡扫荡迁青平根据地，制造多起村庄惨案，扶持乡村特务眼线；日降后投靠国民党潜伏。],HIGH,惨案、扫荡、清乡,制造多起村庄惨案,伪职：伪治安军独立二十团团长，兵力千余；迁安??迁西北部最强伪军；反复清乡扫荡迁青平根据地，制造多起村庄惨案，扶持乡村特务眼线；日降后投靠国民党潜伏。；结局：1952 罗家屯万人公审枪决,反复清乡扫荡迁青平根据地，制造多起村庄惨案，扶持乡村特务眼线,1952 罗家屯万人公审枪决
魏桂山,不详,,,[],HIGH,活埋,,伪任职务：伪特工大队长，驻南通如皋，手段残忍，活埋被俘官兵，作恶累累南通史志网。。结局：抗战胜利公审处死,伪任职务：伪特工大队长，驻南通如皋，手段残忍，活埋被俘官兵，作恶累累南通史志网。。结局：抗战胜利公审处死,抗战胜利公审处死
魏永林,湖南岳阳,湖南,岳阳,[],HIGH,惨案,洪山惨案,伪任职务：岳阳伪警察巡官，洪山惨案主要凶手，亲手残害多名百姓。结局：抗战胜利公审处决,伪任职务：岳阳伪警察巡官，洪山惨案主要凶手，亲手残害多名百姓。结局：抗战胜利公审处决,抗战胜利公审处决
魏铭,厚和,内蒙古,呼和浩特,[学生叛徒；1940 告密出卖绥蒙各界抗日救国会，制造厚和大惨案，190 多人被捕，百余人惨死，地下组织遭到毁灭性破坏，出卖刘洪雄等革命志士。],HIGH,惨案,制造厚和大惨案,伪职：学生叛徒；1940 告密出卖绥蒙各界抗日救国会，制造厚和大惨案，190 多人被捕，百余人惨死，地下组织遭到毁灭性破坏，出卖刘洪雄等革命志士。；结局：抗战胜利后公审枪决,1940 告密出卖绥蒙各界抗日救国会，制造厚和大惨案，190 多人被捕，百余人惨死，地下组织遭到毁灭性破坏，出卖刘洪雄等革命志士。,抗战胜利后公审枪决
丁聚堂,泰州,江苏,泰州,"[部长, 师长, 清乡]",MEDIUM,清乡,,伪任职务：伪 19 师师长，部队长期驻扎扬州、江都，配合日伪清乡封锁。。结局：抗战胜利后被处决,伪任职务：伪 19 师师长，部队长期驻扎扬州、江都，配合日伪清乡封锁。。结局：抗战胜利后被处决,抗战胜利后被处决
丁良贤,义乌佛堂镇,浙江,金华,[佛堂镇维持会会长],MEDIUM,扫荡,,伪职：佛堂镇维持会会长；罪行：义乌南部铁杆汉奸；告密带路引导日军扫荡山盆村，全村几乎焚毁；为日军华中矿业公司搜刮砩矿资源，迫害义南抗日力量。；结局：1942 年被南联抗日武装锄奸处决。,告密带路引导日军扫荡山盆村，全村几乎焚毁,1942 年被南联抗日武装锄奸处决。
丁超,辽宁新宾,辽宁,抚顺,[省级长官],MEDIUM,围剿,,伪任职务：先抗日后投敌，伪满通化省省长，围剿抗日武装。结局：苏军俘获，1950 年病亡抚顺战犯管理所,伪任职务：先抗日后投敌，伪满通化省省长，围剿抗日武装。结局：苏军俘获，1950 年病亡抚顺战犯管理所,苏军俘获，1950 年病亡抚顺战犯管理所
丁超,辽宁新宾,辽宁,抚顺,[伪安东省省长（华人）],MEDIUM,围剿,,伪职：伪安东省省长（华人）；罪行：原东北抗日自卫军将领，兵败投敌；主持伪安东省政务，推行集团部落、保甲，强征劳工，配合东边道大讨伐围剿抗联。；结局：1945 苏军逮捕，关押抚顺战犯管理所，1951 年狱中病死。,主持伪安东省政务，推行集团部落、保甲，强征劳工，配合东边道大讨伐围剿抗联。,1945 苏军逮捕，关押抚顺战犯管理所，1951 年狱中病死。
万坪,太原县,山西,太原,[伪清源保安队副大队长，原我方人员叛变],MEDIUM,扫荡、清乡,,伪职：伪清源保安队副大队长，原我方人员叛变；罪行：1938 投降日军，驻守清源，配合日军反复清乡扫荡，残害根据地军民。；结局：解放后镇压处决,罪行：1938 投降日军，驻守清源，配合日军反复清乡扫荡，残害根据地军民。,解放后镇压处决
严明,不详,,,"[清乡, 县长]",MEDIUM,清乡,,伪任职务：伪南通特别区公署署长（清乡时期，相当于伪县长），执行张北生清乡政令，编组伪区乡政权。。结局：抗战胜利判处死刑,伪任职务：伪南通特别区公署署长（清乡时期，相当于伪县长），执行张北生清乡政令，编组伪区乡政权。。结局：抗战胜利判处死刑,抗战胜利判处死刑
乐秀华,芜湖北乡,安徽,芜湖,[伪保安三中队中队长],MEDIUM,清剿,,伪职：伪保安三中队中队长；罪行：盘踞万春圩北乡，骚扰乡间百姓，配合日军清剿。；结局：抗战胜利后清算。,罪行：盘踞万春圩北乡，骚扰乡间百姓，配合日军清剿。,抗战胜利后清算。
乔效曾,徐沟,山西,太原,[伪徐沟保安大队长],MEDIUM,扫荡,,伪职：伪徐沟保安大队长；罪行：盘踞徐沟据点，多次扫荡清太徐根据地，伏击抗日武装，残害地方干部群众。；结局：解放后公审处决,罪行：盘踞徐沟据点，多次扫荡清太徐根据地，伏击抗日武装，残害地方干部群众。,解放后公审处决
于化鹏,庆安全境,黑龙江,绥化,[伪庆安县自卫团头目，光复后国民党土匪司令],MEDIUM,烧杀,,伪职：伪庆安县自卫团头目，光复后国民党土匪司令；罪行：伪满投靠日本充当地方自卫团；光复后接受国民党委任，收拢伪武装，四处烧杀，和常栋彝密谋策划反革命暴乱。；结局：剿匪战斗被俘处决。,光复后接受国民党委任，收拢伪武装，四处烧杀，和常栋彝密谋策划反革命暴乱。,剿匪战斗被俘处决。
于惠风,,,,[伪隆化县县长；推行保甲制度，强征劳工粮草，配合讨伐队扫荡。],MEDIUM,扫荡,,伪职：伪隆化县县长；推行保甲制度，强征劳工粮草，配合讨伐队扫荡。；结局：战后判处徒刑,推行保甲制度，强征劳工粮草，配合讨伐队扫荡。,战后判处徒刑
于景涛,岫岩,辽宁,鞍山,[伪岫岩县县长],MEDIUM,扫荡,,伪职：伪岫岩县县长；罪行：管控岫岩伪政权，配合日伪对辽南三角抗区反复扫荡。；结局：解放后以汉奸罪判刑。,罪行：管控岫岩伪政权，配合日伪对辽南三角抗区反复扫荡。,解放后以汉奸罪判刑。
于景超,林口全境,黑龙江,牡丹江,[伪林口县县长],MEDIUM,围剿,,伪职：伪林口县县长；罪行：主持林口伪县公署，推行集团部落、粮食出荷；协助日伪山林讨伐队围剿二路军；光复后组建维持会抗拒民主政权接收。；结局：1946 年反奸清算公审枪决。,协助日伪山林讨伐队围剿二路军,1946 年反奸清算公审枪决。
于琛澂,吉林双城（今属黑龙江）,黑龙江,哈尔滨,"[军长, 司令]",MEDIUM,围剿,,伪任职务：伪吉林剿匪司令，伪满国军上将，伪吉林警备军主力指挥官，疯狂围剿抗联与义勇军。结局：日本投降前病死，逃脱战后审判,伪任职务：伪吉林剿匪司令，伪满国军上将，伪吉林警备军主力指挥官，疯狂围剿抗联与义勇军。结局：日本投降前病死，逃脱战后审判,日本投降前病死，逃脱战后审判
于琛澂,黑龙江,黑龙江,,[伪吉林省剿匪司令、伪满上将],MEDIUM,烧杀、扫荡,,伪职：伪吉林省剿匪司令、伪满上将；罪行：吉林伪军头号头目；多次大规模进攻吉林义勇军，对磐石、桦甸抗联根据地反复扫荡，烧杀村镇。；结局：1943 年病死。,多次大规模进攻吉林义勇军，对磐石、桦甸抗联根据地反复扫荡，烧杀村镇。,1943 年病死。
于琛澂,黑龙江,黑龙江,,[伪吉林省剿匪司令、伪满上将],MEDIUM,烧杀、扫荡,,伪职：伪吉林省剿匪司令、伪满上将；罪行：吉林伪军头号头目；多次大规模进攻吉林义勇军，对磐石、桦甸抗联根据地反复扫荡，烧杀村镇。；结局：1943 年病死。,多次大规模进攻吉林义勇军，对磐石、桦甸抗联根据地反复扫荡，烧杀村镇。,1943 年病死。
于祯,伊春老钱柜、汤旺河林区,黑龙江,伊春,[伪汤原山林警察大队大队长],MEDIUM,围剿,,伪职：伪汤原山林警察大队大队长；罪行：受日军收买，掌控百余人山林警察武装；帮助日军盗伐小兴安岭木材，进山讨伐抗联，抓捕接济抗联的伐木工人；后经李兆麟争取一度反正，不久动摇重新倒向日军，继续围剿抗联六军根据地中共黑龙江...。；结局：1937 年被抗联六军击毙。,后经李兆麟争取一度反正，不久动摇重新倒向日军，继续围剿抗联六军根据地中共黑龙江...。,1937 年被抗联六军击毙。
于祯,伊春老钱柜、汤旺河林区,黑龙江,伊春,[伪汤原山林警察大队大队长],MEDIUM,围剿,,伪职：伪汤原山林警察大队大队长；罪行：受日军收买，掌控百余人山林警察武装；帮助日军盗伐小兴安岭木材，进山讨伐抗联，抓捕接济抗联的伐木工人；后经李兆麟争取一度反正，不久动摇重新倒向日军，继续围剿抗联六军根据地中共黑龙江...。；结局：1937 年被抗联六军击毙。,后经李兆麟争取一度反正，不久动摇重新倒向日军，继续围剿抗联六军根据地中共黑龙江...。,1937 年被抗联六军击毙。
于福,抚松县,吉林,白山,[伪抚松伪警察营营长],MEDIUM,围剿,,伪职：伪抚松伪警察营营长；罪行：王永诚心腹，随部投日；熟悉长白山山林，多次进山围剿抗联，抓捕抗日群众。；结局：抗战胜利后被民主政府镇压。,熟悉长白山山林，多次进山围剿抗联，抓捕抗日群众。,抗战胜利后被民主政府镇压。
于芷山,辽宁台安,辽宁,鞍山,"[省级长官, 部长, 军长, 司令]",MEDIUM,围剿,,伪任职务：伪奉天省警备司令、伪军政部大臣、治安部大臣，奉天伪军最高头目，围剿东北抗日义勇军中国新闻网。结局：北平解放抓捕，关押抚顺战犯管理所，1951 年狱中病死,伪任职务：伪奉天省警备司令、伪军政部大臣、治安部大臣，奉天伪军最高头目，围剿东北抗日义勇军中国新闻网。结局：北平解放抓捕，关押抚顺战犯管理所，1951 年狱中病死,北平解放抓捕，关押抚顺战犯管理所，1951 年狱中病死
云得胜,托克托,内蒙古,呼和浩特,[伪托克托讨伐队长；下乡清剿，残害抗日家属。],MEDIUM,清剿,,伪职：伪托克托讨伐队长；下乡清剿，残害抗日家属。；结局：托克托解放被俘处决,下乡清剿，残害抗日家属。,托克托解放被俘处决
仲养斋,沭阳及周边,江苏,宿迁,[伪沭阳县伪军旅长],MEDIUM,扫荡,,伪职：伪沭阳县伪军旅长；罪行：率伪军配合日军反复扫荡淮海区根据地，直接间接残害六十余名抗日志士与平民；日本投降后投靠国民党继续反共作恶。；结局：1945 年 11 月抓捕归案，公审枪决。,罪行：率伪军配合日军反复扫荡淮海区根据地，直接间接残害六十余名抗日志士与平民,1945 年 11 月抓捕归案，公审枪决。
仲养斋,沭阳及周边,江苏,宿迁,[伪沭阳县伪军旅长],MEDIUM,扫荡,,伪职：伪沭阳县伪军旅长；罪行：率伪军配合日军反复扫荡淮海区根据地，直接间接残害六十余名抗日志士与平民；日本投降后投靠国民党继续反共作恶。；结局：1945 年 11 月抓捕归案，公审枪决。,罪行：率伪军配合日军反复扫荡淮海区根据地，直接间接残害六十余名抗日志士与平民,1945 年 11 月抓捕归案，公审枪决。
任世泽,,,,[伪朔县县长],MEDIUM,扫荡,,伪职：伪朔县县长；罪行：建立朔县伪县公署、伪警察、新民会；推行保甲十家连坐，强征粮食劳工，配合日军扫荡洪涛山抗日根据地。；结局：日本投降后逮捕，汉奸罪重判,推行保甲十家连坐，强征粮食劳工，配合日军扫荡洪涛山抗日根据地。,日本投降后逮捕，汉奸罪重判
任光宇,武康（今德清）上柏,浙江,湖州,[伪武康上柏区伪区长],MEDIUM,杀害,,伪职：伪武康上柏区伪区长；罪行：地方恶少投敌，手上杀害多名武康县中队游击队员，残害莫干山区抗日群众，气焰嚣张。；结局：莫干区中队抓捕，公审处决。,罪行：地方恶少投敌，手上杀害多名武康县中队游击队员，残害莫干山区抗日群众，气焰嚣张。,莫干区中队抓捕，公审处决。
任光宇,武康（今德清）上柏,浙江,湖州,[伪武康上柏区伪区长],MEDIUM,杀害,,伪职：伪武康上柏区伪区长；罪行：地方恶少投敌，手上杀害多名武康县中队游击队员，残害莫干山区抗日群众，气焰嚣张。；结局：莫干区中队抓捕，公审处决。,罪行：地方恶少投敌，手上杀害多名武康县中队游击队员，残害莫干山区抗日群众，气焰嚣张。,莫干区中队抓捕，公审处决。
任援道,苏南，宜兴原籍,江苏,无锡,[汪伪海军部长、伪江苏省省长（宜兴人）],MEDIUM,清乡,,伪职：汪伪海军部长、伪江苏省省长（宜兴人）；罪行：投敌出任绥靖军总司令，手握伪军重兵，协助日军清乡；私下暗通重庆军统留后路。；结局：抗战胜利后逃往香港，后移居加拿大，1980 年病死海外。,罪行：投敌出任绥靖军总司令，手握伪军重兵，协助日军清乡,抗战胜利后逃往香港，后移居加拿大，1980 年病死海外。
何瓒,福建闽侯,福建,福州,"[市长, 维持会]",MEDIUM,刺杀,,伪任职务：伪杭州市首任市长，杭州维持会骨干。结局：1939 年被爱国志士刺杀毙命,伪任职务：伪杭州市首任市长，杭州维持会骨干。结局：1939 年被爱国志士刺杀毙命,1939 年被爱国志士刺杀毙命
何瓒（何希甫）,福建,福建,,"[市长, 军长]",MEDIUM,刺杀,,伪任职务：伪杭州市首任市长（维新政府），组建伪杭州市政府，推行保甲、良民证，大肆搜刮，为日军服务。。结局：1939 年被抗日锄奸组刺杀于家中钱江晚报,伪任职务：伪杭州市首任市长（维新政府），组建伪杭州市政府，推行保甲、良民证，大肆搜刮，为日军服务。。结局：1939 年被抗日锄奸组刺杀于家中钱江晚报,1939 年被抗日锄奸组刺杀于家中钱江晚报
余传忠,瑞昌县（今瑞昌市）,江西,九江,[伪瑞昌保安总队长兼伪瑞昌县长],MEDIUM,杀害、扫荡,,伪职：伪瑞昌保安总队长兼伪瑞昌县长；罪行：瑞昌南义东升村七里冲人，1940年8月带特务队投靠日军，从伪保安队长逐步升至伪保安总队长兼县长，配合日军扫荡、杀害赣北游击队分队长夏明和等抗日人员，祸害瑞昌及周边地区，日军九江司令官奉调回国时专程向其辞别；结局：1945年农历十一月十二日在横港被其妹夫设计诱捕杀死，时年35岁（来源：瑞昌臭名昭著的铁杆汉奸，是赣北地区级别最高的县级汉奸之一）,罪行：瑞昌南义东升村七里冲人，1940年8月带特务队投靠日军，从伪保安队长逐步升至伪保安总队长兼县长，配合日军扫荡、杀害赣北游击队分队长夏明和等抗日人员，祸害瑞昌及周边地区，日军九江司令官奉调回国时专程向其辞别,1945年农历十一月十二日在横港被其妹夫设计诱捕杀死，时年35岁（来源：瑞昌臭名昭著的铁杆汉奸，是赣北地区级别最高的县级汉奸之一）
佟宝麟,北镇,辽宁,锦州,[伪北镇县县长],MEDIUM,围剿,,伪职：伪北镇县县长；罪行：推行集团部落，强征国兵、劳工，围剿闾山抗日义勇军。；结局：县城收复后逮捕判刑。,罪行：推行集团部落，强征国兵、劳工，围剿闾山抗日义勇军。,县城收复后逮捕判刑。
佟老万,肃宁,河北,沧州,[伪肃宁警备大队长；出城扫荡，破坏地道村庄。],MEDIUM,扫荡,,伪职：伪肃宁警备大队长；出城扫荡，破坏地道村庄。；结局：肃宁解放被俘处决,出城扫荡，破坏地道村庄。,肃宁解放被俘处决
侯保善,濉溪岳集据点濉溪县人民...,安徽,淮北,[岳集伪军分队长],MEDIUM,扫荡,,伪职：岳集伪军分队长；罪行：铁杆伪军骨干，多次下乡扫荡；告密诬陷我方潜伏人员李彦三，致使其被捕遭受酷刑。；结局：抗战胜利后公审处决。,罪行：铁杆伪军骨干，多次下乡扫荡,抗战胜利后公审处决。
侯堂生,来安县城,安徽,滁州,[伪来安县县长],MEDIUM,扫荡,,伪职：伪来安县县长；罪行：建立来安完整伪政权，推行保甲制度，收编投敌地方武装，配合日伪扫荡半塔周边淮南路东根据地滁州市博物...。；结局：抗战胜利后公审处决。,罪行：建立来安完整伪政权，推行保甲制度，收编投敌地方武装，配合日伪扫荡半塔周边淮南路东根据地滁州市博物...。,抗战胜利后公审处决。
侯福麟,介休,山西,晋中,[伪介休县县长],MEDIUM,扫荡,,伪职：伪介休县县长；罪行：搭建介休伪政权，强征煤炭粮食，修筑炮楼据点，配合日军扫荡绵山根据地。；结局：光复后逮捕判刑,罪行：搭建介休伪政权，强征煤炭粮食，修筑炮楼据点，配合日军扫荡绵山根据地。,光复后逮捕判刑
倪道烺,蚌埠（伪省府）,安徽,蚌埠,[伪维新政府安徽省省长、汪伪安徽省首任省主席],MEDIUM,清乡,,伪职：伪维新政府安徽省省长、汪伪安徽省首任省主席；罪行：北洋旧官僚，伪安徽政权奠基人，完整搭建省级伪行政、警务、教育体系；推行清乡、奴化统治，镇压皖北抗日力量抖音百科。；结局：抗战胜利被捕，1951 年押回蚌埠公审枪决抖音百科。,推行清乡、奴化统治，镇压皖北抗日力量抖音百科。,抗战胜利被捕，1951 年押回蚌埠公审枪决抖音百科。
倪道烺,蚌埠伪省府，籍贯今阜南抖音百科,安徽,阜阳,[汪伪安徽省首任省主席（阜南县倪新寨人，驻蚌埠）],MEDIUM,清乡,,伪职：汪伪安徽省首任省主席（阜南县倪新寨人，驻蚌埠）；罪行：阜阳籍最大汉奸，主持安徽沦陷区伪政权；推行清乡、抓捕抗日军民，强征劳工，开设鸦片馆，设立慰安所，搜刮安徽沦陷区物资供给日军。；结局：抗战胜利被捕，1951 年蚌埠公审枪决抖音百科。,推行清乡、抓捕抗日军民，强征劳工，开设鸦片馆，设立慰安所，搜刮安徽沦陷区物资供给日军。,抗战胜利被捕，1951 年蚌埠公审枪决抖音百科。
傅式说,浙江乐清,浙江,温州,"[省级长官, 清乡]",MEDIUM,清乡,,伪任职务：伪浙江省省长、杭州绥靖主任，推行清乡，搜刮浙西物资。结局：1947 年上海高等法院判处死刑枪决,伪任职务：伪浙江省省长、杭州绥靖主任，推行清乡，搜刮浙西物资。结局：1947 年上海高等法院判处死刑枪决,1947 年上海高等法院判处死刑枪决
傅来群,不详,,,[清乡],MEDIUM,清乡,,伪任职务：伪南通特别区警察局局长，配合特工站搜捕爱国人士，维持清乡治安。。结局：战后判处死刑执行枪决,伪任职务：伪南通特别区警察局局长，配合特工站搜捕爱国人士，维持清乡治安。。结局：战后判处死刑执行枪决,战后判处死刑执行枪决
傅筱庵,浙江镇海,浙江,宁波,[市长],MEDIUM,刺杀,,伪任职务：伪维新政府、汪伪上海特别市市长，工商巨子投敌，推行保甲，搜刮物资。结局：1940 年被军统策反的仆人菜刀刺杀于家中,伪任职务：伪维新政府、汪伪上海特别市市长，工商巨子投敌，推行保甲，搜刮物资。结局：1940 年被军统策反的仆人菜刀刺杀于家中,1940 年被军统策反的仆人菜刀刺杀于家中
冯江涛,九江县（今浔阳区）,江西,九江,[伪“皇协维新队”组织者],MEDIUM,扫荡,,伪职：伪“皇协维新队”组织者；罪行：九江沦陷后积极投敌，为日军组建“皇协维新队”伪军（对外宣称超千人），是日军占领九江初期重点宣传的汉奸，配合日军扫荡、宣传奴化思想；结局：史料未明确记载其最终结局（来源：九江沦陷初期最活跃的汉奸之一，多次出现在日军侵华史料宣传中）,罪行：九江沦陷后积极投敌，为日军组建“皇协维新队”伪军（对外宣称超千人），是日军占领九江初期重点宣传的汉奸，配合日军扫荡、宣传奴化思想,史料未明确记载其最终结局（来源：九江沦陷初期最活跃的汉奸之一，多次出现在日军侵华史料宣传中）
况明恺,高邮湖荡,江苏,扬州,"[部长, 军长]",MEDIUM,烧杀、烧杀抢掠、扫荡,,伪任职务：湖匪出身，投靠汪伪，伪军扩充队头目，兵力上千；盘踞高邮东南、兴化西部湖荡，多次配合日军扫荡高宝根据地，烧杀抢掠。。结局：抗战胜利被俘，判处死刑,盘踞高邮东南、兴化西部湖荡，多次配合日军扫荡高宝根据地，烧杀抢掠。。结局：抗战胜利被俘，判处死刑,抗战胜利被俘，判处死刑
刘三小子,陶林,内蒙古,乌兰察布,[伪陶林警备大队长；常驻陶林城、科布尔，进山围剿大青山支队。],MEDIUM,围剿,,伪职：伪陶林警备大队长；常驻陶林城、科布尔，进山围剿大青山支队。；结局：陶林解放被俘枪决,常驻陶林城、科布尔，进山围剿大青山支队。,陶林解放被俘枪决
刘三柱、要三寿、李荣桂、阎祥云,左权,山西,晋中,[日伪特务团伙],MEDIUM,刺杀,,伪职：日伪特务团伙；罪行：秘密潜入根据地，密谋刺杀彭德怀，企图建立地下伪政权。；结局：1943 麻田军民公审，全部枪决晋中长安网,罪行：秘密潜入根据地，密谋刺杀彭德怀，企图建立地下伪政权。,1943 麻田军民公审，全部枪决晋中长安网
刘伯阳,徐州周边专区,江苏,徐州,[伪淮海省第六区行政督察专员],MEDIUM,清乡,,伪职：伪淮海省第六区行政督察专员；罪行：伪淮海省高级官员，督导数县伪政权，督促各县清乡、征粮，镇压抗日活动。；结局：日本投降后潜逃，后被捕获审判。,罪行：伪淮海省高级官员，督导数县伪政权，督促各县清乡、征粮，镇压抗日活动。,日本投降后潜逃，后被捕获审判。
刘其昌,赤峰,内蒙古,赤峰,[伪赤峰警察讨伐队大队长；多次进山扫荡承平宁联合县，抓捕武工队、地下交通人员，血债较多。],MEDIUM,扫荡,,伪职：伪赤峰警察讨伐队大队长；多次进山扫荡承平宁联合县，抓捕武工队、地下交通人员，血债较多。；结局：1945 年赤峰解放被俘公审枪决,多次进山扫荡承平宁联合县，抓捕武工队、地下交通人员，血债较多。,1945 年赤峰解放被俘公审枪决
刘凤山,延庆,北京,北京,[伪延庆警备大队长；盘踞延庆城、永宁据点，下乡清乡扫荡。],MEDIUM,扫荡、清乡,,伪职：伪延庆警备大队长；盘踞延庆城、永宁据点，下乡清乡扫荡。；结局：延庆解放被俘处死,盘踞延庆城、永宁据点，下乡清乡扫荡。,延庆解放被俘处死
刘凤池,保定,河北,保定,[伪保定警备联队长；保定城伪军主力，下辖千余伪军，频繁下乡扫荡清苑周边村庄，抓捕地下交通人员。],MEDIUM,扫荡,,伪职：伪保定警备联队长；保定城伪军主力，下辖千余伪军，频繁下乡扫荡清苑周边村庄，抓捕地下交通人员。；结局：1945 年保定解放被俘，公审枪决,保定城伪军主力，下辖千余伪军，频繁下乡扫荡清苑周边村庄，抓捕地下交通人员。,1945 年保定解放被俘，公审枪决
刘化南,河北,河北,,[伪石门保安军总指挥，统辖两万伪军，驻守石门城郊铁路沿线，多次配合日军扫荡周边根据地。],MEDIUM,扫荡,,伪职：伪石门保安军总指挥，统辖两万伪军，驻守石门城郊铁路沿线，多次配合日军扫荡周边根据地。；结局：1947 石家庄解放被俘，判处监禁,伪职：伪石门保安军总指挥，统辖两万伪军，驻守石门城郊铁路沿线，多次配合日军扫荡周边根据地。,1947 石家庄解放被俘，判处监禁
刘子敬,芜湖城乡,安徽,芜湖,[伪芜湖县保安大队大队长],MEDIUM,扫荡,,伪职：伪芜湖县保安大队大队长；罪行：原日军翻译，精通日语；统辖十个中队伪军，分驻鲁港、方村、清水河等据点，横行乡里，赌博抽头、勒索百姓，多次配合日军扫荡游击区政协芜湖市...。；结局：被日军特务机关免职，战后清算惩处。,统辖十个中队伪军，分驻鲁港、方村、清水河等据点，横行乡里，赌博抽头、勒索百姓，多次配合日军扫荡游击区政协芜湖市...。,被日军特务机关免职，战后清算惩处。
刘平,夏县,山西,运城,[伪特务队长，外号杀人魔王],MEDIUM,杀害、杀害抗日,,伪职：伪特务队长，外号杀人魔王；罪行：张同文部下，专门抓捕、残害抗日干部群众，杀害抗日英雄祁金兰。；结局：解放后公审枪决,罪行：张同文部下，专门抓捕、残害抗日干部群众，杀害抗日英雄祁金兰。,解放后公审枪决
刘建达,新建南新乡人,河南,新乡,[第二任伪南昌市长],MEDIUM,扫荡,,伪职：第二任伪南昌市长；罪行：多次组织便衣下乡扫荡；结局：暂无明确结局记载,罪行：多次组织便衣下乡扫荡,暂无明确结局记载
刘德义,平鲁,山西,朔州,[伪平鲁警备大队长],MEDIUM,扫荡、清乡,,伪职：伪平鲁警备大队长；罪行：盘踞井坪据点，多次下乡清乡扫荡，残害堡垒户。；结局：解放后公审枪决,罪行：盘踞井坪据点，多次下乡清乡扫荡，残害堡垒户。,解放后公审枪决
刘德山,平山,河北,石家庄,[伪平山警备大队长，伪军头目，驻守平山县城及南甸据点，频繁进山扫荡。],MEDIUM,扫荡,,伪职：伪平山警备大队长，伪军头目，驻守平山县城及南甸据点，频繁进山扫荡。；结局：1945 年县城解放被俘，判处死刑,伪职：伪平山警备大队长，伪军头目，驻守平山县城及南甸据点，频繁进山扫荡。,1945 年县城解放被俘，判处死刑
刘德山,平山,河北,石家庄,[伪平山警备大队长，伪军头目，驻守平山县城及南甸据点，频繁进山扫荡。],MEDIUM,扫荡,,伪职：伪平山警备大队长，伪军头目，驻守平山县城及南甸据点，频繁进山扫荡。；结局：1945 年县城解放被俘，判处死刑,伪职：伪平山警备大队长，伪军头目，驻守平山县城及南甸据点，频繁进山扫荡。,1945 年县城解放被俘，判处死刑
刘敬斋,,,,[伪景县县长；景县地处冀鲁边交界，配合日军反复扫荡。],MEDIUM,扫荡,,伪职：伪景县县长；景县地处冀鲁边交界，配合日军反复扫荡。；结局：战后逮捕判刑,景县地处冀鲁边交界，配合日军反复扫荡。,战后逮捕判刑
刘永贵,时村，波及濉溪东部边境,安徽,淮北,[伪军团长（胡泽普部下）],MEDIUM,烧杀、扫荡,,伪职：伪军团长（胡泽普部下）；罪行：伪淮海省剿匪司令胡泽普手下主力团长，多次随同扫荡濉河两岸，烧杀劫掠，捕杀地方干部。；结局：1945 年时村战斗被俘，公审枪决。,罪行：伪淮海省剿匪司令胡泽普手下主力团长，多次随同扫荡濉河两岸，烧杀劫掠，捕杀地方干部。,1945 年时村战斗被俘，公审枪决。
刘汉章,哈尔滨??一面坡,黑龙江,哈尔滨,[原东北军团长，伪自卫团头目],MEDIUM,围剿,,伪职：原东北军团长，伪自卫团头目；罪行：九一八后勾结叶永年投敌，组建伪自卫团，围剿抗日武装，残害群众抖音百科。；结局：抗战胜利后被清算。,罪行：九一八后勾结叶永年投敌，组建伪自卫团，围剿抗日武装，残害群众抖音百科。,抗战胜利后被清算。
刘湘图,兴化全县,江苏,泰州,[伪第 22 师中将师长],MEDIUM,扫荡,,伪职：伪第 22 师中将师长；罪行：原国军军官投敌，七千伪军盘踞兴化城；大修碉堡 170 余座，频繁下乡扫荡，抓捕残害抗日干部群众；日本投降后拒不向新四军投降，固守兴化负隅顽抗泰州市党史...。；结局：1945 年兴化攻城战斗被俘，公审枪决兴化日报。,大修碉堡 170 余座，频繁下乡扫荡，抓捕残害抗日干部群众,1945 年兴化攻城战斗被俘，公审枪决兴化日报。
刘焕章,乐亭,河北,唐山,[伪乐亭警备大队长，驻守乐亭县城及沿海据点，扫荡沿海游击区。],MEDIUM,扫荡,,伪职：伪乐亭警备大队长，驻守乐亭县城及沿海据点，扫荡沿海游击区。；结局：解放后公审处决,伪职：伪乐亭警备大队长，驻守乐亭县城及沿海据点，扫荡沿海游击区。,解放后公审处决
刘磨头,南和,河北,邢台,[土匪投敌，伪南和保安联队长；烧杀抢掠，血债累累；日降后被国民党收编为旅长，退守邢台。],MEDIUM,烧杀、烧杀抢掠,,伪职：土匪投敌，伪南和保安联队长；烧杀抢掠，血债累累；日降后被国民党收编为旅长，退守邢台。；结局：邢台解放被俘，公审枪决,烧杀抢掠，血债累累,邢台解放被俘，公审枪决
刘福成,新海,江苏,连云港,[伪新海讨伐队长；沿海苇洼地带反复扫荡，抓捕海上交通人员。],MEDIUM,扫荡,,伪职：伪新海讨伐队长；沿海苇洼地带反复扫荡，抓捕海上交通人员。；结局：1944 被冀鲁边武装击毙,沿海苇洼地带反复扫荡，抓捕海上交通人员。,1944 被冀鲁边武装击毙
刘老善,固安,河北,廊坊,[伪固安警备大队长；驻守固安县城、牛驼据点，多次出城扫荡。],MEDIUM,扫荡,,伪职：伪固安警备大队长；驻守固安县城、牛驼据点，多次出城扫荡。；结局：固安解放被俘枪决,驻守固安县城、牛驼据点，多次出城扫荡。,固安解放被俘枪决
刘老善,枣强,河北,衡水,[伪枣强警备大队长；伪军主力，常驻枣强城、大营据点，下乡清乡扫荡。],MEDIUM,扫荡、清乡,,伪职：伪枣强警备大队长；伪军主力，常驻枣强城、大营据点，下乡清乡扫荡。；结局：枣强解放被俘枪决,伪军主力，常驻枣强城、大营据点，下乡清乡扫荡。,枣强解放被俘枪决
刘老山,万全,河北,张家口,[伪万全警备大队长；频繁出城扫荡西部山区，残害抗日家属。],MEDIUM,扫荡,,伪职：伪万全警备大队长；频繁出城扫荡西部山区，残害抗日家属。；结局：万全解放被俘处决,频繁出城扫荡西部山区，残害抗日家属。,万全解放被俘处决
刘金波,青县,河北,沧州,[伪青县警备大队长；驻守青县城、流河据点，下乡烧杀抢掠。],MEDIUM,烧杀、烧杀抢掠,,伪职：伪青县警备大队长；驻守青县城、流河据点，下乡烧杀抢掠。；结局：青县解放被俘枪决,驻守青县城、流河据点，下乡烧杀抢掠。,青县解放被俘枪决
刘长伦,宿县尹集周边,安徽,宿州,[伪连长],MEDIUM,杀害,,伪职：伪连长；罪行：率便衣特务偷袭尹集区公所，图谋杀害区长，四处搜集根据地情报，绑架勒索群众。；结局：时村攻破被俘，镇压处决。,罪行：率便衣特务偷袭尹集区公所，图谋杀害区长，四处搜集根据地情报，绑架勒索群众。,时村攻破被俘，镇压处决。
刘长伦,时村、尹集，濉溪东部边境,安徽,淮北,[伪连长],MEDIUM,杀害,,伪职：伪连长；罪行：带领便衣特务袭击尹集区抗日区公所，图谋杀害我区长；四处搜集根据地情报，绑架群众勒索钱财。；结局：时村攻破被俘，镇压处决。,罪行：带领便衣特务袭击尹集区抗日区公所，图谋杀害我区长,时村攻破被俘，镇压处决。
包凤山,巴林右旗,内蒙古,赤峰,[伪大板讨伐队队长；草原清剿，抓捕支援游击队的牧民。],MEDIUM,清剿,,伪职：伪大板讨伐队队长；草原清剿，抓捕支援游击队的牧民。；结局：林西战斗被俘处决,草原清剿，抓捕支援游击队的牧民。,林西战斗被俘处决
包建华,镇江（镇丹县原抗日县长）,江苏,镇江,[部长],MEDIUM,扫荡,,伪任职务：叛变投敌，在镇江组建伪别动大队大队长；盘踞镇江、句容、丹阳交界，配合日伪扫荡茅山抗日根据地，出卖我方情报、捕杀干部群众镇江文明网。。结局：抗战胜利捕获，公审枪决,盘踞镇江、句容、丹阳交界，配合日伪扫荡茅山抗日根据地，出卖我方情报、捕杀干部群众镇江文明网。。结局：抗战胜利捕获，公审枪决,抗战胜利捕获，公审枪决
包永伦,七台河大四站、岚棒山一带,黑龙江,七台河,[伪勃利县大四站警察讨伐队警尉、特务头目],MEDIUM,杀害、清剿,,伪职：伪勃利县大四站警察讨伐队警尉、特务头目；罪行：带领伪讨伐队进山清剿二路军，包围杀害抗联五军副官长冯丕让；长期搜捕岚棒山根据地地下救国会群众，捣毁多处密营。；结局：解放后镇压反革命公审处决。,罪行：带领伪讨伐队进山清剿二路军，包围杀害抗联五军副官长冯丕让,解放后镇压反革命公审处决。
卜兆瑞,萨拉齐,内蒙古,包头,[伪萨拉齐县县长；管控平绥铁路西段，修筑炮楼，频繁配合日军扫荡大青山南麓村庄。],MEDIUM,扫荡,,伪职：伪萨拉齐县县长；管控平绥铁路西段，修筑炮楼，频繁配合日军扫荡大青山南麓村庄。；结局：战后汉奸罪判处徒刑,管控平绥铁路西段，修筑炮楼，频繁配合日军扫荡大青山南麓村庄。,战后汉奸罪判处徒刑
卜兆瑞,萨拉齐,内蒙古,包头,[伪萨拉齐县县长；修筑大量炮楼，管控平绥铁路西段，扫荡大青山南麓村庄。],MEDIUM,扫荡,,伪职：伪萨拉齐县县长；修筑大量炮楼，管控平绥铁路西段，扫荡大青山南麓村庄。；结局：战后汉奸罪判处徒刑,修筑大量炮楼，管控平绥铁路西段，扫荡大青山南麓村庄。,战后汉奸罪判处徒刑
卜兆祥,陶林,内蒙古,乌兰察布,[伪陶林县县长；灰腾梁草原前沿，修筑大量据点，配合伪蒙古军扫荡大青山东部。],MEDIUM,扫荡,,伪职：伪陶林县县长；灰腾梁草原前沿，修筑大量据点，配合伪蒙古军扫荡大青山东部。；结局：战后汉奸罪判处徒刑,灰腾梁草原前沿，修筑大量据点，配合伪蒙古军扫荡大青山东部。,战后汉奸罪判处徒刑
史存义,交城,山西,吕梁,[伪交城警备大队长],MEDIUM,扫荡,,伪职：伪交城警备大队长；罪行：盘踞交城、古交一带，进山扫荡交山抗日根据地。；结局：解放后镇压处决,罪行：盘踞交城、古交一带，进山扫荡交山抗日根据地。,解放后镇压处决
史梅岑,祁县,山西,晋中,[伪祁县县知事（伪县长）],MEDIUM,扫荡,,伪职：伪祁县县知事（伪县长）；罪行：接续伪政权，强征粮款鸦片，配合日军扫荡祁县南山根据地。；结局：抗战胜利逮捕判刑,罪行：接续伪政权，强征粮款鸦片，配合日军扫荡祁县南山根据地。,抗战胜利逮捕判刑
史贤臣,平定,山西,阳泉,[原我方公安人员，叛变后任阳泉宪兵队特务阳泉日报数...],MEDIUM,扫荡,,伪职：原我方公安人员，叛变后任阳泉宪兵队特务阳泉日报数...；罪行：1941 大扫荡中投敌；带领日伪军搜捕村干部、地下人员，破坏抗日基层组织，劫掠群众财物。；结局：武工队潜入家中处决阳泉日报数...,罪行：1941 大扫荡中投敌,武工队潜入家中处决阳泉日报数...
叶柏寿,,,,[伪赤峰县县长；推行保甲、集家并村，配合讨伐队清剿赤峰周边抗日武装，强征劳工鸦片。],MEDIUM,清剿,,伪职：伪赤峰县县长；推行保甲、集家并村，配合讨伐队清剿赤峰周边抗日武装，强征劳工鸦片。；结局：战后汉奸罪判处长期徒刑,推行保甲、集家并村，配合讨伐队清剿赤峰周边抗日武装，强征劳工鸦片。,战后汉奸罪判处长期徒刑
叶永年,哈尔滨全市，参与三肇地区扫荡,黑龙江,哈尔滨,[伪哈尔滨警察厅外勤警佐，特务头目（“白菜叶” 之一）],MEDIUM,杀害,,伪职：伪哈尔滨警察厅外勤警佐，特务头目（“白菜叶” 之一）；罪行：手下 “四大扒皮”“八大打手”，大肆抓捕杀害抗联、爱国群众；制造三肇血案，敲诈商户，制造多起冤狱抖音百科。；结局：1951 年被处决。,罪行：手下 “四大扒皮”“八大打手”，大肆抓捕杀害抗联、爱国群众,1951 年被处决。
吉格木德,土默特旗,内蒙古,呼和浩特,[伪土默特旗公署参事官；拆分土默特旗，推行部落制度，配合日军清乡。],MEDIUM,清乡,,伪职：伪土默特旗公署参事官；拆分土默特旗，推行部落制度，配合日军清乡。；结局：战后判处长期徒刑,拆分土默特旗，推行部落制度，配合日军清乡。,战后判处长期徒刑
吕桂生,上虞全境,浙江,绍兴,[伪上虞伪警察大队长],MEDIUM,扫荡,,伪职：伪上虞伪警察大队长；罪行：伪武装头目，带队下乡搜捕地下党、抗日群众，多次配合日军扫荡虞北。；结局：公审枪决。,罪行：伪武装头目，带队下乡搜捕地下党、抗日群众，多次配合日军扫荡虞北。,公审枪决。
吕桂生,上虞全境,浙江,绍兴,[伪上虞伪警察大队长],MEDIUM,扫荡,,伪职：伪上虞伪警察大队长；罪行：伪武装头目，带队下乡搜捕地下党、抗日群众，多次配合日军扫荡虞北。；结局：公审枪决。,罪行：伪武装头目，带队下乡搜捕地下党、抗日群众，多次配合日军扫荡虞北。,公审枪决。
吕海峰,青龙,河北,秦皇岛,[伪青龙讨伐队大队长；多次进山 “清剿”，抓捕杀害地方干部。],MEDIUM,杀害、清剿,,伪职：伪青龙讨伐队大队长；多次进山 “清剿”，抓捕杀害地方干部。；结局：青龙解放被俘枪决,多次进山 “清剿”，抓捕杀害地方干部。,青龙解放被俘枪决
吕续卿,大同,山西,大同,[伪大同县县长；伪晋北公安厅厅长],MEDIUM,清乡,,伪职：伪大同县县长；伪晋北公安厅厅长；罪行：主管伪警察系统，推行户口编闾制度，指挥伪警察搜捕地下抗日人员，配合讨伐队下乡清乡。；结局：光复后公审处决,罪行：主管伪警察系统，推行户口编闾制度，指挥伪警察搜捕地下抗日人员，配合讨伐队下乡清乡。,光复后公审处决
吕老贵,蔚县,河北,张家口,[伪蔚县警备大队长；伪军铁杆，充当日军扫荡向导，残害山区百姓。],MEDIUM,扫荡,,伪职：伪蔚县警备大队长；伪军铁杆，充当日军扫荡向导，残害山区百姓。；结局：镇反公审枪决,伪军铁杆，充当日军扫荡向导，残害山区百姓。,镇反公审枪决
吕阿四,缙云、新建、壶镇一带,浙江,丽水,[缙云日军便衣密探向导],MEDIUM,扫荡,,伪职：缙云日军便衣密探向导；罪行：地痞投敌，熟悉括苍古道，多次带路引导日军进山扫荡，刺探国军布防情报，告密抓捕爱国群众。；结局：被地方抗日自卫队锄奸处决。,罪行：地痞投敌，熟悉括苍古道，多次带路引导日军进山扫荡，刺探国军布防情报，告密抓捕爱国群众。,被地方抗日自卫队锄奸处决。
吴云麈,如皋（含今如东）,江苏,南通,[伪如皋县长，绰号 “南通之狼”],MEDIUM,扫荡、清乡,,伪职：伪如皋县长，绰号 “南通之狼”；罪行：执掌如皋伪政权，配合日伪扫荡清乡，横征暴敛，滥捕滥杀抗日军民，作恶极多。；结局：抗战胜利后被捕，花钱打通关系，下落不明，人间蒸发。,罪行：执掌如皋伪政权，配合日伪扫荡清乡，横征暴敛，滥捕滥杀抗日军民，作恶极多。,抗战胜利后被捕，花钱打通关系，下落不明，人间蒸发。
吴凤舞,汤原（伊春南部）,黑龙江,佳木斯,[伪汤原县县长],MEDIUM,围剿,,伪职：伪汤原县县长；罪行：主持伪县公署，推行集团部落、粮食出荷，抓捕爱国群众；配合山林警察围剿汤原抗日根据地。；结局：光复后潜逃，后被捕获审判。,配合山林警察围剿汤原抗日根据地。,光复后潜逃，后被捕获审判。
吴凤舞,汤原（伊春南部）,黑龙江,佳木斯,[伪汤原县县长],MEDIUM,围剿,,伪职：伪汤原县县长；罪行：主持伪县公署，推行集团部落、粮食出荷，抓捕爱国群众；配合山林警察围剿汤原抗日根据地。；结局：光复后潜逃，后被捕获审判。,配合山林警察围剿汤原抗日根据地。,光复后潜逃，后被捕获审判。
吴子安,平陆,山西,运城,[伪平陆警备大队长],MEDIUM,扫荡,,伪职：伪平陆警备大队长；罪行：驻守平陆县城、张店据点，配合日军扫荡中条山南麓。；结局：解放后处决,罪行：驻守平陆县城、张店据点，配合日军扫荡中条山南麓。,解放后处决
吴宝山,克什克腾,内蒙古,赤峰,[伪经棚讨伐队长；进山清剿，残害山区牧民。],MEDIUM,清剿,,伪职：伪经棚讨伐队长；进山清剿，残害山区牧民。；结局：1945 年解放被俘枪决,进山清剿，残害山区牧民。,1945 年解放被俘枪决
吴宝山,阿荣旗,内蒙古,呼伦贝尔,[伪警察讨伐队长；进山清剿抗联小分队，残害山区群众。],MEDIUM,清剿,,伪职：伪警察讨伐队长；进山清剿抗联小分队，残害山区群众。；结局：1945 被俘枪决,进山清剿抗联小分队，残害山区群众。,1945 被俘枪决
吴履逊,广东揭阳,广东,揭阳,"[军长, 司令, 清乡]",MEDIUM,清乡,,伪任职务：伪潮汕保安司令，粤东伪军头目，配合日军清乡。结局：战后被捕处决,伪任职务：伪潮汕保安司令，粤东伪军头目，配合日军清乡。结局：战后被捕处决,战后被捕处决
吴引崇,淮阴城区,江苏,淮安,[清江浦四大魔王之一，伪警察头目],MEDIUM,扫荡、清乡,,伪职：清江浦四大魔王之一，伪警察头目；罪行：投靠日伪，执掌伪警察力量，配合日军清乡扫荡，抓捕进步人士，盘剥城内工商业。；结局：抗战胜利后逮捕法办。,罪行：投靠日伪，执掌伪警察力量，配合日军清乡扫荡，抓捕进步人士，盘剥城内工商业。,抗战胜利后逮捕法办。
吴引崇,淮阴城区,江苏,淮安,[清江浦四大魔王之一，伪警察头目],MEDIUM,扫荡、清乡,,伪职：清江浦四大魔王之一，伪警察头目；罪行：投靠日伪，执掌伪警察力量，配合日军清乡扫荡，抓捕进步人士，盘剥城内工商业。；结局：抗战胜利后逮捕法办。,罪行：投靠日伪，执掌伪警察力量，配合日军清乡扫荡，抓捕进步人士，盘剥城内工商业。,抗战胜利后逮捕法办。
吴蓝田,河南,河南,,[军长],MEDIUM,清剿,,伪任职务：豫西伪军头目，清剿根据地、出卖地下人员。结局：投降后隐匿上海，被抓获押回河南公审枪决,伪任职务：豫西伪军头目，清剿根据地、出卖地下人员。结局：投降后隐匿上海，被抓获押回河南公审枪决,投降后隐匿上海，被抓获押回河南公审枪决
吴赞周,正定,河北,石家庄,[正定维持会会长、首任伪正定县知事，后升任伪河北省省长、真定道尹，河北头号大汉奸，统筹治安强化运动、五一大扫荡，强征民夫修炮楼封锁沟。],MEDIUM,扫荡,,伪职：正定维持会会长、首任伪正定县知事，后升任伪河北省省长、真定道尹，河北头号大汉奸，统筹治安强化运动、五一大扫荡，强征民夫修炮楼封锁沟。；结局：北平解放后判无期徒刑，1949 年狱中病亡,伪职：正定维持会会长、首任伪正定县知事，后升任伪河北省省长、真定道尹，河北头号大汉奸，统筹治安强化运动、五一大扫荡，强征民夫修炮楼封锁沟。,北平解放后判无期徒刑，1949 年狱中病亡
吴赞周,河北正定,河北,石家庄,"[省级长官, 司令, 总司令]",MEDIUM,扫荡,,伪任职务：伪河北省省长、全省警备总司令，参与五一大扫荡、治安强化运动。结局：北平解放后判处无期徒刑，1949 年狱中病亡,伪任职务：伪河北省省长、全省警备总司令，参与五一大扫荡、治安强化运动。结局：北平解放后判处无期徒刑，1949 年狱中病亡,北平解放后判处无期徒刑，1949 年狱中病亡
吴赞周,正定,河北,石家庄,[伪河北省省长，伪河北省公署驻保定；统筹河北全省伪政务，推行治安强化运动、五一大扫荡，强修封锁沟炮楼。],MEDIUM,扫荡,,伪职：伪河北省省长，伪河北省公署驻保定；统筹河北全省伪政务，推行治安强化运动、五一大扫荡，强修封锁沟炮楼。；结局：北平解放判无期徒刑，1949 狱中病亡,统筹河北全省伪政务，推行治安强化运动、五一大扫荡，强修封锁沟炮楼。,北平解放判无期徒刑，1949 狱中病亡
吴赞周,正定,河北,石家庄,[正定维持会会长、首任伪正定县知事，后升任伪河北省省长、真定道尹，河北头号大汉奸，统筹治安强化运动、五一大扫荡，强征民夫修炮楼封锁沟。],MEDIUM,扫荡,,伪职：正定维持会会长、首任伪正定县知事，后升任伪河北省省长、真定道尹，河北头号大汉奸，统筹治安强化运动、五一大扫荡，强征民夫修炮楼封锁沟。；结局：北平解放后判无期徒刑，1949 年狱中病亡,伪职：正定维持会会长、首任伪正定县知事，后升任伪河北省省长、真定道尹，河北头号大汉奸，统筹治安强化运动、五一大扫荡，强征民夫修炮楼封锁沟。,北平解放后判无期徒刑，1949 年狱中病亡
周万银,饶阳,河北,衡水,[伪饶阳特务头目；扫荡带路，告密地下组织，搜刮粮食，破坏饶阳根据地。],MEDIUM,扫荡,,伪职：伪饶阳特务头目；扫荡带路，告密地下组织，搜刮粮食，破坏饶阳根据地。；结局：1943 年被冀中武工队伏击击毙,扫荡带路，告密地下组织，搜刮粮食，破坏饶阳根据地。,1943 年被冀中武工队伏击击毙
周大牙,易县,河北,保定,[伪易县警备副团长，赵玉昆副手；多次带队进山扫荡狼牙山周边村庄。],MEDIUM,扫荡,,伪职：伪易县警备副团长，赵玉昆副手；多次带队进山扫荡狼牙山周边村庄。；结局：解放后镇反处决,多次带队进山扫荡狼牙山周边村庄。,解放后镇反处决
周少斋,宣城孙家埠集镇,安徽,宣城,[孙家埠伪区长],MEDIUM,清剿,,伪职：孙家埠伪区长；罪行：把持伪区政权，修建碉堡，搜集山区游击队情报，多次引导日伪军进山清剿，敲诈沿江商旅。；结局：被皖南武工队锄奸击毙。,罪行：把持伪区政权，修建碉堡，搜集山区游击队情报，多次引导日伪军进山清剿，敲诈沿江商旅。,被皖南武工队锄奸击毙。
周少斋,宣城孙家埠集镇,安徽,宣城,[孙家埠伪区长],MEDIUM,清剿,,伪职：孙家埠伪区长；罪行：把持伪区政权，修建碉堡，搜集山区游击队情报，多次引导日伪军进山清剿，敲诈沿江商旅。；结局：被皖南武工队锄奸击毙。,罪行：把持伪区政权，修建碉堡，搜集山区游击队情报，多次引导日伪军进山清剿，敲诈沿江商旅。,被皖南武工队锄奸击毙。
周少斋,宣城孙家埠集镇,安徽,宣城,[孙家埠伪区长],MEDIUM,清剿,,伪职：孙家埠伪区长；罪行：把持伪区政权，修建碉堡，搜集山区游击队情报，多次引导日伪军进山清剿，敲诈沿江商旅。；结局：被皖南武工队锄奸击毙。,罪行：把持伪区政权，修建碉堡，搜集山区游击队情报，多次引导日伪军进山清剿，敲诈沿江商旅。,被皖南武工队锄奸击毙。
周桂生,护驾墩（当涂）,安徽,马鞍山,[伪护驾墩乡长],MEDIUM,清乡,,伪职：伪护驾墩乡长；罪行：劣绅投敌任伪乡长，多次充当向导，带领日伪军下乡清乡，催缴粮款，迫害拒绝附逆乡民。；结局：抗战胜利后汉奸审判处决。,罪行：劣绅投敌任伪乡长，多次充当向导，带领日伪军下乡清乡，催缴粮款，迫害拒绝附逆乡民。,抗战胜利后汉奸审判处决。
周梦山,三河,河北,廊坊,[伪三河警备大队长；驻守三河县城、段甲岭据点，配合日军扫荡蓟平密根据地边沿。],MEDIUM,扫荡,,伪职：伪三河警备大队长；驻守三河县城、段甲岭据点，配合日军扫荡蓟平密根据地边沿。；结局：三河解放被俘枪决,驻守三河县城、段甲岭据点，配合日军扫荡蓟平密根据地边沿。,三河解放被俘枪决
周海山,青龙,河北,秦皇岛,[伪青龙警备大队长；伪军主力头目，多次配合日军扫荡迁青平根据地。],MEDIUM,扫荡,,伪职：伪青龙警备大队长；伪军主力头目，多次配合日军扫荡迁青平根据地。；结局：解放后镇反公审处决,伪军主力头目，多次配合日军扫荡迁青平根据地。,解放后镇反公审处决
周海山,青龙,河北,秦皇岛,[伪青龙警备大队长；伪军主力，配合日军反复扫荡迁青平无人区根据地。],MEDIUM,扫荡,,伪职：伪青龙警备大队长；伪军主力，配合日军反复扫荡迁青平无人区根据地。；结局：解放后镇反公审处决,伪军主力，配合日军反复扫荡迁青平无人区根据地。,解放后镇反公审处决
周海山,青龙,河北,秦皇岛,[伪青龙警备大队长；伪军主力头目，多次配合日军扫荡迁青平根据地。],MEDIUM,扫荡,,伪职：伪青龙警备大队长；伪军主力头目，多次配合日军扫荡迁青平根据地。；结局：解放后镇反公审处决,伪军主力头目，多次配合日军扫荡迁青平根据地。,解放后镇反公审处决
周海山,青龙,河北,秦皇岛,[伪青龙警备大队长；伪军主力头目，多次配合日军扫荡迁青平根据地。],MEDIUM,扫荡,,伪职：伪青龙警备大队长；伪军主力头目，多次配合日军扫荡迁青平根据地。；结局：解放后镇反公审处决,伪军主力头目，多次配合日军扫荡迁青平根据地。,解放后镇反公审处决
周瑜生,海门,江苏,南通,[军长],MEDIUM,扫荡,,伪任职务：伪海门警察局局长，掌控伪警武装，配合日军下乡扫荡、搜捕抗日人员。。结局：公审处决,伪任职务：伪海门警察局局长，掌控伪警武装，配合日军下乡扫荡、搜捕抗日人员。。结局：公审处决,公审处决
周瑞符,,,,[伪邯郸警备联队联队长，伪军军事主官；下辖 9 个中队 700 余人，配合日军清乡扫荡。],MEDIUM,扫荡、清乡,,伪职：伪邯郸警备联队联队长，伪军军事主官；下辖 9 个中队 700 余人，配合日军清乡扫荡。；结局：邯郸解放被俘，判处死刑,下辖 9 个中队 700 余人，配合日军清乡扫荡。,邯郸解放被俘，判处死刑
周瑞符,,,,[伪邯郸警备联队联队长，邯郸伪军军事主官；下辖 9 个中队 700 余人，驻守城乡各个据点，配合日军清乡扫荡。],MEDIUM,扫荡、清乡,,伪职：伪邯郸警备联队联队长，邯郸伪军军事主官；下辖 9 个中队 700 余人，驻守城乡各个据点，配合日军清乡扫荡。；结局：邯郸解放被俘，判处死刑,下辖 9 个中队 700 余人，驻守城乡各个据点，配合日军清乡扫荡。,邯郸解放被俘，判处死刑
周瑞符,,,,[伪邯郸警备联队联队长，邯郸伪军军事主官；下辖 9 个中队 700 余人，驻守城乡各个据点，配合日军清乡扫荡。],MEDIUM,扫荡、清乡,,伪职：伪邯郸警备联队联队长，邯郸伪军军事主官；下辖 9 个中队 700 余人，驻守城乡各个据点，配合日军清乡扫荡。；结局：邯郸解放被俘，判处死刑,下辖 9 个中队 700 余人，驻守城乡各个据点，配合日军清乡扫荡。,邯郸解放被俘，判处死刑
周铁铮,建昌（原凌南）,辽宁,葫芦岛,[伪凌南县县长],MEDIUM,扫荡,,伪职：伪凌南县县长；罪行：建昌药王庙一带抗日斗争激烈；执行集家并村，制造无人区，配合日伪扫荡，抓捕抗日干部群众。；结局：抗战胜利逮捕重判。,执行集家并村，制造无人区，配合日伪扫荡，抓捕抗日干部群众。,抗战胜利逮捕重判。
周阿桂,海门、葭沚、路桥一带,浙江,台州,[海门（椒江）日军便衣密探],MEDIUM,扫荡,,伪职：海门（椒江）日军便衣密探；罪行：地痞投敌，刺探我方自卫队情报，引导日军登陆扫荡，告密抓捕爱国青年。；结局：被地方抗日自卫队锄奸处决。,罪行：地痞投敌，刺探我方自卫队情报，引导日军登陆扫荡，告密抓捕爱国青年。,被地方抗日自卫队锄奸处决。
周阿荣,永嘉瞿溪、郭溪一带,浙江,温州,[日伪密探],MEDIUM,扫荡,,伪职：日伪密探；罪行：长期潜伏山区，刺探抗日武装行踪，多次引导日军进山扫荡，残害山区百姓。；结局：被浙南武工队抓获处决。,罪行：长期潜伏山区，刺探抗日武装行踪，多次引导日军进山扫荡，残害山区百姓。,被浙南武工队抓获处决。
唐振东,抚松县,吉林,白山,[伪抚松县警察讨伐大队大队长],MEDIUM,围剿,,伪职：伪抚松县警察讨伐大队大队长；罪行：投靠日军，率伪警察大队进山 “讨伐” 抗联，参与围剿杨靖宇部队，残害抗日军民。；结局：解放后被逮捕公审惩处。,罪行：投靠日军，率伪警察大队进山 “讨伐” 抗联，参与围剿杨靖宇部队，残害抗日军民。,解放后被逮捕公审惩处。
国长有,庆安、绥棱安邦河林区,黑龙江,绥化,[伪森林警察、伪挺进队队长],MEDIUM,扫荡,,伪职：伪森林警察、伪挺进队队长；罪行：土匪出身投降日军，熟悉山林，带领挺进队进山扫荡；1942 年偷袭抗联三路军总指挥部，造成抗联总参谋长许亨植牺牲，疯狂捕杀抗联小部队人员绥化新闻网。；结局：解放后镇压反革命被处决。,罪行：土匪出身投降日军，熟悉山林，带领挺进队进山扫荡,解放后镇压反革命被处决。
夏孝义,江宁陆郎花塘,江苏,南京,[军长],MEDIUM,扫荡,,伪任职务：陆郎独立警备队头目，原游击队员叛变投敌；盘踞陆郎据点，招募散兵，多次扫荡横山根据地，残害抗日军民，谈判劝降拒不悔改。。结局：1944??08??21 新四军四十六团攻坚，击毙于据点内南京雨花台...,盘踞陆郎据点，招募散兵，多次扫荡横山根据地，残害抗日军民，谈判劝降拒不悔改。。结局：1944??08??21 新四军四十六团攻坚，击毙于据点内南京雨花台...,1944??08??21 新四军四十六团攻坚，击毙于据点内南京雨花台...
夏少山,当涂城关（今马鞍山当涂）,安徽,马鞍山,[当涂维持会首任会长],MEDIUM,扫荡,,伪职：当涂维持会首任会长；罪行：县城沦陷头号汉奸，迎接日军入城，组建维持会、伪保安队；摊派粮饷物资资敌，陪同日军下乡扫荡，指认藏粮点与游击人员位置。；结局：1945 年抗战胜利公审处决。,摊派粮饷物资资敌，陪同日军下乡扫荡，指认藏粮点与游击人员位置。,1945 年抗战胜利公审处决。
夏恭,大同,山西,大同,[伪晋北自治政府最高委员；伪蒙疆联合自治政府副主席、大同炭矿理事长（1937??1941）],MEDIUM,扫荡,,伪职：伪晋北自治政府最高委员；伪蒙疆联合自治政府副主席、大同炭矿理事长（1937??1941）；罪行：清末举人，日军占领大同牵头组建维持会，建立伪晋北自治政府；推行 “铲共防共”，编闾保甲，协助日军掠夺大同煤炭、粮食，推行奴化教育，配合日军扫荡雁北各抗日根据地。；结局：1941 年病死，逃脱战后审判，钉在历史耻辱柱上,推行 “铲共防共”，编闾保甲，协助日军掠夺大同煤炭、粮食，推行奴化教育，配合日军扫荡雁北各抗日根据地。,1941 年病死，逃脱战后审判，钉在历史耻辱柱上
夏明才,官陡门、大官圩（当涂东南）,安徽,马鞍山,[伪官陡门据点总司令、黄池伪自卫大队长],MEDIUM,烧杀,,伪职：伪官陡门据点总司令、黄池伪自卫大队长；罪行：手握三百余人伪军武装，盘踞圩区，烧杀掳掠，搜捕抗日干部群众；奇袭官陡门战斗前夜赴芜湖侥幸逃脱，武装被新四军全歼。；结局：战后潜伏芦苇荡，1951 年镇反检举落网，公审处决。,罪行：手握三百余人伪军武装，盘踞圩区，烧杀掳掠，搜捕抗日干部群众,战后潜伏芦苇荡，1951 年镇反检举落网，公审处决。
姚海燕,湖南临湘,湖南,岳阳,[军长],MEDIUM,扫荡,,伪任职务：临湘日伪密缉队大队长，充当日军扫荡向导，捕杀群众。结局：抗战胜利公审枪决政协云,伪任职务：临湘日伪密缉队大队长，充当日军扫荡向导，捕杀群众。结局：抗战胜利公审枪决政协云,抗战胜利公审枪决政协云
姚秉忠,滦平,河北,承德,[伪滦平讨伐大队长；伪军铁杆，多次扫荡丰滦边沿游击区。],MEDIUM,扫荡,,伪职：伪滦平讨伐大队长；伪军铁杆，多次扫荡丰滦边沿游击区。；结局：滦平解放被俘枪决,伪军铁杆，多次扫荡丰滦边沿游击区。,滦平解放被俘枪决
姜车,海南儋州,海南,儋州,[],MEDIUM,烧杀、烧杀抢掠,,伪任职务：海头伪警察队长（姜氏四霸之首），伪武装骨干，烧杀抢掠祸害海头百姓党史学习教...。结局：战斗中被抗日武装击毙,伪任职务：海头伪警察队长（姜氏四霸之首），伪武装骨干，烧杀抢掠祸害海头百姓党史学习教...。结局：战斗中被抗日武装击毙,战斗中被抗日武装击毙
姜颂平,南通城、通如海启,江苏,南通,[汪伪特工总部苏北分区区长（朱公馆特务头子）],MEDIUM,清乡,,伪职：汪伪特工总部苏北分区区长（朱公馆特务头子）；罪行：建立南通最大特务机关 “朱公馆”，网罗大批地痞流氓充当特务；搜捕地下党组织，策反抗日人员，为清乡提供情报支持。；结局：抗战胜利后被逮捕，以汉奸罪判刑。,搜捕地下党组织，策反抗日人员，为清乡提供情报支持。,抗战胜利后被逮捕，以汉奸罪判刑。
姬振奎,高平,山西,晋城,[伪高平县县长（上党四大天王之一）],MEDIUM,清乡,,伪职：伪高平县县长（上党四大天王之一）；罪行：原国民党高平县长，1943 集体投敌；建立高平伪政权，指挥伪警备队清乡，抓捕抗日干部，掠夺粮食。；结局：抗战胜利公审枪决,建立高平伪政权，指挥伪警备队清乡，抓捕抗日干部，掠夺粮食。,抗战胜利公审枪决
姬振奎,高平,山西,晋城,[伪高平县县长（上党四大天王之一）],MEDIUM,扫荡,,伪职：伪高平县县长（上党四大天王之一）；罪行：建立高平伪政权，征粮抓丁，配合日军扫荡南部山区。；结局：抗战胜利公审镇压,罪行：建立高平伪政权，征粮抓丁，配合日军扫荡南部山区。,抗战胜利公审镇压
姬振奎,高平,山西,晋城,[伪高平县县长（上党四大天王之一）],MEDIUM,扫荡,,伪职：伪高平县县长（上党四大天王之一）；罪行：建立高平伪政权，征粮抓丁，配合日军扫荡南部山区。；结局：抗战胜利公审镇压,罪行：建立高平伪政权，征粮抓丁，配合日军扫荡南部山区。,抗战胜利公审镇压
孙少山,安庆东郊广济圩,安徽,安庆,[广济圩伪区团长],MEDIUM,扫荡,,伪职：广济圩伪区团长；罪行：把持圩区伪自卫团，强征圩民出工修碉堡，多次引导日军扫荡广济圩，抓捕接济新四军群众。；结局：解放后镇反公审处决。,罪行：把持圩区伪自卫团，强征圩民出工修碉堡，多次引导日军扫荡广济圩，抓捕接济新四军群众。,解放后镇反公审处决。
孙朝贤,濮阳,河南,濮阳,[伪濮阳警备联队长；伪军主力，多次配合日军扫荡昆吾根据地。],MEDIUM,扫荡,,伪职：伪濮阳警备联队长；伪军主力，多次配合日军扫荡昆吾根据地。；结局：濮阳解放被俘枪决,伪军主力，多次配合日军扫荡昆吾根据地。,濮阳解放被俘枪决
孙柏青,,,,[伪青龙县县长；执行长城无人区政策，强修 “人圈”，疯狂清剿长城沿线抗日武装，抓捕迫害大量群众。],MEDIUM,清剿,,伪职：伪青龙县县长；执行长城无人区政策，强修 “人圈”，疯狂清剿长城沿线抗日武装，抓捕迫害大量群众。；结局：1945 年被俘，公审判处死刑,执行长城无人区政策，强修 “人圈”，疯狂清剿长城沿线抗日武装，抓捕迫害大量群众。,1945 年被俘，公审判处死刑
孙柏青,兴隆,河北,承德,[伪兴隆县长，重点推行长城 “无人区” 政策，疯狂清剿。],MEDIUM,清剿,,伪职：伪兴隆县长，重点推行长城 “无人区” 政策，疯狂清剿。；结局：1945 年被俘，公审死刑,伪职：伪兴隆县长，重点推行长城 “无人区” 政策，疯狂清剿。,1945 年被俘，公审死刑
孙柏青,,,,[伪青龙县县长；执行长城无人区政策，强修 “人圈”，疯狂清剿长城沿线抗日武装，抓捕迫害大量群众。],MEDIUM,清剿,,伪职：伪青龙县县长；执行长城无人区政策，强修 “人圈”，疯狂清剿长城沿线抗日武装，抓捕迫害大量群众。；结局：1945 年被俘，公审判处死刑,执行长城无人区政策，强修 “人圈”，疯狂清剿长城沿线抗日武装，抓捕迫害大量群众。,1945 年被俘，公审判处死刑
孙梦麟,,,,[伪南宫县县长；南宫为冀南根据地核心，日军反复扫荡，伪政权疯狂抓捕抗日人员。],MEDIUM,扫荡,,伪职：伪南宫县县长；南宫为冀南根据地核心，日军反复扫荡，伪政权疯狂抓捕抗日人员。；结局：日本投降后潜逃，1947 抓捕归案判刑,南宫为冀南根据地核心，日军反复扫荡，伪政权疯狂抓捕抗日人员。,日本投降后潜逃，1947 抓捕归案判刑
孙永刚,南通全县,江苏,南通,[伪苏北清乡公署政治工作团团长],MEDIUM,清乡,,伪职：伪苏北清乡公署政治工作团团长；罪行：张北生妻弟，招纳大批汉奸爪牙，下乡开展奴化宣传，协助推行保甲、清乡政策，迫害爱国乡绅群众。；结局：抗战胜利后汉奸审判惩处。,伪职：伪苏北清乡公署政治工作团团长；罪行：张北生妻弟，招纳大批汉奸爪牙，下乡开展奴化宣传，协助推行保甲、清乡政策，迫害爱国乡绅群众。,抗战胜利后汉奸审判惩处。
孙祖贤,启东西三丫支镇,江苏,南通,[伪七乡清乡办事处主任],MEDIUM,清乡,,伪职：伪七乡清乡办事处主任；罪行：清乡时期刚刚上任基层伪头目，积极推行日伪政令，迫害民众。；结局：上任仅半天即被锄奸队镇压。,伪职：伪七乡清乡办事处主任；罪行：清乡时期刚刚上任基层伪头目，积极推行日伪政令，迫害民众。,上任仅半天即被锄奸队镇压。
孙老嘎,敖汉,内蒙古,赤峰,[伪敖汉警察讨伐队头目；下乡清剿，残害堡垒户。],MEDIUM,清剿,,伪职：伪敖汉警察讨伐队头目；下乡清剿，残害堡垒户。；结局：敖汉解放被俘枪决,下乡清剿，残害堡垒户。,敖汉解放被俘枪决
孙荣久,桦南、勃利,黑龙江,佳木斯,[抗联八军师长，投敌伪山林队头目],MEDIUM,杀害,,伪职：抗联八军师长，投敌伪山林队头目；罪行：投降日军，充当伪山林讨伐队；日本投降后接受国民党委任，大肆劫掠、杀害基层干部，合江四大匪首之一。；结局：1947 年剿匪被俘处决。,日本投降后接受国民党委任，大肆劫掠、杀害基层干部，合江四大匪首之一。,1947 年剿匪被俘处决。
孙荣久,桦南、勃利,黑龙江,佳木斯,[抗联八军师长，投敌伪山林队头目],MEDIUM,杀害,,伪职：抗联八军师长，投敌伪山林队头目；罪行：投降日军，充当伪山林讨伐队；日本投降后接受国民党委任，大肆劫掠、杀害基层干部，合江四大匪首之一。；结局：1947 年剿匪被俘处决。,日本投降后接受国民党委任，大肆劫掠、杀害基层干部，合江四大匪首之一。,1947 年剿匪被俘处决。
孙荣久,勃利（七台河全境）,黑龙江,七台河,[原抗联八军师长，投敌伪山林讨伐队长],MEDIUM,杀害、扫荡,,伪职：原抗联八军师长，投敌伪山林讨伐队长；罪行：投降日寇，带队扫荡抗联根据地；光复后发动勃利 “双??十二暴乱”，杀害二十余名革命干部，北满四大匪首之一。；结局：1947 年被俘公审枪决。,罪行：投降日寇，带队扫荡抗联根据地；光复后发动勃利 “双??十二暴乱”，杀害二十余名革命干部，北满四大匪首之一。,1947 年被俘公审枪决。
孙荣明,安东,辽宁,丹东,[伪安东总商会会长],MEDIUM,杀害,,伪职：伪安东总商会会长；罪行：九一八后附逆，为日军筹措物资、摊派苛捐；后卷入安东教育救国会案，被日本宪兵逮捕处死（非我方处决）。；结局：被日伪杀害。,结局：被日伪杀害。,被日伪杀害。
孙赓尧,兴城,辽宁,葫芦岛,[伪兴城县县长],MEDIUM,围剿,,伪职：伪兴城县县长；罪行：伪满兴城县主官，推行集团部落，强征国兵、劳工，管控沿海口岸，盘查过往人员，围剿辽西义勇军。；结局：光复后逮捕判刑。,罪行：伪满兴城县主官，推行集团部落，强征国兵、劳工，管控沿海口岸，盘查过往人员，围剿辽西义勇军。,光复后逮捕判刑。
孙金彪,献县,河北,沧州,[伪献县警备大队长；多次扫荡献县、交河交界村庄。],MEDIUM,扫荡,,伪职：伪献县警备大队长；多次扫荡献县、交河交界村庄。；结局：献县解放被俘处死,多次扫荡献县、交河交界村庄。,献县解放被俘处死
孟凌云,本溪南甸,辽宁,本溪,[本溪县大地主，煤矿资本家，伪地方势力],MEDIUM,围剿,,伪职：本溪县大地主，煤矿资本家，伪地方势力；罪行：与日本财阀合作开采田师府煤矿，掠夺矿产；充当日伪地方爪牙，压榨矿工，协助日伪搜集山区情报，配合围剿抗联一师。；结局：解放后镇反公审处决。,充当日伪地方爪牙，压榨矿工，协助日伪搜集山区情报，配合围剿抗联一师。,解放后镇反公审处决。
季寿山,高阳,河北,保定,[伪高阳警备大队长；多次扫荡高、蠡边境，破坏地道村庄。],MEDIUM,扫荡,,伪职：伪高阳警备大队长；多次扫荡高、蠡边境，破坏地道村庄。；结局：高阳解放被俘处决,多次扫荡高、蠡边境，破坏地道村庄。,高阳解放被俘处决
安恩达,武川,内蒙古,呼和浩特,[伪武川警备联队长；伪军主力，频繁进山围剿八路军大青山支队。],MEDIUM,围剿,,伪职：伪武川警备联队长；伪军主力，频繁进山围剿八路军大青山支队。；结局：武川解放被俘公审枪决,伪军主力，频繁进山围剿八路军大青山支队。,武川解放被俘公审枪决
安恩达,固阳,内蒙古,包头,[伪固阳警备联队长；伪军主力，反复进山围剿大青山支队。],MEDIUM,围剿,,伪职：伪固阳警备联队长；伪军主力，反复进山围剿大青山支队。；结局：固阳解放被俘公审枪决,伪军主力，反复进山围剿大青山支队。,固阳解放被俘公审枪决
安照白,无锡东乡、县城,江苏,无锡,[第四任伪无锡县县长（安镇人）],MEDIUM,扫荡、清乡,,伪职：第四任伪无锡县县长（安镇人）；罪行：积极配合日军清乡扫荡，迫害抗日群众，对日军极度顺从。；结局：抗日锄奸队潜入无锡城内将其击毙。,罪行：积极配合日军清乡扫荡，迫害抗日群众，对日军极度顺从。,抗日锄奸队潜入无锡城内将其击毙。
宋万义,赤城,河北,张家口,[伪赤城警备大队长；伪军主力，配合日军反复扫荡海陀山。],MEDIUM,扫荡,,伪职：伪赤城警备大队长；伪军主力，配合日军反复扫荡海陀山。；结局：赤城解放被俘枪决,伪军主力，配合日军反复扫荡海陀山。,赤城解放被俘枪决
宋仲元,大同,山西,大同,[伪晋北讨伐队大队长],MEDIUM,烧杀、烧杀抢掠、扫荡,,伪职：伪晋北讨伐队大队长；罪行：伪军主力，盘踞大同周边据点，多次配合日军扫荡浑源、灵丘、广灵抗日根据地，烧杀抢掠。；结局：大同解放被俘公审枪决,罪行：伪军主力，盘踞大同周边据点，多次配合日军扫荡浑源、灵丘、广灵抗日根据地，烧杀抢掠。,大同解放被俘公审枪决
宋四娃,安泽,山西,临汾,[伪安泽警备大队长],MEDIUM,扫荡,,伪职：伪安泽警备大队长；罪行：驻守安泽县城、府城据点，进山扫荡。；结局：解放后镇压处决,罪行：驻守安泽县城、府城据点，进山扫荡。,解放后镇压处决
宋子君,,,,[伪汾阳县县长],MEDIUM,扫荡,,伪职：伪汾阳县县长；罪行：建立汾阳伪公署，管控太汾公路，强征粮食壮丁，多次配合日军扫荡晋绥八分区。；结局：1945 解放文水战斗中被击毙,罪行：建立汾阳伪公署，管控太汾公路，强征粮食壮丁，多次配合日军扫荡晋绥八分区。,1945 解放文水战斗中被击毙
宋存贵,静乐,山西,忻州,[伪军团长，三交据点大汉奸],MEDIUM,扫荡,,伪职：伪军团长，三交据点大汉奸；罪行：死心投靠日军，多次扫荡静乐山区，双手沾满军民鲜血。；结局：1944 中秋夜，八路军武工队攻入据点将其击毙。,罪行：死心投靠日军，多次扫荡静乐山区，双手沾满军民鲜血。,1944 中秋夜，八路军武工队攻入据点将其击毙。
宋宝山,平泉,河北,承德,[伪平泉讨伐队队长；反复扫荡承平宁联合县，残害堡垒户。],MEDIUM,扫荡,,伪职：伪平泉讨伐队队长；反复扫荡承平宁联合县，残害堡垒户。；结局：1945 平泉解放被俘处决,反复扫荡承平宁联合县，残害堡垒户。,1945 平泉解放被俘处决
宋德山,集宁,内蒙古,乌兰察布,[伪集宁警备大队长；伪军主力，盘踞集宁、老平地泉据点，多次配合日军进山清剿绥南抗日武装，抓捕县区干部。],MEDIUM,清剿,,伪职：伪集宁警备大队长；伪军主力，盘踞集宁、老平地泉据点，多次配合日军进山清剿绥南抗日武装，抓捕县区干部。；结局：集宁解放被俘公审枪决,伪军主力，盘踞集宁、老平地泉据点，多次配合日军进山清剿绥南抗日武装，抓捕县区干部。,集宁解放被俘公审枪决
宋敬之,,,,[伪武邑县县长；五一大扫荡后重建伪政权，搜捕冀中六分区干部。],MEDIUM,扫荡,,伪职：伪武邑县县长；五一大扫荡后重建伪政权，搜捕冀中六分区干部。；结局：战后逮捕判刑,五一大扫荡后重建伪政权，搜捕冀中六分区干部。,战后逮捕判刑
宋植旃,贵池全县,安徽,池州,[汪伪贵池县正式伪县长],MEDIUM,扫荡,,伪职：汪伪贵池县正式伪县长；罪行：1943 年出任汪伪贵池县长，建立完整伪县公署、伪警察、伪保安队，推行保甲良民证，配合日军扫荡贵西、观前游击区，掠夺沿江物资。；结局：日本投降后被捕，判处死刑。,罪行：1943 年出任汪伪贵池县长，建立完整伪县公署、伪警察、伪保安队，推行保甲良民证，配合日军扫荡贵西、观前游击区，掠夺沿江物资。,日本投降后被捕，判处死刑。
宋殿元,河北康保,河北,张家口,[伪讨伐队头目，长期活动包头周边；烧杀淫掠，血债极多。],MEDIUM,烧杀,,伪职：伪讨伐队头目，长期活动包头周边；烧杀淫掠，血债极多。；结局：1951 包头人民广场公审枪决,烧杀淫掠，血债极多。,1951 包头人民广场公审枪决
宋清云,慈溪、庄桥一带,浙江,宁波,[伪慈溪县保安大队大队长],MEDIUM,烧杀、扫荡,,伪职：伪慈溪县保安大队大队长；罪行：原国民党地方武装头目，率部公开投敌；盘踞庄桥、长石桥据点，多次配合日军扫荡慈北、三北抗日根据地，烧杀劫掠。；结局：抗战后期被抗日武装歼灭，本人被俘处决。,盘踞庄桥、长石桥据点，多次配合日军扫荡慈北、三北抗日根据地，烧杀劫掠。,抗战后期被抗日武装歼灭，本人被俘处决。
宋筱白,台安,辽宁,鞍山,[伪台安县县长],MEDIUM,围剿,,伪职：伪台安县县长；罪行：台安当时属伪锦州省；推行保甲、集团部落，强征壮丁，围剿地方抗日武装。；结局：战后逮捕判刑。,推行保甲、集团部落，强征壮丁，围剿地方抗日武装。,战后逮捕判刑。
宝音达来,奈曼旗,内蒙古,通辽,[伪奈曼警察讨伐队长；多次进山围剿抗日武装，残害堡垒户。],MEDIUM,围剿,,伪职：伪奈曼警察讨伐队长；多次进山围剿抗日武装，残害堡垒户。；结局：奈曼解放被俘枪决,多次进山围剿抗日武装，残害堡垒户。,奈曼解放被俘枪决
宫保衡,宁武,山西,忻州,[伪宁武县县长],MEDIUM,扫荡,,伪职：伪宁武县县长；罪行：建立宁武伪政权，管控同蒲铁路，强征劳工，配合日军扫荡管涔山根据地。；结局：战后逮捕判刑,罪行：建立宁武伪政权，管控同蒲铁路，强征劳工，配合日军扫荡管涔山根据地。,战后逮捕判刑
尤美玉,吴桥尤庄,河北,沧州,[原张国基部副司令投敌，伪宁吴反共自卫军司令；清乡反共，破坏吴桥根据地。],MEDIUM,清乡,,伪职：原张国基部副司令投敌，伪宁吴反共自卫军司令；清乡反共，破坏吴桥根据地。；结局：吴桥解放被俘处决,清乡反共，破坏吴桥根据地。,吴桥解放被俘处决
崔勋臣,宝坻,天津,天津,[伪宝坻警备大队长；伪军主力，下乡清乡，抓捕抗日干部。],MEDIUM,清乡,,伪职：伪宝坻警备大队长；伪军主力，下乡清乡，抓捕抗日干部。；结局：宝坻解放被俘枪决,伪军主力，下乡清乡，抓捕抗日干部。,宝坻解放被俘枪决
崔子和,,,,[伪饶阳县县长；五一大扫荡之后强化保甲制度。],MEDIUM,扫荡,,伪职：伪饶阳县县长；五一大扫荡之后强化保甲制度。；结局：战后汉奸罪判处徒刑,五一大扫荡之后强化保甲制度。,战后汉奸罪判处徒刑
崔步武,泰州城区（姜堰）,江苏,泰州,[伪泰县（泰州）县长],MEDIUM,清乡、围剿,,伪职：伪泰县（泰州）县长；罪行：汪伪清乡专员，主政泰县伪政权，推行清乡保甲，征粮抓丁，配合日伪围剿苏中三分区抗日武装南通市档案...。；结局：抗战胜利后被捕判刑。,罪行：汪伪清乡专员，主政泰县伪政权，推行清乡保甲，征粮抓丁，配合日伪围剿苏中三分区抗日武装南通市档案...。,抗战胜利后被捕判刑。
崔老印,广宗,河北,邢台,[伪广宗警备大队长；带队下乡扫荡，残害堡垒户。],MEDIUM,扫荡,,伪职：伪广宗警备大队长；带队下乡扫荡，残害堡垒户。；结局：1945 被俘枪决,带队下乡扫荡，残害堡垒户。,1945 被俘枪决
巫孔玺,镇江,江苏,镇江,"[部长, 清乡]",MEDIUM,杀害、清乡,,伪任职务：原抗日干部，跟随包建华叛变；任伪清乡公署特别行动总队副队长，出卖根据地情报，杀害多名抗日干部，拆民房修碉堡、搜刮钱粮抖音百科。。结局：战后逮捕，判处死刑执行枪决,任伪清乡公署特别行动总队副队长，出卖根据地情报，杀害多名抗日干部，拆民房修碉堡、搜刮钱粮抖音百科。。结局：战后逮捕，判处死刑执行枪决,战后逮捕，判处死刑执行枪决
廖志强,广西柳江穿山,广西,柳州,"[军长, 维持会]",MEDIUM,扫荡,,伪任职务：穿山乡伪维持会长，勾结日军扫荡穿山一带游击区。结局：审判后处死,伪任职务：穿山乡伪维持会长，勾结日军扫荡穿山一带游击区。结局：审判后处死,审判后处死
张万镒,平鲁,山西,朔州,[伪平鲁县县长],MEDIUM,扫荡,,伪职：伪平鲁县县长；罪行：建立平鲁伪政权，修筑炮楼，配合讨伐队扫荡平鲁山区。；结局：战后汉奸罪判刑,罪行：建立平鲁伪政权，修筑炮楼，配合讨伐队扫荡平鲁山区。,战后汉奸罪判刑
张世功,崞县,山西,忻州,[伪崞县警备大队长],MEDIUM,扫荡,,伪职：伪崞县警备大队长；罪行：驻守原平、崞阳，配合日军同川大扫荡。；结局：解放后镇压处决,罪行：驻守原平、崞阳，配合日军同川大扫荡。,解放后镇压处决
张世昌,中阳,山西,吕梁,[伪中阳警备大队长],MEDIUM,清乡,,伪职：伪中阳警备大队长；罪行：带队下乡清乡，抓捕抗日积极分子。；结局：解放后镇压处决,罪行：带队下乡清乡，抓捕抗日积极分子。,解放后镇压处决
张二贵,柳林（临县交界）,山西,吕梁,[据点汉奸特务],MEDIUM,杀害、杀害抗日,,伪职：据点汉奸特务；罪行：投靠日军，搜集情报，抓捕杀害抗日干部，四处敲诈百姓吕梁新闻网。；结局：解放后公审处决,罪行：投靠日军，搜集情报，抓捕杀害抗日干部，四处敲诈百姓吕梁新闻网。,解放后公审处决
张修明,不详,,,"[特务, 清乡, 县长]",MEDIUM,清乡,,伪任职务：汪伪镇江清乡公署副主任，伪镇江县（清乡特区）署长、伪县长；主持镇江清乡，编组自卫团、强化特务情报网络，迫害抗日力量镇江文明网。。结局：抗战胜利捕获，判处死刑,伪任职务：汪伪镇江清乡公署副主任，伪镇江县（清乡特区）署长、伪县长；主持镇江清乡，编组自卫团、强化特务情报网络，迫害抗日力量镇江文明网。。结局：抗战胜利捕获，判处死刑,抗战胜利捕获，判处死刑
张克武,德化山区党史学习教...,福建,泉州,[伪德化自治军司令（张雄南侄子）],MEDIUM,围剿,,伪职：伪德化自治军司令（张雄南侄子）；罪行：协助张雄南勾结日谍，招拢土匪扩充伪武装，在德化境内搜集情报，煽动叛乱。；结局：1939 年围剿战斗中被击毙。,结局：1939 年围剿战斗中被击毙。,1939 年围剿战斗中被击毙。
张公度,襄垣,山西,长治,[伪襄垣县县长],MEDIUM,清乡,,伪职：伪襄垣县县长；罪行：建立襄垣伪县公署，推行保甲，配合日军清乡。；结局：上党战役被俘，后审判处决。,罪行：建立襄垣伪县公署，推行保甲，配合日军清乡。,上党战役被俘，后审判处决。
张公度,襄垣,山西,长治,[伪襄垣县县长],MEDIUM,清乡,,伪职：伪襄垣县县长；罪行：建立襄垣伪县公署，推行保甲，配合日军清乡。；结局：上党战役被俘，后审判处决。,罪行：建立襄垣伪县公署，推行保甲，配合日军清乡。,上党战役被俘，后审判处决。
张凤海,南皮,河北,沧州,[伪南皮警备大队长；铁杆伪军，多次下乡清乡。],MEDIUM,清乡,,伪职：伪南皮警备大队长；铁杆伪军，多次下乡清乡。；结局：南皮解放被俘处死,铁杆伪军，多次下乡清乡。,南皮解放被俘处死
张勉,浙江嘉兴,浙江,嘉兴,"[军长, 清乡, 县长]",MEDIUM,清乡,,伪任职务：伪嘉兴县县长，协助日军掠夺蚕丝粮食，推行清乡。结局：抗战胜利公审枪决,伪任职务：伪嘉兴县县长，协助日军掠夺蚕丝粮食，推行清乡。结局：抗战胜利公审枪决,抗战胜利公审枪决
张同文,夏县,山西,运城,[伪夏县保安大队长],MEDIUM,扫荡,,伪职：伪夏县保安大队长；罪行：盘踞夏县、安邑一带，多次配合日军扫荡中条山北麓，部下刘平（杀人魔王）大肆捕杀抗日军民。；结局：解放后公审枪决,罪行：盘踞夏县、安邑一带，多次配合日军扫荡中条山北麓，部下刘平（杀人魔王）大肆捕杀抗日军民。,解放后公审枪决
张哲生,睢宁全境,江苏,徐州,[伪睢宁县县长],MEDIUM,清乡、围剿,,伪职：伪睢宁县县长；罪行：伪县长任期三年，执行日军清乡政策，出动伪县大队配合日军围剿抗日武装，迫害爱国群众。；结局：抗战胜利后逮捕法办。,罪行：伪县长任期三年，执行日军清乡政策，出动伪县大队配合日军围剿抗日武装，迫害爱国群众。,抗战胜利后逮捕法办。
张四朗,当涂、濮塘、采石,安徽,马鞍山,[汪伪当涂县后期县长、伪保安大队长],MEDIUM,围剿,,伪职：汪伪当涂县后期县长、伪保安大队长；罪行：张星侪之弟，青帮骨干；历任伪保安课长、警察局长，后行贿罗君强出任伪县长；多次率伪军配合日军围剿新四军当芜游击根据地，搜刮土地财产，残害爱国群众抖音百科。；结局：1949 年后镇反公审枪决。,多次率伪军配合日军围剿新四军当芜游击根据地，搜刮土地财产，残害爱国群众抖音百科。,1949 年后镇反公审枪决。
张奚若,濛江（靖宇县）、临江一带,吉林,白山,[原抗联一军机枪射手，伪讨伐队队员],MEDIUM,围剿,,伪职：原抗联一军机枪射手，伪讨伐队队员；罪行：随程斌叛变；参与围剿杨靖宇三道崴子战斗，开枪射击杨靖宇；参与分割遗体邀功新华网。；结局：改名换姓隐匿，80 年代病亡。,参与围剿杨靖宇三道崴子战斗，开枪射击杨靖宇,改名换姓隐匿，80 年代病亡。
张子耀,冀县北尉迟,河北,衡水,[伪冀县警备团副团长；土匪出身，驻防垒头、码头李据点，多次扫荡滏阳河两岸，抓捕县区干部。],MEDIUM,扫荡,,伪职：伪冀县警备团副团长；土匪出身，驻防垒头、码头李据点，多次扫荡滏阳河两岸，抓捕县区干部。；结局：冀县解放被俘，公审枪决,土匪出身，驻防垒头、码头李据点，多次扫荡滏阳河两岸，抓捕县区干部。,冀县解放被俘，公审枪决
张守业,乌衣（津浦铁路重镇）,安徽,滁州,[乌衣镇伪维持会长],MEDIUM,扫荡,,伪职：乌衣镇伪维持会长；罪行：乌衣头号汉奸，迎接日军进驻，办理良民证，征夫征粮，充当向导，配合铁路沿线扫荡。；结局：抗战胜利后判处死刑。,罪行：乌衣头号汉奸，迎接日军进驻，办理良民证，征夫征粮，充当向导，配合铁路沿线扫荡。,抗战胜利后判处死刑。
张少华,武进奔牛,江苏,常州,"[军长, 师长]",MEDIUM,扫荡,,伪任职务：原国民党游击武装头目，公开投靠日伪，汪伪伪军第 22 师师长，盘踞常州、武进、宜兴一带，配合日军扫荡，作恶极多。。结局：抗战胜利被国民政府收编，后因汉奸罪行被处决,伪任职务：原国民党游击武装头目，公开投靠日伪，汪伪伪军第 22 师师长，盘踞常州、武进、宜兴一带，配合日军扫荡，作恶极多。。结局：抗战胜利被国民政府收编，后因汉奸罪行被处决,抗战胜利被国民政府收编，后因汉奸罪行被处决
张少武,凤台县城,安徽,淮南,[伪凤台县警察局局长],MEDIUM,扫荡,,伪职：伪凤台县警察局局长；罪行：执掌伪警察、侦缉队，城内搜捕爱国青年，下乡配合伪军扫荡，推行良民证、户口盘查。；结局：抗战胜利后公审枪决。,罪行：执掌伪警察、侦缉队，城内搜捕爱国青年，下乡配合伪军扫荡，推行良民证、户口盘查。,抗战胜利后公审枪决。
张岚峰,河南柘城,河南,商丘,"[军长, 司令, 总司令]",MEDIUM,扫荡,,伪任职务：豫东最大伪军，伪第二集团军总司令，盘踞商丘柘城，兵力两万余，多次扫荡根据地。结局：抗战后被国民党收编，解放战争被俘，羁押期间病逝狱中党史学习教...,伪任职务：豫东最大伪军，伪第二集团军总司令，盘踞商丘柘城，兵力两万余，多次扫荡根据地。结局：抗战后被国民党收编，解放战争被俘，羁押期间病逝狱中党史学习教...,抗战后被国民党收编，解放战争被俘，羁押期间病逝狱中党史学习教...
张慕韩,江西新建,江西,南昌,[县长],MEDIUM,围剿,,伪任职务：伪新建县县长，组建伪保安队，围剿赣西北抗日游击队。结局：镇反时期公审处决,伪任职务：伪新建县县长，组建伪保安队，围剿赣西北抗日游击队。结局：镇反时期公审处决,镇反时期公审处决
张敬浩,山东博山,山东,淄博,[首任伪上党道道尹],MEDIUM,扫荡,,伪职：首任伪上党道道尹；罪行：搭建伪上党道整套行政体系；推行治安强化、保甲连坐，强征粮食、煤炭、劳工，指挥各县伪政权配合日军扫荡太行根据地，推行新民会奴化教育。；结局：抗战胜利后逮捕，汉奸罪重判,推行治安强化、保甲连坐，强征粮食、煤炭、劳工，指挥各县伪政权配合日军扫荡太行根据地，推行新民会奴化教育。,抗战胜利后逮捕，汉奸罪重判
张敬浩,山东博山,山东,淄博,[首任伪上党道道尹],MEDIUM,扫荡,,伪职：首任伪上党道道尹；罪行：搭建伪上党道整套行政体系；推行治安强化、保甲连坐，强征粮食、煤炭、劳工，指挥各县伪政权配合日军扫荡太行根据地，推行新民会奴化教育。；结局：抗战胜利后逮捕，汉奸罪重判,推行治安强化、保甲连坐，强征粮食、煤炭、劳工，指挥各县伪政权配合日军扫荡太行根据地，推行新民会奴化教育。,抗战胜利后逮捕，汉奸罪重判
张星三,赣榆北部石桥、金山一带,江苏,连云港,[伪赣榆伪军头目],MEDIUM,扫荡,,伪职：伪赣榆伪军头目；罪行：土匪投敌，为日军充当向导，频繁下乡扫荡，劫掠乡村，抓捕抗日干部群众，祸害赣榆沿海地区。；结局：抗战后期在与抗日武装作战中被击毙。,罪行：土匪投敌，为日军充当向导，频繁下乡扫荡，劫掠乡村，抓捕抗日干部群众，祸害赣榆沿海地区。,抗战后期在与抗日武装作战中被击毙。
张星侪,当涂全县,安徽,马鞍山,[汪伪当涂县首任伪县长],MEDIUM,清乡,,伪职：汪伪当涂县首任伪县长；罪行：青帮头目，接替维持会，正式建立伪县公署；推行保甲良民证，强征铁矿劳工，配合日军清乡，管控长江渡口、采石码头抖音百科。；结局：抗战胜利后汉奸审判伏法。,推行保甲良民证，强征铁矿劳工，配合日军清乡，管控长江渡口、采石码头抖音百科。,抗战胜利后汉奸审判伏法。
张景唐,夏县,山西,运城,[伪夏县县长],MEDIUM,扫荡,,伪职：伪夏县县长；罪行：建立夏县伪政权，配合日军反复扫荡中条山北部，搜捕中条地委干部。；结局：战后逮捕判刑,罪行：建立夏县伪政权，配合日军反复扫荡中条山北部，搜捕中条地委干部。,战后逮捕判刑
张朴,应县,山西,朔州,[伪应县警备大队长],MEDIUM,扫荡,,伪职：伪应县警备大队长；罪行：伪蒙疆伪军主力，驻守应县；多次配合日军扫荡雁北，残害百姓；日本投降后投靠乔日成匪部抖音百科。；结局：解放后被俘处决,多次配合日军扫荡雁北，残害百姓,解放后被俘处决
张楚英,上虞丰惠、百官,浙江,绍兴,[伪上虞县县长],MEDIUM,扫荡,,伪职：伪上虞县县长；罪行：上虞伪政权主官，组建伪县公署与保安队，配合日军扫荡虞北平原，搜刮粮食蚕丝。；结局：抗战胜利后汉奸审判判处重刑。,罪行：上虞伪政权主官，组建伪县公署与保安队，配合日军扫荡虞北平原，搜刮粮食蚕丝。,抗战胜利后汉奸审判判处重刑。
张楚英,上虞丰惠、百官,浙江,绍兴,[伪上虞县县长],MEDIUM,扫荡,,伪职：伪上虞县县长；罪行：上虞伪政权主官，组建伪县公署与保安队，配合日军扫荡虞北平原，搜刮粮食蚕丝。；结局：抗战胜利后汉奸审判判处重刑。,罪行：上虞伪政权主官，组建伪县公署与保安队，配合日军扫荡虞北平原，搜刮粮食蚕丝。,抗战胜利后汉奸审判判处重刑。
张济传,不详,,,[县长],MEDIUM,扫荡,,伪任职务：第三任伪高邮县长，强化各乡镇伪政权，协助扫荡湖西抗日根据地。。结局：捕获后长期服刑,伪任职务：第三任伪高邮县长，强化各乡镇伪政权，协助扫荡湖西抗日根据地。。结局：捕获后长期服刑,捕获后长期服刑
张海峰,盘山甜水,辽宁,盘锦,[伪甜水村村长，地方土匪头目],MEDIUM,杀害、杀害革命,,伪职：伪甜水村村长，地方土匪头目；罪行：出任伪村长，为日伪搜集情报、摊派物资；光复后收拢伪警土匪，参加 11??19 武装叛乱，杀害革命干部群众。；结局：叛乱被粉碎后公审枪决。,光复后收拢伪警土匪，参加 11??19 武装叛乱，杀害革命干部群众。,叛乱被粉碎后公审枪决。
张海生,泗县张楼,安徽,宿州,[伪淮海省第六总队司令兼自卫团团长],MEDIUM,杀害、杀害革命,,伪职：伪淮海省第六总队司令兼自卫团团长；罪行：大地主恶霸，千余武装固守张楼大圩；与日军勾结，杀害革命军民百余人，与新四军交战百余次；张楼战斗造成我方重大伤亡。；结局：1951 年公审枪决。,与日军勾结，杀害革命军民百余人，与新四军交战百余次,1951 年公审枪决。
张海鹏,辽宁,辽宁,,[伪热河省省长兼热河警备总司令，热河头号大汉奸；1933 年充当日军先锋攻占承德；统筹全省集家并村，制造千里无人区；掠夺粮食矿产鸦片，指挥上万伪军反复扫荡冀热辽根据地，推行协和会奴化教育。],MEDIUM,扫荡,,伪职：伪热河省省长兼热河警备总司令，热河头号大汉奸；1933 年充当日军先锋攻占承德；统筹全省集家并村，制造千里无人区；掠夺粮食矿产鸦片，指挥上万伪军反复扫荡冀热辽根据地，推行协和会奴化教育。；结局：日本战败潜逃长春，被揭发抓捕，1951 公审处决,掠夺粮食矿产鸦片，指挥上万伪军反复扫荡冀热辽根据地，推行协和会奴化教育。,日本战败潜逃长春，被揭发抓捕，1951 公审处决
张海鹏,洮南（大本营），势力覆盖整个白城地区,吉林,白城,[伪洮辽警备司令，伪满侍从武官长],MEDIUM,围剿,,伪职：伪洮辽警备司令，伪满侍从武官长；罪行：九一八事变投降日本，以洮南为基地组建伪军，充当日军进攻黑龙江马占山的先锋；镇压嘎达梅林起义，在白城??洮南一带搜刮粮草、围剿抗日武装，残害爱国群众。；结局：1945 年被苏军捕获，1951 年病死抚顺战犯管理所。,镇压嘎达梅林起义，在白城??洮南一带搜刮粮草、围剿抗日武装，残害爱国群众。,1945 年被苏军捕获，1951 年病死抚顺战犯管理所。
张爱仁,,,,[伪军团长，驻防秦皇岛、北戴河、海阳镇；大肆破坏滦东地下情报网，杀害多名地下情报人员，残害堡垒户。],MEDIUM,杀害,,伪职：伪军团长，驻防秦皇岛、北戴河、海阳镇；大肆破坏滦东地下情报网，杀害多名地下情报人员，残害堡垒户。；结局：被日军以私通八路罪名逮捕，判处十年徒刑押解回国,大肆破坏滦东地下情报网，杀害多名地下情报人员，残害堡垒户。,被日军以私通八路罪名逮捕，判处十年徒刑押解回国
张爱仁,,,,[伪军团长，驻防秦皇岛、北戴河、海阳镇；大肆破坏滦东地下情报网，杀害多名地下情报人员，残害堡垒户。],MEDIUM,杀害,,伪职：伪军团长，驻防秦皇岛、北戴河、海阳镇；大肆破坏滦东地下情报网，杀害多名地下情报人员，残害堡垒户。；结局：被日军以私通八路罪名逮捕，判处十年徒刑押解回国,大肆破坏滦东地下情报网，杀害多名地下情报人员，残害堡垒户。,被日军以私通八路罪名逮捕，判处十年徒刑押解回国
张福臣,,,,[伪宁津县县长；疯狂扫荡冀鲁边根据地，抓捕抗日干部。],MEDIUM,扫荡,,伪职：伪宁津县县长；疯狂扫荡冀鲁边根据地，抓捕抗日干部。；结局：战后公审枪决,疯狂扫荡冀鲁边根据地，抓捕抗日干部。,战后公审枪决
张绍武,海阳镇,山东,烟台,[伪海阳镇警察所长；驻守海阳据点，配合日军高石茂利宪兵队扫荡游击区，抓捕地下交通员，勒索周边村庄。],MEDIUM,扫荡,,伪职：伪海阳镇警察所长；驻守海阳据点，配合日军高石茂利宪兵队扫荡游击区，抓捕地下交通员，勒索周边村庄。；结局：1944 年海阳据点被七区队攻克被俘，判处死刑,驻守海阳据点，配合日军高石茂利宪兵队扫荡游击区，抓捕地下交通员，勒索周边村庄。,1944 年海阳据点被七区队攻克被俘，判处死刑
张绍武,海阳镇,山东,烟台,[伪海阳镇警察所长；驻守海阳据点，配合日军高石茂利宪兵队扫荡游击区，抓捕地下交通员，勒索周边村庄。],MEDIUM,扫荡,,伪职：伪海阳镇警察所长；驻守海阳据点，配合日军高石茂利宪兵队扫荡游击区，抓捕地下交通员，勒索周边村庄。；结局：1944 年海阳据点被七区队攻克被俘，判处死刑,驻守海阳据点，配合日军高石茂利宪兵队扫荡游击区，抓捕地下交通员，勒索周边村庄。,1944 年海阳据点被七区队攻克被俘，判处死刑
张绍武,海阳镇,山东,烟台,[伪海阳镇警察所长；驻守海阳据点，配合日军高石茂利宪兵队扫荡游击区，抓捕地下交通员，勒索周边村庄。],MEDIUM,扫荡,,伪职：伪海阳镇警察所长；驻守海阳据点，配合日军高石茂利宪兵队扫荡游击区，抓捕地下交通员，勒索周边村庄。；结局：1944 年海阳据点被七区队攻克被俘，判处死刑,驻守海阳据点，配合日军高石茂利宪兵队扫荡游击区，抓捕地下交通员，勒索周边村庄。,1944 年海阳据点被七区队攻克被俘，判处死刑
张继武,虎林小木河、独木河,黑龙江,鸡西,[日军特务（虎林事件告密者）],MEDIUM,杀害,,伪职：日军特务（虎林事件告密者）；罪行：出卖虎林爱国抗日组织，制造 “虎林事件”，致使 64 名爱国人士被捕，24 人惨遭杀害；被日军委任为地方常驻特务继续搜集情报。；结局：抗战胜利后潜逃，混入队伍，清队时被揪出，畏罪自杀。,罪行：出卖虎林爱国抗日组织，制造 “虎林事件”，致使 64 名爱国人士被捕，24 人惨遭杀害,抗战胜利后潜逃，混入队伍，清队时被揪出，畏罪自杀。
张耀枢,合肥城区及四乡,安徽,合肥,[继任汪伪合肥县县长],MEDIUM,扫荡,,伪职：继任汪伪合肥县县长；罪行：接替方星樵执掌伪县公署，扩充伪自卫团，配合日军对城郊、店埠、上派河扫荡，破坏地下抗日组织。；结局：汉奸审判判处重刑。,罪行：接替方星樵执掌伪县公署，扩充伪自卫团，配合日军对城郊、店埠、上派河扫荡，破坏地下抗日组织。,汉奸审判判处重刑。
张耀枢,合肥城区及四乡,安徽,合肥,[继任汪伪合肥县县长],MEDIUM,扫荡,,伪职：继任汪伪合肥县县长；罪行：接替方星樵执掌伪县公署，扩充伪自卫团，配合日军对城郊、店埠、上派河扫荡，破坏地下抗日组织。；结局：汉奸审判判处重刑。,罪行：接替方星樵执掌伪县公署，扩充伪自卫团，配合日军对城郊、店埠、上派河扫荡，破坏地下抗日组织。,汉奸审判判处重刑。
张耀武,襄汾,山西,临汾,[伪襄陵县县长],MEDIUM,清乡,,伪职：伪襄陵县县长；罪行：管控汾河渡口，强征粮棉，配合日军清乡。；结局：光复后判刑,罪行：管控汾河渡口，强征粮棉，配合日军清乡。,光复后判刑
张老五,蒙城板桥集周边,安徽,亳州,[蒙城伪乡维持头目],MEDIUM,烧杀,,伪职：蒙城伪乡维持头目；罪行：日军过境蒙城期间出任临时伪乡长，迎接日军，抓夫抢粮，带路烧杀周边村庄。；结局：地方抗日武装捕获正法。,罪行：日军过境蒙城期间出任临时伪乡长，迎接日军，抓夫抢粮，带路烧杀周边村庄。,地方抗日武装捕获正法。
张老圈,博野,河北,保定,[伪博野警备大队长；下乡清乡，抓捕抗日人员。],MEDIUM,清乡,,伪职：伪博野警备大队长；下乡清乡，抓捕抗日人员。；结局：博野解放被俘枪决,下乡清乡，抓捕抗日人员。,博野解放被俘枪决
张致和,磁县,河北,邯郸,[伪磁县警备大队长；伪军主力，驻守磁县城、观台、彭城，多次扫荡西部山区。],MEDIUM,扫荡,,伪职：伪磁县警备大队长；伪军主力，驻守磁县城、观台、彭城，多次扫荡西部山区。；结局：磁县解放被俘，公审枪决,伪军主力，驻守磁县城、观台、彭城，多次扫荡西部山区。,磁县解放被俘，公审枪决
张致和,磁县,河北,邯郸,[伪磁县警备大队长；伪军主力头目，驻守磁县城、观台、彭城，多次配合日军扫荡磁县西部山区。],MEDIUM,扫荡,,伪职：伪磁县警备大队长；伪军主力头目，驻守磁县城、观台、彭城，多次配合日军扫荡磁县西部山区。；结局：磁县解放被俘，公审枪决,伪军主力头目，驻守磁县城、观台、彭城，多次配合日军扫荡磁县西部山区。,磁县解放被俘，公审枪决
张致和,磁县,河北,邯郸,[伪磁县警备大队长；伪军主力头目，驻守磁县城、观台、彭城，多次配合日军扫荡磁县西部山区。],MEDIUM,扫荡,,伪职：伪磁县警备大队长；伪军主力头目，驻守磁县城、观台、彭城，多次配合日军扫荡磁县西部山区。；结局：磁县解放被俘，公审枪决,伪军主力头目，驻守磁县城、观台、彭城，多次配合日军扫荡磁县西部山区。,磁县解放被俘，公审枪决
张良才,兴化水网乡镇,江苏,泰州,[伪 22 师伪团长],MEDIUM,清剿,,伪职：伪 22 师伪团长；罪行：跟随刘湘图驻防兴化水乡，带队下乡清剿，袭扰地方抗日武装，残害乡村百姓。；结局：兴化战役被俘，公审枪决兴化日报。,罪行：跟随刘湘图驻防兴化水乡，带队下乡清剿，袭扰地方抗日武装，残害乡村百姓。,兴化战役被俘，公审枪决兴化日报。
张襄梧,不详,,,"[清乡, 县长]",MEDIUM,清乡,,伪任职务：第三任伪武进县长，执行清乡封锁政策，编组伪自卫团。。结局：汉奸罪审判，长期徒刑,伪任职务：第三任伪武进县长，执行清乡封锁政策，编组伪自卫团。。结局：汉奸罪审判，长期徒刑,汉奸罪审判，长期徒刑
张逢源,阳城,山西,晋城,[伪阳城县县长],MEDIUM,扫荡,,伪职：伪阳城县县长；罪行：搭建阳城伪县公署，修筑炮楼，推行治安强化运动，配合日军反复扫荡阳南根据地。；结局：战后汉奸罪判刑,罪行：搭建阳城伪县公署，修筑炮楼，推行治安强化运动，配合日军反复扫荡阳南根据地。,战后汉奸罪判刑
张金祥,兴隆,河北,承德,[伪讨伐队副司令；驻守兴隆县城，进山扫荡无人区，捕杀抗日干部堡垒户。],MEDIUM,扫荡,,伪职：伪讨伐队副司令；驻守兴隆县城，进山扫荡无人区，捕杀抗日干部堡垒户。；结局：与八路军交战被击毙,驻守兴隆县城，进山扫荡无人区，捕杀抗日干部堡垒户。,与八路军交战被击毙
张金祥,青龙,河北,秦皇岛,[伪讨伐队副司令；驻守青龙县城，进山扫荡无人区，捕杀抗日干部。],MEDIUM,扫荡,,伪职：伪讨伐队副司令；驻守青龙县城，进山扫荡无人区，捕杀抗日干部。；结局：拒不投降，交战中被八路军歼灭,驻守青龙县城，进山扫荡无人区，捕杀抗日干部。,拒不投降，交战中被八路军歼灭
张金祥,青龙,河北,秦皇岛,[伪讨伐队副司令；驻守青龙县城，进山扫荡无人区，捕杀抗日干部。],MEDIUM,扫荡,,伪职：伪讨伐队副司令；驻守青龙县城，进山扫荡无人区，捕杀抗日干部。；结局：拒不投降，交战中被八路军歼灭,驻守青龙县城，进山扫荡无人区，捕杀抗日干部。,拒不投降，交战中被八路军歼灭
张金祥,青龙,河北,秦皇岛,[伪讨伐队副司令；驻守青龙县城，进山扫荡无人区，捕杀抗日干部。],MEDIUM,扫荡,,伪职：伪讨伐队副司令；驻守青龙县城，进山扫荡无人区，捕杀抗日干部。；结局：拒不投降，交战中被八路军歼灭,驻守青龙县城，进山扫荡无人区，捕杀抗日干部。,拒不投降，交战中被八路军歼灭
张长法,濉溪老城（今淮北濉溪）中国人民政...,安徽,淮北,[濉溪口伪区大队长],MEDIUM,扫荡,,伪职：濉溪口伪区大队长；罪行：率三百伪军固守濉溪口据点，管控商贸与煤炭运输；搜捕地下抗日人员，下乡扫荡、敲诈百姓。日本投降后拒不向抗日武装投降，凭城墙工事顽抗。；结局：1945 年 9 月新四军十一旅攻克濉溪口，俘获后公审枪决中国人民政...。,搜捕地下抗日人员，下乡扫荡、敲诈百姓。日本投降后拒不向抗日武装投降，凭城墙工事顽抗。,1945 年 9 月新四军十一旅攻克濉溪口，俘获后公审枪决中国人民政...。
张雄南,德化、仙游、永泰山区，谋划下海投敌党史学习教...,福建,泉州,[受日军委任伪福建和平救国军总司令（德化匪首）],MEDIUM,围剿,,伪职：受日军委任伪福建和平救国军总司令（德化匪首）；罪行：德化大股匪首，与日本谍报人员铃木三郎勾结，接受伪番号，刺探闽中军情、伪造货币，引诱地方人员附逆；企图率部下海投靠厦门日军，后被国军围剿党史学习教...。；结局：1939 年被福建省保安部队围剿，兵败身死。,企图率部下海投靠厦门日军，后被国军围剿党史学习教...。；结局：1939 年被福建省保安部队围剿，兵败身死。,1939 年被福建省保安部队围剿，兵败身死。
张雨新,林口刁翎、三道通一带,黑龙江,牡丹江,[日军特务，刁翎玉泉涌烧锅掌柜；光复后国民党先遣军中将总指挥],MEDIUM,烧杀、扫荡,,伪职：日军特务，刁翎玉泉涌烧锅掌柜；光复后国民党先遣军中将总指挥；罪行：九一八投靠日本，接受特务训练，以烧锅为据点搜集抗联情报，带队扫荡山林；光复后网罗伪军警土匪，烧杀劫掠，残害基层革命干部。；结局：1946 年剿匪被俘，公审枪决。,罪行：九一八投靠日本，接受特务训练，以烧锅为据点搜集抗联情报，带队扫荡山林；光复后网罗伪军警土匪，烧杀劫掠，残害基层革命干部。,1946 年剿匪被俘，公审枪决。
张雪涛,兴隆,河北,承德,[伪讨伐队队长；抓捕杀害地下支部书记金成山等多名抗日干部。],MEDIUM,杀害,,伪职：伪讨伐队队长；抓捕杀害地下支部书记金成山等多名抗日干部。；结局：解放后抓获，判处长期徒刑,抓捕杀害地下支部书记金成山等多名抗日干部。,解放后抓获，判处长期徒刑
张雪涛,青龙,河北,秦皇岛,[伪讨伐队队长；抓捕杀害地下支部书记金成山等多名抗日干部，酷刑残害群众。],MEDIUM,杀害,,伪职：伪讨伐队队长；抓捕杀害地下支部书记金成山等多名抗日干部，酷刑残害群众。；结局：解放后抓获，判处长期徒刑,抓捕杀害地下支部书记金成山等多名抗日干部，酷刑残害群众。,解放后抓获，判处长期徒刑
张雪涛,青龙,河北,秦皇岛,[伪讨伐队队长；抓捕杀害地下支部书记金成山等多名抗日干部，酷刑残害群众。],MEDIUM,杀害,,伪职：伪讨伐队队长；抓捕杀害地下支部书记金成山等多名抗日干部，酷刑残害群众。；结局：解放后抓获，判处长期徒刑,抓捕杀害地下支部书记金成山等多名抗日干部，酷刑残害群众。,解放后抓获，判处长期徒刑
张雪涛,青龙,河北,秦皇岛,[伪讨伐队队长；抓捕杀害地下支部书记金成山等多名抗日干部，酷刑残害群众。],MEDIUM,杀害,,伪职：伪讨伐队队长；抓捕杀害地下支部书记金成山等多名抗日干部，酷刑残害群众。；结局：解放后抓获，判处长期徒刑,抓捕杀害地下支部书记金成山等多名抗日干部，酷刑残害群众。,解放后抓获，判处长期徒刑
徐宝明,海门曹家镇,江苏,南通,[伪海东区清乡办事处主任],MEDIUM,清乡,,伪职：伪海东区清乡办事处主任；罪行：清乡基层头目，策反我方人员不成，抓捕干部家属做人质，疯狂迫害抗日群众。；结局：苏中短枪队锄奸处决。,伪职：伪海东区清乡办事处主任；罪行：清乡基层头目，策反我方人员不成，抓捕干部家属做人质，疯狂迫害抗日群众。,苏中短枪队锄奸处决。
德穆楚克栋鲁普,苏尼特右旗,内蒙古,锡林郭勒,[伪蒙古联盟自治政府主席，伪蒙疆联合自治政府副主席；以厚和为早期首府，分裂国土，设立巴彦塔拉盟，拆分土默特旗；派遣伪蒙古军反复扫荡大青山抗日根据地，掠夺牲畜矿产，推行日语奴化教育。],MEDIUM,扫荡,,伪职：伪蒙古联盟自治政府主席，伪蒙疆联合自治政府副主席；以厚和为早期首府，分裂国土，设立巴彦塔拉盟，拆分土默特旗；派遣伪蒙古军反复扫荡大青山抗日根据地，掠夺牲畜矿产，推行日语奴化教育。；结局：1950 引渡回国受审，1963 特赦，1966 呼和浩特病逝光明数字报,派遣伪蒙古军反复扫荡大青山抗日根据地，掠夺牲畜矿产，推行日语奴化教育。,1950 引渡回国受审，1963 特赦，1966 呼和浩特病逝光明数字报
德穆楚克栋鲁普（德王）,内蒙古苏尼特右旗,内蒙古,锡林郭勒,[军长],MEDIUM,扫荡,,伪任职务：伪蒙疆联合自治政府主席，伪蒙古军政府总裁，伪政权总头目，配合日军扫荡大青山根据地，推行奴化分裂政策。结局：1950 年从蒙古引渡回国关押，1963 年特赦，1966 年呼和浩特病逝人民网,伪任职务：伪蒙疆联合自治政府主席，伪蒙古军政府总裁，伪政权总头目，配合日军扫荡大青山根据地，推行奴化分裂政策。结局：1950 年从蒙古引渡回国关押，1963 年特赦，1966 年呼和浩特病逝人民网,1950 年从蒙古引渡回国关押，1963 年特赦，1966 年呼和浩特病逝人民网
成宅西,海宁硖石,浙江,嘉兴,[继任伪海宁县署长],MEDIUM,清乡,,伪职：继任伪海宁县署长；罪行：接替章学海执掌海宁伪政权，继续推行清乡保甲，强征蚕丝、粮食供给日军。；结局：抗战胜利后逮捕惩处。,罪行：接替章学海执掌海宁伪政权，继续推行清乡保甲，强征蚕丝、粮食供给日军。,抗战胜利后逮捕惩处。
戴凤鸣,逊克松树沟,黑龙江,黑河,[伪逊河松树沟警察署署长],MEDIUM,围剿,,伪职：伪逊河松树沟警察署署长；罪行：带领伪警察、自卫团驻守边境据点，围剿过境抗联部队，抓捕接济抗联的猎户与采金工人，迫害爱国群众央視網。；结局：光复后被民主政府清算处决。,罪行：带领伪警察、自卫团驻守边境据点，围剿过境抗联部队，抓捕接济抗联的猎户与采金工人，迫害爱国群众央視網。,光复后被民主政府清算处决。
戴凤鸣,逊克松树沟,黑龙江,黑河,[伪逊河松树沟警察署署长],MEDIUM,围剿,,伪职：伪逊河松树沟警察署署长；罪行：带领伪警察、自卫团驻守边境据点，围剿过境抗联部队，抓捕接济抗联的猎户与采金工人，迫害爱国群众央視網。；结局：光复后被民主政府清算处决。,罪行：带领伪警察、自卫团驻守边境据点，围剿过境抗联部队，抓捕接济抗联的猎户与采金工人，迫害爱国群众央視網。,光复后被民主政府清算处决。
戴玉波,衡水戴家口,河北,衡水,[伪衡水县警备司令，衡水最大伪军头目；土匪投敌，麾下四千伪军；扫荡带路，破坏地下交通，掠夺粮棉资敌，残害大量干部群众。],MEDIUM,扫荡,,伪职：伪衡水县警备司令，衡水最大伪军头目；土匪投敌，麾下四千伪军；扫荡带路，破坏地下交通，掠夺粮棉资敌，残害大量干部群众。；结局：1945 衡水解放被俘，1946 万人公审枪决,扫荡带路，破坏地下交通，掠夺粮棉资敌，残害大量干部群众。,1945 衡水解放被俘，1946 万人公审枪决
戴玉波,河北衡水,河北,衡水,"[军长, 司令, 县长]",MEDIUM,扫荡,,伪任职务：衡水县伪警备司令，冀中重要伪军，多次带队扫荡根据地。结局：1946 年衡水万人公审，当场枪决,伪任职务：衡水县伪警备司令，冀中重要伪军，多次带队扫荡根据地。结局：1946 年衡水万人公审，当场枪决,1946 年衡水万人公审，当场枪决
方少云,青阳县城、蓉城,安徽,池州,[青阳维持会会长],MEDIUM,扫荡,,伪职：青阳维持会会长；罪行：青阳沦陷牵头组建维持会，网罗地痞，征粮抓夫，协助日军对九华山周边扫荡，推行伪化。；结局：抗战胜利后军法审判处死。,罪行：青阳沦陷牵头组建维持会，网罗地痞，征粮抓夫，协助日军对九华山周边扫荡，推行伪化。,抗战胜利后军法审判处死。
旺钦帕尔赉,阿鲁科尔沁,内蒙古,赤峰,[伪兴安西省省长；原阿鲁科尔沁王爷，投靠伪满，操纵蒙旗行政，征调蒙古骑兵配合日军扫荡。],MEDIUM,扫荡,,伪职：伪兴安西省省长；原阿鲁科尔沁王爷，投靠伪满，操纵蒙旗行政，征调蒙古骑兵配合日军扫荡。；结局：战后关押，特赦释放,原阿鲁科尔沁王爷，投靠伪满，操纵蒙旗行政，征调蒙古骑兵配合日军扫荡。,战后关押，特赦释放
景阳春,富锦、同江,黑龙江,佳木斯,[伪富锦县警察讨伐大队长],MEDIUM,扫荡,,伪职：伪富锦县警察讨伐大队长；罪行：带领伪讨伐队在松花江下游扫荡抗联，捣毁多处救国会组织，抓捕、残害抗日群众。；结局：抗战胜利后被反奸清算处决。,罪行：带领伪讨伐队在松花江下游扫荡抗联，捣毁多处救国会组织，抓捕、残害抗日群众。,抗战胜利后被反奸清算处决。
景阳春,富锦、同江,黑龙江,佳木斯,[伪富锦县警察讨伐大队长],MEDIUM,扫荡,,伪职：伪富锦县警察讨伐大队长；罪行：带领伪讨伐队在松花江下游扫荡抗联，捣毁多处救国会组织，抓捕、残害抗日群众。；结局：抗战胜利后被反奸清算处决。,罪行：带领伪讨伐队在松花江下游扫荡抗联，捣毁多处救国会组织，抓捕、残害抗日群众。,抗战胜利后被反奸清算处决。
曲冠军,临江县（今白山临江）,吉林,白山,[伪警正、山林讨伐大队长],MEDIUM,扫荡,,伪职：伪警正、山林讨伐大队长；罪行：手绘长白山详图献给日军，标注抗联密营、伤员岩洞、接济抗联群众住址；带队进山扫荡，大肆搜捕抗联人员，破坏大量密营。；结局：1946 年躲进深山岩洞，被民兵抓获，公审处决。,带队进山扫荡，大肆搜捕抗联人员，破坏大量密营。,1946 年躲进深山岩洞，被民兵抓获，公审处决。
曹乃庚,东北,,,[伪邢台警备第一大队大队长，驻防城西山区炮楼，多次进山扫荡。],MEDIUM,扫荡,,伪职：伪邢台警备第一大队大队长，驻防城西山区炮楼，多次进山扫荡。；结局：邢台解放被俘，判处死刑,伪职：伪邢台警备第一大队大队长，驻防城西山区炮楼，多次进山扫荡。,邢台解放被俘，判处死刑
曹敬庵,正定,河北,石家庄,[原旧警察局长，投敌任伪正定警察局局长，搜捕地下党员，配合日军扫荡。],MEDIUM,扫荡,,伪职：原旧警察局长，投敌任伪正定警察局局长，搜捕地下党员，配合日军扫荡。；结局：1946 年汉奸罪判处徒刑,伪职：原旧警察局长，投敌任伪正定警察局局长，搜捕地下党员，配合日军扫荡。,1946 年汉奸罪判处徒刑
曹敬庵,正定,河北,石家庄,[原旧警察局长，投敌任伪正定警察局局长，搜捕地下党员，配合日军扫荡。],MEDIUM,扫荡,,伪职：原旧警察局长，投敌任伪正定警察局局长，搜捕地下党员，配合日军扫荡。；结局：1946 年汉奸罪判处徒刑,伪职：原旧警察局长，投敌任伪正定警察局局长，搜捕地下党员，配合日军扫荡。,1946 年汉奸罪判处徒刑
曹梦九,,,,[伪保定道道尹，伪保定道最高行政长官；统管 20 县伪政权，推行保甲连坐，配合日军反复扫荡冀中、晋察冀根据地。],MEDIUM,扫荡,,伪职：伪保定道道尹，伪保定道最高行政长官；统管 20 县伪政权，推行保甲连坐，配合日军反复扫荡冀中、晋察冀根据地。；结局：日本投降后逮捕，判处无期徒刑,统管 20 县伪政权，推行保甲连坐，配合日军反复扫荡冀中、晋察冀根据地。,日本投降后逮捕，判处无期徒刑
曹济民,安东（丹东）,辽宁,丹东,[伪满特务，光复后 “东北保安第一支队” 司令],MEDIUM,杀害,,伪职：伪满特务，光复后 “东北保安第一支队” 司令；罪行：早年纠结地痞土匪投敌；为日伪搜集情报；日本投降后收拢伪警、土匪，在安东、凤城、宽甸一带杀害农会干部、民主联军人员。；结局：1946 年被俘公审枪决抖音百科。,日本投降后收拢伪警、土匪，在安东、凤城、宽甸一带杀害农会干部、民主联军人员。,1946 年被俘公审枪决抖音百科。
曹湘,不详,,,"[清乡, 县长]",MEDIUM,清乡,,伪任职务：第四任伪无锡县长，强化清乡配套行政，摊派田赋捐税。。结局：战后捕获，判处重刑,伪任职务：第四任伪无锡县长，强化清乡配套行政，摊派田赋捐税。。结局：战后捕获，判处重刑,战后捕获，判处重刑
朗达中,代县,山西,忻州,[首任伪代县知事（县长）],MEDIUM,扫荡,,伪职：首任伪代县知事（县长）；罪行：组建伪代县公署，推行联保连坐，搜刮民财，配合日军扫荡雁门山区。；结局：战后汉奸罪重判,罪行：组建伪代县公署，推行联保连坐，搜刮民财，配合日军扫荡雁门山区。,战后汉奸罪重判
朱崇汉,四甲坝一带,江苏,南通,[伪南通特别区第九区区长],MEDIUM,清乡,,伪职：伪南通特别区第九区区长；罪行：伪清乡区长，构建基层伪政权，抓捕抗日干部，残害群众南通史志网。；结局：武工队潜入据点抓捕处决。,罪行：伪清乡区长，构建基层伪政权，抓捕抗日干部，残害群众南通史志网。,武工队潜入据点抓捕处决。
朱维民,合肥西乡龟山,安徽,合肥,[龟山据点伪维持代表、情报联络员],MEDIUM,烧杀,,伪职：龟山据点伪维持代表、情报联络员；罪行：为日军据点充当汉奸耳目，多次告密抗日武装行踪，引导日军下乡烧杀劫掠，祸害西乡乡村百姓党史学习教...。；结局：被抗日武装锄奸处决。,罪行：为日军据点充当汉奸耳目，多次告密抗日武装行踪，引导日军下乡烧杀劫掠，祸害西乡乡村百姓党史学习教...。,被抗日武装锄奸处决。
朱维民,合肥西乡龟山,安徽,合肥,[龟山据点伪维持代表、情报联络员],MEDIUM,烧杀,,伪职：龟山据点伪维持代表、情报联络员；罪行：为日军据点充当汉奸耳目，多次告密抗日武装行踪，引导日军下乡烧杀劫掠，祸害西乡乡村百姓党史学习教...。；结局：被抗日武装锄奸处决。,罪行：为日军据点充当汉奸耳目，多次告密抗日武装行踪，引导日军下乡烧杀劫掠，祸害西乡乡村百姓党史学习教...。,被抗日武装锄奸处决。
李万忠,铁岭,辽宁,铁岭,[伪铁岭县保安总队长],MEDIUM,杀害、围剿,,伪职：伪铁岭县保安总队长；罪行：伪保安队头目，多次带队进山围剿赵亚洲抗日总队，抓捕、杀害义勇军战士，血债较多。；结局：抗战胜利逮捕，汉奸罪重判。,罪行：伪保安队头目，多次带队进山围剿赵亚洲抗日总队，抓捕、杀害义勇军战士，血债较多。,抗战胜利逮捕，汉奸罪重判。
李冠英,怀仁,山西,朔州,[伪怀仁县县长],MEDIUM,扫荡,,伪职：伪怀仁县县长；罪行：建立怀仁伪县公署，修筑炮楼，配合日军扫荡雁北西部山区。；结局：战后汉奸罪判刑,罪行：建立怀仁伪县公署，修筑炮楼，配合日军扫荡雁北西部山区。,战后汉奸罪判刑
李凤和,涟水佃湖,江苏,淮安,[伪剿共军第一团团长],MEDIUM,烧杀、烧杀抢掠、扫荡,,伪职：伪剿共军第一团团长；罪行：伪军主力头目，驻防佃湖据点，多次配合日军扫荡涟东根据地，烧杀抢掠，搜捕抗日干部群众淮安市政协。；结局：两淮战役被歼灭，本人被俘处决。,罪行：伪军主力头目，驻防佃湖据点，多次配合日军扫荡涟东根据地，烧杀抢掠，搜捕抗日干部群众淮安市政协。,两淮战役被歼灭，本人被俘处决。
李凤和,涟水佃湖,江苏,淮安,[伪剿共军第一团团长],MEDIUM,烧杀、烧杀抢掠、扫荡,,伪职：伪剿共军第一团团长；罪行：伪军主力头目，驻防佃湖据点，多次配合日军扫荡涟东根据地，烧杀抢掠，搜捕抗日干部群众淮安市政协。；结局：两淮战役被歼灭，本人被俘处决。,罪行：伪军主力头目，驻防佃湖据点，多次配合日军扫荡涟东根据地，烧杀抢掠，搜捕抗日干部群众淮安市政协。,两淮战役被歼灭，本人被俘处决。
李凤岐,临汾,山西,临汾,[伪临汾警备大队长],MEDIUM,扫荡,,伪职：伪临汾警备大队长；罪行：收拢溃兵地痞投敌；多次带队扫荡一平垣、枕头西山根据地，抓捕交通员，劫掠村庄财物。；结局：镇反公审枪决,多次带队扫荡一平垣、枕头西山根据地，抓捕交通员，劫掠村庄财物。,镇反公审枪决
李华堂,河北（长期盘踞黑龙江）,河北,,"[省级长官, 部长, 军长]",MEDIUM,围剿,,伪任职务：抗联第九军军长叛变投敌，伪三江省伪军指挥官，围剿抗联部队。结局：1946 年剿匪战斗被俘，押解途中死亡,伪任职务：抗联第九军军长叛变投敌，伪三江省伪军指挥官，围剿抗联部队。结局：1946 年剿匪战斗被俘，押解途中死亡,1946 年剿匪战斗被俘，押解途中死亡
李华堂,刁翎、依兰、汤原一带,黑龙江,哈尔滨,[原抗联第九军军长，投敌伪讨伐头目],MEDIUM,围剿,,伪职：原抗联第九军军长，投敌伪讨伐头目；罪行：1939 年投降日伪；熟悉下江山林，带队围剿抗联；赵尚志牺牲后到场辨认遗体，助日军邀功；光复后组建国民党土匪武装作乱合江地区。；结局：1946 年捕获，公审处决。,熟悉下江山林，带队围剿抗联,1946 年捕获，公审处决。
李华堂,刁翎、依兰、汤原一带,黑龙江,哈尔滨,[原抗联第九军军长，投敌伪讨伐头目],MEDIUM,围剿,,伪职：原抗联第九军军长，投敌伪讨伐头目；罪行：1939 年投降日伪；熟悉下江山林，带队围剿抗联；赵尚志牺牲后到场辨认遗体，助日军邀功；光复后组建国民党土匪武装作乱合江地区。；结局：1946 年捕获，公审处决。,熟悉下江山林，带队围剿抗联,1946 年捕获，公审处决。
李占元,神池,山西,忻州,[伪神池警备大队长],MEDIUM,扫荡,,伪职：伪神池警备大队长；罪行：配合日军扫荡神池南山，抓捕抗日干部。；结局：解放后镇压处决,罪行：配合日军扫荡神池南山，抓捕抗日干部。,解放后镇压处决
李印卿,沙河,河北,邢台,[伪沙河警备大队长；驻守沙河城、褡裢、册井据点，多次扫荡沙河西部太行边沿村庄。],MEDIUM,扫荡,,伪职：伪沙河警备大队长；驻守沙河城、褡裢、册井据点，多次扫荡沙河西部太行边沿村庄。；结局：沙河解放被俘，公审枪决,驻守沙河城、褡裢、册井据点，多次扫荡沙河西部太行边沿村庄。,沙河解放被俘，公审枪决
李印泉,,,,[伪盐山县县长；冀鲁边核心敌占点，配合日军扫荡冀鲁边根据地。],MEDIUM,扫荡,,伪职：伪盐山县县长；冀鲁边核心敌占点，配合日军扫荡冀鲁边根据地。；结局：战后逮捕判刑,冀鲁边核心敌占点，配合日军扫荡冀鲁边根据地。,战后逮捕判刑
李善斌,濮塘（今马鞍山花山区）,安徽,马鞍山,[伪濮塘乡乡长、乡自卫队总队长],MEDIUM,扫荡,,伪职：伪濮塘乡乡长、乡自卫队总队长；罪行：濮塘头号汉奸，组织伪乡自卫队，配合日军扫荡横山根据地；日本投降后摇身投靠国民党，制造 “濮塘十月事件”，大肆捕杀地下党员、民兵与革命群众，血债累累中安在线。；结局：解放后公审判处死刑。,罪行：濮塘头号汉奸，组织伪乡自卫队，配合日军扫荡横山根据地,解放后公审判处死刑。
李培棠,凉城,内蒙古,乌兰察布,[伪凉城县县长；盘踞新堂（凉城县城），配合日军反复扫荡蛮汉山根据地，抓捕抗日干部群众。],MEDIUM,扫荡,,伪职：伪凉城县县长；盘踞新堂（凉城县城），配合日军反复扫荡蛮汉山根据地，抓捕抗日干部群众。；结局：战后汉奸罪判处徒刑,盘踞新堂（凉城县城），配合日军反复扫荡蛮汉山根据地，抓捕抗日干部群众。,战后汉奸罪判处徒刑
李士群,浙江遂昌,浙江,丽水,"[部长, 清乡]",MEDIUM,清乡,,伪任职务：76 号特工总部副主任，实际操盘人，上海、苏南清乡元凶。结局：1943 年被日方毒杀于苏州,伪任职务：76 号特工总部副主任，实际操盘人，上海、苏南清乡元凶。结局：1943 年被日方毒杀于苏州,1943 年被日方毒杀于苏州
李守业,浮山,山西,临汾,[伪浮山警备大队长],MEDIUM,扫荡,,伪职：伪浮山警备大队长；罪行：盘踞浮山县城，频繁配合日军扫荡浮山周边根据地。；结局：解放后公审枪决,罪行：盘踞浮山县城，频繁配合日军扫荡浮山周边根据地。,解放后公审枪决
李守信,热河,河北,,[伪蒙古军 57 团团长，驻防乌丹；骑兵主力，频繁围剿热北根据地。],MEDIUM,围剿,,伪职：伪蒙古军 57 团团长，驻防乌丹；骑兵主力，频繁围剿热北根据地。；结局：1950 引渡归案，1964 特赦释放,骑兵主力，频繁围剿热北根据地。,1950 引渡归案，1964 特赦释放
李宝仁,遵化,河北,唐山,[伪遵化警备大队长，伪军主力，多次配合日军扫荡盘山、鲁家峪根据地。],MEDIUM,扫荡,,伪职：伪遵化警备大队长，伪军主力，多次配合日军扫荡盘山、鲁家峪根据地。；结局：解放后镇反枪决,伪职：伪遵化警备大队长，伪军主力，多次配合日军扫荡盘山、鲁家峪根据地。,解放后镇反枪决
李宝珍,梨树,吉林,四平,[伪梨树县保安大队长],MEDIUM,围剿,,伪职：伪梨树县保安大队长；罪行：九一八后率保安队投降日军；指挥伪保安队围剿辽北义勇军，抓捕爱国群众。；结局：解放后镇反判处长期徒刑。,指挥伪保安队围剿辽北义勇军，抓捕爱国群众。,解放后镇反判处长期徒刑。
李宝珩,昔阳,山西,晋中,[伪昔阳县县长],MEDIUM,扫荡,,伪职：伪昔阳县县长；罪行：建立昔阳伪政权，推行治安强化运动，强征壮丁粮食，配合日军扫荡太行根据地。；结局：战后逮捕判刑,罪行：建立昔阳伪政权，推行治安强化运动，强征壮丁粮食，配合日军扫荡太行根据地。,战后逮捕判刑
李宝琏,东北,,,"[军长, 师长]",MEDIUM,扫荡,,伪任职务：伪伪军 13 师师长，驻防鄂北随州、枣阳，多次扫荡根据地。结局：抗战胜利被国民党收编，后被俘判刑,伪任职务：伪伪军 13 师师长，驻防鄂北随州、枣阳，多次扫荡根据地。结局：抗战胜利被国民党收编，后被俘判刑,抗战胜利被国民党收编，后被俘判刑
李实甫,板浦（灌云）、海属全境,江苏,连云港,[伪淮海保安司令部中将司令],MEDIUM,扫荡,,伪职：伪淮海保安司令部中将司令；罪行：海州头号伪军头目，依靠青帮收编土匪散兵，伪军最多 2000 余人；配合日军扫荡海属抗日根据地，控制淮北盐场，掠夺海盐物资，镇压民众反抗。；结局：抗战胜利后被捕判刑，后获释，1979 年病死。,配合日军扫荡海属抗日根据地，控制淮北盐场，掠夺海盐物资，镇压民众反抗。,抗战胜利后被捕判刑，后获释，1979 年病死。
李寿山,宽甸,辽宁,丹东,[伪宽甸县县长],MEDIUM,围剿,,伪职：伪宽甸县县长；罪行：宽甸伪主官，实施保甲连坐，强征国兵、劳工，围剿抗联在宽甸的游击力量。；结局：县城收复后逮捕判刑。,罪行：宽甸伪主官，实施保甲连坐，强征国兵、劳工，围剿抗联在宽甸的游击力量。,县城收复后逮捕判刑。
李广龙,安次八洋庄,河北,廊坊,[八洋庄据点伪军中队长；四处清乡，抓捕杀害多名县区村干部，残害百姓。],MEDIUM,杀害、清乡,,伪职：八洋庄据点伪军中队长；四处清乡，抓捕杀害多名县区村干部，残害百姓。；结局：冀中十分区武工队锄奸击毙,四处清乡，抓捕杀害多名县区村干部，残害百姓。,冀中十分区武工队锄奸击毙
李怀英,寿阳,山西,晋中,[黑军副头目],MEDIUM,扫荡,,伪职：黑军副头目；罪行：乔玉莲副手，继续祸害寿阳东部。；结局：1941 反扫荡战斗被民兵击毙,结局：1941 反扫荡战斗被民兵击毙,1941 反扫荡战斗被民兵击毙
李思镜,岱山本岛,浙江,舟山,[日伪定东指挥],MEDIUM,围剿,,伪职：日伪定东指挥；罪行：日伪海岛军事特务头目，统管岱山一带伪军特务，大鱼山战斗中负责调遣日伪军部队围剿我方指战员岱山新闻网。；结局：抗战胜利后逮捕法办。,罪行：日伪海岛军事特务头目，统管岱山一带伪军特务，大鱼山战斗中负责调遣日伪军部队围剿我方指战员岱山新闻网。,抗战胜利后逮捕法办。
李慎修,闻喜,山西,运城,[伪闻喜县县长],MEDIUM,扫荡,,伪职：伪闻喜县县长；罪行：建立闻喜伪县公署，修筑炮楼，强征粮款，配合日军扫荡稷麓根据地。；结局：战后逮捕判刑,罪行：建立闻喜伪县公署，修筑炮楼，强征粮款，配合日军扫荡稷麓根据地。,战后逮捕判刑
李映庚,,,,[伪霍县县长],MEDIUM,扫荡,,伪职：伪霍县县长；罪行：搭建霍县伪政权，设立合作社掠夺物资，配合日军扫荡霍山山区。；结局：战后汉奸罪判刑,罪行：搭建霍县伪政权，设立合作社掠夺物资，配合日军扫荡霍山山区。,战后汉奸罪判刑
李景友,盂县,山西,阳泉,[伪先锋队队长],MEDIUM,扫荡、清乡,,伪职：伪先锋队队长；罪行：带队下乡清乡扫荡，抓捕地方干部，掠夺粮食牲畜。；结局：抗战结束后清算处决,罪行：带队下乡清乡扫荡，抓捕地方干部，掠夺粮食牲畜。,抗战结束后清算处决
李梦符,,,,[伪龙关县县长；推行长城 “人圈” 集家并村政策，疯狂清剿平北抗日根据地。],MEDIUM,清剿,,伪职：伪龙关县县长；推行长城 “人圈” 集家并村政策，疯狂清剿平北抗日根据地。；结局：战后逮捕判刑,推行长城 “人圈” 集家并村政策，疯狂清剿平北抗日根据地。,战后逮捕判刑
李毓田,,,,[伪文水县县长],MEDIUM,扫荡,,伪职：伪文水县县长；罪行：组建文水伪政权，修筑炮楼，推行保甲连坐，配合日军扫荡文水山区。；结局：抗战胜利逮捕判刑,罪行：组建文水伪政权，修筑炮楼，推行保甲连坐，配合日军扫荡文水山区。,抗战胜利逮捕判刑
李法标,蔡家岗（谢家集）,安徽,淮南,[伪绥靖团团长],MEDIUM,扫荡,,伪职：伪绥靖团团长；罪行：伪军盘踞蔡家岗据点，仗势欺压百姓，强抢民女，多次配合日军扫荡八公山周边乡村淮南市人民...。；结局：被淮上支队内应配合锄奸，当场击毙于蔡家岗周家大院淮南市人民...。,罪行：伪军盘踞蔡家岗据点，仗势欺压百姓，强抢民女，多次配合日军扫荡八公山周边乡村淮南市人民...。,被淮上支队内应配合锄奸，当场击毙于蔡家岗周家大院淮南市人民...。
李海山,西安县东部,吉林,辽源,[伪地方自卫团总头目],MEDIUM,清乡,,伪职：伪地方自卫团总头目；罪行：投靠日伪，带领自卫团配合日伪清乡，搜捕抗联人员，祸害乡村百姓。；结局：解放后镇反处决。,罪行：投靠日伪，带领自卫团配合日伪清乡，搜捕抗联人员，祸害乡村百姓。,解放后镇反处决。
李淑山,彭泽县（今属九江）,江西,九江,[伪彭泽县政府保安队队长],MEDIUM,扫荡,,伪职：伪彭泽县政府保安队队长；罪行：掌管伪保安队武装，配合日军维持治安、扫荡乡村、抓捕抗日群众；结局：日军投降后被国民党击毙在彭泽北菜场（来源：彭泽伪政府核心武装头目，有明确结局记载）,罪行：掌管伪保安队武装，配合日军维持治安、扫荡乡村、抓捕抗日群众,日军投降后被国民党击毙在彭泽北菜场（来源：彭泽伪政府核心武装头目，有明确结局记载）
李炳臣,凤台全县,安徽,淮南,[汪伪凤台县伪县长],MEDIUM,扫荡,,伪职：汪伪凤台县伪县长；罪行：汪伪正式委任伪县长，推行保甲良民证，强征粮食、抓壮丁，配合日伪军扫荡淮上抗日根据地，迫害抗日干部群众。；结局：抗战胜利后肃奸公审判处死刑。,罪行：汪伪正式委任伪县长，推行保甲良民证，强征粮食、抓壮丁，配合日伪军扫荡淮上抗日根据地，迫害抗日干部群众。,抗战胜利后肃奸公审判处死刑。
李益州,望江杨湾,安徽,安庆,[杨湾投敌骨干],MEDIUM,烧杀,,伪职：杨湾投敌骨干；罪行：与周昆贤一同充当向导，告密村中藏匿抗日人员，协助日军烧杀掳掠，迫害当地百姓望江新闻网。；结局：战后肃奸判处死刑。,罪行：与周昆贤一同充当向导，告密村中藏匿抗日人员，协助日军烧杀掳掠，迫害当地百姓望江新闻网。,战后肃奸判处死刑。
李祖宇,不详,,,"[清乡, 县长]",MEDIUM,清乡,,伪任职务：第五任伪无锡县长，配合日伪第二期清乡，编组保甲联保切结。。结局：抗战胜利判刑入狱,伪任职务：第五任伪无锡县长，配合日伪第二期清乡，编组保甲联保切结。。结局：抗战胜利判刑入狱,抗战胜利判刑入狱
李积玉,邯郸,河北,邯郸,[伪宪兵特务队 “灭共组” 头目；专门搜捕地下党员、交通员，酷刑逼供，亲手杀害多名抗日干部群众。],MEDIUM,杀害,,伪职：伪宪兵特务队 “灭共组” 头目；专门搜捕地下党员、交通员，酷刑逼供，亲手杀害多名抗日干部群众。；结局：解放后公审枪决,专门搜捕地下党员、交通员，酷刑逼供，亲手杀害多名抗日干部群众。,解放后公审枪决
李积玉,邯郸,河北,邯郸,[伪宪兵特务队 “灭共组” 头目；专门搜捕地下党员、交通员，酷刑逼供，亲手杀害多名抗日干部群众。],MEDIUM,杀害,,伪职：伪宪兵特务队 “灭共组” 头目；专门搜捕地下党员、交通员，酷刑逼供，亲手杀害多名抗日干部群众。；结局：解放后公审枪决,专门搜捕地下党员、交通员，酷刑逼供，亲手杀害多名抗日干部群众。,解放后公审枪决
李积玉,邯郸,河北,邯郸,[伪宪兵特务队 “灭共组” 头目；搜捕地下党员、交通员，酷刑杀害多名抗日干部群众。],MEDIUM,杀害,,伪职：伪宪兵特务队 “灭共组” 头目；搜捕地下党员、交通员，酷刑杀害多名抗日干部群众。；结局：解放后公审枪决,搜捕地下党员、交通员，酷刑杀害多名抗日干部群众。,解放后公审枪决
李端凝,辽中,辽宁,沈阳,[伪盘山县第二任县长（1933??）],MEDIUM,围剿,,伪职：伪盘山县第二任县长（1933??）；罪行：推行保甲连坐，强征劳工粮食，围剿辽西义勇军；为被打死的日伪军修建 “忠魂碑”，美化日伪统治。；结局：抗战胜利逮捕，汉奸罪判刑。,罪行：推行保甲连坐，强征劳工粮食，围剿辽西义勇军,抗战胜利逮捕，汉奸罪判刑。
李简谷,凤台城乡,安徽,淮南,[继任凤台日军特务队长],MEDIUM,扫荡,,伪职：继任凤台日军特务队长；罪行：接手特务组织，发展大批便衣密探，告密引导日军下乡扫荡，制造多起抓捕血案政协凤台县...。；结局：汉奸审判判处死刑。,罪行：接手特务组织，发展大批便衣密探，告密引导日军下乡扫荡，制造多起抓捕血案政协凤台县...。,汉奸审判判处死刑。
李细狗,向塘火车站,江西,南昌,[伪军密探],MEDIUM,扫荡,,伪职：伪军密探；罪行：专门打探难民位置，带队扫荡河湾窑洞；结局：暂无明确结局记载,罪行：专门打探难民位置，带队扫荡河湾窑洞,暂无明确结局记载
李继贵,丰润,河北,唐山,[伪丰润警备队副大队长，伪军实权头目，带队参与潘家峪扫荡，多次进山围剿冀东游击队。],MEDIUM,扫荡、围剿,,伪职：伪丰润警备队副大队长，伪军实权头目，带队参与潘家峪扫荡，多次进山围剿冀东游击队。；结局：1946 年公审枪决,伪职：伪丰润警备队副大队长，伪军实权头目，带队参与潘家峪扫荡，多次进山围剿冀东游击队。,1946 年公审枪决
李继贵,丰润,河北,唐山,[伪丰润警备队副大队长，伪军实权头目，带队参与潘家峪扫荡，多次进山围剿冀东游击队。],MEDIUM,扫荡、围剿,,伪职：伪丰润警备队副大队长，伪军实权头目，带队参与潘家峪扫荡，多次进山围剿冀东游击队。；结局：1946 公审枪决,伪职：伪丰润警备队副大队长，伪军实权头目，带队参与潘家峪扫荡，多次进山围剿冀东游击队。,1946 公审枪决
李翰卿,,,,[伪渤海道道尹，伪渤海道最高行政长官；统辖 13 县伪政权，推行保甲、治安强化运动，征粮抓丁，配合日军扫荡冀中、冀鲁边根据地。],MEDIUM,扫荡,,伪职：伪渤海道道尹，伪渤海道最高行政长官；统辖 13 县伪政权，推行保甲、治安强化运动，征粮抓丁，配合日军扫荡冀中、冀鲁边根据地。；结局：抗战胜利逮捕，判处无期徒刑,统辖 13 县伪政权，推行保甲、治安强化运动，征粮抓丁，配合日军扫荡冀中、冀鲁边根据地。,抗战胜利逮捕，判处无期徒刑
李英魁,河北,河北,,"[军长, 司令]",MEDIUM,扫荡,,伪任职务：伪华北绥靖军第 7 集团军司令，驻防山西，多次扫荡晋察冀、晋绥根据地。结局：抗战胜利后国民政府逮捕处决,伪任职务：伪华北绥靖军第 7 集团军司令，驻防山西，多次扫荡晋察冀、晋绥根据地。结局：抗战胜利后国民政府逮捕处决,抗战胜利后国民政府逮捕处决
李荣三,,,,[伪丰南办事处主任（等同伪县长），依附王子林，推行清乡，搜集路南游击队情报，抓捕地方干部。],MEDIUM,清乡,,伪职：伪丰南办事处主任（等同伪县长），依附王子林，推行清乡，搜集路南游击队情报，抓捕地方干部。；结局：1944 西葛各庄被八路军伏击击毙,伪职：伪丰南办事处主任（等同伪县长），依附王子林，推行清乡，搜集路南游击队情报，抓捕地方干部。,1944 西葛各庄被八路军伏击击毙
李荣三,,,,[伪丰南办事处主任（等同伪县长），依附王子林伪军，推行清乡，搜集路南游击队情报，抓捕地方干部。],MEDIUM,清乡,,伪职：伪丰南办事处主任（等同伪县长），依附王子林伪军，推行清乡，搜集路南游击队情报，抓捕地方干部。；结局：1944 西葛各庄被八路军伏击击毙,伪职：伪丰南办事处主任（等同伪县长），依附王子林伪军，推行清乡，搜集路南游击队情报，抓捕地方干部。,1944 西葛各庄被八路军伏击击毙
李荫棠,,,,[伪平泉县县长；平泉是日伪扫荡承平宁根据地指挥中心，强修炮楼人圈，大检举抓捕抗日人员。],MEDIUM,扫荡,,伪职：伪平泉县县长；平泉是日伪扫荡承平宁根据地指挥中心，强修炮楼人圈，大检举抓捕抗日人员。；结局：战后汉奸罪判处长期徒刑,平泉是日伪扫荡承平宁根据地指挥中心，强修炮楼人圈，大检举抓捕抗日人员。,战后汉奸罪判处长期徒刑
李葆华,,,,[伪固安县县长；依托平汉铁路，修筑大量炮楼，清乡扫荡固安西部。],MEDIUM,扫荡、清乡,,伪职：伪固安县县长；依托平汉铁路，修筑大量炮楼，清乡扫荡固安西部。；结局：战后汉奸罪判处徒刑,依托平汉铁路，修筑大量炮楼，清乡扫荡固安西部。,战后汉奸罪判处徒刑
李观洲,河间,河北,沧州,[伪河间警备联队长；伪军主力，配合日军反复扫荡河间根据地。],MEDIUM,扫荡,,伪职：伪河间警备联队长；伪军主力，配合日军反复扫荡河间根据地。；结局：河间解放被俘枪决,伪军主力，配合日军反复扫荡河间根据地。,河间解放被俘枪决
李讴一,广东,广东,,[军长],MEDIUM,围剿,,伪任职务：伪广州绥靖公署副主任，整编广东各路伪军，围剿珠江抗日游击队。结局：抗战胜利逮捕，判处死刑枪决,伪任职务：伪广州绥靖公署副主任，整编广东各路伪军，围剿珠江抗日游击队。结局：抗战胜利逮捕，判处死刑枪决,抗战胜利逮捕，判处死刑枪决
李象山,虎林、密山一带,黑龙江,鸡西,[伪伪军团长],MEDIUM,扫荡,,伪职：伪伪军团长；罪行：投降日军，充当向导，带领日伪军进攻高玉山国民救国军，扫荡虎林、黑嘴子抗日根据地，残害抗日军民。；结局：抗战胜利后被清算镇压。,罪行：投降日军，充当向导，带领日伪军进攻高玉山国民救国军，扫荡虎林、黑嘴子抗日根据地，残害抗日军民。,抗战胜利后被清算镇压。
李辅唐,五台,山西,忻州,[伪五台县县长],MEDIUM,扫荡,,伪职：伪五台县县长；罪行：建立伪公署，修筑炮楼，管控台怀、豆村据点，配合日军扫荡五台山区。；结局：战后汉奸罪判刑,罪行：建立伪公署，修筑炮楼，管控台怀、豆村据点，配合日军扫荡五台山区。,战后汉奸罪判刑
李逢春,肥乡,河北,邯郸,[伪肥乡警备大队长；带队多次下乡 “清乡”，抓捕抗日干部。],MEDIUM,清乡,,伪职：伪肥乡警备大队长；带队多次下乡 “清乡”，抓捕抗日干部。；结局：肥乡解放被俘，判处死刑,带队多次下乡 “清乡”，抓捕抗日干部。,肥乡解放被俘，判处死刑
李逢春,肥乡,河北,邯郸,[伪肥乡警备大队长；多次下乡清乡，抓捕抗日干部。],MEDIUM,清乡,,伪职：伪肥乡警备大队长；多次下乡清乡，抓捕抗日干部。；结局：肥乡解放被俘，判处死刑,多次下乡清乡，抓捕抗日干部。,肥乡解放被俘，判处死刑
李逢春,肥乡,河北,邯郸,[伪肥乡警备大队长；带队多次下乡 “清乡”，抓捕抗日干部。],MEDIUM,清乡,,伪职：伪肥乡警备大队长；带队多次下乡 “清乡”，抓捕抗日干部。；结局：肥乡解放被俘，判处死刑,带队多次下乡 “清乡”，抓捕抗日干部。,肥乡解放被俘，判处死刑
李逢源,宁津,山东,德州,[伪宁津警备大队长；伪军铁杆，多次出城扫荡。],MEDIUM,扫荡,,伪职：伪宁津警备大队长；伪军铁杆，多次出城扫荡。；结局：宁津解放被俘处死,伪军铁杆，多次出城扫荡。,宁津解放被俘处死
李锡三,板浦、灌云全县,江苏,连云港,[伪灌云县警察局长],MEDIUM,清剿,,伪职：伪灌云县警察局长；罪行：执掌伪警察，搜捕地下抗日人员，刑讯爱国群众，配合伪军下乡清剿。；结局：战后被捕法办。,罪行：执掌伪警察，搜捕地下抗日人员，刑讯爱国群众，配合伪军下乡清剿。,战后被捕法办。
李锡侯,,,,[伪巨鹿县县长；配合张百奎伪军，实施清乡、抓丁征粮。],MEDIUM,清乡,,伪职：伪巨鹿县县长；配合张百奎伪军，实施清乡、抓丁征粮。；结局：抗战胜利逮捕，判处无期徒刑,配合张百奎伪军，实施清乡、抓丁征粮。,抗战胜利逮捕，判处无期徒刑
李锦堂,长治,山西,长治,[伪长治警备大队长],MEDIUM,扫荡,,伪职：伪长治警备大队长；罪行：驻守长治城，率伪军配合日军出城扫荡，抓捕民兵干部。；结局：解放后公审枪决,罪行：驻守长治城，率伪军配合日军出城扫荡，抓捕民兵干部。,解放后公审枪决
李锦堂,长治,山西,长治,[伪长治警备大队长],MEDIUM,扫荡,,伪职：伪长治警备大队长；罪行：驻守长治城，率伪军配合日军出城扫荡，抓捕民兵干部。；结局：解放后公审枪决,罪行：驻守长治城，率伪军配合日军出城扫荡，抓捕民兵干部。,解放后公审枪决
李长江,泰州、姜堰全境,江苏,泰州,[伪第一集团军总司令],MEDIUM,扫荡,,伪职：伪第一集团军总司令；罪行：原鲁苏皖边区游击副总指挥，1941 年 2 月率万余部队公开投敌，盘踞泰州；配合日军扫荡苏中根据地，掠夺物资，残害抗日军民；讨逆战役遭新四军重创西逃，后被日军下毒致瘫痪抖音百科。；结局：抗战胜利后被捕，病死狱中。,配合日军扫荡苏中根据地，掠夺物资，残害抗日军民,抗战胜利后被捕，病死狱中。
李鼎臣,,,,[伪冀县县长；修筑大批碉堡，配合日军扫荡冀南根据地。],MEDIUM,扫荡,,伪职：伪冀县县长；修筑大批碉堡，配合日军扫荡冀南根据地。；结局：战后逮捕判刑,修筑大批碉堡，配合日军扫荡冀南根据地。,战后逮捕判刑
杜三秃子,锦西缸窑岭,辽宁,葫芦岛,[伪缸窑岭警察署特务系头目（铁杆汉奸）],MEDIUM,扫荡,,伪职：伪缸窑岭警察署特务系头目（铁杆汉奸）；罪行：带领伪警察到处搜捕抗日人员，充当日军向导下乡扫荡，告密抓捕群众，制造多起冤狱，血债较多。；结局：抗战后期被抗日武装锄奸击毙。,罪行：带领伪警察到处搜捕抗日人员，充当日军向导下乡扫荡，告密抓捕群众，制造多起冤狱，血债较多。,抗战后期被抗日武装锄奸击毙。
杜绍先,景县,河北,衡水,[伪景县警备大队长；伪军铁杆，多次下乡清乡。],MEDIUM,清乡,,伪职：伪景县警备大队长；伪军铁杆，多次下乡清乡。；结局：景县解放被俘处决,伪军铁杆，多次下乡清乡。,景县解放被俘处决
杜耀卿,满城,河北,保定,[伪满城县县长；依托平汉铁路，修筑大量炮楼，扫荡满城西部山区根据地。],MEDIUM,扫荡,,伪职：伪满城县县长；依托平汉铁路，修筑大量炮楼，扫荡满城西部山区根据地。；结局：战后汉奸罪判处长期徒刑,依托平汉铁路，修筑大量炮楼，扫荡满城西部山区根据地。,战后汉奸罪判处长期徒刑
杜老印,武强,河北,衡水,[伪武强警备大队长；下乡扫荡，抓捕堡垒户。],MEDIUM,扫荡,,伪职：伪武强警备大队长；下乡扫荡，抓捕堡垒户。；结局：武强解放被俘处决,下乡扫荡，抓捕堡垒户。,武强解放被俘处决
杨仲华,东台全境,江苏,盐城,[伪第二集团军总司令],MEDIUM,扫荡,,伪职：伪第二集团军总司令；罪行：苏北早期投敌高级将领，麾下数万伪军；盘踞东台，修筑大量碉堡据点，频繁扫荡苏中抗日根据地，掠夺粮棉物资，祸害台城及周边乡镇。；结局：抗战胜利后被捕，汉奸审判判处死刑。,盘踞东台，修筑大量碉堡据点，频繁扫荡苏中抗日根据地，掠夺粮棉物资，祸害台城及周边乡镇。,抗战胜利后被捕，汉奸审判判处死刑。
杨作明,兴化城乡,江苏,泰州,[伪 22 师主力团长],MEDIUM,烧杀、扫荡,,伪职：伪 22 师主力团长；罪行：伪军骨干，带兵下乡扫荡，强拆民房木料砖石修筑碉堡，烧杀掠夺，百姓绰号 “火星菩萨”兴化日报。；结局：被新四军俘获，公审枪决兴化日报。,罪行：伪军骨干，带兵下乡扫荡，强拆民房木料砖石修筑碉堡，烧杀掠夺，百姓绰号 “火星菩萨”兴化日报。,被新四军俘获，公审枪决兴化日报。
杨开昌,潘集田集,安徽,淮南,[伪绥靖六团营长],MEDIUM,烧杀,,伪职：伪绥靖六团营长；罪行：杨立言之子，伪军基层带兵官，下乡烧杀骚扰根据地村庄。；结局：战斗中被击毙。,罪行：杨立言之子，伪军基层带兵官，下乡烧杀骚扰根据地村庄。,战斗中被击毙。
杨彦斌,不详,,,"[军长, 县长]",MEDIUM,清剿,,伪任职务：第七任（末代）伪无锡县长，多次带领日伪军下乡 “清剿” 太湖抗日游击队。。结局：日本投降被捕，判处死刑执行枪决无锡市档案...,伪任职务：第七任（末代）伪无锡县长，多次带领日伪军下乡 “清剿” 太湖抗日游击队。。结局：日本投降被捕，判处死刑执行枪决无锡市档案...,日本投降被捕，判处死刑执行枪决无锡市档案...
杨彦斌,无锡全县,江苏,无锡,[第六任伪无锡县县长],MEDIUM,清乡、围剿,,伪职：第六任伪无锡县县长；罪行：主导无锡汪伪时期 “清乡”，多次引日伪军围剿太湖支队抗日武装，搜捕地下抗日人员无锡市档案...。；结局：抗战胜利后以汉奸罪判刑。,罪行：主导无锡汪伪时期 “清乡”，多次引日伪军围剿太湖支队抗日武装，搜捕地下抗日人员无锡市档案...。,抗战胜利后以汉奸罪判刑。
杨德三,固阳,内蒙古,包头,[伪保安团团长；1937 奉日军命令攻占大佘太，洗劫商号，建立伪据点；1938 被门炳岳部击溃，化装逃跑，之后继续为日军驻守大佘太，配合日军扫荡周边中共巴彦淖...。],MEDIUM,扫荡,,伪职：伪保安团团长；1937 奉日军命令攻占大佘太，洗劫商号，建立伪据点；1938 被门炳岳部击溃，化装逃跑，之后继续为日军驻守大佘太，配合日军扫荡周边中共巴彦淖...。；结局：解放后镇反公审枪决,1938 被门炳岳部击溃，化装逃跑，之后继续为日军驻守大佘太，配合日军扫荡周边中共巴彦淖...。,解放后镇反公审枪决
杨志玉,陵川,山西,晋城,[伪陵川县县长（上党四大天王之一）；原国民党陵川县长],MEDIUM,清乡,,伪职：伪陵川县县长（上党四大天王之一）；原国民党陵川县长；罪行：1943 日军占领陵川，率县政府整体投敌；组建伪区乡政权，指挥伪军清乡搜捕抗日人员。；结局：陵川收复后审判处决,组建伪区乡政权，指挥伪军清乡搜捕抗日人员。,陵川收复后审判处决
杨志玉,山西陵川,山西,晋城,"[军长, 清乡, 县长]",MEDIUM,清乡,,伪任职务：原国民党陵川县长，率县府投敌，伪陵川县知事，指挥伪军清乡。结局：陵川收复后审判镇压,伪任职务：原国民党陵川县长，率县府投敌，伪陵川县知事，指挥伪军清乡。结局：陵川收复后审判镇压,陵川收复后审判镇压
杨志玉,陵川,山西,晋城,[伪陵川县县长（上党四大天王之一）；原国民党陵川县长],MEDIUM,清乡,,伪职：伪陵川县县长（上党四大天王之一）；原国民党陵川县长；罪行：1943 日军占领陵川，率县政府整体投敌；组建伪区乡政权，指挥伪军清乡搜捕抗日人员。；结局：陵川收复后审判处决,组建伪区乡政权，指挥伪军清乡搜捕抗日人员。,陵川收复后审判处决
杨志玉,陵川,山西,晋城,[伪陵川县县长（上党四大天王之一）],MEDIUM,清乡,,伪职：伪陵川县县长（上党四大天王之一）；罪行：原国民党陵川县长，1943 率县政府整套人马投敌；建立陵川伪政权，指挥伪军清乡搜捕抗日军民。；结局：陵川收复后审判处决,建立陵川伪政权，指挥伪军清乡搜捕抗日军民。,陵川收复后审判处决
杨揆一,湖北鹤峰,湖北,恩施,"[省级长官, 军长, 司令, 清乡]",MEDIUM,清乡,,伪任职务：伪湖北省省长、省保安司令、武汉绥靖公署主任，主持湖北清乡，整编华中伪军。结局：抗战后逮捕，1946 年南京雨花台枪决党史学习教...,伪任职务：伪湖北省省长、省保安司令、武汉绥靖公署主任，主持湖北清乡，整编华中伪军。结局：抗战后逮捕，1946 年南京雨花台枪决党史学习教...,抗战后逮捕，1946 年南京雨花台枪决党史学习教...
杨显之,阳城,山西,晋城,[伪阳城警备大队长],MEDIUM,扫荡,,伪职：伪阳城警备大队长；罪行：率伪军出城扫荡，抓捕抗日干部，残害堡垒户。；结局：解放后公审枪决,罪行：率伪军出城扫荡，抓捕抗日干部，残害堡垒户。,解放后公审枪决
杨显青,,,,[伪辽阳县首任县长],MEDIUM,围剿,,伪职：伪辽阳县首任县长；罪行：九一八后投敌，组建辽阳县伪公署；推行保甲连坐，配合日军围剿辽阳、吉洞峪一带抗日义勇军，强征粮食、劳工。；结局：抗战胜利逮捕，汉奸罪判刑。,推行保甲连坐，配合日军围剿辽阳、吉洞峪一带抗日义勇军，强征粮食、劳工。,抗战胜利逮捕，汉奸罪判刑。
杨琢青,安庆城区及四乡,安徽,安庆,[继任伪怀宁县县长],MEDIUM,扫荡,,伪职：继任伪怀宁县县长；罪行：接续伪县政务，扩充伪警察、伪保安武装，配合日军对洪镇、月山游击区扫荡，迫害抗日家属。；结局：肃奸运动判处重刑。,罪行：接续伪县政务，扩充伪警察、伪保安武装，配合日军对洪镇、月山游击区扫荡，迫害抗日家属。,肃奸运动判处重刑。
杨立言,潘集、凤台北部,安徽,淮南,[伪绥靖六团团长（大褂队）],MEDIUM,烧杀、烧杀抢掠,,伪职：伪绥靖六团团长（大褂队）；罪行：土匪投敌，“大褂队” 改编伪军，四处烧杀抢掠、绑票勒索，捕杀抗日干部，多次进攻凤台抗日民主政府，淮上祸害最大伪军头目之一淮南市人民...。；结局：1940 年苏涂村战斗被抗日武装击毙，部队全歼淮南日报。,罪行：土匪投敌，“大褂队” 改编伪军，四处烧杀抢掠、绑票勒索，捕杀抗日干部，多次进攻凤台抗日民主政府，淮上祸害最大伪军头目之一淮南市人民...。,1940 年苏涂村战斗被抗日武装击毙，部队全歼淮南日报。
杨老黑,雄县,河北,保定,[伪雄县警备大队长；驻守雄县城及昝岗据点，下乡扫荡。],MEDIUM,扫荡,,伪职：伪雄县警备大队长；驻守雄县城及昝岗据点，下乡扫荡。；结局：雄县解放被俘处决,驻守雄县城及昝岗据点，下乡扫荡。,雄县解放被俘处决
杨胯子,舒城县城汪圩,安徽,六安,[舒城城关维持会骨干],MEDIUM,烧杀、烧杀抢掠,,伪职：舒城城关维持会骨干；罪行：日军占领舒城后，领取日伪袖章膏药旗，搜集情报，带领日军下乡烧杀抢掠，胁迫群众 “欢迎皇军”。；结局：舒城光复后军法审判处决。,罪行：日军占领舒城后，领取日伪袖章膏药旗，搜集情报，带领日军下乡烧杀抢掠，胁迫群众 “欢迎皇军”。,舒城光复后军法审判处决。
杨诚,山西,山西,,"[军长, 师长]",MEDIUM,扫荡,,伪任职务：伪山西保安第一师师长，太原周边伪军主力，配合日军扫荡。结局：建国后逮捕，镇反处决,伪任职务：伪山西保安第一师师长，太原周边伪军主力，配合日军扫荡。结局：建国后逮捕，镇反处决,建国后逮捕，镇反处决
杨高伯,无锡,江苏,无锡,"[委员长, 维持会, 县长]",MEDIUM,刺杀,,伪任职务：维持会委员，第二任伪无锡县长，对日态度强硬，残酷对待抗日人员。。结局：1940 年被抗日锄奸人员刺杀；日军为此闭城大搜捕一周,伪任职务：维持会委员，第二任伪无锡县长，对日态度强硬，残酷对待抗日人员。。结局：1940 年被抗日锄奸人员刺杀,1940 年被抗日锄奸人员刺杀
林义和,马祖、嵛山岛，袭扰三沙、沙埕、三都澳沿海,福建,宁德,[伪福建和平救国军第一路军司令（长乐籍，盘踞闽东海岛）],MEDIUM,杀害,,伪职：伪福建和平救国军第一路军司令（长乐籍，盘踞闽东海岛）；罪行：海匪出身受厦门日军收编，指挥伪军在闽东海面劫掠商船渔船，登陆霞浦、福鼎沿海村镇抢掠，抓捕渔民，封锁闽东海上航道，为日军提供沿海情报。；结局：1942 年被伪军内部仇家郑德明等人沉海杀害。,结局：1942 年被伪军内部仇家郑德明等人沉海杀害。,1942 年被伪军内部仇家郑德明等人沉海杀害。
林金山,白驹、刘庄一带,江苏,盐城,[伪台北县（大丰）伪区长],MEDIUM,清乡,,伪职：伪台北县（大丰）伪区长；罪行：基层伪政权头目，积极推行清乡保甲，告密新四军情报，迫害接济抗日武装乡民。；结局：1946 年白驹公审判处死刑盐城市史志...。,罪行：基层伪政权头目，积极推行清乡保甲，告密新四军情报，迫害接济抗日武装乡民。,1946 年白驹公审判处死刑盐城市史志...。
柳世平（柳小五）,天津武清,天津,天津,"[军长, 县长]",MEDIUM,扫荡,,伪任职务：武清伪警备副大队长，郊县伪军头目，多次扫荡冀中根据地。结局：1945 年日本投降前夕被日军处决,伪任职务：武清伪警备副大队长，郊县伪军头目，多次扫荡冀中根据地。结局：1945 年日本投降前夕被日军处决,1945 年日本投降前夕被日军处决
柴子敬,曲沃,山西,临汾,[伪曲沃警备大队长],MEDIUM,扫荡,,伪职：伪曲沃警备大队长；罪行：驻守曲沃、侯马据点，多次随同日军外出扫荡。；结局：解放后公审枪决,罪行：驻守曲沃、侯马据点，多次随同日军外出扫荡。,解放后公审枪决
柴恩波,献县,河北,沧州,[原冀中独立二团团长叛变投敌，伪献县警备司令；杀害大批我方军政人员，破坏献县根据地。],MEDIUM,杀害,,伪职：原冀中独立二团团长叛变投敌，伪献县警备司令；杀害大批我方军政人员，破坏献县根据地。；结局：日本投降被国民党收编；解放后抓获处决,杀害大批我方军政人员，破坏献县根据地。,日本投降被国民党收编
梁子久,介休,山西,晋中,[伪介休警备大队长],MEDIUM,扫荡,,伪职：伪介休警备大队长；罪行：盘踞介休、张兰据点，多次进山扫荡。；结局：解放后公审枪决,罪行：盘踞介休、张兰据点，多次进山扫荡。,解放后公审枪决
楚景三,东明,山东,菏泽,[伪东明警备大队长；率伪军扫荡滩区村庄，残害群众。],MEDIUM,扫荡,,伪职：伪东明警备大队长；率伪军扫荡滩区村庄，残害群众。；结局：东明解放被俘处决,率伪军扫荡滩区村庄，残害群众。,东明解放被俘处决
樊尽美,崞县,山西,忻州,[伪崞县县长、伪警备大队长],MEDIUM,扫荡,,伪职：伪崞县县长、伪警备大队长；罪行：日军吹捧的 “模范县长”；多次带队下乡抢粮扫荡，曾赴日本访问；疯狂压榨百姓。；结局：1946 潜逃绥远；1953 抓获，公审枪决,多次带队下乡抢粮扫荡，曾赴日本访问,1946 潜逃绥远
樊库,集宁,内蒙古,乌兰察布,[伪集宁县首任县长；日军占领集宁后组建维持会，推行保甲十家连坐，强征粮食劳工，管控平绥铁路，配合日伪扫荡蛮汉山周边。],MEDIUM,扫荡,,伪职：伪集宁县首任县长；日军占领集宁后组建维持会，推行保甲十家连坐，强征粮食劳工，管控平绥铁路，配合日伪扫荡蛮汉山周边。；结局：战后汉奸罪判处重刑,日军占领集宁后组建维持会，推行保甲十家连坐，强征粮食劳工，管控平绥铁路，配合日伪扫荡蛮汉山周边。,战后汉奸罪判处重刑
武修忠,抚宁,河北,秦皇岛,[伪警察大队长；盘踞抚宁东部，进山扫荡，残害山区百姓。],MEDIUM,扫荡,,伪职：伪警察大队长；盘踞抚宁东部，进山扫荡，残害山区百姓。；结局：1942 隔河头战斗被八路军 12 团击毙,盘踞抚宁东部，进山扫荡，残害山区百姓。,1942 隔河头战斗被八路军 12 团击毙
武修忠,抚宁,河北,秦皇岛,[伪警察大队长；盘踞抚宁东部，频繁进山扫荡，残害山区群众。],MEDIUM,扫荡,,伪职：伪警察大队长；盘踞抚宁东部，频繁进山扫荡，残害山区群众。；结局：1942 年八路军 12 团隔河头战斗中将其击毙秦皇岛市人...,盘踞抚宁东部，频繁进山扫荡，残害山区群众。,1942 年八路军 12 团隔河头战斗中将其击毙秦皇岛市人...
武修忠,抚宁,河北,秦皇岛,[伪警察大队长；盘踞抚宁东部，频繁进山扫荡，残害山区群众。],MEDIUM,扫荡,,伪职：伪警察大队长；盘踞抚宁东部，频繁进山扫荡，残害山区群众。；结局：1942 年八路军 12 团隔河头战斗中将其击毙秦皇岛市人...,盘踞抚宁东部，频繁进山扫荡，残害山区群众。,1942 年八路军 12 团隔河头战斗中将其击毙秦皇岛市人...
武修忠,抚宁,河北,秦皇岛,[伪警察大队长；盘踞抚宁东部，进山扫荡，残害山区百姓。],MEDIUM,扫荡,,伪职：伪警察大队长；盘踞抚宁东部，进山扫荡，残害山区百姓。；结局：1942 隔河头战斗被八路军 12 团击毙,盘踞抚宁东部，进山扫荡，残害山区百姓。,1942 隔河头战斗被八路军 12 团击毙
武修忠,抚宁,河北,秦皇岛,[伪警察大队长；盘踞抚宁东部，进山扫荡，残害山区百姓。],MEDIUM,扫荡,,伪职：伪警察大队长；盘踞抚宁东部，进山扫荡，残害山区百姓。；结局：1942 隔河头战斗被八路军 12 团击毙,盘踞抚宁东部，进山扫荡，残害山区百姓。,1942 隔河头战斗被八路军 12 团击毙
武述之,太谷,山西,晋中,[伪太谷县县长],MEDIUM,扫荡,,伪职：伪太谷县县长；罪行：组建太谷伪政权，修筑炮楼，盘剥百姓，配合日军扫荡太谷山区。；结局：战后逮捕判刑,罪行：组建太谷伪政权，修筑炮楼，盘剥百姓，配合日军扫荡太谷山区。,战后逮捕判刑
段万庆,威县,河北,邢台,[伪威县警备大队长；威县伪军实权头目，多次配合日军扫荡冀南根据地。],MEDIUM,扫荡,,伪职：伪威县警备大队长；威县伪军实权头目，多次配合日军扫荡冀南根据地。；结局：威县解放被俘处决,威县伪军实权头目，多次配合日军扫荡冀南根据地。,威县解放被俘处决
段占山,龙关,河北,张家口,[伪龙关讨伐队队长；多次进山扫荡海陀山根据地，捕杀堡垒户。],MEDIUM,扫荡,,伪职：伪龙关讨伐队队长；多次进山扫荡海陀山根据地，捕杀堡垒户。；结局：1944 年被平北支队击毙,多次进山扫荡海陀山根据地，捕杀堡垒户。,1944 年被平北支队击毙
段纪福、段纪禄,井陉山区,河北,石家庄,[皇协军少校，兄弟匪首，盘踞井陉西部山区，烧杀抢掠村庄。],MEDIUM,烧杀、烧杀抢掠,,伪职：皇协军少校，兄弟匪首，盘踞井陉西部山区，烧杀抢掠村庄。；结局：1944 年被太行军区部队歼灭，二人被俘处决,伪职：皇协军少校，兄弟匪首，盘踞井陉西部山区，烧杀抢掠村庄。,1944 年被太行军区部队歼灭，二人被俘处决
段纪福、段纪禄,井陉山区,河北,石家庄,[皇协军少校，兄弟匪首，盘踞井陉西部山区，烧杀抢掠村庄。],MEDIUM,烧杀、烧杀抢掠,,伪职：皇协军少校，兄弟匪首，盘踞井陉西部山区，烧杀抢掠村庄。；结局：1944 年被太行军区部队歼灭，二人被俘处决,伪职：皇协军少校，兄弟匪首，盘踞井陉西部山区，烧杀抢掠村庄。,1944 年被太行军区部队歼灭，二人被俘处决
毕春茂,外地流窜,,,"[部长, 军长]",MEDIUM,扫荡,,伪任职务：伪自卫团团长，部队盘踞邵伯湖西岸戚墅庙；配合邵伯据点日伪军下乡扫荡，抢劫湖沿各圩农户，扣押勒索湖上商船渔民。。结局：新四军奔袭戚墅庙据点，部队被歼灭，毕春茂被俘后处决邗江史志网,配合邵伯据点日伪军下乡扫荡，抢劫湖沿各圩农户，扣押勒索湖上商船渔民。。结局：新四军奔袭戚墅庙据点，部队被歼灭，毕春茂被俘后处决邗江史志网,新四军奔袭戚墅庙据点，部队被歼灭，毕春茂被俘后处决邗江史志网
水从伟,芜湖,安徽,芜湖,[投敌伪中队长],MEDIUM,扫荡,,伪职：投敌伪中队长；罪行：原芜湖县常备队，叛变附逆，跟随伪军下乡扫荡。；结局：抗战胜利后逮捕法办。,罪行：原芜湖县常备队，叛变附逆，跟随伪军下乡扫荡。,抗战胜利后逮捕法办。
江云生,贵池马衙,安徽,池州,[伪乡维持头目],MEDIUM,烧杀,,伪职：伪乡维持头目；罪行：基层伪头目，带路日军下乡烧杀，检举革命家属，勒索村庄财物。；结局：抗日民主政府抓捕正法。,罪行：基层伪头目，带路日军下乡烧杀，检举革命家属，勒索村庄财物。,抗日民主政府抓捕正法。
江辅华,镇江,江苏,镇江,"[清乡, 县长]",MEDIUM,扫荡、清乡,,伪任职务：原镇丹县抗日副县长，随包建华投敌；伪别动队副大队长，驻守马陵据点，在镇句边境清乡扫荡，残害地方百姓镇江文明网。。结局：抗战胜利公审处决,伪别动队副大队长，驻守马陵据点，在镇句边境清乡扫荡，残害地方百姓镇江文明网。。结局：抗战胜利公审处决,抗战胜利公审处决
汤仁杰,不详,,,"[清乡, 县长]",MEDIUM,清乡,,伪任职务：第四任伪武进县长，拉拢地方士绅、乡镇势力出任伪职，清乡期间频繁下乡。。结局：战后逮捕，判处有期徒刑,伪任职务：第四任伪武进县长，拉拢地方士绅、乡镇势力出任伪职，清乡期间频繁下乡。。结局：战后逮捕，判处有期徒刑,战后逮捕，判处有期徒刑
汤卓然,不详,,,"[市长, 清乡, 县长]",MEDIUM,清乡,,伪任职务：汪伪第一任伪武进县县长，推行保甲联保切结、良民证制度，配合第一期清乡，编纂伪地方刊物为日伪宣传常州市档案...。。结局：战后汉奸罪判处死刑,伪任职务：汪伪第一任伪武进县县长，推行保甲联保切结、良民证制度，配合第一期清乡，编纂伪地方刊物为日伪宣传常州市档案...。。结局：战后汉奸罪判处死刑,战后汉奸罪判处死刑
汤同书,启东全境,江苏,南通,[伪启东特区公署署长（等同伪县长）],MEDIUM,清乡,,伪职：伪启东特区公署署长（等同伪县长）；罪行：老牌中统出身投敌，执掌启东伪政权，推行清乡，设立检问所，盘剥残害百姓，搜捕东南警卫团抗日人员。；结局：汉奸审判判处重刑。,罪行：老牌中统出身投敌，执掌启东伪政权，推行清乡，设立检问所，盘剥残害百姓，搜捕东南警卫团抗日人员。,汉奸审判判处重刑。
汤同书,扬州,江苏,扬州,"[军长, 清乡]",MEDIUM,清乡,,伪任职务：伪启东特别区公署署长，清乡时期启东最高伪官；设置封锁线、检问所，强建保甲，残酷迫害启海抗日军民。。结局：抗战胜利江苏高等法院判处死刑枪决,伪任职务：伪启东特别区公署署长，清乡时期启东最高伪官,抗战胜利江苏高等法院判处死刑枪决
汤希铭,海伦县,黑龙江,绥化,[伪海伦县警务科长],MEDIUM,扫荡,,伪职：伪海伦县警务科长；罪行：执掌海伦伪警察，带队讨伐抗联三、六支队，刑讯迫害被捕抗日军民，参与平原地区 “肃正” 扫荡。；结局：抗战胜利后被民主政府逮捕审判。,罪行：执掌海伦伪警察，带队讨伐抗联三、六支队，刑讯迫害被捕抗日军民，参与平原地区 “肃正” 扫荡。,抗战胜利后被民主政府逮捕审判。
汤鹏举,大连,辽宁,大连,[伪迁安县警备联队副联队长（实权远超伪县长）；精通日语，深受日军信任，主持警务、特务，大肆捕杀抗日军民，多次带队扫荡迁安山区根据地。],MEDIUM,扫荡,,伪职：伪迁安县警备联队副联队长（实权远超伪县长）；精通日语，深受日军信任，主持警务、特务，大肆捕杀抗日军民，多次带队扫荡迁安山区根据地。；结局：抗战胜利后公审枪决,精通日语，深受日军信任，主持警务、特务，大肆捕杀抗日军民，多次带队扫荡迁安山区根据地。,抗战胜利后公审枪决
汤鹏举,大连,辽宁,大连,[伪迁安县警备联队副联队长，实权远超伪县长；精通日语，深受日军信任；大肆捕杀抗日军民，多次扫荡迁青平无人区根据地；被捕后还密谋暴狱作乱。],MEDIUM,扫荡,,伪职：伪迁安县警备联队副联队长，实权远超伪县长；精通日语，深受日军信任；大肆捕杀抗日军民，多次扫荡迁青平无人区根据地；被捕后还密谋暴狱作乱。；结局：1959 迁安万人公审，判处死刑,大肆捕杀抗日军民，多次扫荡迁青平无人区根据地,1959 迁安万人公审，判处死刑
汪兆乾,沭阳胡集一带,江苏,宿迁,[伪沭阳县伪军大队长],MEDIUM,烧杀、杀害、杀害群众、扫荡,,伪职：伪沭阳县伪军大队长；罪行：手上杀害群众七十余人，下乡扫荡烧杀劫掠，祸害胡集周边乡村，群众愤恨极大中共宿迁市...。；结局：胡集区公审枪决。,罪行：手上杀害群众七十余人，下乡扫荡烧杀劫掠，祸害胡集周边乡村，群众愤恨极大中共宿迁市...。,胡集区公审枪决。
汪兆乾,沭阳胡集一带,江苏,宿迁,[伪沭阳县伪军大队长],MEDIUM,烧杀、杀害、杀害群众、扫荡,,伪职：伪沭阳县伪军大队长；罪行：手上杀害群众七十余人，下乡扫荡烧杀劫掠，祸害胡集周边乡村，群众愤恨极大中共宿迁市...。；结局：胡集区公审枪决。,罪行：手上杀害群众七十余人，下乡扫荡烧杀劫掠，祸害胡集周边乡村，群众愤恨极大中共宿迁市...。,胡集区公审枪决。
汪北鸥,江苏苏州,江苏,苏州,[清乡],MEDIUM,清乡,,伪任职务：伪《江苏日报》社长，汪伪在苏州的核心喉舌，大肆刊登亲日投降言论，宣传清乡。。结局：战后汉奸罪判处徒刑,伪任职务：伪《江苏日报》社长，汪伪在苏州的核心喉舌，大肆刊登亲日投降言论，宣传清乡。。结局：战后汉奸罪判处徒刑,战后汉奸罪判处徒刑
汪曼云,浙江杭州,浙江,杭州,"[部长, 委员长, 清乡]",MEDIUM,清乡,,伪任职务：76 号、汪伪清乡委员会副秘书长，上海伪社会部高官。结局：战后判处有期徒刑，后再被捕关押，1954 年病逝狱中,伪任职务：76 号、汪伪清乡委员会副秘书长，上海伪社会部高官。结局：战后判处有期徒刑，后再被捕关押，1954 年病逝狱中,战后判处有期徒刑，后再被捕关押，1954 年病逝狱中
汪濂,不详,,,[县长],MEDIUM,刺杀,,伪任职务：伪杭县首任知事，杭州近郊伪政权头目。结局：1939 年被爱国诛奸团刺杀身亡,伪任职务：伪杭县首任知事，杭州近郊伪政权头目。结局：1939 年被爱国诛奸团刺杀身亡,1939 年被爱国诛奸团刺杀身亡
汪翱,长兴、太湖西南沿岸,浙江,湖州,[伪苏浙皖三省边区剿匪指挥官],MEDIUM,扫荡,,伪职：伪苏浙皖三省边区剿匪指挥官；罪行：原我方人员叛变投敌，手握伪军武装，四处游说抗日武装投降，扫荡长兴山区抗日根据地，残害爱国军民。；结局：1939 年被长超抗日义勇军诱捕处决。,罪行：原我方人员叛变投敌，手握伪军武装，四处游说抗日武装投降，扫荡长兴山区抗日根据地，残害爱国军民。,1939 年被长超抗日义勇军诱捕处决。
汪翱,长兴、太湖西南沿岸,浙江,湖州,[伪苏浙皖三省边区剿匪指挥官],MEDIUM,扫荡,,伪职：伪苏浙皖三省边区剿匪指挥官；罪行：原我方人员叛变投敌，手握伪军武装，四处游说抗日武装投降，扫荡长兴山区抗日根据地，残害爱国军民。；结局：1939 年被长超抗日义勇军诱捕处决。,罪行：原我方人员叛变投敌，手握伪军武装，四处游说抗日武装投降，扫荡长兴山区抗日根据地，残害爱国军民。,1939 年被长超抗日义勇军诱捕处决。
沈元,大丰白驹,江苏,盐城,[伪台北县伪自卫团长],MEDIUM,清剿,,伪职：伪台北县伪自卫团长；罪行：地主武装投敌，带领伪自卫团下乡清剿，抓捕民兵、抗日群众。；结局：公审处决盐城市史志...。,罪行：地主武装投敌，带领伪自卫团下乡清剿，抓捕民兵、抗日群众。,公审处决盐城市史志...。
沈夕俩,蚌埠城区,安徽,蚌埠,[伪蚌埠警备司令],MEDIUM,扫荡,,伪职：伪蚌埠警备司令；罪行：执掌伪警备武装，负责蚌埠城防，镇压城区爱国活动，下乡配合日军扫荡怀远、凤阳乡村。；结局：1951 年蚌埠公审枪决。,罪行：执掌伪警备武装，负责蚌埠城防，镇压城区爱国活动，下乡配合日军扫荡怀远、凤阳乡村。,1951 年蚌埠公审枪决。
沈大方,吴兴练市,浙江,湖州,[伪练市镇镇长],MEDIUM,清乡,,伪职：伪练市镇镇长；罪行：基层伪头目，配合清乡，敲诈商户，告密地下人员线索。；结局：抗战胜利后公审惩处。,罪行：基层伪头目，配合清乡，敲诈商户，告密地下人员线索。,抗战胜利后公审惩处。
沈大方,吴兴练市,浙江,湖州,[伪练市镇镇长],MEDIUM,清乡,,伪职：伪练市镇镇长；罪行：基层伪头目，配合清乡，敲诈商户，告密地下人员线索。；结局：抗战胜利后公审惩处。,罪行：基层伪头目，配合清乡，敲诈商户，告密地下人员线索。,抗战胜利后公审惩处。
沈席儒（沈夕俩）,安徽蚌埠,安徽,蚌埠,"[军长, 师长, 司令, 清乡]",MEDIUM,清乡,,伪任职务：伪蚌埠警备司令、伪军师长，皖北伪军头目，参与清乡、贩卖鸦片敛财抖音百科。结局：1951 年押回蚌埠公审枪决,伪任职务：伪蚌埠警备司令、伪军师长，皖北伪军头目，参与清乡、贩卖鸦片敛财抖音百科。结局：1951 年押回蚌埠公审枪决,1951 年押回蚌埠公审枪决
沈瀚卿,嘉兴城区,浙江,嘉兴,[伪嘉兴县首任伪县长],MEDIUM,刺杀、清乡,,伪职：伪嘉兴县首任伪县长；罪行：汪伪嘉兴首任县知事，搭建伪县公署、伪警察系统，推行保甲，配合日军清乡，镇压城郊抗日活动浙江在线。；结局：1940 年被抗日游击队员刺杀于西埏桥堍，其子一同毙命浙江在线。,罪行：汪伪嘉兴首任县知事，搭建伪县公署、伪警察系统，推行保甲，配合日军清乡，镇压城郊抗日活动浙江在线。；结局：1940 年被抗日游击队员刺杀于西埏桥堍，其子一同毙命浙江在线。,1940 年被抗日游击队员刺杀于西埏桥堍，其子一同毙命浙江在线。
沈靖华,不详,,,"[清乡, 县长]",MEDIUM,清乡,,伪任职务：伪吴县县长，鼓吹建设 “模范沦陷县”，大力执行清乡政策。。结局：战后汉奸罪审判，判处长期监禁苏州市地方...,伪任职务：伪吴县县长，鼓吹建设 “模范沦陷县”，大力执行清乡政策。。结局：战后汉奸罪审判，判处长期监禁苏州市地方...,战后汉奸罪审判，判处长期监禁苏州市地方...
潘文忠,吴兴练市,浙江,湖州,[伪练市区区长],MEDIUM,清乡,,伪职：伪练市区区长；罪行：清乡时期伪区长，推行保甲，搜集抗日情报，迫害接济游击队乡民。；结局：被战时青年服务队暗杀锄奸。,罪行：清乡时期伪区长，推行保甲，搜集抗日情报，迫害接济游击队乡民。,被战时青年服务队暗杀锄奸。
潘文忠,吴兴练市,浙江,湖州,[伪练市区区长],MEDIUM,清乡,,伪职：伪练市区区长；罪行：清乡时期伪区长，推行保甲，搜集抗日情报，迫害接济游击队乡民。；结局：被战时青年服务队暗杀锄奸。,罪行：清乡时期伪区长，推行保甲，搜集抗日情报，迫害接济游击队乡民。,被战时青年服务队暗杀锄奸。
潘铁侯,不详,,,"[清乡, 县长]",MEDIUM,清乡,,伪任职务：汪伪第三任伪江都县长，配合清乡，编组乡镇伪自卫团。。结局：捕获判刑，关押服刑,伪任职务：汪伪第三任伪江都县长，配合清乡，编组乡镇伪自卫团。。结局：捕获判刑，关押服刑,捕获判刑，关押服刑
熊育衡,不详,,,"[军长, 司令]",MEDIUM,扫荡,,伪任职务：伪绥靖第七团司令，驻守扬州近郊，多次跟随日军下乡扫荡、抢掠乡村。。结局：三垛河伏击战被新四军俘虏，后判刑关押,伪任职务：伪绥靖第七团司令，驻守扬州近郊，多次跟随日军下乡扫荡、抢掠乡村。。结局：三垛河伏击战被新四军俘虏，后判刑关押,三垛河伏击战被新四军俘虏，后判刑关押
熙洽,沈阳（满族）,辽宁,沈阳,[伪吉林省首任长官、伪财政部大臣],MEDIUM,围剿,,伪职：伪吉林省首任长官、伪财政部大臣；罪行：九一八主动放弃吉林防务，开城投降日军；组建伪吉林省长官公署，宣布脱离国民政府；参与伪满建国；指挥伪军围剿吉林各地义勇军、抗联，推行集团部落，疯狂掠夺资源抖音百科。；结局：苏军逮捕，关押，1952 年哈尔滨战犯管理所病死。,指挥伪军围剿吉林各地义勇军、抗联，推行集团部落，疯狂掠夺资源抖音百科。,苏军逮捕，关押，1952 年哈尔滨战犯管理所病死。
熙洽,沈阳（满族）,辽宁,沈阳,[伪吉林省首任长官、伪财政部大臣],MEDIUM,围剿,,伪职：伪吉林省首任长官、伪财政部大臣；罪行：九一八主动放弃吉林防务，开城投降日军；组建伪吉林省长官公署，宣布脱离国民政府；参与伪满建国；指挥伪军围剿吉林各地义勇军、抗联，推行集团部落，疯狂掠夺资源抖音百科。；结局：苏军逮捕，关押，1952 年哈尔滨战犯管理所病死。,指挥伪军围剿吉林各地义勇军、抗联，推行集团部落，疯狂掠夺资源抖音百科。,苏军逮捕，关押，1952 年哈尔滨战犯管理所病死。
王一凡,不详,,,[县长],MEDIUM,清剿、扫荡,,伪任职务：汪伪江宁县伪县长，伪县府驻秣陵关；推行保甲、良民证，征粮拉夫，配合日伪对横山根据地扫荡清剿。。结局：战后汉奸罪判处徒刑关押,推行保甲、良民证，征粮拉夫，配合日伪对横山根据地扫荡清剿。。结局：战后汉奸罪判处徒刑关押,战后汉奸罪判处徒刑关押
王万顺,闻喜,山西,运城,[伪 “晋南剿共救国军” 司令],MEDIUM,清乡,,伪职：伪 “晋南剿共救国军” 司令；罪行：纠集两千余人，盘踞乔寺村，修筑 12 座炮楼，草菅人命，疯狂清乡搜捕抗日力量。；结局：1945 年太岳部队攻克乔寺，被俘处决,罪行：纠集两千余人，盘踞乔寺村，修筑 12 座炮楼，草菅人命，疯狂清乡搜捕抗日力量。,1945 年太岳部队攻克乔寺，被俘处决
王义山,宣化,河北,张家口,[伪宣化警备大队长；伪军主力，驻守宣化城、沙岭子据点，多次扫荡南山抗日根据地。],MEDIUM,扫荡,,伪职：伪宣化警备大队长；伪军主力，驻守宣化城、沙岭子据点，多次扫荡南山抗日根据地。；结局：宣化解放被俘，公审枪决,伪军主力，驻守宣化城、沙岭子据点，多次扫荡南山抗日根据地。,宣化解放被俘，公审枪决
王义龙,忻县,山西,忻州,[伪忻县警备大队长],MEDIUM,扫荡,,伪职：伪忻县警备大队长；罪行：驻守忻县城、奇村据点，多次带队扫荡忻崞边山根据地，残害干部群众。；结局：解放后公审枪决,罪行：驻守忻县城、奇村据点，多次带队扫荡忻崞边山根据地，残害干部群众。,解放后公审枪决
王云浩,河北平谷,河北,北京,[伪定襄县县长],MEDIUM,清乡,,伪职：伪定襄县县长；罪行：组织治安强化清乡，重金收买乡村密探，搜捕滹沱河沿岸地下党员。；结局：抗战胜利逮捕判刑,罪行：组织治安强化清乡，重金收买乡村密探，搜捕滹沱河沿岸地下党员。,抗战胜利逮捕判刑
王仲山,榆次,山西,晋中,[伪榆次警备大队长],MEDIUM,扫荡、清乡,,伪职：伪榆次警备大队长；罪行：盘踞榆次城、东阳据点，带队下乡清乡扫荡，残害堡垒户。；结局：解放后公审枪决,罪行：盘踞榆次城、东阳据点，带队下乡清乡扫荡，残害堡垒户。,解放后公审枪决
王佐华,濛江（靖宇县）,吉林,白山,[原抗联弹药手，伪讨伐队队员],MEDIUM,清剿,,伪职：原抗联弹药手，伪讨伐队队员；罪行：叛变，跟随伪讨伐队进山清剿抗联，参与围捕杨靖宇战斗新华网。；结局：建国后被管制。,罪行：叛变，跟随伪讨伐队进山清剿抗联，参与围捕杨靖宇战斗新华网。,建国后被管制。
王兰田,正定,河北,石家庄,[伪正定警备大队长，伪军主力头目，多次配合日军扫荡正定、藁城边区。],MEDIUM,扫荡,,伪职：伪正定警备大队长，伪军主力头目，多次配合日军扫荡正定、藁城边区。；结局：解放后镇反公审枪决,伪职：伪正定警备大队长，伪军主力头目，多次配合日军扫荡正定、藁城边区。,解放后镇反公审枪决
王兰田,正定,河北,石家庄,[伪正定警备大队长，伪军主力头目，多次配合日军扫荡正定、藁城边区。],MEDIUM,扫荡,,伪职：伪正定警备大队长，伪军主力头目，多次配合日军扫荡正定、藁城边区。；结局：解放后镇反公审枪决,伪职：伪正定警备大队长，伪军主力头目，多次配合日军扫荡正定、藁城边区。,解放后镇反公审枪决
王兴国,,,,[伪汾阳保安少将城防司令],MEDIUM,扫荡、清乡,,伪职：伪汾阳保安少将城防司令；罪行：统筹汾阳周边伪军，指挥各据点清乡扫荡，抓捕抗日干部群众。；结局：1945 被俘，汉奸罪判刑,罪行：统筹汾阳周边伪军，指挥各据点清乡扫荡，抓捕抗日干部群众。,1945 被俘，汉奸罪判刑
王冠英,,,,[后期伪冀南道道尹；日本投降后勾结郭采芹、郭化民死守邯郸城，改换国民党番号顽抗；全盘继承日伪统治体系，继续反共清乡邯郸党史网。],MEDIUM,清乡,,伪职：后期伪冀南道道尹；日本投降后勾结郭采芹、郭化民死守邯郸城，改换国民党番号顽抗；全盘继承日伪统治体系，继续反共清乡邯郸党史网。；结局：1945 邯郸解放被俘，公审处决,全盘继承日伪统治体系，继续反共清乡邯郸党史网。,1945 邯郸解放被俘，公审处决
王冠英,,,,[后期伪冀南道道尹；日本投降后勾结郭采芹、郭化民死守邯郸城，改换国民党番号顽抗；全盘继承日伪统治体系，继续反共清乡邯郸党史网。],MEDIUM,清乡,,伪职：后期伪冀南道道尹；日本投降后勾结郭采芹、郭化民死守邯郸城，改换国民党番号顽抗；全盘继承日伪统治体系，继续反共清乡邯郸党史网。；结局：1945 邯郸解放被俘，公审处决,全盘继承日伪统治体系，继续反共清乡邯郸党史网。,1945 邯郸解放被俘，公审处决
王凤岐,沁水,山西,晋城,[伪沁水警备大队长],MEDIUM,扫荡,,伪职：伪沁水警备大队长；罪行：驻守沁水县城、老马岭据点，多次配合日军扫荡太岳根据地边缘。；结局：解放后处决,罪行：驻守沁水县城、老马岭据点，多次配合日军扫荡太岳根据地边缘。,解放后处决
王劲修,湖南长沙,湖南,长沙,"[军长, 委员长, 清乡]",MEDIUM,清乡,,伪任职务：汪伪军事委员会委员，在华中参与伪军整编，协助清乡。结局：抗战胜利被国民党收编，后起义,伪任职务：汪伪军事委员会委员，在华中参与伪军整编，协助清乡。结局：抗战胜利被国民党收编，后起义,抗战胜利被国民党收编，后起义
王友梅,不详,,,"[清乡, 县长]",MEDIUM,清乡,,伪任职务：第六任伪无锡县长，继续执行清乡封锁政策。。结局：战后汉奸罪审判，长期监禁,伪任职务：第六任伪无锡县长，继续执行清乡封锁政策。。结局：战后汉奸罪审判，长期监禁,战后汉奸罪审判，长期监禁
王喜武,丰镇,内蒙古,乌兰察布,[伪丰镇警备大队长；驻守丰镇、隆盛庄，下乡烧杀抢掠，迫害堡垒户。],MEDIUM,烧杀、烧杀抢掠,,伪职：伪丰镇警备大队长；驻守丰镇、隆盛庄，下乡烧杀抢掠，迫害堡垒户。；结局：丰镇解放被俘枪决,驻守丰镇、隆盛庄，下乡烧杀抢掠，迫害堡垒户。,丰镇解放被俘枪决
王嘉猷,寿阳,山西,晋中,[伪寿阳县首任县长],MEDIUM,扫荡,,伪职：伪寿阳县首任县长；罪行：旧官僚，1937 沦陷出任伪县长；建立伪公署、维持会，推行保甲，抓夫修炮楼，配合扫荡盂寿根据地。；结局：抗战胜利逮捕判刑,建立伪公署、维持会，推行保甲，抓夫修炮楼，配合扫荡盂寿根据地。,抗战胜利逮捕判刑
王声溶,长乐,福建,福州,[长乐三区维持会会长],MEDIUM,烧杀、烧杀抢掠,,伪职：长乐三区维持会会长；罪行：长乐沦陷头号乡伪头目，征粮派款，带路日军下乡烧杀抢掠福州新闻网。；结局：长乐游击武装锄奸处决。,罪行：长乐沦陷头号乡伪头目，征粮派款，带路日军下乡烧杀抢掠福州新闻网。,长乐游击武装锄奸处决。
王声溶,长乐,福建,福州,[长乐三区维持会会长],MEDIUM,烧杀、烧杀抢掠,,伪职：长乐三区维持会会长；罪行：长乐沦陷头号乡伪头目，征粮派款，带路日军下乡烧杀抢掠福州新闻网。；结局：长乐游击武装锄奸处决。,罪行：长乐沦陷头号乡伪头目，征粮派款，带路日军下乡烧杀抢掠福州新闻网。,长乐游击武装锄奸处决。
王子林,丰南小集,河北,唐山,[冀东大暴动失败后投敌，伪冀东警备队头目；盘踞小集、稻地一带，修建多处炮楼，频繁扫荡路南根据地，烧杀抢掠百姓。],MEDIUM,烧杀、烧杀抢掠、扫荡,,伪职：冀东大暴动失败后投敌，伪冀东警备队头目；盘踞小集、稻地一带，修建多处炮楼，频繁扫荡路南根据地，烧杀抢掠百姓。；结局：1947 年小集据点被攻克被俘，公审枪决,盘踞小集、稻地一带，修建多处炮楼，频繁扫荡路南根据地，烧杀抢掠百姓。,1947 年小集据点被攻克被俘，公审枪决
王子林,丰南小集,河北,唐山,[伪冀东警备队头目、路南反共联防主任；盘踞小集、稻地，修筑大量炮楼，频繁扫荡路南根据地；惯用麻袋沉河杀害群众，血债累累。],MEDIUM,杀害、杀害群众、扫荡,,伪职：伪冀东警备队头目、路南反共联防主任；盘踞小集、稻地，修筑大量炮楼，频繁扫荡路南根据地；惯用麻袋沉河杀害群众，血债累累。；结局：1947 小集据点攻克被俘，公审枪决,盘踞小集、稻地，修筑大量炮楼，频繁扫荡路南根据地；惯用麻袋沉河杀害群众，血债累累。,1947 小集据点攻克被俘，公审枪决
王存义,左云,山西,大同,[伪左云警备大队长],MEDIUM,清剿,,伪职：伪左云警备大队长；罪行：驻扎左云县城，频繁配合日军进山清剿大青山、雁北武工队。；结局：解放后公审枪决,罪行：驻扎左云县城，频繁配合日军进山清剿大青山、雁北武工队。,解放后公审枪决
王季章,冀东,河北,,[伪冀南道后期道尹、伪顺德道道尹，任职四年；推行治安强化运动，统筹 15 县清乡、修筑炮楼封锁沟，奴化教育。],MEDIUM,清乡,,伪职：伪冀南道后期道尹、伪顺德道道尹，任职四年；推行治安强化运动，统筹 15 县清乡、修筑炮楼封锁沟，奴化教育。；结局：1943 调走，抗战胜利后判处无期徒刑,推行治安强化运动，统筹 15 县清乡、修筑炮楼封锁沟，奴化教育。,1943 调走，抗战胜利后判处无期徒刑
王宁道,来安水口,安徽,滁州,[伪来安县水口区区长],MEDIUM,杀害,,伪职：伪来安县水口区区长；罪行：把持水口区伪政权，收纳投敌溃兵，出卖抗日人员，向伪县长侯堂生告密设圈套杀害起义人员袁明举滁州市博物...。；结局：1946 年肃奸枪决。,罪行：把持水口区伪政权，收纳投敌溃兵，出卖抗日人员，向伪县长侯堂生告密设圈套杀害起义人员袁明举滁州市博物...。,1946 年肃奸枪决。
王寿国,,,,[伪冀宁道道尹（驻临汾）],MEDIUM,扫荡,,伪职：伪冀宁道道尹（驻临汾）；罪行：主持冀宁道全套伪政权，统辖晋南 14 县；推行治安强化、保甲连坐，强征粮食、壮丁、劳工，指挥各县伪政权配合日军扫荡太岳根据地，推行奴化教育。；结局：抗战胜利逮捕，汉奸罪判刑,推行治安强化、保甲连坐，强征粮食、壮丁、劳工，指挥各县伪政权配合日军扫荡太岳根据地，推行奴化教育。,抗战胜利逮捕，汉奸罪判刑
王少安,,,,[伪广平县县长；强征粮秣，配合日军扫荡广平抗日根据地。],MEDIUM,扫荡,,伪职：伪广平县县长；强征粮秣，配合日军扫荡广平抗日根据地。；结局：战后汉奸罪判处徒刑,强征粮秣，配合日军扫荡广平抗日根据地。,战后汉奸罪判处徒刑
王少武,新城,河北,保定,[伪新城警备大队长；多次配合日军扫荡新城周边。],MEDIUM,扫荡,,伪职：伪新城警备大队长；多次配合日军扫荡新城周边。；结局：新城解放被俘枪决,多次配合日军扫荡新城周边。,新城解放被俘枪决
王廷基,铜陵城关、顺安,安徽,铜陵,[伪自治会会长、反共团团长、伪县保安队情报主任],MEDIUM,枪杀,,伪职：伪自治会会长、反共团团长、伪县保安队情报主任；罪行：铜陵早期投敌骨干，带领日伪军搜捕捕杀革命志士，唆使日军枪杀、打死多名群众，抢掠烧毁百姓家产，勒索财物，制造多起血案抖音百科。；结局：1944 年潜逃南京，1951 年被捕公审枪决抖音百科。,罪行：铜陵早期投敌骨干，带领日伪军搜捕捕杀革命志士，唆使日军枪杀、打死多名群众，抢掠烧毁百姓家产，勒索财物，制造多起血案抖音百科。,1944 年潜逃南京，1951 年被捕公审枪决抖音百科。
王德裕,霸县,河北,廊坊,[伪霸县警备联队长；伪军主力，盘踞霸县城、新镇、煎茶铺，反复扫荡大清河北，破坏苇塘根据地。],MEDIUM,扫荡,,伪职：伪霸县警备联队长；伪军主力，盘踞霸县城、新镇、煎茶铺，反复扫荡大清河北，破坏苇塘根据地。；结局：霸县解放被俘，公审枪决,伪军主力，盘踞霸县城、新镇、煎茶铺，反复扫荡大清河北，破坏苇塘根据地。,霸县解放被俘，公审枪决
王志贤,金坛,江苏,常州,[军长],MEDIUM,扫荡,,伪任职务：伪金坛宪兵突击队队长，跟随日军扫荡，抓捕残害抗日军民常州史志。。结局：被新四军俘获，公审镇压,伪任职务：伪金坛宪兵突击队队长，跟随日军扫荡，抓捕残害抗日军民常州史志。。结局：被新四军俘获，公审镇压,被新四军俘获，公审镇压
王怀义,灵璧县城,安徽,宿州,[伪灵璧县县长],MEDIUM,扫荡,,伪职：伪灵璧县县长；罪行：伪淮海省委任，主持灵璧伪政权，扩充伪保安队，配合日军扫荡灵北抗日根据地，强征粮饷劳工。；结局：抗战胜利后肃奸公审死刑。,罪行：伪淮海省委任，主持灵璧伪政权，扩充伪保安队，配合日军扫荡灵北抗日根据地，强征粮饷劳工。,抗战胜利后肃奸公审死刑。
王怀珠,平乡,河北,邢台,[伪平乡警备大队长；多次扫荡平乡、广宗交界根据地。],MEDIUM,扫荡,,伪职：伪平乡警备大队长；多次扫荡平乡、广宗交界根据地。；结局：平乡解放被俘处决,多次扫荡平乡、广宗交界根据地。,平乡解放被俘处决
王惠卿,海城,辽宁,鞍山,[伪海城县县长（伪奉天省）],MEDIUM,围剿,,伪职：伪海城县县长（伪奉天省）；罪行：海城当时归伪奉天省，建立伪县公署，推行保甲连坐，强征劳工粮食，围剿辽南抗日义勇军。；结局：抗战胜利逮捕，汉奸罪判刑。,罪行：海城当时归伪奉天省，建立伪县公署，推行保甲连坐，强征劳工粮食，围剿辽南抗日义勇军。,抗战胜利逮捕，汉奸罪判刑。
王惠轩,睢宁,江苏,徐州,[伪睢宁县县长],MEDIUM,清乡,,伪职：伪睢宁县县长；罪行：执掌伪县公署，抓壮丁、粮食出荷，配合日军清乡。；结局：战后汉奸审判惩处。,罪行：执掌伪县公署，抓壮丁、粮食出荷，配合日军清乡。,战后汉奸审判惩处。
王慕陶,宣城全县,安徽,宣城,[汪伪宣城县伪县长],MEDIUM,清剿,,伪职：汪伪宣城县伪县长；罪行：正式伪县公署主官，设立伪警察、伪保安大队，推行保甲，配合日军清剿宣南、孙家埠游击区，掠夺物资。；结局：日本投降后捕获，判处死刑。,罪行：正式伪县公署主官，设立伪警察、伪保安大队，推行保甲，配合日军清剿宣南、孙家埠游击区，掠夺物资。,日本投降后捕获，判处死刑。
王慕陶,宣城全县,安徽,宣城,[汪伪宣城县伪县长],MEDIUM,清剿,,伪职：汪伪宣城县伪县长；罪行：正式伪县公署主官，设立伪警察、伪保安大队，推行保甲，配合日军清剿宣南、孙家埠游击区，掠夺物资。；结局：日本投降后捕获，判处死刑。,罪行：正式伪县公署主官，设立伪警察、伪保安大队，推行保甲，配合日军清剿宣南、孙家埠游击区，掠夺物资。,日本投降后捕获，判处死刑。
王慕陶,宣城全县,安徽,宣城,[汪伪宣城县伪县长],MEDIUM,清剿,,伪职：汪伪宣城县伪县长；罪行：正式伪县公署主官，设立伪警察、伪保安大队，推行保甲，配合日军清剿宣南、孙家埠游击区，掠夺物资。；结局：日本投降后捕获，判处死刑。,罪行：正式伪县公署主官，设立伪警察、伪保安大队，推行保甲，配合日军清剿宣南、孙家埠游击区，掠夺物资。,日本投降后捕获，判处死刑。
王慕韩,,,,[伪宝坻县县长；管控潮白河畔，配合日军扫荡蓟宝三根据地。],MEDIUM,扫荡,,伪职：伪宝坻县县长；管控潮白河畔，配合日军扫荡蓟宝三根据地。；结局：战后逮捕判刑,管控潮白河畔，配合日军扫荡蓟宝三根据地。,战后逮捕判刑
王文质,包头,内蒙古,包头,[伪市公署警务股长、翻译；维持会骨干，懂日语，协助日军审讯抓捕爱国人士。1940 年傅作义攻包之后被日军怀疑通敌逮捕，押往张家口杀害。],MEDIUM,杀害、枪杀,,伪职：伪市公署警务股长、翻译；维持会骨干，懂日语，协助日军审讯抓捕爱国人士。1940 年傅作义攻包之后被日军怀疑通敌逮捕，押往张家口杀害。；结局：1940 张家口秘密枪杀,维持会骨干，懂日语，协助日军审讯抓捕爱国人士。1940 年傅作义攻包之后被日军怀疑通敌逮捕，押往张家口杀害。；结局：1940 张家口秘密枪杀,1940 张家口秘密枪杀
王昌贯,海南乐会（琼海）,海南,琼海,"[市长, 军长, 清乡, 县长]",MEDIUM,清乡、围剿,,伪任职务：乐会县治安维持总会会长，组建伪地方警卫队，配合日军清乡围剿琼崖纵队琼海市人民...。结局：抗战胜利逮捕，判处死刑,伪任职务：乐会县治安维持总会会长，组建伪地方警卫队，配合日军清乡围剿琼崖纵队琼海市人民...。结局：抗战胜利逮捕，判处死刑,抗战胜利逮捕，判处死刑
王晋斋,不详,,,"[部长, 师长]",MEDIUM,扫荡,,伪任职务：伪二十四师副师长，绰号 “王老虎”，师部驻公道镇，频繁扫荡甘泉、湖西根据地，杀人众多。。结局：抗战胜利后公审处死邗江史志网,伪任职务：伪二十四师副师长，绰号 “王老虎”，师部驻公道镇，频繁扫荡甘泉、湖西根据地，杀人众多。。结局：抗战胜利后公审处死邗江史志网,抗战胜利后公审处死邗江史志网
王殿忠,辽宁盖县（营口）,辽宁,营口,[伪满辽河地区警备司令、第六军管区上将司令],MEDIUM,围剿,,伪职：伪满辽河地区警备司令、第六军管区上将司令；罪行：原奉系军官投敌；司令部驻营口，指挥伪军在辽南疯狂围剿张海天、项青山等辽南义勇军；日本投降后回到营口，出任营口治安维持会委员长兼市长，全盘接管伪机构，勾结国民党，对抗民主政权营口日报。；结局：被苏军逮捕，后关押抚顺战犯管理所。,司令部驻营口，指挥伪军在辽南疯狂围剿张海天、项青山等辽南义勇军,被苏军逮捕，后关押抚顺战犯管理所。
王殿忠,辽宁盖县,辽宁,营口,[伪辽东警备司令、伪第三混成旅旅长],MEDIUM,清乡,,伪职：伪辽东警备司令、伪第三混成旅旅长；罪行：旧军阀投敌；率伪军在安东、岫岩、庄河清乡，镇压辽南义勇军。；结局：1945 被俘，关押改造。,率伪军在安东、岫岩、庄河清乡，镇压辽南义勇军。,1945 被俘，关押改造。
王殿臣,长垣,河南,新乡,[伪警备大队长；盘踞长垣县城，下乡烧杀抢掠。],MEDIUM,烧杀、烧杀抢掠,,伪职：伪警备大队长；盘踞长垣县城，下乡烧杀抢掠。；结局：解放后镇反处决,盘踞长垣县城，下乡烧杀抢掠。,解放后镇反处决
王毅,,,,[首任伪河东道道尹（1939??1941）],MEDIUM,扫荡,,伪职：首任伪河东道道尹（1939??1941）；罪行：搭建伪河东道整套行政体系；推行保甲、治安强化运动，强征粮食、盐池资源、劳工；指挥各县伪政权配合日军扫荡中条山、太岳南部根据地，推行奴化教育抖音百科。；结局：抗战胜利逮捕，汉奸罪重判,指挥各县伪政权配合日军扫荡中条山、太岳南部根据地，推行奴化教育抖音百科。,抗战胜利逮捕，汉奸罪重判
王汉清,贵池殷汇镇,安徽,池州,[殷汇伪区长],MEDIUM,扫荡,,伪职：殷汇伪区长；罪行：把持殷汇伪区政权，修建碉堡据点，搜集贵西游击队情报，充当向导带领日军进山扫荡，迫害接济新四军乡民。；结局：被沿江武工队锄奸处决。,罪行：把持殷汇伪区政权，修建碉堡据点，搜集贵西游击队情报，充当向导带领日军进山扫荡，迫害接济新四军乡民。,被沿江武工队锄奸处决。
王沛熙,海南昌江,海南,昌江,"[军长, 维持会]",MEDIUM,扫荡,,伪任职务：四更伪维持会第三任会长，给日军送情报，带队扫荡，作恶多端海南日报。结局：抗日武装设伏将其当场击毙,伪任职务：四更伪维持会第三任会长，给日军送情报，带队扫荡，作恶多端海南日报。结局：抗日武装设伏将其当场击毙,抗日武装设伏将其当场击毙
王洛先,徐水,河北,保定,[伪徐水警备大队长；伪军铁杆，配合日军扫荡徐水、定兴交界地带。],MEDIUM,扫荡,,伪职：伪徐水警备大队长；伪军铁杆，配合日军扫荡徐水、定兴交界地带。；结局：徐水解放被俘枪决,伪军铁杆，配合日军扫荡徐水、定兴交界地带。,徐水解放被俘枪决
王献臣,丰县,江苏,徐州,[伪丰县首任知事（县长）],MEDIUM,扫荡,,伪职：伪丰县首任知事（县长）；罪行：北洋旧军人投敌，组建丰县伪县公署，组建伪武装，配合日军扫荡湖西抗日根据地，残害抗日军民，被称为丰县铁杆汉奸徐州政协。；结局：抗战胜利后被公审处决。,罪行：北洋旧军人投敌，组建丰县伪县公署，组建伪武装，配合日军扫荡湖西抗日根据地，残害抗日军民，被称为丰县铁杆汉奸徐州政协。,抗战胜利后被公审处决。
王百善,,,,[后期伪安国县长；五一大扫荡之后强化伪大乡制度，强征粮米。],MEDIUM,扫荡,,伪职：后期伪安国县长；五一大扫荡之后强化伪大乡制度，强征粮米。；结局：解放后镇反处决,五一大扫荡之后强化伪大乡制度，强征粮米。,解放后镇反处决
王砚田,垣曲,山西,运城,[伪垣曲县县长],MEDIUM,扫荡,,伪职：伪垣曲县县长；罪行：日军占领垣曲后组建伪政权，配合日军扫荡垣曲山区。；结局：县城收复后逮捕判刑,罪行：日军占领垣曲后组建伪政权，配合日军扫荡垣曲山区。,县城收复后逮捕判刑
王绍武,平遥,山西,晋中,[伪平遥警备大队长],MEDIUM,清乡,,伪职：伪平遥警备大队长；罪行：率伪军下乡清乡，抓捕抗日干部群众。；结局：解放后镇压处决,罪行：率伪军下乡清乡，抓捕抗日干部群众。,解放后镇压处决
王绍禹,克山,黑龙江,齐齐哈尔,[伪克山县警察署长],MEDIUM,扫荡、围剿,,伪职：伪克山县警察署长；罪行：带领伪警察讨伐队进山围剿抗联第三路军，参与克山周边扫荡，抓捕残害地下抗日人员。；结局：抗战胜利后被清算。,罪行：带领伪警察讨伐队进山围剿抗联第三路军，参与克山周边扫荡，抓捕残害地下抗日人员。,抗战胜利后被清算。
王继能,岱山、登步、普陀沿海,浙江,舟山,[伪军舟山保安总队主力司令],MEDIUM,烧杀、围剿,,伪职：伪军舟山保安总队主力司令；罪行：原地方武装头目投敌，手握大批海岛伪军；大鱼山战斗主力伪军，配合日军围剿东海游击武装，海岛烧杀劫掠岱山新闻网。；结局：抗战胜利后被国民党收编，后清算伏法。,大鱼山战斗主力伪军，配合日军围剿东海游击武装，海岛烧杀劫掠岱山新闻网。,抗战胜利后被国民党收编，后清算伏法。
王耀先,,,,[伪汾阳保安副大队长],MEDIUM,烧杀、烧杀抢掠,,伪职：伪汾阳保安副大队长；罪行：带队下乡烧杀抢掠，祸害汾阳边山村庄。；结局：被俘后审判处决,罪行：带队下乡烧杀抢掠，祸害汾阳边山村庄。,被俘后审判处决
王者贵,铁岭,辽宁,铁岭,[伪铁岭县执行委员会委员长],MEDIUM,围剿,,伪职：伪铁岭县执行委员会委员长；罪行：九一八后投靠日军，主持铁岭早期伪政权，协同伪警察、伪军围剿赵亚洲抗日总队，对抗义勇军进攻县城。；结局：抗战胜利后汉奸罪逮捕判刑。,罪行：九一八后投靠日军，主持铁岭早期伪政权，协同伪警察、伪军围剿赵亚洲抗日总队，对抗义勇军进攻县城。,抗战胜利后汉奸罪逮捕判刑。
王自孚,勃利、依兰,黑龙江,七台河,[抗联八军三师师长，叛徒],MEDIUM,杀害,,伪职：抗联八军三师师长，叛徒；罪行：杀害抗联八军政治部主任刘曙华，率部队投降日军；充当伪讨伐队向导，破坏密营，捕杀抗联人员。；结局：解放后镇压反革命被枪决中国军网。,罪行：杀害抗联八军政治部主任刘曙华，率部队投降日军,解放后镇压反革命被枪决中国军网。
王自孚,勃利通天沟、七台河山区,黑龙江,七台河,[原抗联八军三师师长，叛徒],MEDIUM,杀害、围剿,,伪职：原抗联八军三师师长，叛徒；罪行：1938 年杀害抗联八军政治部主任刘曙华，率部投敌；充当伪讨伐队向导，围剿二路军部队，捕杀抗联指战员。；结局：解放后公审枪决。,罪行：1938 年杀害抗联八军政治部主任刘曙华，率部投敌；充当伪讨伐队向导，围剿二路军部队，捕杀抗联指战员。,解放后公审枪决。
王自孚,勃利、依兰,黑龙江,七台河,[抗联八军三师师长，叛徒],MEDIUM,杀害,,伪职：抗联八军三师师长，叛徒；罪行：杀害抗联八军政治部主任刘曙华，率部队投降日军；充当伪讨伐队向导，破坏密营，捕杀抗联人员。；结局：解放后镇压反革命被枪决中国军网。,罪行：杀害抗联八军政治部主任刘曙华，率部队投降日军,解放后镇压反革命被枪决中国军网。
王芝佐,抚宁,河北,秦皇岛,[台头营据点伪警备队长；驻守抚宁北部山区，多次扫荡迁卢抚昌抗日游击根据地，刺探我方情报，抓捕爱国群众。],MEDIUM,扫荡,,伪职：台头营据点伪警备队长；驻守抚宁北部山区，多次扫荡迁卢抚昌抗日游击根据地，刺探我方情报，抓捕爱国群众。；结局：抗战后期被抗日武装就地锄奸击毙,驻守抚宁北部山区，多次扫荡迁卢抚昌抗日游击根据地，刺探我方情报，抓捕爱国群众。,抗战后期被抗日武装就地锄奸击毙
王芝佐,抚宁,河北,秦皇岛,[台头营据点伪警备队长；驻守抚宁北部山区，多次扫荡迁卢抚昌根据地，刺探情报，抓捕爱国群众；七家寨暴动提前告密，致使暴动受损秦皇岛党史...。],MEDIUM,扫荡,,伪职：台头营据点伪警备队长；驻守抚宁北部山区，多次扫荡迁卢抚昌根据地，刺探情报，抓捕爱国群众；七家寨暴动提前告密，致使暴动受损秦皇岛党史...。；结局：抗战后期被抗日武装就地锄奸击毙,驻守抚宁北部山区，多次扫荡迁卢抚昌根据地，刺探情报，抓捕爱国群众,抗战后期被抗日武装就地锄奸击毙
王芝佐,抚宁,河北,秦皇岛,[台头营据点伪警备队长；驻守抚宁北部山区，多次扫荡迁卢抚昌抗日游击根据地，刺探我方情报，抓捕爱国群众。],MEDIUM,扫荡,,伪职：台头营据点伪警备队长；驻守抚宁北部山区，多次扫荡迁卢抚昌抗日游击根据地，刺探我方情报，抓捕爱国群众。；结局：抗战后期被抗日武装就地锄奸击毙,驻守抚宁北部山区，多次扫荡迁卢抚昌抗日游击根据地，刺探我方情报，抓捕爱国群众。,抗战后期被抗日武装就地锄奸击毙
王芝佐,抚宁,河北,秦皇岛,[台头营据点伪警备队长；驻守抚宁北部山区，多次扫荡迁卢抚昌根据地，刺探情报，抓捕爱国群众；七家寨暴动提前告密，致使暴动受损秦皇岛党史...。],MEDIUM,扫荡,,伪职：台头营据点伪警备队长；驻守抚宁北部山区，多次扫荡迁卢抚昌根据地，刺探情报，抓捕爱国群众；七家寨暴动提前告密，致使暴动受损秦皇岛党史...。；结局：抗战后期被抗日武装就地锄奸击毙,驻守抚宁北部山区，多次扫荡迁卢抚昌根据地，刺探情报，抓捕爱国群众,抗战后期被抗日武装就地锄奸击毙
王芝佐,抚宁,河北,秦皇岛,[台头营据点伪警备队长；驻守抚宁北部山区，多次扫荡迁卢抚昌根据地，刺探情报，抓捕爱国群众；七家寨暴动提前告密，致使暴动受损秦皇岛党史...。],MEDIUM,扫荡,,伪职：台头营据点伪警备队长；驻守抚宁北部山区，多次扫荡迁卢抚昌根据地，刺探情报，抓捕爱国群众；七家寨暴动提前告密，致使暴动受损秦皇岛党史...。；结局：抗战后期被抗日武装就地锄奸击毙,驻守抚宁北部山区，多次扫荡迁卢抚昌根据地，刺探情报，抓捕爱国群众,抗战后期被抗日武装就地锄奸击毙
王英,五原,内蒙古,巴彦淖尔,[伪绥西自治联军总司令，河套头号大汉奸；土匪出身，1935 投日。1940 随日军攻入五原，司令部驻五原城；指挥伪军在河套烧杀抢掠，强征粮草鸦片，配合日军进攻傅作义部。五原战役主力被歼灭，只身逃跑抖音百科。],MEDIUM,烧杀、烧杀抢掠,,伪职：伪绥西自治联军总司令，河套头号大汉奸；土匪出身，1935 投日。1940 随日军攻入五原，司令部驻五原城；指挥伪军在河套烧杀抢掠，强征粮草鸦片，配合日军进攻傅作义部。五原战役主力被歼灭，只身逃跑抖音百科。；结局：抗战胜利被国民党收编；1950 年以汉奸反革命罪枪决,指挥伪军在河套烧杀抢掠，强征粮草鸦片，配合日军进攻傅作义部。五原战役主力被歼灭，只身逃跑抖音百科。,抗战胜利被国民党收编
王英,绥远萨拉齐,内蒙古,包头,[伪大汉义军总司令；土匪出身，多次配合日军进攻绥西、大青山，在归绥周边烧杀抢掠。],MEDIUM,烧杀、烧杀抢掠,,伪职：伪大汉义军总司令；土匪出身，多次配合日军进攻绥西、大青山，在归绥周边烧杀抢掠。；结局：日本投降后被国民党收编，后被处决,土匪出身，多次配合日军进攻绥西、大青山，在归绥周边烧杀抢掠。,日本投降后被国民党收编，后被处决
王西锋,涡阳城关,安徽,亳州,[涡阳维持会骨干],MEDIUM,扫荡,,伪职：涡阳维持会骨干；罪行：许志一主要副手，逼迫商户出钱出物资敌，带领日伪军下乡扫荡，指认抗日家属。；结局：抗战胜利后汉奸审判死刑。,罪行：许志一主要副手，逼迫商户出钱出物资敌，带领日伪军下乡扫荡，指认抗日家属。,抗战胜利后汉奸审判死刑。
王逢春,黑山,辽宁,锦州,[伪黑山县县长],MEDIUM,清乡,,伪职：伪黑山县县长；罪行：主持黑山伪政权，执行粮食出荷，疯狂掠夺辽西粮食，配合日伪清乡讨伐。；结局：解放后汉奸罪判刑。,罪行：主持黑山伪政权，执行粮食出荷，疯狂掠夺辽西粮食，配合日伪清乡讨伐。,解放后汉奸罪判刑。
王遂,浙江吴兴（湖州）,浙江,湖州,"[清乡, 县长]",MEDIUM,清乡,,伪任职务：伪吴兴县县长，浙西铁杆汉奸，多次带路 “清乡”。结局：1946 年湖州公审死刑,伪任职务：伪吴兴县县长，浙西铁杆汉奸，多次带路 “清乡”。结局：1946 年湖州公审死刑,1946 年湖州公审死刑
王银海,宁武,山西,忻州,[伪宁武警备大队长],MEDIUM,扫荡、清乡,,伪职：伪宁武警备大队长；罪行：盘踞宁武城、东寨据点，下乡清乡扫荡。；结局：解放后公审枪决,罪行：盘踞宁武城、东寨据点，下乡清乡扫荡。,解放后公审枪决
王锡九,,,,[伪怀安县县长；强征粮秣，管控柴沟堡交通要道，配合日军清乡。],MEDIUM,清乡,,伪职：伪怀安县县长；强征粮秣，管控柴沟堡交通要道，配合日军清乡。；结局：战后逮捕判刑,强征粮秣，管控柴沟堡交通要道，配合日军清乡。,战后逮捕判刑
王锡侯,安次,河北,廊坊,[后期伪安次县长；五一大扫荡后强化伪大乡，搜捕十分区地下干部。],MEDIUM,扫荡,,伪职：后期伪安次县长；五一大扫荡后强化伪大乡，搜捕十分区地下干部。；结局：日本投降潜逃，后抓捕归案判刑,五一大扫荡后强化伪大乡，搜捕十分区地下干部。,日本投降潜逃，后抓捕归案判刑
王震生,蚌埠,安徽,蚌埠,[伪安徽省民政厅长、伪省党部常委],MEDIUM,清乡,,伪职：伪安徽省民政厅长、伪省党部常委；罪行：接续民政厅工作，调整各县伪政权人事，配合清乡运动清查户口。；结局：战后逮捕判刑。,罪行：接续民政厅工作，调整各县伪政权人事，配合清乡运动清查户口。,战后逮捕判刑。
王静修,辽宁沈阳,辽宁,沈阳,[伪奉天警备司令，伪陆军上将],MEDIUM,清乡、围剿,,伪职：伪奉天警备司令，伪陆军上将；罪行：奉军出身，投敌掌管奉天伪军，维持沈阳及周边治安，围剿抗日武装，配合日军清乡。；结局：1945 被苏军俘获，关押抚顺战犯管理所，病死狱中。,罪行：奉军出身，投敌掌管奉天伪军，维持沈阳及周边治安，围剿抗日武装，配合日军清乡。,1945 被苏军俘获，关押抚顺战犯管理所，病死狱中。
王龙,义乌赤岸,浙江,金华,[赤岸日伪密探头目],MEDIUM,扫荡,,伪职：赤岸日伪密探头目；罪行：投靠日军充当眼线，刺探南联游击队情报，抓捕残害爱国群众，协助日军下乡扫荡乡村。；结局：南联武装抓获，列举罪状就地正法。,罪行：投靠日军充当眼线，刺探南联游击队情报，抓捕残害爱国群众，协助日军下乡扫荡乡村。,南联武装抓获，列举罪状就地正法。
田二红,冀县,河北,衡水,[土匪头目，投敌伪冀县自卫团司令；四处烧杀抢掠，祸害冀县周边村庄。],MEDIUM,烧杀、烧杀抢掠,,伪职：土匪头目，投敌伪冀县自卫团司令；四处烧杀抢掠，祸害冀县周边村庄。；结局：1944 年被县大队击毙,四处烧杀抢掠，祸害冀县周边村庄。,1944 年被县大队击毙
田德胜,辽宁黑山,辽宁,锦州,[伪第五军管区锦州地区伪军司令，伪满中将],MEDIUM,烧杀、烧杀抢掠,,伪职：伪第五军管区锦州地区伪军司令，伪满中将；罪行：原东北军投敌；统领辽西伪军，在锦州、黑山、北镇、义县一带反复讨伐义勇军，烧杀抢掠。；结局：1945 被俘，关押抚顺战犯管理所，病死狱中。,统领辽西伪军，在锦州、黑山、北镇、义县一带反复讨伐义勇军，烧杀抢掠。,1945 被俘，关押抚顺战犯管理所，病死狱中。
田杰,,,,[首任伪安泽县县长],MEDIUM,杀害,,伪职：首任伪安泽县县长；罪行：建立安泽伪政权，设立宪兵、剿共对策委员会，迫害根据地军民，杀害百姓五百余人临汾新闻网。；结局：战后逮捕判刑,罪行：建立安泽伪政权，设立宪兵、剿共对策委员会，迫害根据地军民，杀害百姓五百余人临汾新闻网。,战后逮捕判刑
田铁夫,东台、富安、草堰,江苏,盐城,[伪 34 师师长],MEDIUM,烧杀、烧杀抢掠、清乡,,伪职：伪 34 师师长；罪行：伪杨仲华部主力师长，驻守东台南部，修筑数十处碉堡，多次配合日军 “清乡”，袭扰地方抗日武装，烧杀抢掠。；结局：抗战胜利后被俘伏法。,罪行：伪杨仲华部主力师长，驻守东台南部，修筑数十处碉堡，多次配合日军 “清乡”，袭扰地方抗日武装，烧杀抢掠。,抗战胜利后被俘伏法。
申秉正,大名,河北,邯郸,[伪警备团头目，上千伪军驻守城外炮楼，多次参与扫荡。],MEDIUM,扫荡,,伪职：伪警备团头目，上千伪军驻守城外炮楼，多次参与扫荡。；结局：大名解放被俘处决,伪职：伪警备团头目，上千伪军驻守城外炮楼，多次参与扫荡。,大名解放被俘处决
申麟书,,,,[伪辽阳县警察大队长],MEDIUM,清剿,,伪职：伪辽阳县警察大队长；罪行：指挥伪警察大队，配合日本守备队进山清剿辽南义勇军，抓捕爱国群众，多次参与进山讨伐。；结局：解放后镇反公审处决中国军网。,罪行：指挥伪警察大队，配合日本守备队进山清剿辽南义勇军，抓捕爱国群众，多次参与进山讨伐。,解放后镇反公审处决中国军网。
白凤翔,辽宁,辽宁,,[原东北军师长，投敌伪包头北部骑兵总指挥；统帅多支伪骑兵，封锁大青山西线通道，多次进山围剿大青山游击队，残害群众。],MEDIUM,围剿,,伪职：原东北军师长，投敌伪包头北部骑兵总指挥；统帅多支伪骑兵，封锁大青山西线通道，多次进山围剿大青山游击队，残害群众。；结局：1941 被日军设计毒杀,统帅多支伪骑兵，封锁大青山西线通道，多次进山围剿大青山游击队，残害群众。,1941 被日军设计毒杀
白化安,铁岭第七区,辽宁,铁岭,[伪地方保安大队副，恶霸汉奸],MEDIUM,杀害,,伪职：伪地方保安大队副，恶霸汉奸；罪行：伪满依附日伪；光复后勾结国民党，杀害农会干部 8 人，反攻倒算，祸害辽北乡村。；结局：1951 年镇反公审枪决。,光复后勾结国民党，杀害农会干部 8 人，反攻倒算，祸害辽北乡村。,1951 年镇反公审枪决。
白守义,,,,[伪中阳县县长],MEDIUM,扫荡,,伪职：伪中阳县县长；罪行：建立中阳伪县公署，修筑炮楼，配合日军扫荡中阳南山根据地。；结局：县城收复后逮捕判刑,罪行：建立中阳伪县公署，修筑炮楼，配合日军扫荡中阳南山根据地。,县城收复后逮捕判刑
矮子黄麻子,武阳本地人,江西,南昌,[伪保长],MEDIUM,围剿,,伪职：伪保长；罪行：为日军引路围剿抚河沿岸村庄；结局：暂无明确结局记载,罪行：为日军引路围剿抚河沿岸村庄,暂无明确结局记载
石佐民,广德城关,安徽,宣城,[广德维持会会长],MEDIUM,扫荡,,伪职：广德维持会会长；罪行：广德沦陷头号汉奸，1943 年广德第四次沦陷牵头成立维持会；征集粮草、民夫，协助设立北门慰安所，残害妇女，带路扫荡乡村。；结局：抗战胜利公审枪决。,征集粮草、民夫，协助设立北门慰安所，残害妇女，带路扫荡乡村。,抗战胜利公审枪决。
石佐民,广德城关,安徽,宣城,[广德维持会会长],MEDIUM,扫荡,,伪职：广德维持会会长；罪行：广德沦陷头号汉奸，1943 年广德第四次沦陷牵头成立维持会；征集粮草、民夫，协助设立北门慰安所，残害妇女，带路扫荡乡村。；结局：抗战胜利公审枪决。,征集粮草、民夫，协助设立北门慰安所，残害妇女，带路扫荡乡村。,抗战胜利公审枪决。
石佐民,广德城关,安徽,宣城,[广德维持会会长],MEDIUM,扫荡,,伪职：广德维持会会长；罪行：广德沦陷头号汉奸，1943 年广德第四次沦陷牵头成立维持会；征集粮草、民夫，协助设立北门慰安所，残害妇女，带路扫荡乡村。；结局：抗战胜利公审枪决。,征集粮草、民夫，协助设立北门慰安所，残害妇女，带路扫荡乡村。,抗战胜利公审枪决。
石老会,完县,河北,保定,[伪完县警备大队长；驻守县城与腰山据点，进山扫荡。],MEDIUM,扫荡,,伪职：伪完县警备大队长；驻守县城与腰山据点，进山扫荡。；结局：1944 年被地方武装击毙,驻守县城与腰山据点，进山扫荡。,1944 年被地方武装击毙
石连丰,固安,河北,廊坊,[伪后备队队长；配合王凤岗搜捕我方干部，抓捕杀害革命人员。],MEDIUM,杀害、杀害革命,,伪职：伪后备队队长；配合王凤岗搜捕我方干部，抓捕杀害革命人员。；结局：固安解放被俘处决廊坊市人民...,配合王凤岗搜捕我方干部，抓捕杀害革命人员。,固安解放被俘处决廊坊市人民...
祁老幺,萨拉齐,内蒙古,包头,[伪萨拉齐警备大队长；伪军铁杆，经常进山 “清剿” 大青山游击区。],MEDIUM,清剿,,伪职：伪萨拉齐警备大队长；伪军铁杆，经常进山 “清剿” 大青山游击区。；结局：萨拉齐解放被俘公审枪决,伪军铁杆，经常进山 “清剿” 大青山游击区。,萨拉齐解放被俘公审枪决
祁老幺,萨拉齐,内蒙古,包头,[伪萨拉齐警备大队长；伪军铁杆，经常进山配合日军扫荡。],MEDIUM,扫荡,,伪职：伪萨拉齐警备大队长；伪军铁杆，经常进山配合日军扫荡。；结局：萨拉齐解放被俘枪决,伪军铁杆，经常进山配合日军扫荡。,萨拉齐解放被俘枪决
秦亮功,无锡县城,江苏,无锡,[第三任伪无锡县县长],MEDIUM,清乡,,伪职：第三任伪无锡县县长；罪行：原维持会委员，出任伪县长，充当日军傀儡，配合清乡、征粮。；结局：抗战胜利后被逮捕判刑。,罪行：原维持会委员，出任伪县长，充当日军傀儡，配合清乡、征粮。,抗战胜利后被逮捕判刑。
秦庆霖,不详,,,"[军长, 师长, 清乡]",MEDIUM,扫荡、清乡,,伪任职务：伪 25 师师长，如皋地区主力伪军，参与多次清乡扫荡。。结局：国民政府收编后，因汉奸罪行审判处决,伪任职务：伪 25 师师长，如皋地区主力伪军，参与多次清乡扫荡。。结局：国民政府收编后，因汉奸罪行审判处决,国民政府收编后，因汉奸罪行审判处决
程万军,吴兴、南浔、太湖沿线,浙江,湖州,[汪伪太湖警备司令、湖州绥靖军司令],MEDIUM,清剿、扫荡,,伪职：汪伪太湖警备司令、湖州绥靖军司令；罪行：原忠义救国军，1938 年率部万余人投敌，司令部驻湖州；控制太湖水域，频繁下乡扫荡，劫掠水乡乡镇，配合日军清剿太湖抗日武装中国人民解...。；结局：抗战胜利后被国民党收编，汉奸罪未充分清算，去向存疑。,控制太湖水域，频繁下乡扫荡，劫掠水乡乡镇，配合日军清剿太湖抗日武装中国人民解...。,抗战胜利后被国民党收编，汉奸罪未充分清算，去向存疑。
程万军,吴兴、南浔、太湖沿线,浙江,湖州,[汪伪太湖警备司令、湖州绥靖军司令],MEDIUM,清剿、扫荡,,伪职：汪伪太湖警备司令、湖州绥靖军司令；罪行：原忠义救国军，1938 年率部万余人投敌，司令部驻湖州；控制太湖水域，频繁下乡扫荡，劫掠水乡乡镇，配合日军清剿太湖抗日武装中国人民解...。；结局：抗战胜利后被国民党收编，汉奸罪未充分清算，去向存疑。,控制太湖水域，频繁下乡扫荡，劫掠水乡乡镇，配合日军清剿太湖抗日武装中国人民解...。,抗战胜利后被国民党收编，汉奸罪未充分清算，去向存疑。
程守正,,,,[伪肥乡县县长；推行保甲，强征粮款，配合日军扫荡肥乡根据地。],MEDIUM,扫荡,,伪职：伪肥乡县县长；推行保甲，强征粮款，配合日军扫荡肥乡根据地。；结局：战后汉奸罪判处徒刑,推行保甲，强征粮款，配合日军扫荡肥乡根据地。,战后汉奸罪判处徒刑
程守正,,,,[伪肥乡县县长；推行保甲，强征粮款，配合日军扫荡肥乡抗日根据地。],MEDIUM,扫荡,,伪职：伪肥乡县县长；推行保甲，强征粮款，配合日军扫荡肥乡抗日根据地。；结局：战后汉奸罪判处徒刑,推行保甲，强征粮款，配合日军扫荡肥乡抗日根据地。,战后汉奸罪判处徒刑
程守正,,,,[伪肥乡县县长；推行保甲，强征粮款，配合日军扫荡肥乡抗日根据地。],MEDIUM,扫荡,,伪职：伪肥乡县县长；推行保甲，强征粮款，配合日军扫荡肥乡抗日根据地。；结局：战后汉奸罪判处徒刑,推行保甲，强征粮款，配合日军扫荡肥乡抗日根据地。,战后汉奸罪判处徒刑
程玉山,肥东、巢湖西北一带,安徽,合肥,[伪军团长，肥东籍],MEDIUM,杀害、杀害抗日,,伪职：伪军团长，肥东籍；罪行：土匪投敌，历任伪军大队长、伪二团团长；多次袭击新四军地方武装，抓捕杀害抗日干部，残害根据地群众。；结局：抗战胜利后被国民党收编；1949 年捕获镇压。,多次袭击新四军地方武装，抓捕杀害抗日干部，残害根据地群众。,抗战胜利后被国民党收编
程玉山,肥东、巢湖西北一带,安徽,合肥,[伪军团长，肥东籍],MEDIUM,杀害、杀害抗日,,伪职：伪军团长，肥东籍；罪行：土匪投敌，历任伪军大队长、伪二团团长；多次袭击新四军地方武装，抓捕杀害抗日干部，残害根据地群众。；结局：抗战胜利后被国民党收编；1949 年捕获镇压。,多次袭击新四军地方武装，抓捕杀害抗日干部，残害根据地群众。,抗战胜利后被国民党收编
程锡庚,江苏镇江,江苏,镇江,[],MEDIUM,刺杀,,伪任职务：伪天津海关监督、伪联银券天津分行经理，推行伪币掠夺经济。结局：1939 年被抗日杀奸团刺杀于天津大光明影院天津市档案...,伪任职务：伪天津海关监督、伪联银券天津分行经理，推行伪币掠夺经济。结局：1939 年被抗日杀奸团刺杀于天津大光明影院天津市档案...,1939 年被抗日杀奸团刺杀于天津大光明影院天津市档案...
程鹤山,博野,河北,保定,[伪博野县县长；五一大扫荡后重建伪政权，搜捕冀中地下干部。],MEDIUM,扫荡,,伪职：伪博野县县长；五一大扫荡后重建伪政权，搜捕冀中地下干部。；结局：战后汉奸罪判处徒刑,五一大扫荡后重建伪政权，搜捕冀中地下干部。,战后汉奸罪判处徒刑
窦光殿,濉溪百善、南坪、孙疃一带中共淮北市...,安徽,淮北,[汪伪暂编第十五师师长],MEDIUM,杀害、杀害抗日,,伪职：汪伪暂编第十五师师长；罪行：皖北实力最强本地伪军头目，兵力五千余；盘踞宿西南，强拆民房、抓丁拉夫，设立侦缉队，杀害抗日军民六十余人，多次进攻豫皖苏抗日根据地，劫掠乡村。宿南战役核心伪军。；结局：1945 年宿南战役被新四军四师击毙，部队大部被歼灭中共淮北市...。,盘踞宿西南，强拆民房、抓丁拉夫，设立侦缉队，杀害抗日军民六十余人，多次进攻豫皖苏抗日根据地，劫掠乡村。宿南战役核心伪军。,1945 年宿南战役被新四军四师击毙，部队大部被歼灭中共淮北市...。
窦光殿,安徽濉溪,安徽,淮北,"[军长, 师长]",MEDIUM,扫荡,,伪任职务：汪伪暂编第十五师师长，皖北重要伪军，兵力五千余人，扫荡淮北抗日根据地。结局：抗战胜利后被捕，公审处决,伪任职务：汪伪暂编第十五师师长，皖北重要伪军，兵力五千余人，扫荡淮北抗日根据地。结局：抗战胜利后被捕，公审处决,抗战胜利后被捕，公审处决
章学海,海宁长安、硖石,浙江,嘉兴,[伪海宁特别区署长（伪县长）],MEDIUM,清乡,,伪职：伪海宁特别区署长（伪县长）；罪行：清乡时期海宁伪主官，设立海宁特别区，扩充伪保安队、自卫团，实施残酷清乡，搜捕地下抗日人员。；结局：战后汉奸审判判刑。,罪行：清乡时期海宁伪主官，设立海宁特别区，扩充伪保安队、自卫团，实施残酷清乡，搜捕地下抗日人员。,战后汉奸审判判刑。
章树钦,嘉善全县,浙江,嘉兴,[伪嘉善县县长],MEDIUM,扫荡,,伪职：伪嘉善县县长；罪行：汪伪委任嘉善伪县长，建立完整伪基层体系，征粮抓丁，配合沪杭沿线日军扫荡，破坏地下抗日组织。；结局：抗战胜利后逮捕判刑。,罪行：汪伪委任嘉善伪县长，建立完整伪基层体系，征粮抓丁，配合沪杭沿线日军扫荡，破坏地下抗日组织。,抗战胜利后逮捕判刑。
章荣高,贵池县城,安徽,池州,[贵池日伪特务骨干],MEDIUM,杀害,,伪职：贵池日伪特务骨干；罪行：与李少白派系倾轧，罗织罪名株连普通民众，18 名百姓被日军集体杀害于西门毛儿山脚。；结局：抗战胜利后汉奸审判伏法。,罪行：与李少白派系倾轧，罗织罪名株连普通民众，18 名百姓被日军集体杀害于西门毛儿山脚。,抗战胜利后汉奸审判伏法。
米万仓,山阴,山西,朔州,[伪山阴警备大队长],MEDIUM,扫荡,,伪职：伪山阴警备大队长；罪行：驻守岱岳，频繁配合日军扫荡山阴、朔县交界根据地。；结局：解放后公审枪决,罪行：驻守岱岳，频繁配合日军扫荡山阴、朔县交界根据地。,解放后公审枪决
翁尚功,福建福清,福建,福州,"[军长, 司令]",MEDIUM,扫荡,,伪任职务：伪军福建绥靖军参谋长，后任司令，驻守马祖列岛，海上扫荡闽浙沿海。结局：抗战胜利被俘，审判处决福州新闻网,伪任职务：伪军福建绥靖军参谋长，后任司令，驻守马祖列岛，海上扫荡闽浙沿海。结局：抗战胜利被俘，审判处决福州新闻网,抗战胜利被俘，审判处决福州新闻网
老来好,双鸭山大叶沟,黑龙江,双鸭山,[山林队头目，预谋投敌],MEDIUM,杀害,,伪职：山林队头目，预谋投敌；罪行：杀害抗联四军三师团长唐青山，打算率百余人队伍投降日军，阴谋败露。；结局：被抗联四军逮捕处决。,罪行：杀害抗联四军三师团长唐青山，打算率百余人队伍投降日军，阴谋败露。,被抗联四军逮捕处决。
老来好,双鸭山大叶沟,黑龙江,双鸭山,[山林队头目，预谋投敌],MEDIUM,杀害,,伪职：山林队头目，预谋投敌；罪行：杀害抗联四军三师团长唐青山，打算率百余人队伍投降日军，阴谋败露。；结局：被抗联四军逮捕处决。,罪行：杀害抗联四军三师团长唐青山，打算率百余人队伍投降日军，阴谋败露。,被抗联四军逮捕处决。
耿文彬,闻喜,山西,运城,[伪闻喜警备大队长],MEDIUM,清剿,,伪职：伪闻喜警备大队长；罪行：率伪军下乡清剿，抓捕抗日干部群众。；结局：解放后公审枪决,罪行：率伪军下乡清剿，抓捕抗日干部群众。,解放后公审枪决
聂士庆,山西长治,山西,长治,[县长],MEDIUM,清剿,,伪任职务：原国民党长治县长，率全县投敌，伪长治伪政权头目，清剿太行根据地。结局：抗战胜利后逮捕公审处决,伪任职务：原国民党长治县长，率全县投敌，伪长治伪政权头目，清剿太行根据地。结局：抗战胜利后逮捕公审处决,抗战胜利后逮捕公审处决
聂士庆,长治,山西,长治,[伪长治县县长；原国民党长治县长],MEDIUM,扫荡,,伪职：伪长治县县长；原国民党长治县长；罪行：1943 率整套国民党县政府集体投敌，人称上党 “四大天王” 之一；利用旧基层关系搜捕太行四分区干部，胁迫各村维持日伪，多次配合日军扫荡长治、壶关根据地。；结局：抗战胜利公审镇压,利用旧基层关系搜捕太行四分区干部，胁迫各村维持日伪，多次配合日军扫荡长治、壶关根据地。,抗战胜利公审镇压
聂士庆,长治,山西,长治,[伪长治县县长；原国民党长治县长],MEDIUM,扫荡,,伪职：伪长治县县长；原国民党长治县长；罪行：1943 率整套国民党县政府集体投敌，人称上党 “四大天王” 之一；利用旧基层关系搜捕太行四分区干部，胁迫各村维持日伪，多次配合日军扫荡长治、壶关根据地。；结局：抗战胜利公审镇压,利用旧基层关系搜捕太行四分区干部，胁迫各村维持日伪，多次配合日军扫荡长治、壶关根据地。,抗战胜利公审镇压
肖根山,,,,[伪曲周警备队队长；作恶多端，配合日伪扫荡冀南根据地，邯郸解放战役被俘邯郸党史网。],MEDIUM,扫荡,,伪职：伪曲周警备队队长；作恶多端，配合日伪扫荡冀南根据地，邯郸解放战役被俘邯郸党史网。；结局：公审判处死刑,作恶多端，配合日伪扫荡冀南根据地，邯郸解放战役被俘邯郸党史网。,公审判处死刑
肖根山,,,,[伪曲周警备大队队长；作恶多端，配合日伪扫荡冀南根据地。],MEDIUM,扫荡,,伪职：伪曲周警备大队队长；作恶多端，配合日伪扫荡冀南根据地。；结局：邯郸解放战役被俘，公审判处死刑,作恶多端，配合日伪扫荡冀南根据地。,邯郸解放战役被俘，公审判处死刑
肖根山,,,,[伪曲周警备队队长；作恶多端，配合日伪扫荡冀南根据地，邯郸解放战役被俘邯郸党史网。],MEDIUM,扫荡,,伪职：伪曲周警备队队长；作恶多端，配合日伪扫荡冀南根据地，邯郸解放战役被俘邯郸党史网。；结局：公审判处死刑,作恶多端，配合日伪扫荡冀南根据地，邯郸解放战役被俘邯郸党史网。,公审判处死刑
胡延禧,芜湖,安徽,芜湖,[汪伪芜湖县政府第二任县长],MEDIUM,清乡,,伪职：汪伪芜湖县政府第二任县长；罪行：汪伪正式建制后的县长，配合日军开展皖南清乡，扩充伪保安武装，破坏城郊抗日游击活动。；结局：抗战胜利后逮捕法办。,罪行：汪伪正式建制后的县长，配合日军开展皖南清乡，扩充伪保安武装，破坏城郊抗日游击活动。,抗战胜利后逮捕法办。
胡泽普,宿县时村（今埇桥区）,安徽,宿州,[伪淮海省淮北剿匪司令、时村自卫团团长兼区长],MEDIUM,烧杀、扫荡,,伪职：伪淮海省淮北剿匪司令、时村自卫团团长兼区长；罪行：宿东头号大汉奸，手下三千伪军，盘踞时村坚固据点；推行强化治安，频繁扫荡宿东游击区，烧杀掳掠；日本投降后被国民党收编为濉河剿匪挺进军少将司令继续反共。；结局：1945 年 9 月新四军攻克时村，负伤被俘，伤重死于俘虏营。,推行强化治安，频繁扫荡宿东游击区，烧杀掳掠,1945 年 9 月新四军攻克时村，负伤被俘，伤重死于俘虏营。
胡继芳,嘉兴（管辖嘉属六县）,浙江,嘉兴,[汪伪嘉兴专区专员],MEDIUM,清乡,,伪职：汪伪嘉兴专区专员；罪行：浙北伪政权高级官员，统管嘉兴、嘉善、平湖、海宁、桐乡、崇德六县伪政务，督导清乡，督促各县搜刮物资资敌。；结局：抗战胜利后逮捕，汉奸罪重刑判决。,罪行：浙北伪政权高级官员，统管嘉兴、嘉善、平湖、海宁、桐乡、崇德六县伪政务，督导清乡，督促各县搜刮物资资敌。,抗战胜利后逮捕，汉奸罪重刑判决。
芮义发,宣城城关（宣州区）,安徽,宣城,[宣城县维持会会长],MEDIUM,扫荡,,伪职：宣城县维持会会长；罪行：宣城沦陷首要汉奸，组建维持会，征粮抓夫，发行良民证，充当向导带领日伪军下乡扫荡，胁迫商户纳贡资敌。；结局：抗战胜利肃奸公审枪决。,罪行：宣城沦陷首要汉奸，组建维持会，征粮抓夫，发行良民证，充当向导带领日伪军下乡扫荡，胁迫商户纳贡资敌。,抗战胜利肃奸公审枪决。
芮义发,宣城城关（宣州区）,安徽,宣城,[宣城县维持会会长],MEDIUM,扫荡,,伪职：宣城县维持会会长；罪行：宣城沦陷首要汉奸，组建维持会，征粮抓夫，发行良民证，充当向导带领日伪军下乡扫荡，胁迫商户纳贡资敌。；结局：抗战胜利肃奸公审枪决。,罪行：宣城沦陷首要汉奸，组建维持会，征粮抓夫，发行良民证，充当向导带领日伪军下乡扫荡，胁迫商户纳贡资敌。,抗战胜利肃奸公审枪决。
芮义发,宣城城关（宣州区）,安徽,宣城,[宣城县维持会会长],MEDIUM,扫荡,,伪职：宣城县维持会会长；罪行：宣城沦陷首要汉奸，组建维持会，征粮抓夫，发行良民证，充当向导带领日伪军下乡扫荡，胁迫商户纳贡资敌。；结局：抗战胜利肃奸公审枪决。,罪行：宣城沦陷首要汉奸，组建维持会，征粮抓夫，发行良民证，充当向导带领日伪军下乡扫荡，胁迫商户纳贡资敌。,抗战胜利肃奸公审枪决。
苏体仁,朔州,山西,朔州,[第一任伪山西省省长（1938??1942）],MEDIUM,扫荡,,伪职：第一任伪山西省省长（1938??1942）；罪行：组建伪山西省公署，搭建全省伪政权体系；推行保甲、治安强化运动；协助日军掠夺粮食矿产；组建伪警备队，配合扫荡各抗日根据地，推行新民会奴化教育，充当日阎之间联络人。；结局：1942 调北平伪华北政务委员会；抗战胜利隐匿北平，未受审判，1948 病死北平,组建伪警备队，配合扫荡各抗日根据地，推行新民会奴化教育，充当日阎之间联络人。,1942 调北平伪华北政务委员会
苏景明,陵川,山西,晋城,[伪陵川警备大队长],MEDIUM,清剿,,伪职：伪陵川警备大队长；罪行：盘踞陵川县城，下乡清剿，抓捕抗日干部。；结局：解放后公审枪决,罪行：盘踞陵川县城，下乡清剿，抓捕抗日干部。,解放后公审枪决
苏达那木,奈曼旗,内蒙古,通辽,[伪奈曼旗旗长；修筑部落（人圈），配合讨伐队围剿周荣久抗日救国军。],MEDIUM,围剿,,伪职：伪奈曼旗旗长；修筑部落（人圈），配合讨伐队围剿周荣久抗日救国军。；结局：日本投降潜逃，后抓捕归案判刑,修筑部落（人圈），配合讨伐队围剿周荣久抗日救国军。,日本投降潜逃，后抓捕归案判刑
苗长生,义乌佛堂,浙江,金华,[佛堂密探],MEDIUM,围剿,,伪职：佛堂密探；罪行：充当日军耳目，向南联驻地的日军告密，致使日军出动部队围剿抗日队伍，造成人员财产损失环球网。；结局：抗日锄奸队处决。,罪行：充当日军耳目，向南联驻地的日军告密，致使日军出动部队围剿抗日队伍，造成人员财产损失环球网。,抗日锄奸队处决。
萧淑宇,江西永新人,江西,吉安,[汪伪江西省省长（未到任）],MEDIUM,枪杀,,伪职：汪伪江西省省长（未到任）；罪行：原国民党江西省保安司令部政训处少将处长，投靠汪伪政权，筹备赴南昌担任伪省长；结局：1941年赴南昌上任途中被国民党江西省政府主席熊式辉派人枪杀,结局：1941年赴南昌上任途中被国民党江西省政府主席熊式辉派人枪杀,1941年赴南昌上任途中被国民党江西省政府主席熊式辉派人枪杀
萧淑宇,江西永新,江西,吉安,[省级长官],MEDIUM,刺杀,,伪任职务：汪伪预定伪江西省省长，尚未到任，准备赴南昌就职。结局：1941 年在吉安被军统就地刺杀，未正式上任伪职,伪任职务：汪伪预定伪江西省省长，尚未到任，准备赴南昌就职。结局：1941 年在吉安被军统就地刺杀，未正式上任伪职,1941 年在吉安被军统就地刺杀，未正式上任伪职
葛振海,丰宁,河北,承德,[伪丰宁讨伐大队长；多次扫荡丰宁、滦平交界山区。],MEDIUM,扫荡,,伪职：伪丰宁讨伐大队长；多次扫荡丰宁、滦平交界山区。；结局：丰宁解放被俘枪决,多次扫荡丰宁、滦平交界山区。,丰宁解放被俘枪决
董世昌,包头,内蒙古,包头,[伪包头商会会长；日伪时期管控皮毛商贸，为日军筹集物资；1940 被日军怀疑通敌逮捕。],MEDIUM,杀害,,伪职：伪包头商会会长；日伪时期管控皮毛商贸，为日军筹集物资；1940 被日军怀疑通敌逮捕。；结局：押解张家口杀害,结局：押解张家口杀害,押解张家口杀害
董化南,,,,[伪完县县长；日军扫荡完县根据地，协助推行清乡。],MEDIUM,扫荡、清乡,,伪职：伪完县县长；日军扫荡完县根据地，协助推行清乡。；结局：战后逮捕判刑,日军扫荡完县根据地，协助推行清乡。,战后逮捕判刑
董双印,隆尧,河北,邢台,[伪尧山警备大队长；伪军主力，多次下乡清乡。],MEDIUM,清乡,,伪职：伪尧山警备大队长；伪军主力，多次下乡清乡。；结局：隆尧解放被俘枪决,伪军主力，多次下乡清乡。,隆尧解放被俘枪决
董廷勋,穆棱下城子、马桥河,黑龙江,牡丹江,[伪穆棱县警察讨伐队警尉],MEDIUM,清剿,,伪职：伪穆棱县警察讨伐队警尉；罪行：带领伪讨伐队清剿吉东抗联，搜捕地下党、救国会员，酷刑审讯被捕爱国人士。；结局：解放后镇压反革命公审处决。,罪行：带领伪讨伐队清剿吉东抗联，搜捕地下党、救国会员，酷刑审讯被捕爱国人士。,解放后镇压反革命公审处决。
董必安,海南昌江,海南,昌江,"[省级长官, 军长, 维持会]",MEDIUM,扫荡,,伪任职务：昌江溪南伪维持会会长，组建伪军小分队，多次带队扫荡村庄，残害群众数十人海南省退役...。结局：被琼崖抗日武装锄奸处决,伪任职务：昌江溪南伪维持会会长，组建伪军小分队，多次带队扫荡村庄，残害群众数十人海南省退役...。结局：被琼崖抗日武装锄奸处决,被琼崖抗日武装锄奸处决
董树棠,盱眙县城,江苏,淮安,[伪盱眙保安大队副大队长],MEDIUM,杀害、扫荡,,伪职：伪盱眙保安大队副大队长；罪行：执掌伪保安武装，配合特工队下乡扫荡盱嘉支队，捣毁乡村抗日救国会，抓捕杀害爱国群众宿迁日报。；结局：抗战胜利后汉奸罪判刑。,罪行：执掌伪保安武装，配合特工队下乡扫荡盱嘉支队，捣毁乡村抗日救国会，抓捕杀害爱国群众宿迁日报。,抗战胜利后汉奸罪判刑。
董树棠,盱眙县城,江苏,淮安,[伪盱眙保安大队副大队长],MEDIUM,杀害、扫荡,,伪职：伪盱眙保安大队副大队长；罪行：执掌伪保安武装，配合特工队下乡扫荡盱嘉支队，捣毁乡村抗日救国会，抓捕杀害爱国群众宿迁日报。；结局：抗战胜利后汉奸罪判刑。,罪行：执掌伪保安武装，配合特工队下乡扫荡盱嘉支队，捣毁乡村抗日救国会，抓捕杀害爱国群众宿迁日报。,抗战胜利后汉奸罪判刑。
董灿章,南乐,河南,濮阳,[伪南乐县县长；推行保甲连坐，配合日军清乡，抓捕抗日人员。],MEDIUM,清乡,,伪职：伪南乐县县长；推行保甲连坐，配合日军清乡，抓捕抗日人员。；结局：抗战胜利公审枪决,推行保甲连坐，配合日军清乡，抓捕抗日人员。,抗战胜利公审枪决
董遇春,甘南县,黑龙江,齐齐哈尔,[伪甘南县警署警尉],MEDIUM,杀害、扫荡,,伪职：伪甘南县警署警尉；罪行：日伪铁杆爪牙，大肆搜捕抗日群众，抓捕杀害支援抗联的百姓，参与山区扫荡，制造多起血案。；结局：解放后被镇压。,罪行：日伪铁杆爪牙，大肆搜捕抗日群众，抓捕杀害支援抗联的百姓，参与山区扫荡，制造多起血案。,解放后被镇压。
蒋三元,云南龙陵,云南,保山,"[军长, 司令]",MEDIUM,扫荡,,伪任职务：原为龙潞游击队员，被俘投降，被日军委任象??平警备司令，组建伪军武装，扫荡游击区，残害抗日军民。结局：抗战胜利后捕获处决,伪任职务：原为龙潞游击队员，被俘投降，被日军委任象??平警备司令，组建伪军武装，扫荡游击区，残害抗日军民。结局：抗战胜利后捕获处决,抗战胜利后捕获处决
蔡羹舜,芜湖,安徽,芜湖,[汪伪芜湖县长、清乡督察专员],MEDIUM,清乡、围剿,,伪职：汪伪芜湖县长、清乡督察专员；罪行：主持芜湖清乡，设立清乡机构，清查户口、物资封锁，围剿皖南抗日力量。；结局：战后汉奸审判重刑。,伪职：汪伪芜湖县长、清乡督察专员；罪行：主持芜湖清乡，设立清乡机构，清查户口、物资封锁，围剿皖南抗日力量。,战后汉奸审判重刑。
蔡鑫元,靖江、泰兴,江苏,泰州,[伪暂编第十九师师长],MEDIUM,扫荡、清乡,,伪职：伪暂编第十九师师长；罪行：手握数千伪军，盘踞靖泰地区，争夺地盘，四处劫掠；配合日军清乡扫荡，大肆搜捕地下抗日人员，祸害靖西乡村中国共产党...。；结局：抗战胜利后以汉奸罪处决。,配合日军清乡扫荡，大肆搜捕地下抗日人员，祸害靖西乡村中国共产党...。,抗战胜利后以汉奸罪处决。
蔡雄飞,,,,[伪山西省警备处处长、保安副司令],MEDIUM,清乡,,伪职：伪山西省警备处处长、保安副司令；罪行：统筹全省各县伪警备大队，策划联合清乡，训练伪军。；结局：1945 光复被捕，汉奸罪判刑,罪行：统筹全省各县伪警备大队，策划联合清乡，训练伪军。,1945 光复被捕，汉奸罪判刑
蔡雄飞,山西离石,山西,吕梁,"[军长, 师长]",MEDIUM,围剿,,伪任职务：原晋绥军军官投敌，伪伪军师长，盘踞晋西，围剿晋绥根据地。结局：1946 年公审枪决,伪任职务：原晋绥军军官投敌，伪伪军师长，盘踞晋西，围剿晋绥根据地。结局：1946 年公审枪决,1946 年公审枪决
薛兴甫,,,,[伪冀南道道尹（前期），冀南道最高伪行政长官；统辖 14 县伪政权，推行治安强化运动，组织各县伪军扫荡冀南根据地，掠夺粮棉物资。],MEDIUM,扫荡,,伪职：伪冀南道道尹（前期），冀南道最高伪行政长官；统辖 14 县伪政权，推行治安强化运动，组织各县伪军扫荡冀南根据地，掠夺粮棉物资。；结局：1944 清丰战斗被俘，公审枪决,统辖 14 县伪政权，推行治安强化运动，组织各县伪军扫荡冀南根据地，掠夺粮棉物资。,1944 清丰战斗被俘，公审枪决
薛兴甫,,,,[伪冀南道道尹（前期），冀南道最高伪行政长官；统辖 14 县伪政权，推行治安强化运动，组织各县伪军扫荡冀南根据地，掠夺粮棉物资。],MEDIUM,扫荡,,伪职：伪冀南道道尹（前期），冀南道最高伪行政长官；统辖 14 县伪政权，推行治安强化运动，组织各县伪军扫荡冀南根据地，掠夺粮棉物资。；结局：1944 清丰战斗被俘，公审枪决,统辖 14 县伪政权，推行治安强化运动，组织各县伪军扫荡冀南根据地，掠夺粮棉物资。,1944 清丰战斗被俘，公审枪决
解恒绪,辽宁,辽宁,,[伪盂县知事（1942??1943）],MEDIUM,扫荡,,伪职：伪盂县知事（1942??1943）；罪行：编组保甲，强征民夫挖封锁沟，推行囚笼政策，多次配合日军扫荡，查禁法币。；结局：抗战胜利后逮捕重判,罪行：编组保甲，强征民夫挖封锁沟，推行囚笼政策，多次配合日军扫荡，查禁法币。,抗战胜利后逮捕重判
詹松年,海南文昌,海南,文昌,"[军长, 旅长, 司令, 总司令]",MEDIUM,扫荡,,伪任职务：伪琼崖民众自卫军总司令（伪军最高统帅，约 5000 伪军），伪临时政府第二副主席；留日背景，为日军劝降、带路扫荡抗日根据地抖音百科。日军投降后伪军被国民党收编为独立 13 旅；韩练成下令解除武装逮捕。结局：1945 年被处决,留日背景，为日军劝降、带路扫荡抗日根据地抖音百科。日军投降后伪军被国民党收编为独立 13 旅,1945 年被处决
谢少臣,定远县路西（藕塘周边）,安徽,滁州,[定远谢家圩伪区长、伪县长],MEDIUM,扫荡,,伪职：定远谢家圩伪区长、伪县长；罪行：定远豪强地主，筑谢家圩坚固土圩堡垒，拥兵三百；主动引日军扫荡路西藕塘抗日根据地，捕杀大量军民，多次对抗新四军四旅部队。；结局：圩子被新四军攻破，被俘，重伤死于狱中。,主动引日军扫荡路西藕塘抗日根据地，捕杀大量军民，多次对抗新四军四旅部队。,圩子被新四军攻破，被俘，重伤死于狱中。
谢文达,浙江慈溪,浙江,宁波,"[军长, 师长]",MEDIUM,扫荡,,伪任职务：伪浙江保安第 1 师师长，宁波、绍兴一带伪军头目，配合日军扫荡。结局：抗战胜利后逮捕处决,伪任职务：伪浙江保安第 1 师师长，宁波、绍兴一带伪军头目，配合日军扫荡。结局：抗战胜利后逮捕处决,抗战胜利后逮捕处决
谭英多,清原,辽宁,抚顺,[伪清原县末代县长],MEDIUM,围剿,,伪职：伪清原县末代县长；罪行：建立清原伪政权，推行集团部落，围剿东边道抗联；投降后勾结国民党继续作恶。；结局：公审枪决。,罪行：建立清原伪政权，推行集团部落，围剿东边道抗联,公审枪决。
贺焕芝,离石,山西,吕梁,[伪离石城防副司令、新民会离石分会会长，神风铁血团头目],MEDIUM,扫荡,,伪职：伪离石城防副司令、新民会离石分会会长，神风铁血团头目；罪行：原决死队人员，因家庭利益叛变投敌；组建 500 余人铁血团；广建维持会、修筑碉堡；多次带队扫荡离东根据地，亲手机枪处决 20 余名抗日干部；日本投降后被阎锡山收编。；结局：1945 年 9 月解放离石巷战中被八路军击毙,多次带队扫荡离东根据地，亲手机枪处决 20 余名抗日干部,1945 年 9 月解放离石巷战中被八路军击毙
贾得功,襄汾,山西,临汾,[伪汾城警备大队长],MEDIUM,烧杀、烧杀抢掠,,伪职：伪汾城警备大队长；罪行：下乡烧杀抢掠，残害堡垒户。；结局：解放后公审枪决,罪行：下乡烧杀抢掠，残害堡垒户。,解放后公审枪决
贾振锋,东北,,,[县长],MEDIUM,烧杀、烧杀抢掠,,伪任职务：沁县伪保安大队长，铁杆汉奸，在太岳区烧杀抢掠，残害群众。结局：抗战胜利后公审枪决,伪任职务：沁县伪保安大队长，铁杆汉奸，在太岳区烧杀抢掠，残害群众。结局：抗战胜利后公审枪决,抗战胜利后公审枪决
贾汉玉,屯留,山西,长治,[伪屯留警备副司令],MEDIUM,扫荡,,伪职：伪屯留警备副司令；罪行：带队下乡扫荡，抓捕抗日人员。；结局：解放后镇压处决,罪行：带队下乡扫荡，抓捕抗日人员。,解放后镇压处决
贾汉玉,屯留,山西,长治,[伪屯留警备副司令],MEDIUM,扫荡,,伪职：伪屯留警备副司令；罪行：带队下乡扫荡，抓捕抗日人员。；结局：解放后镇压处决,罪行：带队下乡扫荡，抓捕抗日人员。,解放后镇压处决
贾秉彝,蓟县,天津,天津,[伪警备团长，多次扫荡盘山根据地。],MEDIUM,扫荡,,伪职：伪警备团长，多次扫荡盘山根据地。；结局：1945 年蓟县解放被俘处决,伪职：伪警备团长，多次扫荡盘山根据地。,1945 年蓟县解放被俘处决
赖晋楷,广西柳江进德,广西,柳州,"[军长, 清乡, 维持会]",MEDIUM,清乡,,伪任职务：进德乡伪维持会长，协助日军清乡，搜捕抗日人员。结局：判处死刑执行枪决,伪任职务：进德乡伪维持会长，协助日军清乡，搜捕抗日人员。结局：判处死刑执行枪决,判处死刑执行枪决
赫奎武,依兰、勃利,黑龙江,哈尔滨,[抗联八军副军长，叛将],MEDIUM,围剿,,伪职：抗联八军副军长，叛将；罪行：原伪满军官，加入抗联后动摇叛变，带走 200 余人投敌；受日军指派策反谢文东等人，围剿下江抗日武装。；结局：伪满后期病死。,受日军指派策反谢文东等人，围剿下江抗日武装。,伪满后期病死。
赫奎武,依兰、勃利,黑龙江,哈尔滨,[抗联八军副军长，叛将],MEDIUM,围剿,,伪职：抗联八军副军长，叛将；罪行：原伪满军官，加入抗联后动摇叛变，带走 200 余人投敌；受日军指派策反谢文东等人，围剿下江抗日武装。；结局：伪满后期病死。,受日军指派策反谢文东等人，围剿下江抗日武装。,伪满后期病死。
赫慕侠,吉林,吉林,,[伪安奉地区警备司令、伪满第二军混成旅旅长],MEDIUM,围剿,,伪职：伪安奉地区警备司令、伪满第二军混成旅旅长；罪行：原东北军，投敌；指挥伪军对安东、凤城、岫岩三角抗日区多次大讨伐，围剿邓铁梅、苗可秀义勇军。；结局：抗战胜利被捕，汉奸罪判刑。,指挥伪军对安东、凤城、岫岩三角抗日区多次大讨伐，围剿邓铁梅、苗可秀义勇军。,抗战胜利被捕，汉奸罪判刑。
赵二虎,和林格尔,内蒙古,呼和浩特,[伪和林格尔警备大队长；多次配合日军 “扫荡” 南山根据地。],MEDIUM,扫荡,,伪职：伪和林格尔警备大队长；多次配合日军 “扫荡” 南山根据地。；结局：和林格尔解放被俘枪决,多次配合日军 “扫荡” 南山根据地。,和林格尔解放被俘枪决
赵云椿,抚宁,河北,秦皇岛,[第一任伪抚宁县县长，组建伪县公署、警备队、新民会；冀东大暴动期间调集伪军围剿七家寨抗日暴动队伍，制造重大伤亡，推行清乡、抓丁征粮。],MEDIUM,清乡、围剿,,伪职：第一任伪抚宁县县长，组建伪县公署、警备队、新民会；冀东大暴动期间调集伪军围剿七家寨抗日暴动队伍，制造重大伤亡，推行清乡、抓丁征粮。；结局：日本投降后潜逃，1946 年抓捕归案镇压,冀东大暴动期间调集伪军围剿七家寨抗日暴动队伍，制造重大伤亡，推行清乡、抓丁征粮。,日本投降后潜逃，1946 年抓捕归案镇压
赵云椿,抚宁,河北,秦皇岛,[第一任伪抚宁县县长，组建伪县公署、警备队、新民会；1938 年调集伪军围剿七家寨抗日暴动队伍，制造重大伤亡，推行清乡抓丁征粮。],MEDIUM,清乡、围剿,,伪职：第一任伪抚宁县县长，组建伪县公署、警备队、新民会；1938 年调集伪军围剿七家寨抗日暴动队伍，制造重大伤亡，推行清乡抓丁征粮。；结局：日本投降后潜逃，1946 抓捕归案镇压,1938 年调集伪军围剿七家寨抗日暴动队伍，制造重大伤亡，推行清乡抓丁征粮。,日本投降后潜逃，1946 抓捕归案镇压
赵云椿,抚宁,河北,秦皇岛,[第一任伪抚宁县县长，组建伪县公署、警备队、新民会；1938 年调集伪军围剿七家寨抗日暴动队伍，制造重大伤亡，推行清乡抓丁征粮。],MEDIUM,清乡、围剿,,伪职：第一任伪抚宁县县长，组建伪县公署、警备队、新民会；1938 年调集伪军围剿七家寨抗日暴动队伍，制造重大伤亡，推行清乡抓丁征粮。；结局：日本投降后潜逃，1946 抓捕归案镇压,1938 年调集伪军围剿七家寨抗日暴动队伍，制造重大伤亡，推行清乡抓丁征粮。,日本投降后潜逃，1946 抓捕归案镇压
赵云椿,抚宁,河北,秦皇岛,[第一任伪抚宁县县长，组建伪县公署、警备队、新民会；冀东大暴动期间调集伪军围剿七家寨抗日暴动队伍，制造重大伤亡，推行清乡、抓丁征粮。],MEDIUM,清乡、围剿,,伪职：第一任伪抚宁县县长，组建伪县公署、警备队、新民会；冀东大暴动期间调集伪军围剿七家寨抗日暴动队伍，制造重大伤亡，推行清乡、抓丁征粮。；结局：日本投降后潜逃，1946 年抓捕归案镇压,冀东大暴动期间调集伪军围剿七家寨抗日暴动队伍，制造重大伤亡，推行清乡、抓丁征粮。,日本投降后潜逃，1946 年抓捕归案镇压
赵云椿,抚宁,河北,秦皇岛,[第一任伪抚宁县县长，组建伪县公署、警备队、新民会；1938 年调集伪军围剿七家寨抗日暴动队伍，制造重大伤亡，推行清乡抓丁征粮。],MEDIUM,清乡、围剿,,伪职：第一任伪抚宁县县长，组建伪县公署、警备队、新民会；1938 年调集伪军围剿七家寨抗日暴动队伍，制造重大伤亡，推行清乡抓丁征粮。；结局：日本投降后潜逃，1946 抓捕归案镇压,1938 年调集伪军围剿七家寨抗日暴动队伍，制造重大伤亡，推行清乡抓丁征粮。,日本投降后潜逃，1946 抓捕归案镇压
赵仲仁,黑龙江,黑龙江,,[伪满呼伦贝尔善后督办；九一八之后投敌，协助日军接管满洲里、海拉尔，拉拢当地上层附日。],MEDIUM,杀害,,伪职：伪满呼伦贝尔善后督办；九一八之后投敌，协助日军接管满洲里、海拉尔，拉拢当地上层附日。；结局：伪满内部倾轧，被程志远杀害抖音百科,结局：伪满内部倾轧，被程志远杀害抖音百科,伪满内部倾轧，被程志远杀害抖音百科
赵仲达,,,,[伪抚顺县后期县长],MEDIUM,围剿,,伪职：伪抚顺县后期县长；罪行：推行集家归屯（集团部落），拆毁村庄，逼迫百姓入部落，制造大量难民，配合围剿抗联。；结局：战后逮捕判刑。,罪行：推行集家归屯（集团部落），拆毁村庄，逼迫百姓入部落，制造大量难民，配合围剿抗联。,战后逮捕判刑。
赵军山,东台、时堰、安丰,江苏,盐城,[伪 35 师师长],MEDIUM,扫荡,,伪职：伪 35 师师长；罪行：伪军主力，驻防东台西南各乡镇，下乡扫荡，抓捕抗日救国会群众，掠夺粮食物资。；结局：战后汉奸审判处决。,罪行：伪军主力，驻防东台西南各乡镇，下乡扫荡，抓捕抗日救国会群众，掠夺粮食物资。,战后汉奸审判处决。
赵启元,,,,[伪开原县县长],MEDIUM,围剿,,伪职：伪开原县县长；罪行：开原被日伪定为 “模范县”；推行粮食出荷，疯狂掠夺大豆粮食，强征国兵、劳工，围剿抗联。；结局：光复后汉奸罪判刑。,推行粮食出荷，疯狂掠夺大豆粮食，强征国兵、劳工，围剿抗联。,光复后汉奸罪判刑。
赵得宝,江宁禄口,江苏,南京,"[军长, 清乡]",MEDIUM,清乡,,伪任职务：伪禄口乡自卫团长，为日军征集粮草民夫，带路 “清乡”。。结局：抗战胜利后群众控诉，判刑劳改,伪任职务：伪禄口乡自卫团长，为日军征集粮草民夫，带路 “清乡”。。结局：抗战胜利后群众控诉，判刑劳改,抗战胜利后群众控诉，判刑劳改
赵德山,林口、穆棱交界山林,黑龙江,牡丹江,[伪特务，原抗联人员],MEDIUM,扫荡,,伪职：伪特务，原抗联人员；罪行：叛变后充当伪讨伐队向导，熟悉吉东山林，出卖多处抗联密营位置，多次参与进山扫荡。；结局：解放后被逮捕惩处。,罪行：叛变后充当伪讨伐队向导，熟悉吉东山林，出卖多处抗联密营位置，多次参与进山扫荡。,解放后被逮捕惩处。
赵玉昆,易县,河北,保定,[原八路军支队司令员，叛变投敌，伪易县警备团长兼特务部长；狼牙山五壮士事件主要祸首，熟悉根据地内情，带领日军反复扫荡晋察冀一分区，残害大批干部群众；势力延伸定兴、易县、涞水一带。],MEDIUM,扫荡,,伪职：原八路军支队司令员，叛变投敌，伪易县警备团长兼特务部长；狼牙山五壮士事件主要祸首，熟悉根据地内情，带领日军反复扫荡晋察冀一分区，残害大批干部群众；势力延伸定兴、易县、涞水一带。；结局：日本投降后潜逃，1952 年抓捕归案公审枪决,狼牙山五壮士事件主要祸首，熟悉根据地内情，带领日军反复扫荡晋察冀一分区，残害大批干部群众,日本投降后潜逃，1952 年抓捕归案公审枪决
赵老印,永清,河北,廊坊,[伪永清警备大队长；驻守永清城、韩村据点，下乡烧杀抢掠，抓捕堡垒户。],MEDIUM,烧杀、烧杀抢掠,,伪职：伪永清警备大队长；驻守永清城、韩村据点，下乡烧杀抢掠，抓捕堡垒户。；结局：永清解放被俘枪决,驻守永清城、韩村据点，下乡烧杀抢掠，抓捕堡垒户。,永清解放被俘枪决
赵老德,安国,河北,保定,[伪安国警备大队长；伪军主力，反复扫荡安国乡村根据地。],MEDIUM,扫荡,,伪职：伪安国警备大队长；伪军主力，反复扫荡安国乡村根据地。；结局：安国解放被俘处死,伪军主力，反复扫荡安国乡村根据地。,安国解放被俘处死
赵郎斋,亳县全境,安徽,亳州,[汪伪亳县伪县长],MEDIUM,扫荡,,伪职：汪伪亳县伪县长；罪行：正式伪政权主官，建立伪县府、伪警察，收编地方伪军，强化保甲，配合张岚峰部扫荡亳北抗日根据地，残害爱国群众。；结局：日本投降后被捕，判处死刑。,罪行：正式伪政权主官，建立伪县府、伪警察，收编地方伪军，强化保甲，配合张岚峰部扫荡亳北抗日根据地，残害爱国群众。,日本投降后被捕，判处死刑。
赵风山,深县,河北,衡水,[伪深县警备联队长；伪军主力，反复扫荡深县乡村，破坏地道。],MEDIUM,扫荡,,伪职：伪深县警备联队长；伪军主力，反复扫荡深县乡村，破坏地道。；结局：深县解放被俘枪决,伪军主力，反复扫荡深县乡村，破坏地道。,深县解放被俘枪决
赵香亭,临城,河北,邢台,[伪临城县县长，新民会会长；配合日军对临城西部山区实施扫荡。],MEDIUM,扫荡,,伪职：伪临城县县长，新民会会长；配合日军对临城西部山区实施扫荡。；结局：日本投降后潜逃，1946 抓捕归案判刑,配合日军对临城西部山区实施扫荡。,日本投降后潜逃，1946 抓捕归案判刑
边作楫,,,,[伪永清县县长；推行保甲连坐，修筑封锁沟，配合日军反复扫荡永清、安次交界。],MEDIUM,扫荡,,伪职：伪永清县县长；推行保甲连坐，修筑封锁沟，配合日军反复扫荡永清、安次交界。；结局：战后逮捕判处无期徒刑,推行保甲连坐，修筑封锁沟，配合日军反复扫荡永清、安次交界。,战后逮捕判处无期徒刑
达密凌苏龙,察哈尔右翼后旗,内蒙古,乌兰察布,[伪蒙古军第七师少将师长（驻商都）；原地方武装，1937 投日，指挥伪骑兵在商都、陶林一带扫荡，镇压草原抗日活动。],MEDIUM,扫荡,,伪职：伪蒙古军第七师少将师长（驻商都）；原地方武装，1937 投日，指挥伪骑兵在商都、陶林一带扫荡，镇压草原抗日活动。；结局：1945 向苏蒙军投降，部队被带入外蒙古，后病死抖音百科,原地方武装，1937 投日，指挥伪骑兵在商都、陶林一带扫荡，镇压草原抗日活动。,1945 向苏蒙军投降，部队被带入外蒙古，后病死抖音百科
达理札布,科左中旗,内蒙古,通辽,[伪兴安南警备军上校；参与诱骗小喇嘛起义部队到通辽，协助日军解除武装审判杀害起义人员。],MEDIUM,杀害,,伪职：伪兴安南警备军上校；参与诱骗小喇嘛起义部队到通辽，协助日军解除武装审判杀害起义人员。；结局：被俘改造，后病死,参与诱骗小喇嘛起义部队到通辽，协助日军解除武装审判杀害起义人员。,被俘改造，后病死
邬捷飞,佳木斯市区,黑龙江,佳木斯,[伪满协和会骨干，光复后国民党特务],MEDIUM,刺杀,,伪职：伪满协和会骨干，光复后国民党特务；罪行：伪满时期从事奴化宣传；1946 年制造佳木斯刺杀案，暗杀副市长孙西林等多名革命干部，策划城市暴乱阴谋抖音百科。；结局：潜逃后被抓捕处决。,1946 年制造佳木斯刺杀案，暗杀副市长孙西林等多名革命干部，策划城市暴乱阴谋抖音百科。,潜逃后被抓捕处决。
邬捷飞,佳木斯市区,黑龙江,佳木斯,[伪满协和会骨干，光复后国民党特务],MEDIUM,刺杀,,伪职：伪满协和会骨干，光复后国民党特务；罪行：伪满时期从事奴化宣传；1946 年制造佳木斯刺杀案，暗杀副市长孙西林等多名革命干部，策划城市暴乱阴谋抖音百科。；结局：潜逃后被抓捕处决。,1946 年制造佳木斯刺杀案，暗杀副市长孙西林等多名革命干部，策划城市暴乱阴谋抖音百科。,潜逃后被抓捕处决。
邵竞生,萧县黄口、萧城，波及今淮北杜集抖音百科,安徽,宿州,[伪萧县县长],MEDIUM,扫荡,,伪职：伪萧县县长；罪行：邵世恩之子，人称 “二县长”；辅佐其父把持黄口伪政权，后出任汪伪萧县县长，推行保甲、强化治安，配合日军扫荡萧铜根据地。；结局：1952 年镇反处决抖音百科。,辅佐其父把持黄口伪政权，后出任汪伪萧县县长，推行保甲、强化治安，配合日军扫荡萧铜根据地。,1952 年镇反处决抖音百科。
邵竞生,萧县全境,安徽,宿州,[汪伪萧县县长],MEDIUM,扫荡,,伪职：汪伪萧县县长；罪行：邵世恩之子，人称 “二县长”；主持萧县伪县公署，强化保甲良民证，配合日军扫荡萧铜抗日根据地；后调任伪灌云县长、徐州筹备主任抖音百科。；结局：1952 年镇反处决。,主持萧县伪县公署，强化保甲良民证，配合日军扫荡萧铜抗日根据地,1952 年镇反处决。
郑德民,闽东海域,福建,宁德,[伪和平救国军副司令],MEDIUM,杀害,,伪职：伪和平救国军副司令；罪行：张逸舟副手，多次率船窜犯霞浦、福鼎沿海，劫掠船只，参与杀害林义和，兼有伪军、军统双重身份。；结局：战后肃奸逮捕判刑。,罪行：张逸舟副手，多次率船窜犯霞浦、福鼎沿海，劫掠船只，参与杀害林义和，兼有伪军、军统双重身份。,战后肃奸逮捕判刑。
郑洗薰,广东,广东,,[师长],MEDIUM,扫荡,,伪任职务：伪暂编 30 师师长，伪绥靖公署参谋长，扫荡粤中根据地。结局：抗战胜利公审枪决,伪任职务：伪暂编 30 师师长，伪绥靖公署参谋长，扫荡粤中根据地。结局：抗战胜利公审枪决,抗战胜利公审枪决
郑鲁岩,宝清、饶河完达山区域,黑龙江,双鸭山,[原抗联七军政治部主任，叛变特务],MEDIUM,扫荡,,伪职：原抗联七军政治部主任，叛变特务；罪行：被俘投敌，完整出卖东线抗联全部密营坐标、交通网、地下救国会人员名册，致使宝清??饶河抗联根据地遭受毁灭性扫荡。；结局：抗战胜利后被民主政府逮捕处决。,罪行：被俘投敌，完整出卖东线抗联全部密营坐标、交通网、地下救国会人员名册，致使宝清??饶河抗联根据地遭受毁灭性扫荡。,抗战胜利后被民主政府逮捕处决。
郑鲁岩,宝清、饶河完达山区域,黑龙江,双鸭山,[原抗联七军政治部主任，叛变特务],MEDIUM,扫荡,,伪职：原抗联七军政治部主任，叛变特务；罪行：被俘投敌，完整出卖东线抗联全部密营坐标、交通网、地下救国会人员名册，致使宝清??饶河抗联根据地遭受毁灭性扫荡。；结局：抗战胜利后被民主政府逮捕处决。,罪行：被俘投敌，完整出卖东线抗联全部密营坐标、交通网、地下救国会人员名册，致使宝清??饶河抗联根据地遭受毁灭性扫荡。,抗战胜利后被民主政府逮捕处决。
郜德恩,犁桥,安徽,铜陵,[犁桥维持会会长],MEDIUM,扫荡,,伪职：犁桥维持会会长；罪行：犁桥早期维持会头目，迎接日军进驻据点，办理良民证，催粮派夫，抓捕地方爱国群众，充当日军向导下乡扫荡。；结局：被长江锄奸团铲除处决。,罪行：犁桥早期维持会头目，迎接日军进驻据点，办理良民证，催粮派夫，抓捕地方爱国群众，充当日军向导下乡扫荡。,被长江锄奸团铲除处决。
郝凤亭,六安县城（今裕安区）,安徽,六安,[六安城关维持会会长],MEDIUM,扫荡,,伪职：六安城关维持会会长；罪行：六安沦陷头号汉奸，日军入城即组织维持会；搜罗地痞流氓四十余人，为日军征粮筹款、搜集情报、充当扫荡向导，欺压城内百姓。；结局：日军撤退后被捕，1939 年元旦公审枪决。,搜罗地痞流氓四十余人，为日军征粮筹款、搜集情报、充当扫荡向导，欺压城内百姓。,日军撤退后被捕，1939 年元旦公审枪决。
郝鹏举,徐州，徐海全境,江苏,徐州,[伪淮海省省长、汪伪第八方面军上将总司令、徐州绥靖公署主任],MEDIUM,清剿、扫荡,,伪职：伪淮海省省长、汪伪第八方面军上将总司令、徐州绥靖公署主任；罪行：汪伪徐海地区头号大汉奸，执掌伪淮海省军政大权；扩充伪军数万，配合日军扫荡、清剿抗日武装，横征暴敛，掠夺粮食物资；日本投降后反复倒戈，先投国民党，后起义，再度叛变。；结局：1947 年因再次叛变被解放军处决。,扩充伪军数万，配合日军扫荡、清剿抗日武装，横征暴敛，掠夺粮食物资,1947 年因再次叛变被解放军处决。
郭二虎,昌黎,河北,秦皇岛,[伪警备队头目，盘踞碣石山区；多次进山扫荡游击区，烧杀抢掠村庄。],MEDIUM,烧杀、烧杀抢掠、扫荡,,伪职：伪警备队头目，盘踞碣石山区；多次进山扫荡游击区，烧杀抢掠村庄。；结局：1945 昌黎解放被俘处决,多次进山扫荡游击区，烧杀抢掠村庄。,1945 昌黎解放被俘处决
郭二虎,昌黎,河北,秦皇岛,[伪警备队头目，盘踞碣石山区，多次进山扫荡游击区，烧杀抢掠村庄。],MEDIUM,烧杀、烧杀抢掠、扫荡,,伪职：伪警备队头目，盘踞碣石山区，多次进山扫荡游击区，烧杀抢掠村庄。；结局：1945 年昌黎解放被俘处决,伪职：伪警备队头目，盘踞碣石山区，多次进山扫荡游击区，烧杀抢掠村庄。,1945 年昌黎解放被俘处决
郭二虎,昌黎,河北,秦皇岛,[伪警备队头目，盘踞碣石山区；多次进山扫荡游击区，烧杀抢掠村庄。],MEDIUM,烧杀、烧杀抢掠、扫荡,,伪职：伪警备队头目，盘踞碣石山区；多次进山扫荡游击区，烧杀抢掠村庄。；结局：1945 昌黎解放被俘处决,多次进山扫荡游击区，烧杀抢掠村庄。,1945 昌黎解放被俘处决
郭二虎,昌黎,河北,秦皇岛,[伪警备队头目，盘踞碣石山区；多次进山扫荡游击区，烧杀抢掠村庄。],MEDIUM,烧杀、烧杀抢掠、扫荡,,伪职：伪警备队头目，盘踞碣石山区；多次进山扫荡游击区，烧杀抢掠村庄。；结局：1945 昌黎解放被俘处决,多次进山扫荡游击区，烧杀抢掠村庄。,1945 昌黎解放被俘处决
郭二虎,昌黎,河北,秦皇岛,[伪警备队头目，盘踞碣石山区，多次进山扫荡游击区，烧杀抢掠村庄。],MEDIUM,烧杀、烧杀抢掠、扫荡,,伪职：伪警备队头目，盘踞碣石山区，多次进山扫荡游击区，烧杀抢掠村庄。；结局：1945 年昌黎解放被俘处决,伪职：伪警备队头目，盘踞碣石山区，多次进山扫荡游击区，烧杀抢掠村庄。,1945 年昌黎解放被俘处决
郭二虎,昌黎,河北,秦皇岛,[伪警备队头目，盘踞碣石山区，多次进山扫荡。],MEDIUM,扫荡,,伪职：伪警备队头目，盘踞碣石山区，多次进山扫荡。；结局：1945 年解放被俘处决,伪职：伪警备队头目，盘踞碣石山区，多次进山扫荡。,1945 年解放被俘处决
郭元喜,离石前马家村,山西,吕梁,[原离东二区游击队长，叛变投敌],MEDIUM,杀害,,伪职：原离东二区游击队长，叛变投敌；罪行：率 200 余人投敌；带领日伪军偷袭离东县委，致使 6 名干部被捕，2 名女干部惨遭杀害。；结局：解放后公审处决,带领日伪军偷袭离东县委，致使 6 名干部被捕，2 名女干部惨遭杀害。,解放后公审处决
郭化民,邯郸贾村,河北,邯郸,[伪军司令，郭采芹侄子；掌握邯郸主力伪军，盘踞邯郸城、黄粱梦、户村、河沙镇各据点，多次进山扫荡紫山、邯郸西部游击区，破坏地下交通线。],MEDIUM,扫荡,,伪职：伪军司令，郭采芹侄子；掌握邯郸主力伪军，盘踞邯郸城、黄粱梦、户村、河沙镇各据点，多次进山扫荡紫山、邯郸西部游击区，破坏地下交通线。；结局：邯郸城破潜逃北平，1950 抓捕押回邯郸枪决,掌握邯郸主力伪军，盘踞邯郸城、黄粱梦、户村、河沙镇各据点，多次进山扫荡紫山、邯郸西部游击区，破坏地下交通线。,邯郸城破潜逃北平，1950 抓捕押回邯郸枪决
郭化民,邯郸贾村,河北,邯郸,[伪军司令，郭采芹侄子；掌握邯郸主力伪军，盘踞邯郸城、黄粱梦、户村、河沙镇各据点，多次进山扫荡紫山、邯郸西部游击区，破坏地下交通线。],MEDIUM,扫荡,,伪职：伪军司令，郭采芹侄子；掌握邯郸主力伪军，盘踞邯郸城、黄粱梦、户村、河沙镇各据点，多次进山扫荡紫山、邯郸西部游击区，破坏地下交通线。；结局：邯郸城破潜逃北平，1950 抓捕押回邯郸枪决,掌握邯郸主力伪军，盘踞邯郸城、黄粱梦、户村、河沙镇各据点，多次进山扫荡紫山、邯郸西部游击区，破坏地下交通线。,邯郸城破潜逃北平，1950 抓捕押回邯郸枪决
郭化民,邯郸贾村,河北,邯郸,[伪军司令，郭采芹侄子；掌握邯郸主力伪军，盘踞城乡据点，扫荡紫山游击区，破坏地下交通线。],MEDIUM,扫荡,,伪职：伪军司令，郭采芹侄子；掌握邯郸主力伪军，盘踞城乡据点，扫荡紫山游击区，破坏地下交通线。；结局：潜逃北平，1950 抓捕押回邯郸枪决,掌握邯郸主力伪军，盘踞城乡据点，扫荡紫山游击区，破坏地下交通线。,潜逃北平，1950 抓捕押回邯郸枪决
郭恩霖,吉林,吉林,,"[省级长官, 军长, 厅长]",MEDIUM,围剿,,伪任职务：伪吉林省军政厅厅长，伪吉林警备军高级将领，围剿义勇军。结局：苏军逮捕，关押抚顺战犯管理所，病亡狱中,伪任职务：伪吉林省军政厅厅长，伪吉林警备军高级将领，围剿义勇军。结局：苏军逮捕，关押抚顺战犯管理所，病亡狱中,苏军逮捕，关押抚顺战犯管理所，病亡狱中
郭文林,达斡尔族,,,[伪第九军管区司令官（驻通辽）；强化草原治安，搜缴民间武器，布置讨伐队镇压反满抗日活动，配合日军清剿辽北、热河游击武装抖音百科。],MEDIUM,清剿,,伪职：伪第九军管区司令官（驻通辽）；强化草原治安，搜缴民间武器，布置讨伐队镇压反满抗日活动，配合日军清剿辽北、热河游击武装抖音百科。；结局：被俘关押，后特赦释放,强化草原治安，搜缴民间武器，布置讨伐队镇压反满抗日活动，配合日军清剿辽北、热河游击武装抖音百科。,被俘关押，后特赦释放
郭曾基,江苏,江苏,,"[省级长官, 军长, 委员长, 县长]",MEDIUM,刺杀,,伪任职务：伪江苏省政府委员、伪吴县知事（吴县即苏州城），推行保甲，为日军征粮派夫。。结局：1940 年被抗日锄奸团刺杀于苏州司前街三多桥,伪任职务：伪江苏省政府委员、伪吴县知事（吴县即苏州城），推行保甲，为日军征粮派夫。。结局：1940 年被抗日锄奸团刺杀于苏州司前街三多桥,1940 年被抗日锄奸团刺杀于苏州司前街三多桥
郭永福,晋城周村,山西,晋城,[东沟据点伪警备队长、铁杆汉奸],MEDIUM,扫荡,,伪职：东沟据点伪警备队长、铁杆汉奸；罪行：盘踞东沟据点，勾结红枪会，多次下乡扫荡，残害周边村庄百姓，作恶极多。；结局：解放后连同四子一并公审处决,罪行：盘踞东沟据点，勾结红枪会，多次下乡扫荡，残害周边村庄百姓，作恶极多。,解放后连同四子一并公审处决
郭满贵,固阳,内蒙古,包头,[伪固阳讨伐大队长；下乡烧杀抢掠，搜捕游击小组。],MEDIUM,烧杀、烧杀抢掠,,伪职：伪固阳讨伐大队长；下乡烧杀抢掠，搜捕游击小组。；结局：固阳解放被俘处决,下乡烧杀抢掠，搜捕游击小组。,固阳解放被俘处决
郭笃生,曲沃,山西,临汾,[伪曲沃县知事],MEDIUM,扫荡、清乡,,伪职：伪曲沃县知事；罪行：1938 投敌；建立伪县公署，推行奴化教育，强征壮丁送往矿山，配合日伪清乡扫荡，迫害抗属。；结局：1945 年侯马闹市公审枪决,建立伪县公署，推行奴化教育，强征壮丁送往矿山，配合日伪清乡扫荡，迫害抗属。,1945 年侯马闹市公审枪决
郭采芹,邯郸贾村,河北,邯郸,[伪邯郸商会会长、冀南剿共军教导司令；搜刮粮棉资敌，训练伪军，指挥扫荡，杀害大量县区干部。],MEDIUM,杀害、扫荡,,伪职：伪邯郸商会会长、冀南剿共军教导司令；搜刮粮棉资敌，训练伪军，指挥扫荡，杀害大量县区干部。；结局：邯郸解放被俘，公审枪决,搜刮粮棉资敌，训练伪军，指挥扫荡，杀害大量县区干部。,邯郸解放被俘，公审枪决
郭采芹,邯郸贾村,河北,邯郸,[伪邯郸商会会长、冀南剿共军教导司令；冀南头号大汉奸，为日军大量搜刮棉花粮食；训练伪军，参与指挥扫荡，在插箭岭杀害我方多名县区干部，纵容烟馆妓院毒害百姓。],MEDIUM,杀害、扫荡,,伪职：伪邯郸商会会长、冀南剿共军教导司令；冀南头号大汉奸，为日军大量搜刮棉花粮食；训练伪军，参与指挥扫荡，在插箭岭杀害我方多名县区干部，纵容烟馆妓院毒害百姓。；结局：邯郸解放被俘，公审枪决,训练伪军，参与指挥扫荡，在插箭岭杀害我方多名县区干部，纵容烟馆妓院毒害百姓。,邯郸解放被俘，公审枪决
郭采芹,邯郸贾村,河北,邯郸,[伪邯郸商会会长、冀南剿共军教导司令；冀南头号大汉奸，为日军大量搜刮棉花粮食；训练伪军，参与指挥扫荡，在插箭岭杀害我方多名县区干部，纵容烟馆妓院毒害百姓。],MEDIUM,杀害、扫荡,,伪职：伪邯郸商会会长、冀南剿共军教导司令；冀南头号大汉奸，为日军大量搜刮棉花粮食；训练伪军，参与指挥扫荡，在插箭岭杀害我方多名县区干部，纵容烟馆妓院毒害百姓。；结局：邯郸解放被俘，公审枪决,训练伪军，参与指挥扫荡，在插箭岭杀害我方多名县区干部，纵容烟馆妓院毒害百姓。,邯郸解放被俘，公审枪决
金焕章,逊克（逊河）,黑龙江,黑河,[伪逊河地方自卫团头目，光复后挺进军团长],MEDIUM,杀害,,伪职：伪逊河地方自卫团头目，光复后挺进军团长；罪行：伪满时期协助日军维持边境治安，搜捕抗联；日本投降后接收国民党委任，率领匪团攻打民主新政权，杀害逊克首任县长顾延龄及多名干部战士央视网。；结局：剿匪战斗中被俘处决。,日本投降后接收国民党委任，率领匪团攻打民主新政权，杀害逊克首任县长顾延龄及多名干部战士央视网。,剿匪战斗中被俘处决。
金焕章,逊克（逊河）,黑龙江,黑河,[伪逊河地方自卫团头目，光复后挺进军团长],MEDIUM,杀害,,伪职：伪逊河地方自卫团头目，光复后挺进军团长；罪行：伪满时期协助日军维持边境治安，搜捕抗联；日本投降后接收国民党委任，率领匪团攻打民主新政权，杀害逊克首任县长顾延龄及多名干部战士央视网。；结局：剿匪战斗中被俘处决。,日本投降后接收国民党委任，率领匪团攻打民主新政权，杀害逊克首任县长顾延龄及多名干部战士央视网。,剿匪战斗中被俘处决。
钟桂生,武义南部山区,浙江,金华,[武义柳城伪密探],MEDIUM,扫荡,,伪职：武义柳城伪密探；罪行：潜伏山区刺探抗日游击队情报，多次引导日军进山扫荡，残害山区百姓。；结局：地方抗日自卫队抓获处决。,罪行：潜伏山区刺探抗日游击队情报，多次引导日军进山扫荡，残害山区百姓。,地方抗日自卫队抓获处决。
钱阿毛,长兴县城、泗安,浙江,湖州,[长兴伪宪兵队情报组长],MEDIUM,扫荡,,伪职：长兴伪宪兵队情报组长；罪行：地痞投敌，充当日军耳目，引导日军进山扫荡长兴山区，迫害游击根据地百姓。；结局：抗战胜利后公审枪决。,罪行：地痞投敌，充当日军耳目，引导日军进山扫荡长兴山区，迫害游击根据地百姓。,抗战胜利后公审枪决。
钱阿毛,长兴县城、泗安,浙江,湖州,[长兴伪宪兵队情报组长],MEDIUM,扫荡,,伪职：长兴伪宪兵队情报组长；罪行：地痞投敌，充当日军耳目，引导日军进山扫荡长兴山区，迫害游击根据地百姓。；结局：抗战胜利后公审枪决。,罪行：地痞投敌，充当日军耳目，引导日军进山扫荡长兴山区，迫害游击根据地百姓。,抗战胜利后公审枪决。
门致中,吉林，曾任宁夏省主席（1927??1929）,吉林,,"[省级长官, 部长, 军长, 司令, 委员长, 总司令]",MEDIUM,扫荡,,伪任职务：早年做过宁夏省主席，抗战期间在华北投敌，伪华北政务委员会常务委员、华北治安军总司令，指挥伪治安军扫荡华北抗日根据地，作恶全部在华北，不在宁夏。。结局：抗战胜利被国民政府收编，之后逃往香港，客死香港,伪任职务：早年做过宁夏省主席，抗战期间在华北投敌，伪华北政务委员会常务委员、华北治安军总司令，指挥伪治安军扫荡华北抗日根据地，作恶全部在华北，不在宁夏。。结局：抗战胜利被国民政府收编，之后逃往香港，客死香港,抗战胜利被国民政府收编，之后逃往香港，客死香港
阎啸风,,,,[伪翼城县县长],MEDIUM,扫荡,,伪职：伪翼城县县长；罪行：日军占领翼城后组建伪公署；修筑据点，征粮抓丁，配合日军扫荡翼城东部山区。；结局：战后逮捕判刑,修筑据点，征粮抓丁，配合日军扫荡翼城东部山区。,战后逮捕判刑
阎子良,猗氏,山西,运城,[伪猗氏县县长],MEDIUM,清乡,,伪职：伪猗氏县县长；罪行：组建伪政权，强征粮棉，配合日军清乡。；结局：战后逮捕判刑,罪行：组建伪政权，强征粮棉，配合日军清乡。,战后逮捕判刑
阿拉坦鄂济尔,杭锦旗,内蒙古,鄂尔多斯,[伪伊克昭盟公署盟长，公署常驻包头；游说各旗王公投日，强征牛羊马匹供给伪蒙古军，引导日军渡河扫荡伊盟根据地。],MEDIUM,扫荡,,伪职：伪伊克昭盟公署盟长，公署常驻包头；游说各旗王公投日，强征牛羊马匹供给伪蒙古军，引导日军渡河扫荡伊盟根据地。；结局：日降后交印，居家管制，草场没收,游说各旗王公投日，强征牛羊马匹供给伪蒙古军，引导日军渡河扫荡伊盟根据地。,日降后交印，居家管制，草场没收
陆少家,余姚盐区,浙江,宁波,[伪余姚福寿乡事务员],MEDIUM,清乡,,伪职：伪余姚福寿乡事务员；罪行：基层伪爪牙，告密抗日人员，协助日伪清乡，压榨盐民百姓。；结局：根据地抗日武装抓捕，教育释放后仍继续通敌，后被镇压。,罪行：基层伪爪牙，告密抗日人员，协助日伪清乡，压榨盐民百姓。,根据地抗日武装抓捕，教育释放后仍继续通敌，后被镇压。
陆慎之,常州,江苏,常州,"[清乡, 县长]",MEDIUM,清乡,,伪任职务：伪武进县警察局局长，掌控伪警察，配合宪兵队搜捕地下抗日人员，参与清乡抓捕。。结局：光复后公审枪决,伪任职务：伪武进县警察局局长，掌控伪警察，配合宪兵队搜捕地下抗日人员，参与清乡抓捕。。结局：光复后公审枪决,光复后公审枪决
陆翥双,不详,,,"[清乡, 县长]",MEDIUM,清乡,,伪任职务：伪吴县县长，配合清乡运动，下乡摊派苛捐。。结局：战后逮捕，判处重刑关押苏州市地方...,伪任职务：伪吴县县长，配合清乡运动，下乡摊派苛捐。。结局：战后逮捕，判处重刑关押苏州市地方...,战后逮捕，判处重刑关押苏州市地方...
陈光寒,阜宁、建湖北部,江苏,盐城,[伪阜宁县县长],MEDIUM,扫荡,,伪职：伪阜宁县县长；罪行：原地方游击武装副司令，率部投敌；执掌阜宁伪县公署，出动伪武装下乡扫荡盐阜根据地，抓捕迫害抗日军民。；结局：1945 年被俘，公审处决。,执掌阜宁伪县公署，出动伪武装下乡扫荡盐阜根据地，抓捕迫害抗日军民。,1945 年被俘，公审处决。
陈农荪,杭县临平,浙江,杭州,"[军长, 清乡, 维持会]",MEDIUM,清乡,,伪任职务：临平伪维持会长、伪区长，搜刮粮饷，配合日军下乡清乡。。结局：战后捕获，判处死刑,伪任职务：临平伪维持会长、伪区长，搜刮粮饷，配合日军下乡清乡。。结局：战后捕获，判处死刑,战后捕获，判处死刑
陈升儒,泗阳众兴,江苏,宿迁,[伪泗阳县县长、苏淮特区教育处长],MEDIUM,扫荡,,伪职：伪泗阳县县长、苏淮特区教育处长；罪行：教育出身投敌，两度出任伪泗阳县长；建立伪保甲体系，奴化教育，征粮抓丁，配合日伪扫荡泗阳根据地。；结局：1945 年两淮战役被俘，1946 年两万群众公审处决。,建立伪保甲体系，奴化教育，征粮抓丁，配合日伪扫荡泗阳根据地。,1945 年两淮战役被俘，1946 年两万群众公审处决。
陈升儒,泗阳众兴,江苏,宿迁,[伪泗阳县县长、苏淮特区教育处长],MEDIUM,扫荡,,伪职：伪泗阳县县长、苏淮特区教育处长；罪行：教育出身投敌，两度出任伪泗阳县长；建立伪保甲体系，奴化教育，征粮抓丁，配合日伪扫荡泗阳根据地。；结局：1945 年两淮战役被俘，1946 年两万群众公审处决。,建立伪保甲体系，奴化教育，征粮抓丁，配合日伪扫荡泗阳根据地。,1945 年两淮战役被俘，1946 年两万群众公审处决。
陈博九,不详,,,"[市长, 清乡]",MEDIUM,清乡,,伪任职务：伪清乡警察大队长，张北生心腹，捕杀武工队，施用酷刑，双手沾满革命者鲜血南通市档案...。。结局：光复后公审枪决,伪任职务：伪清乡警察大队长，张北生心腹，捕杀武工队，施用酷刑，双手沾满革命者鲜血南通市档案...。。结局：光复后公审枪决,光复后公审枪决
陈天锡,,,,[伪晋城县首任县长],MEDIUM,扫荡,,伪职：伪晋城县首任县长；罪行：建立晋城伪县公署、伪警察、新民会；推行保甲十家连坐，征粮抓丁，管控白晋铁路，配合日军扫荡晋南根据地。；结局：抗战胜利逮捕，汉奸罪重判,推行保甲十家连坐，征粮抓丁，管控白晋铁路，配合日军扫荡晋南根据地。,抗战胜利逮捕，汉奸罪重判
陈守谦,长子,山西,长治,[伪长子警备大队长],MEDIUM,清剿,,伪职：伪长子警备大队长；罪行：下乡清剿，残害堡垒户，勒索地方百姓。；结局：解放后处决,罪行：下乡清剿，残害堡垒户，勒索地方百姓。,解放后处决
陈守谦,长子,山西,长治,[伪长子警备大队长],MEDIUM,清剿,,伪职：伪长子警备大队长；罪行：下乡清剿，残害堡垒户，勒索地方百姓。；结局：解放后处决,罪行：下乡清剿，残害堡垒户，勒索地方百姓。,解放后处决
陈才福,不详,,,"[军长, 师长]",MEDIUM,扫荡,,伪任职务：伪 26 师师长，盘踞如皋、海安一带伪军头目，配合日军扫荡，残害百姓，横征暴敛南通史志网。。结局：抗战胜利后被处决,伪任职务：伪 26 师师长，盘踞如皋、海安一带伪军头目，配合日军扫荡，残害百姓，横征暴敛南通史志网。。结局：抗战胜利后被处决,抗战胜利后被处决
陈森度（陈耀忠）,常州武进,江苏,常州,"[军长, 委员长, 维持会]",MEDIUM,扫荡,,伪任职务：维持会委员、伪巡警队长、伪救火队长；青帮头目，勾结日军下乡扫荡，大肆敲诈、贩毒、残害爱国志士常州史志。。结局：胜利后国民政府判刑；1951 年被镇压,青帮头目，勾结日军下乡扫荡，大肆敲诈、贩毒、残害爱国志士常州史志。。结局：胜利后国民政府判刑,胜利后国民政府判刑
陈汉南,泰兴全境,江苏,泰州,[伪泰兴县县长],MEDIUM,扫荡,,伪职：伪泰兴县县长；罪行：执掌泰兴伪县公署，出动伪保安队配合日军扫荡黄桥周边根据地，迫害抗日群众。；结局：战后汉奸审判判刑。,罪行：执掌泰兴伪县公署，出动伪保安队配合日军扫荡黄桥周边根据地，迫害抗日群众。,战后汉奸审判判刑。
陈炳坤,青阳城关、木镇,安徽,池州,[青阳伪警察局局长],MEDIUM,清剿,,伪职：青阳伪警察局局长；罪行：执掌伪警侦缉队，盘查公路渡口，搜捕爱国人士，多次配合日伪军清剿铜青游击根据地。；结局：肃奸运动判处死刑。,罪行：执掌伪警侦缉队，盘查公路渡口，搜捕爱国人士，多次配合日伪军清剿铜青游击根据地。,肃奸运动判处死刑。
陈祖根,海宁全境,浙江,嘉兴,[伪清乡事务局海宁情报组长],MEDIUM,清乡,,伪职：伪清乡事务局海宁情报组长；罪行：汪伪清乡特务骨干，专门刺探抗日武装情报，告密抓捕爱国干部群众。；结局：被抗日武装击毙。,伪职：伪清乡事务局海宁情报组长；罪行：汪伪清乡特务骨干，专门刺探抗日武装情报，告密抓捕爱国干部群众。,被抗日武装击毙。
陈绍宾,汤原北部、嘉荫（佛山）山林,黑龙江,佳木斯,[原抗联六军师长，叛变],MEDIUM,扫荡,,伪职：原抗联六军师长，叛变；罪行：率部投敌，为日军出谋划策，派遣刘德山等特务猎杀赵尚志；多次带队进山扫荡抗联根据地，残害抗日军民。；结局：伪满后期病死。,多次带队进山扫荡抗联根据地，残害抗日军民。,伪满后期病死。
陈绍宾,汤原北部、嘉荫（佛山）山林,黑龙江,佳木斯,[原抗联六军师长，叛变],MEDIUM,扫荡,,伪职：原抗联六军师长，叛变；罪行：率部投敌，为日军出谋划策，派遣刘德山等特务猎杀赵尚志；多次带队进山扫荡抗联根据地，残害抗日军民。；结局：伪满后期病死。,多次带队进山扫荡抗联根据地，残害抗日军民。,伪满后期病死。
陈群,福建闽侯,福建,福州,"[省级长官, 清乡]",MEDIUM,清乡,,伪任职务：李士群死后继任伪江苏省省长，驻苏州，延续清乡政策，搜刮物资资敌。。结局：日本投降前夕服毒自杀于苏州家中,伪任职务：李士群死后继任伪江苏省省长，驻苏州，延续清乡政策，搜刮物资资敌。。结局：日本投降前夕服毒自杀于苏州家中,日本投降前夕服毒自杀于苏州家中
陈耀祖,广东新会,广东,江门,"[省级长官, 清乡]",MEDIUM,刺杀、清乡,,伪任职务：伪广东省省长、广州绥靖主任，陈璧君胞弟，广东伪政权实际掌控者，搜刮物资、推行清乡奴化统治。结局：1944 年在广州文德路被军统刺杀身亡，逃脱审判,伪任职务：伪广东省省长、广州绥靖主任，陈璧君胞弟，广东伪政权实际掌控者，搜刮物资、推行清乡奴化统治。结局：1944 年在广州文德路被军统刺杀身亡，逃脱审判,1944 年在广州文德路被军统刺杀身亡，逃脱审判
陶洁,南通三余镇,江苏,南通,[伪三余大检问所主任],MEDIUM,清乡,,伪职：伪三余大检问所主任；罪行：清乡封锁线上检问所头目，敲诈过往百姓，抓捕、扣押抗日人员与物资，作恶多端南通史志网。；结局：被抗日武装捕获处死。,罪行：清乡封锁线上检问所头目，敲诈过往百姓，抓捕、扣押抗日人员与物资，作恶多端南通史志网。,被抗日武装捕获处死。
韩一峰,,,,[伪献县县长；五一大扫荡后重建伪政权，疯狂搜捕冀中八分区干部。],MEDIUM,扫荡,,伪职：伪献县县长；五一大扫荡后重建伪政权，疯狂搜捕冀中八分区干部。；结局：战后汉奸罪判处徒刑,五一大扫荡后重建伪政权，疯狂搜捕冀中八分区干部。,战后汉奸罪判处徒刑
韩二虎,洪洞,山西,临汾,[伪洪洞警备大队长],MEDIUM,扫荡、清乡,,伪职：伪洪洞警备大队长；罪行：带队下乡清乡扫荡，祸害汾河两岸村庄。；结局：解放后公审枪决,罪行：带队下乡清乡扫荡，祸害汾河两岸村庄。,解放后公审枪决
韩全福,宁城（毗邻朝阳）,内蒙古,赤峰,[伪警察讨伐队大队长],MEDIUM,烧杀、扫荡,,伪职：伪警察讨伐队大队长；罪行：讨伐队经常窜入建平、凌源境内扫荡；烧杀村镇，搜捕八路军热东工作团人员，双手沾满群众鲜血中国人民政...。；结局：1945 年后被民主政府镇压。,罪行：讨伐队经常窜入建平、凌源境内扫荡；烧杀村镇，搜捕八路军热东工作团人员，双手沾满群众鲜血中国人民政...。,1945 年后被民主政府镇压。
韩国举,锦西暖池塘,辽宁,葫芦岛,[伪地方自卫团头目],MEDIUM,杀害、杀害革命,,伪职：伪地方自卫团头目；罪行：依附日伪，祸害乡里；八一五之后收拢伪警土匪，组成花子队，反攻倒算，杀害革命干部群众。；结局：1946 年被民主武装击毙葫芦岛市人...。,八一五之后收拢伪警土匪，组成花子队，反攻倒算，杀害革命干部群众。,1946 年被民主武装击毙葫芦岛市人...。
韩子明,新绛,山西,运城,[伪新绛警备大队长],MEDIUM,扫荡,,伪职：伪新绛警备大队长；罪行：带队下乡扫荡，迫害堡垒户。；结局：解放后公审枪决,罪行：带队下乡扫荡，迫害堡垒户。,解放后公审枪决
韩希梦,定县,河北,保定,[伪定县警备大队长；铁杆汉奸，每次日军扫荡充当先锋，残害百姓。],MEDIUM,扫荡,,伪职：伪定县警备大队长；铁杆汉奸，每次日军扫荡充当先锋，残害百姓。；结局：被我方武工队锄奸击毙党史学习教...,铁杆汉奸，每次日军扫荡充当先锋，残害百姓。,被我方武工队锄奸击毙党史学习教...
韩星垣,平山,河北,石家庄,[首任伪平山县县长，组建伪县公署、伪警察局、新民会；强征粮款民夫，配合日军扫荡平山根据地。],MEDIUM,扫荡,,伪职：首任伪平山县县长，组建伪县公署、伪警察局、新民会；强征粮款民夫，配合日军扫荡平山根据地。；结局：日本投降后逮捕公审惩处,强征粮款民夫，配合日军扫荡平山根据地。,日本投降后逮捕公审惩处
韩星垣,平山,河北,石家庄,[首任伪平山县县长，组建伪县公署、伪警察局、新民会；强征粮款民夫，配合日军扫荡平山根据地。],MEDIUM,扫荡,,伪职：首任伪平山县县长，组建伪县公署、伪警察局、新民会；强征粮款民夫，配合日军扫荡平山根据地。；结局：日本投降后逮捕公审惩处,强征粮款民夫，配合日军扫荡平山根据地。,日本投降后逮捕公审惩处
韩步洲,交城,山西,吕梁,[伪山西省保安第四师师长],MEDIUM,扫荡,,伪职：伪山西省保安第四师师长；罪行：原阎军军官投敌；驻扎交城、文水一带；多次率伪军配合日军扫荡交城、清太徐根据地，捕杀干部民兵。；结局：日本投降被阎锡山收编；太原解放被俘劳动改造,多次率伪军配合日军扫荡交城、清太徐根据地，捕杀干部民兵。,日本投降被阎锡山收编
韩步洲,榆次,山西,晋中,[伪山西省保安第四师师长],MEDIUM,扫荡,,伪职：伪山西省保安第四师师长；罪行：原阎军，投敌，驻扎榆次；多次率伪军扫荡榆次、太谷边山根据地，抓捕抗日干部。；结局：抗战胜利被阎锡山收编；太原解放被俘，劳动改造,多次率伪军扫荡榆次、太谷边山根据地，抓捕抗日干部。,抗战胜利被阎锡山收编
韩永恩,不详,,,[清乡],MEDIUM,扫荡、清乡,,伪任职务：伪中校副团长，马佑铭副手，参与多次扫荡、清乡封锁。。结局：三垛河伏击战被俘，判刑关押今日高邮,伪任职务：伪中校副团长，马佑铭副手，参与多次扫荡、清乡封锁。。结局：三垛河伏击战被俘，判刑关押今日高邮,三垛河伏击战被俘，判刑关押今日高邮
韩祥吉,滁县城乡,安徽,滁州,[伪樱挺进队大队长],MEDIUM,扫荡,,伪职：伪樱挺进队大队长；罪行：孙光辉副手，带队下乡扫荡乡村，抓捕抗日干部，敲诈集镇商户百姓。；结局：解放后镇压处决。,罪行：孙光辉副手，带队下乡扫荡乡村，抓捕抗日干部，敲诈集镇商户百姓。,解放后镇压处决。
韩禄,龙江县,黑龙江,齐齐哈尔,[伪龙江县自卫团总团长],MEDIUM,扫荡,,伪职：伪龙江县自卫团总团长；罪行：地主武装头目投降日军，组建伪自卫团，配合日伪军扫荡乡村，搜捕抗联交通员，压榨当地乡民。；结局：解放后公审镇压。,罪行：地主武装头目投降日军，组建伪自卫团，配合日伪军扫荡乡村，搜捕抗联交通员，压榨当地乡民。,解放后公审镇压。
韩继尧,沛县敬安一带,江苏,徐州,[伪沛县伪军将领],MEDIUM,扫荡,,伪职：伪沛县伪军将领；罪行：土匪投敌，掌握沛县地方伪军，频繁下乡扫荡，抓捕残害抗日干部群众。；结局：抗战胜利后公审处决。,罪行：土匪投敌，掌握沛县地方伪军，频繁下乡扫荡，抓捕残害抗日干部群众。,抗战胜利后公审处决。
韩铁汉,逊克、北安交界朝阳山,黑龙江,黑河,[原抗联三军人员，叛徒],MEDIUM,杀害,,伪职：原抗联三军人员，叛徒；罪行：叛变投敌，杀害抗联三军三师政治部主任常有钧；充当伪讨伐队向导，在朝阳山一带搜剿抗联西征部队，出卖山林密营信息。；结局：解放后镇压反革命公审枪决。,罪行：叛变投敌，杀害抗联三军三师政治部主任常有钧,解放后镇压反革命公审枪决。
韩铁汉,逊克、北安交界朝阳山,黑龙江,黑河,[原抗联三军人员，叛徒],MEDIUM,杀害,,伪职：原抗联三军人员，叛徒；罪行：叛变投敌，杀害抗联三军三师政治部主任常有钧；充当伪讨伐队向导，在朝阳山一带搜剿抗联西征部队，出卖山林密营信息。；结局：解放后镇压反革命公审枪决。,罪行：叛变投敌，杀害抗联三军三师政治部主任常有钧,解放后镇压反革命公审枪决。
顾六子,凤阳临淮关,安徽,蚌埠,[临淮关伪侦缉队长],MEDIUM,扫荡,,伪职：临淮关伪侦缉队长；罪行：盘踞临淮关水陆要道，盘查往来人员，多次引导日军下乡扫荡淮河两岸游击区百姓。；结局：抗战胜利后公审处决。,罪行：盘踞临淮关水陆要道，盘查往来人员，多次引导日军下乡扫荡淮河两岸游击区百姓。,抗战胜利后公审处决。
顾宜我,南通刘桥段桥乡,江苏,南通,[汪伪伪乡长，特务骨干],MEDIUM,清乡,,伪职：汪伪伪乡长，特务骨干；罪行：与姜颂平勾结，充当清乡爪牙，告密抗日武装情报，欺压当地百姓。；结局：被新四军短枪队锄奸处决。,罪行：与姜颂平勾结，充当清乡爪牙，告密抗日武装情报，欺压当地百姓。,被新四军短枪队锄奸处决。
顾宜我（顾尚义）,南通,江苏,南通,[清乡],MEDIUM,清乡,,伪任职务：清乡时期伪段桥乡乡长，姜颂平爪牙，作恶多端。。结局：被新四军短枪队锄奸镇压,伪任职务：清乡时期伪段桥乡乡长，姜颂平爪牙，作恶多端。。结局：被新四军短枪队锄奸镇压,被新四军短枪队锄奸镇压
顾祝三,赣榆全县,江苏,连云港,[伪赣榆县县长],MEDIUM,扫荡、清乡,,伪职：伪赣榆县县长；罪行：执掌赣榆伪政权，执行日伪清乡、抓丁征粮，出动伪县大队配合日军扫荡滨海抗日根据地。；结局：抗战胜利后汉奸罪判刑。,罪行：执掌赣榆伪政权，执行日伪清乡、抓丁征粮，出动伪县大队配合日军扫荡滨海抗日根据地。,抗战胜利后汉奸罪判刑。
颜叔周,吴兴全县,浙江,湖州,[汪伪吴兴县知事（伪县长）],MEDIUM,清乡,,伪职：汪伪吴兴县知事（伪县长）；罪行：执掌吴兴伪县公署，推行保甲、奴化教育，配合日军清乡，搜刮蚕丝粮食资敌；城内推行良民证制度，镇压民间抗日活动湖州市人民...。；结局：1941 年在马军巷遭抗日志士狙击负伤。,罪行：执掌吴兴伪县公署，推行保甲、奴化教育，配合日军清乡，搜刮蚕丝粮食资敌,1941 年在马军巷遭抗日志士狙击负伤。
颜叔周,吴兴全县,浙江,湖州,[汪伪吴兴县知事（伪县长）],MEDIUM,清乡,,伪职：汪伪吴兴县知事（伪县长）；罪行：执掌吴兴伪县公署，推行保甲、奴化教育，配合日军清乡，搜刮蚕丝粮食资敌；城内推行良民证制度，镇压民间抗日活动湖州市人民...。；结局：1941 年在马军巷遭抗日志士狙击负伤。,罪行：执掌吴兴伪县公署，推行保甲、奴化教育，配合日军清乡，搜刮蚕丝粮食资敌,1941 年在马军巷遭抗日志士狙击负伤。
马佑铭,不详,,,[军长],MEDIUM,扫荡,,伪任职务：汪伪伪军少将团长，驻防高邮三垛一带；1944 年三垛??河口伏击战主力，频繁下乡扫荡根据地今日高邮。。结局：三垛河战斗被新四军俘获，按汉奸罪行审判,1944 年三垛??河口伏击战主力，频繁下乡扫荡根据地今日高邮。。结局：三垛河战斗被新四军俘获，按汉奸罪行审判,三垛河战斗被新四军俘获，按汉奸罪行审判
马千里,安庆、怀宁全域,安徽,安庆,[汪伪首任伪怀宁县县长],MEDIUM,扫荡、清乡,,伪职：汪伪首任伪怀宁县县长；罪行：经天主堂神父举荐出任伪县长，搭建伪怀宁县公署，推行保甲，强征粮秣民夫，配合日军清乡扫荡四乡，管制长江航运码头。；结局：抗战胜利汉奸审判伏法。,罪行：经天主堂神父举荐出任伪县长，搭建伪怀宁县公署，推行保甲，强征粮秣民夫，配合日军清乡扫荡四乡，管制长江航运码头。,抗战胜利汉奸审判伏法。
马少山,,,,[伪青县县长；依托津浦铁路修筑炮楼，清乡扫荡，抓捕堡垒户。],MEDIUM,扫荡、清乡,,伪职：伪青县县长；依托津浦铁路修筑炮楼，清乡扫荡，抓捕堡垒户。；结局：战后逮捕判刑,依托津浦铁路修筑炮楼，清乡扫荡，抓捕堡垒户。,战后逮捕判刑
马成骥,壶关,山西,长治,[伪壶关县县长（上党四大天王之一）],MEDIUM,扫荡、清乡,,伪职：伪壶关县县长（上党四大天王之一）；罪行：组建壶关伪政权，指挥伪警备队清乡扫荡，抓捕抗日干部群众。；结局：抗战胜利后公审处决。,罪行：组建壶关伪政权，指挥伪警备队清乡扫荡，抓捕抗日干部群众。,抗战胜利后公审处决。
马成骥,壶关,山西,长治,[伪壶关县县长（上党四大天王之一）],MEDIUM,扫荡、清乡,,伪职：伪壶关县县长（上党四大天王之一）；罪行：组建壶关伪政权，指挥伪警备队清乡扫荡，抓捕抗日干部群众。；结局：抗战胜利后公审处决。,罪行：组建壶关伪政权，指挥伪警备队清乡扫荡，抓捕抗日干部群众。,抗战胜利后公审处决。
马永山,东阳横店,浙江,金华,[东阳横店伪区长],MEDIUM,扫荡,,伪职：东阳横店伪区长；罪行：基层伪政权头目，配合日军扫荡会稽山边缘游击区，告密抗日武装行踪，强征民夫修筑据点工事。；结局：金萧支队锄奸处决。,罪行：基层伪政权头目，配合日军扫荡会稽山边缘游击区，告密抗日武装行踪，强征民夫修筑据点工事。,金萧支队锄奸处决。
马迪仕,阳原,河北,张家口,[伪阳原警备头目；多次下乡扫荡，残害群众，掠夺物资中共张家口...。],MEDIUM,扫荡,,伪职：伪阳原警备头目；多次下乡扫荡，残害群众，掠夺物资中共张家口...。；结局：公审处死,多次下乡扫荡，残害群众，掠夺物资中共张家口...。,公审处死
高冠吾,蚌埠,安徽,蚌埠,[汪伪第二任伪安徽省主席],MEDIUM,扫荡、清乡、围剿,,伪职：汪伪第二任伪安徽省主席；罪行：接替倪道烺，主政安徽伪政权，增设清乡办事处，强化物资统制，扩编伪军、特务组织，对皖北游击区开展扫荡围剿。；结局：抗战胜利后捕获，病死狱中。,罪行：接替倪道烺，主政安徽伪政权，增设清乡办事处，强化物资统制，扩编伪军、特务组织，对皖北游击区开展扫荡围剿。,抗战胜利后捕获，病死狱中。
高冠吾,江苏崇明,江苏,上海,"[省级长官, 清乡]",MEDIUM,清乡,,伪任职务：汪伪第二任伪江西省省长，此前任江苏、安徽伪省长，主持赣北清乡。结局：抗战胜利后隐匿，1953 年病死于济南狱中抖音百科,伪任职务：汪伪第二任伪江西省省长，此前任江苏、安徽伪省长，主持赣北清乡。结局：抗战胜利后隐匿，1953 年病死于济南狱中抖音百科,抗战胜利后隐匿，1953 年病死于济南狱中抖音百科
高德林,,,,[伪华北治安军第 101 集团司令，集团部驻邢台；邢台最大伪军头目，兵力数千，反复扫荡太行、冀南根据地。],MEDIUM,扫荡,,伪职：伪华北治安军第 101 集团司令，集团部驻邢台；邢台最大伪军头目，兵力数千，反复扫荡太行、冀南根据地。；结局：日本投降后丢弃部队北逃，解放后清算处决邢台网,邢台最大伪军头目，兵力数千，反复扫荡太行、冀南根据地。,日本投降后丢弃部队北逃，解放后清算处决邢台网
高玉芝、魏东风、司营、任宝合,迁安北部无人区,河北,唐山,[本地干部叛变投敌；充当特务，刺探情报，带领日军扫荡长城沿线根据地，破坏我方基层组织唐山党史网。],MEDIUM,扫荡,,伪职：本地干部叛变投敌；充当特务，刺探情报，带领日军扫荡长城沿线根据地，破坏我方基层组织唐山党史网。；结局：抗战期间陆续被锄奸 / 战后清算处决,充当特务，刺探情报，带领日军扫荡长城沿线根据地，破坏我方基层组织唐山党史网。,抗战期间陆续被锄奸 / 战后清算处决
高砚然,,,,[伪定县县长；多次写信诱降游击队长甄凤山，指挥伪警备队反复扫荡定县乡村。],MEDIUM,扫荡,,伪职：伪定县县长；多次写信诱降游击队长甄凤山，指挥伪警备队反复扫荡定县乡村。；结局：抗战胜利归案审判,多次写信诱降游击队长甄凤山，指挥伪警备队反复扫荡定县乡村。,抗战胜利归案审判
高砚然,,,,[继任伪正定县知事，多次写信诱降我方游击队长甄凤山，指挥伪警备队下乡 “清剿”。],MEDIUM,清剿,,伪职：继任伪正定县知事，多次写信诱降我方游击队长甄凤山，指挥伪警备队下乡 “清剿”。；结局：抗战胜利归案审判,伪职：继任伪正定县知事，多次写信诱降我方游击队长甄凤山，指挥伪警备队下乡 “清剿”。,抗战胜利归案审判
高砚然,,,,[继任伪正定县知事，多次写信诱降我方游击队长甄凤山，指挥伪警备队下乡 “清剿”。],MEDIUM,清剿,,伪职：继任伪正定县知事，多次写信诱降我方游击队长甄凤山，指挥伪警备队下乡 “清剿”。；结局：抗战胜利归案审判,伪职：继任伪正定县知事，多次写信诱降我方游击队长甄凤山，指挥伪警备队下乡 “清剿”。,抗战胜利归案审判
高鑑,平湖县城,浙江,嘉兴,[平湖治安维持会会长、伪平湖县知事],MEDIUM,扫荡、清乡,,伪职：平湖治安维持会会长、伪平湖县知事；罪行：平湖沦陷头号汉奸，组建伪维持会，建立伪县公署，发放良民证，强征粮饷，配合日军清乡扫荡城乡。；结局：抗战胜利后汉奸审判判处死刑。,罪行：平湖沦陷头号汉奸，组建伪维持会，建立伪县公署，发放良民证，强征粮饷，配合日军清乡扫荡城乡。,抗战胜利后汉奸审判判处死刑。
高鸿基,沧县大官厅高蔡村,河北,沧州,[伪沧县警备大队长；《烈火金刚》高铁杆原型，铁杆汉奸，反复扫荡建国县、沧县乡村，残害大量干部群众，血债累累。],MEDIUM,扫荡,,伪职：伪沧县警备大队长；《烈火金刚》高铁杆原型，铁杆汉奸，反复扫荡建国县、沧县乡村，残害大量干部群众，血债累累。；结局：解放后镇反公审枪决,《烈火金刚》高铁杆原型，铁杆汉奸，反复扫荡建国县、沧县乡村，残害大量干部群众，血债累累。,解放后镇反公审枪决
魏老乔,南宫,河北,邢台,[伪南宫警备大队长；伪军主力，多次出城扫荡。],MEDIUM,扫荡,,伪职：伪南宫警备大队长；伪军主力，多次出城扫荡。；结局：南宫解放被俘处决,伪军主力，多次出城扫荡。,南宫解放被俘处决
魏老聪,柏乡,河北,邢台,[伪柏乡警备大队长；出城扫荡，迫害抗日家属。],MEDIUM,扫荡,,伪职：伪柏乡警备大队长；出城扫荡，迫害抗日家属。；结局：柏乡解放被俘处决,出城扫荡，迫害抗日家属。,柏乡解放被俘处决
魏花狗,长治府城,山西,长治,[宪兵队便衣特务（四大汉奸之一）],MEDIUM,扫荡,,伪职：宪兵队便衣特务（四大汉奸之一）；罪行：随同日军下乡扫荡，残害百姓，抓捕群众。日本投降后潜逃，后被抓捕归案处决。；结局：抓获后公审枪决,罪行：随同日军下乡扫荡，残害百姓，抓捕群众。日本投降后潜逃，后被抓捕归案处决。,抓获后公审枪决
魏花狗,长治府城,山西,长治,[宪兵队便衣特务（四大汉奸之一）],MEDIUM,扫荡,,伪职：宪兵队便衣特务（四大汉奸之一）；罪行：随同日军下乡扫荡，残害百姓，抓捕群众。日本投降后潜逃，后被抓捕归案处决。；结局：抓获后公审枪决,罪行：随同日军下乡扫荡，残害百姓，抓捕群众。日本投降后潜逃，后被抓捕归案处决。,抓获后公审枪决
鲍凤鸣,喀喇沁,内蒙古,赤峰,[伪喀喇沁讨伐队队长；常驻王爷府，扫荡小牛群、大庙一带山区。],MEDIUM,扫荡,,伪职：伪喀喇沁讨伐队队长；常驻王爷府，扫荡小牛群、大庙一带山区。；结局：1944 被武工队锄奸击毙,常驻王爷府，扫荡小牛群、大庙一带山区。,1944 被武工队锄奸击毙
鹏飞,满族,,,[伪朝阳警备地区司令官，伪满少将],MEDIUM,扫荡,,伪职：伪朝阳警备地区司令官，伪满少将；罪行：伪军混成第三旅旅长，驻防朝阳；指挥伪军在朝阳、北票、建平扫荡义勇军，参与治安肃正。后因被日本人怀疑内心不满，遭日本人暗算死亡。；结局：被日方暗害。,指挥伪军在朝阳、北票、建平扫荡义勇军，参与治安肃正。后因被日本人怀疑内心不满，遭日本人暗算死亡。,被日方暗害。
黄功灼等5人,赣北（九江及周边）,江西,九江,[地方汉奸、地主土劣],MEDIUM,扫荡,,伪职：地方汉奸、地主土劣；罪行：卖国求荣，为日军提供情报、带路扫荡、祸害当地百姓；结局：被赣北抗日游击队依法镇压处决（来源：赣北地区基层汉奸代表，史料仅记载姓名及被处决事实）,罪行：卖国求荣，为日军提供情报、带路扫荡、祸害当地百姓,被赣北抗日游击队依法镇压处决（来源：赣北地区基层汉奸代表，史料仅记载姓名及被处决事实）
黄大伟,湖北,湖北,,"[军长, 司令, 总司令]",MEDIUM,刺杀,,伪任职务：伪闽粤边区绥靖总司令，盘踞粤东，收编潮汕土匪伪军。结局：1944 年在上海被军统刺杀,伪任职务：伪闽粤边区绥靖总司令，盘踞粤东，收编潮汕土匪伪军。结局：1944 年在上海被军统刺杀,1944 年在上海被军统刺杀
黄宗南,芜湖城内,安徽,芜湖,[伪保安一中队中队长],MEDIUM,扫荡,,伪职：伪保安一中队中队长；罪行：伪军主力，驻守伪县政府鼓楼，维护城区伪统治，下乡参与扫荡。；结局：战后被俘惩处。,罪行：伪军主力，驻守伪县政府鼓楼，维护城区伪统治，下乡参与扫荡。,战后被俘惩处。
黄希文,,,,[伪磁县县长（知事）；精通日语，推行奴化教育，掠夺彭城陶瓷资源，组织伪警备队扫荡磁西山区。],MEDIUM,扫荡,,伪职：伪磁县县长（知事）；精通日语，推行奴化教育，掠夺彭城陶瓷资源，组织伪警备队扫荡磁西山区。；结局：抗战胜利逮捕，判处长期监禁,精通日语，推行奴化教育，掠夺彭城陶瓷资源，组织伪警备队扫荡磁西山区。,抗战胜利逮捕，判处长期监禁
黄希文,,,,[伪磁县县长（知事），精通日语；编纂伪磁县县志，推行奴化教育，管控彭城陶瓷产业为日军掠夺资源，组织伪警备队扫荡磁西山区根据地邯郸日报社。],MEDIUM,扫荡,,伪职：伪磁县县长（知事），精通日语；编纂伪磁县县志，推行奴化教育，管控彭城陶瓷产业为日军掠夺资源，组织伪警备队扫荡磁西山区根据地邯郸日报社。；结局：抗战胜利逮捕，判处长期监禁,编纂伪磁县县志，推行奴化教育，管控彭城陶瓷产业为日军掠夺资源，组织伪警备队扫荡磁西山区根据地邯郸日报社。,抗战胜利逮捕，判处长期监禁
黄希文,,,,[伪磁县县长（知事），精通日语；编纂伪磁县县志，推行奴化教育，管控彭城陶瓷产业为日军掠夺资源，组织伪警备队扫荡磁西山区根据地邯郸日报社。],MEDIUM,扫荡,,伪职：伪磁县县长（知事），精通日语；编纂伪磁县县志，推行奴化教育，管控彭城陶瓷产业为日军掠夺资源，组织伪警备队扫荡磁西山区根据地邯郸日报社。；结局：抗战胜利逮捕，判处长期监禁,编纂伪磁县县志，推行奴化教育，管控彭城陶瓷产业为日军掠夺资源，组织伪警备队扫荡磁西山区根据地邯郸日报社。,抗战胜利逮捕，判处长期监禁
黄新农,滁县城关,安徽,滁州,[伪滁县维持会会长、首任伪滁县知事（县长）],MEDIUM,扫荡,,伪职：伪滁县维持会会长、首任伪滁县知事（县长）；罪行：滁县头号汉奸，出城迎接日军入城；霸占大成面粉厂，克扣难民粮食 90 万斤；强掳妇女设立慰安所；多次充当向导带日军下乡扫荡，残害百姓。；结局：1951 年公审枪决。,多次充当向导带日军下乡扫荡，残害百姓。,1951 年公审枪决。
黄玉树,湄洲??乌丘海域,福建,莆田,[伪和平救国军支队头目],MEDIUM,烧杀,,伪职：伪和平救国军支队头目；罪行：海匪出身，受日军收编，在莆田沿海烧杀抢劫，逼迫沿海百姓缴纳伪捐，贩卖毒品毒害沿海乡村。；结局：抗战胜利后溃散，解放后被镇压。,罪行：海匪出身，受日军收编，在莆田沿海烧杀抢劫，逼迫沿海百姓缴纳伪捐，贩卖毒品毒害沿海乡村。,抗战胜利后溃散，解放后被镇压。
黄莲舫,福建龙溪（漳州）,福建,漳州,[军长],MEDIUM,刺杀,,伪任职务：伪厦门新华同盟会副会长、伪华侨公会会长，策划引日军进犯闽南东山、平潭。结局：1939 年在鼓浪屿被军统刺杀身亡,伪任职务：伪厦门新华同盟会副会长、伪华侨公会会长，策划引日军进犯闽南东山、平潭。结局：1939 年在鼓浪屿被军统刺杀身亡,1939 年在鼓浪屿被军统刺杀身亡
黄阿宝,绍兴、上虞、嵊县交界（孙端、谷来）,浙江,绍兴,[汪伪独立第一旅旅长，浙东自卫总队司令],MEDIUM,烧杀、扫荡,,伪职：汪伪独立第一旅旅长，浙东自卫总队司令；罪行：土匪出身投敌，伪军千余人，在绍虞嵊三县烧杀劫掠，配合日军下乡扫荡，残害地方百姓；日寇投降后改换旗号混迹忠义救国军，后卷入荣德生绑架案抖音百科。；结局：1948 年捕获，后处决。,罪行：土匪出身投敌，伪军千余人，在绍虞嵊三县烧杀劫掠，配合日军下乡扫荡，残害地方百姓,1948 年捕获，后处决。
黄阿宝,绍兴、上虞、嵊县交界（孙端、谷来）,浙江,绍兴,[汪伪独立第一旅旅长，浙东自卫总队司令],MEDIUM,烧杀、扫荡,,伪职：汪伪独立第一旅旅长，浙东自卫总队司令；罪行：土匪出身投敌，伪军千余人，在绍虞嵊三县烧杀劫掠，配合日军下乡扫荡，残害地方百姓；日寇投降后改换旗号混迹忠义救国军，后卷入荣德生绑架案抖音百科。；结局：1948 年捕获，后处决。,罪行：土匪出身投敌，伪军千余人，在绍虞嵊三县烧杀劫掠，配合日军下乡扫荡，残害地方百姓,1948 年捕获，后处决。
齐万才,隆化,河北,承德,[伪隆化讨伐队头目；盘踞隆化县城、张三营，下乡烧杀抢掠。],MEDIUM,烧杀、烧杀抢掠,,伪职：伪隆化讨伐队头目；盘踞隆化县城、张三营，下乡烧杀抢掠。；结局：解放后镇反处决,盘踞隆化县城、张三营，下乡烧杀抢掠。,解放后镇反处决
齐子修,博野籍,河北,保定,[伪蠡县警备司令；五一大扫荡后盘踞蠡县，残害冀中抗日军民。],MEDIUM,扫荡,,伪职：伪蠡县警备司令；五一大扫荡后盘踞蠡县，残害冀中抗日军民。；结局：日本投降后被国民党收编，解放后抓获处决,五一大扫荡后盘踞蠡县，残害冀中抗日军民。,日本投降后被国民党收编，解放后抓获处决
龚玺揆,滁县全县,安徽,滁州,[汪伪第二任滁县县长],MEDIUM,扫荡,,伪职：汪伪第二任滁县县长；罪行：接续伪县政，强化保甲、良民证，横征暴敛，扩充伪警察、密探队，配合日军对珠龙、腰铺、黄泥岗扫荡。；结局：抗战胜利后肃奸判处死刑。,罪行：接续伪县政，强化保甲、良民证，横征暴敛，扩充伪警察、密探队，配合日军对珠龙、腰铺、黄泥岗扫荡。,抗战胜利后肃奸判处死刑。
