name,guid,period_start,period_end,harm_level,harm_name,source,crimes
黄金荣门徒（具体姓名不详）,ef74c6a1-9f66-4cfc-9b08-0c48d1697f81,1938,1945,D,丁级,hanjian,在杨浦区收取保护费，为日伪维持黑道秩序。
杜月笙门徒（具体姓名不详）,d94ae102-0175-4801-91ed-0eb1025b65e7,1940,1945,D,丁级,hanjian,在杨浦区参与日伪经济统制，倒卖物资。
张啸林门徒（具体姓名不详）,6df4221a-d9f2-4395-b77c-c4375d358570,1938,1940,C,丙级,hanjian,在杨浦区协助日军建立维持会，欺压百姓。
李士群下属（具体姓名不详）,cceae8b5-4f94-4522-84ea-d47bd1bb112a,1939,1943,D,丁级,hanjian,在杨浦区监视工厂工人，报告抗日活动。
丁默邨下属（具体姓名不详）,6049acda-e7be-4a17-93b7-45379161c371,1939,1940,D,丁级,hanjian,在杨浦区参与暗杀爱国人士。
周佛海下属（具体姓名不详）,6df591e0-5b51-41bb-bd66-2aa4279990e4,1944,1945,D,丁级,hanjian,在杨浦区征收“和平捐”，搜刮民财。
陈公博下属（具体姓名不详）,842542ee-1543-42b6-bf75-7f9e42a6725a,1940,1944,D,丁级,hanjian,在杨浦区张贴日伪标语，组织“庆祝”活动。
吴颂皋下属（具体姓名不详）,655a456e-3738-42b8-86c7-55aaa23317f9,1940,1943,D,丁级,hanjian,在杨浦区街头盘查行人，搜捕抗日分子。
卢英下属（具体姓名不详）,62c5fb71-4961-41c1-9f33-a9f3a8e8e548,1941,1945,D,丁级,hanjian,在杨浦区混入工人中刺探情报。
潘达下属（具体姓名不详）,b0b99a66-30b9-4042-871e-e6345ff4b31b,1942,1945,D,丁级,hanjian,在杨浦区办理汉奸户籍登记，协助保甲。
张德钦下属（具体姓名不详）,3761abd6-f6a8-4b45-9387-ffcfaf3af133,1943,1945,D,丁级,hanjian,在杨浦区挨户收税，勒索平民。
袁履登下属（具体姓名不详）,84b22615-d3f2-4937-9e26-104894e6cba7,1940,1945,D,丁级,hanjian,在杨浦区组织商人向日军献金。
闻兰亭下属（具体姓名不详）,6bc8b508-e226-4b03-aa7f-6bae0e31a5a8,1941,1945,D,丁级,hanjian,在杨浦区强迫工厂加入日伪工会。
林康侯下属（具体姓名不详）,e3b5c53d-f185-4a66-a596-c0f3d735eeea,1942,1945,D,丁级,hanjian,在杨浦区兑换军用票，掠夺百姓财产。
唐寿民下属（具体姓名不详）,5200b0a7-c42c-417a-80d3-9b3aea2c7c44,1943,1945,D,丁级,hanjian,在杨浦区管理日军物资运输。
周作民下属（具体姓名不详）,53ae43ed-8c43-40ad-9108-e5d56c4941d8,1943,1945,C,丙级,hanjian,在杨浦区保管日伪掠夺的黄金。
陈群下属（具体姓名不详）,1c12374b-5e30-42ae-be73-050c7c0d0aa0,1940,1943,C,丙级,hanjian,在杨浦区办理“良民证”，限制居民自由。
梅思平下属（具体姓名不详）,d41cd145-5f7e-488d-a1f9-24da2f04d8cd,1940,1943,D,丁级,hanjian,在杨浦区没收抗日物资，转交日军。
褚民谊下属（具体姓名不详）,7debd6fa-fa1b-4edc-8389-cae5bf76851d,1940,1945,C,丙级,hanjian,在杨浦区为日军与汉奸沟通充当翻译。
梁鸿志下属（具体姓名不详）,7f525a07-4d34-4043-84e6-10541a897513,1938,1940,C,丙级,hanjian,在杨浦区组织“欢迎日军”活动。
温宗尧下属（具体姓名不详）,94b8f4fc-4afe-4b3a-9154-7c80b148b888,1938,1940,D,丁级,hanjian,在杨浦区起草汉奸法规。
陈中孚下属（具体姓名不详）,c4dc4a71-7506-4b7f-a7f4-c9c4152d24aa,1938,1940,D,丁级,hanjian,在杨浦区训练伪警察。
任援道下属（具体姓名不详）,2c31da9d-cbb2-429e-85c2-44db25086fa6,1938,1940,D,丁级,hanjian,在杨浦区驻防，镇压工人。
高冠吾下属（具体姓名不详）,fb8a5df3-e544-41c7-98ce-6fd3c4c9eb56,1940,1943,C,丙级,hanjian,在杨浦区协助推行保甲。
李圣五下属（具体姓名不详）,a3cecf42-833e-4827-92c6-ddd4eff57eba,1940,1944,D,丁级,hanjian,在杨浦区学校教日语，灌输奴化思想。
樊仲云下属（具体姓名不详）,6d6b34c8-ca61-4f5c-8150-a8ec5766fcb0,1941,1945,D,丁级,hanjian,在杨浦区高校宣传“和平运动”。
赵叔雍下属（具体姓名不详）,d1f824ec-978c-4adf-8c3e-de869d206f3a,1942,1945,D,丁级,hanjian,在杨浦区组织汉奸文艺演出。
柳雨生下属（具体姓名不详）,a48593d5-8d57-45f7-b5a5-4b70284981c7,1943,1945,D,丁级,hanjian,在杨浦区查禁抗日传单。
金雄白下属（具体姓名不详）,54a6b02b-74d5-4437-b138-3df24bd7e904,1940,1945,D,丁级,hanjian,在杨浦区采访并美化日军暴行。
朱朴下属（具体姓名不详）,6ffbd65e-da21-4238-8234-c48058bfecf9,1941,1945,D,丁级,hanjian,在杨浦区编辑汉奸刊物。
陈彬和下属（具体姓名不详）,a275564e-3b5c-4137-acd5-61fe02d6db2a,1941,1945,D,丁级,hanjian,在杨浦区街头贩卖汉奸报纸。
许念曾下属（具体姓名不详）,f868d649-a8ec-478f-a9e7-eafd0c844318,1942,1945,D,丁级,hanjian,在杨浦区广播日伪新闻。
张一鹏下属（具体姓名不详）,5fd663f4-fc99-469d-9c0e-74c5f1c03447,1941,1945,D,丁级,hanjian,在杨浦区为汉奸辩护。
吴凯声下属（具体姓名不详）,3275f306-4fef-4e13-a417-199910e7d3b0,1940,1945,D,丁级,hanjian,在杨浦区法院记录伪审判。
郁华下属（具体姓名不详）,78059feb-7588-48c4-82fe-3ac6eed76af8,1941,1945,D,丁级,hanjian,在杨浦区逮捕抗日人士。
陈伯藩下属（具体姓名不详）,79e82981-5cb1-4ed3-9311-0b0d3516b2fd,1942,1945,D,丁级,hanjian,在杨浦区协助审判。
周越然下属（具体姓名不详）,5cfde12c-119f-4271-88a9-f01e0af55901,1943,1945,D,丁级,hanjian,在杨浦区检查学校。
徐朗西下属（具体姓名不详）,62305894-5c81-4d1f-bb1a-44f0f124e9c3,1942,1945,D,丁级,hanjian,在杨浦区招募青年当伪军。
陈日平下属（具体姓名不详）,f2c2d9a4-e7ad-4cd7-8bdc-66d6eb00bb68,1943,1945,D,丁级,hanjian,在杨浦区组织妇女慰劳日军。
黄大伟下属（具体姓名不详）,8d99fffa-422a-4856-a40c-6b2e2033b071,1941,1945,D,丁级,hanjian,在杨浦区巡逻。
刘德裕下属（具体姓名不详）,d9501f61-284f-46ab-b83c-391c6adde111,1940,1945,D,丁级,hanjian,在杨浦区收集情报。
马啸天下属（具体姓名不详）,f536f28d-d000-4948-ac28-c210a1b153a1,1940,1943,D,丁级,hanjian,在杨浦区殴打抗日群众。
杨杰下属（具体姓名不详）,12e709be-5ff9-428c-b6dc-bb4b84a8802a,1942,1945,D,丁级,hanjian,在杨浦区监视居民。
王天木下属（具体姓名不详）,ebfea9aa-eb7e-4676-9d57-c0bed2abbfe4,1939,1943,D,丁级,hanjian,在杨浦区传递情报。
陈恭澍下属（具体姓名不详）,a3d03ad8-72f1-4067-b471-76aa65ed3f4f,1941,1945,D,丁级,hanjian,在杨浦区指认抗日分子。
李开峰下属（具体姓名不详）,2f168c87-150e-49ae-bcd7-8bd26fd5d78f,1942,1945,D,丁级,hanjian,在杨浦区码头鞭打工人。
张阿福下属（具体姓名不详）,ea91c934-4c61-4efa-9bfb-014f1bda18ce,1943,1945,D,丁级,hanjian,在杨浦区工厂举报工人。
陈小毛下属（具体姓名不详）,7df23035-cece-4b4f-aa66-c3e125b7d0a4,1940,1945,D,丁级,hanjian,在杨浦区抓人。
周桂生下属（具体姓名不详）,79e83f53-9534-40a5-ba2a-3d0237f84fdb,1942,1945,D,丁级,hanjian,在杨浦区囤积居奇。
吴锦堂下属（具体姓名不详）,32a5bcbd-15c5-4105-a1f7-388798485b98,1943,1945,D,丁级,hanjian,在杨浦区纺织厂压榨工人。
沈九成下属（具体姓名不详）,b0702695-c9b0-48b6-9bf9-6e7dff531796,1942,1945,D,丁级,hanjian,在杨浦区卖烟给日军。
黄文植下属（具体姓名不详）,ad0dd21f-e523-4867-9977-c036f4b8da2e,1941,1945,D,丁级,hanjian,在杨浦区码头为日军卸货。
陈德铭下属（具体姓名不详）,69db9f6e-111b-43fe-a21c-1ce54fb05987,1942,1945,D,丁级,hanjian,在杨浦区为日军修电路。
徐采丞下属（具体姓名不详）,a0027fb7-37f3-4289-bb30-f02e9d651e5e,1943,1945,D,丁级,hanjian,在杨浦区为日军装水管。
刘建绪下属（具体姓名不详）,993b93ed-05b9-4f0a-8ad1-ff1f578411be,1942,1945,D,丁级,hanjian,在杨浦区为日军供气。
王伯元下属（具体姓名不详）,deefff7d-0a32-47ac-a9a9-cb8757b7cf9d,1941,1945,D,丁级,hanjian,在杨浦区强租民房。
朱斗文下属（具体姓名不详）,5436a3f8-1694-4f1a-b71a-c65cd685fe58,1940,1945,D,丁级,hanjian,在杨浦区卖鸦片。
陈公哲下属（具体姓名不详）,d8daae51-233d-4baf-9806-a5ffa12703b2,1941,1945,D,丁级,hanjian,在杨浦区开赌。
张阿六（张惠芳）,fad70e31-9fc5-4362-afdc-9d571ead0efd,1938,1945,D,丁级,hanjian,原为地方流氓，投日后组织伪保安队，在浦东川沙、南汇一带为日军充当鹰犬，欺压百姓，袭击抗日游击队。
李根源（被日方试图拉拢对象，未附逆）,04ffa2f5-2e5c-4875-b09f-880fa8ef7661,1942,1944,D,丁级,hanjian,日方曾试图拉拢其合作，但李根源坚持抗日，未附逆，此条仅作排除说明。
杨某（佚名）,131030b5-5489-4b08-a522-2ffad81b70b1,1940,1945,C,丙级,hanjian,抗战后期昆明周边曾出现日伪渗透与维持会活动传闻，但云南地处大后方，未沦陷，故无成体系伪政权；相关人物多无明确档案记载。
昆明伪维持会相关人物（姓名待考）,6158b0cb-7eab-425c-8ef4-95eb9002f022,1940,1945,C,丙级,hanjian,昆明作为大后方，未沦陷，无公开伪政权。但日伪特务曾潜入昆明进行活动，相关附逆者史料零散，难以列出具体姓名。
晋宁地区附逆者（姓名待考）,e6b855fb-af9b-4930-a2fd-bbd6a9a8cf58,1940,1945,D,丁级,hanjian,晋宁未沦陷，无公开伪政权。个别地方保甲长在日机轰炸或特务渗透中有妥协行为，但无可靠姓名记载。
龙云（附逆传闻相关者）,99007739-e6e3-416e-9acc-e7d6c7606c0a,1931,1945,D,丁级,hanjian,龙云主政云南期间坚持抗日，未任伪职；此条仅因部分民间传闻涉及昆明地区附逆线索而列，但无可靠史料证明其为汉奸。
卢汉（附逆传闻相关者）,6ed8026c-12d4-44f5-badc-34b566ef8774,1931,1945,D,丁级,hanjian,卢汉率滇军出滇抗战，无可靠史料证明其附逆；此条仅作辨析性列入，不应视为汉奸。
杨某（佚名）,e7f42b1f-8fab-4712-ac46-cf8c293644cf,1942,1944,D,丁级,hanjian,地方志中提及曲靖沦陷区有伪警察头目为日军搜集情报、抓捕抗日人员，但具体姓名缺失。
李某（佚名）,945d8aa2-ad77-43d2-8835-4889812c927a,1942,1944,D,丁级,hanjian,部分保甲长在日军占领期间被迫或主动为日伪征粮、派款、带路，战后多被追究。
赵某（佚名）,1e85f023-49df-4334-bd7f-077d3aa25d08,1942,1944,D,丁级,hanjian,在沦陷区推行奴化教育，改编教材，宣传“大东亚共荣圈”。
钱某（佚名）,71f9179d-875c-40a6-a425-ee45d37304b3,1942,1944,C,丙级,hanjian,为日军筹款、征购物资，协助经济掠夺。
孙某（佚名）,73f0092b-4b16-4900-a65e-70c48c34ba5f,1942,1944,D,丁级,hanjian,组织伪军配合日军扫荡，袭击抗日游击队。
王某（佚名）,5783fc5c-9a2e-48be-a981-42b22bca5018,1942,1944,C,丙级,hanjian,负责登记户口、发放“良民证”，协助日军控制基层。
周某（佚名）,b9a9d6ec-8b8c-440e-85d4-ce902f814918,1942,1944,D,丁级,hanjian,控制物资流通，为日军收购粮食、矿产。
吴某（佚名）,bda560fe-e982-408c-9d2d-1812645e0dec,1942,1944,C,丙级,hanjian,率部投敌，配合日军维持治安，镇压抗日民众。
郑某（佚名）,03c79019-6183-42a8-9645-abfb261e18e6,1942,1944,C,丙级,hanjian,为日军审讯、劝降抗日人员提供翻译服务。
冯某（佚名）,bfc01e63-b932-48b2-929d-8dde865a4520,1942,1944,C,丙级,hanjian,在日军占领下出任伪区长，征粮派夫，压制抗日活动。
德穆楚克栋鲁普（德王）,ac999d87-46c8-4672-9ce9-4747cc633dff,1933,1945,S,特级,hanjian,虽为察哈尔部贵族，但其伪政权势力覆盖乌兰察布地区，在四子王旗、达尔罕茂明安联合旗等地设立伪行政机构，为日军提供兵员和物资，协助日军统治蒙汉民众。；蒙古王公，长期策划“蒙古独立”，1936年成立伪蒙古军政府，1939年任伪蒙疆政府主席，其势力覆盖乌兰察布、兴和地区，为日军提供兵员和情报，镇压抗日活动。；蒙古王公，投靠日本，建立伪蒙政权，其势力范围包括乌兰察布盟及凉城一带，配合日军“治安肃正”，征粮抓丁，迫害抗日军民。；蒙古王公，策划内蒙古独立，投靠日本，建立伪蒙政权，其势力范围包括乌兰察布、商都地区，推行日伪统治，协助日军掠夺资源。；内蒙古王公贵族，积极投靠日本，策划内蒙古独立，在乌海、海勃湾一带推行日伪统治，组织伪蒙古军，协助日军控制河套及鄂尔多斯地区，对抗中国抗日武装。；内蒙古王公，策划内蒙古独立，1936年成立伪蒙古军政府，后与日军合作，在包头、九原地区推行殖民统治，建立伪政权机构，协助日军征兵征粮。；领导内蒙古西部（包括包头、石拐地区）的伪蒙政权，与日军合作，组织伪蒙古军，实施奴化教育，配合日军经济掠夺。；在内蒙古地区策划“蒙古自治运动”，投靠日本关东军，建立伪蒙政权，配合日军统治和掠夺内蒙古资源，组织伪蒙古军协助日军作战。；内蒙古王公，积极策划内蒙古独立，投靠日本，建立伪蒙疆政权，配合日军统治绥远、察哈尔等地，推行奴化政策。；蒙古王公，1936年在日军扶植下成立伪蒙古军政府，后任伪蒙疆政权首脑，在呼和浩特、托克托地区推行日伪统治，协助日军清乡、征粮、抓捕抗日人士。；蒙古王公，在日本扶持下建立伪蒙政权，首府设于归绥（今呼和浩特），在新城地区推行奴化教育，为日军提供兵员和物资，协助日军统治绥远。；蒙古王公，在日本扶植下建立伪蒙政权，其势力范围涵盖呼和浩特、清水河等地，推行奴化教育，为日军提供兵员和物资，协助日军清剿抗日武装。；内蒙古王公贵族，全面投靠日本，在呼和浩特（归绥）建立伪蒙疆政权，推行奴化教育，配合日军“治安强化”运动，迫害抗日军民，其伪政府机构曾驻于旧城（今玉泉区一带）。；内蒙古王公贵族，积极投靠日本，在呼和浩特（归绥）及周边地区建立伪政权，配合日军“以蒙治蒙”策略，组织伪蒙古军，协助日军清剿抗日武装，推行奴化教育。；蒙古王公，积极投靠日本，建立伪蒙政权，其势力范围涵盖绥西地区，支持日军在临河等地设立伪警察署和保甲制度，镇压抗日活动，强征粮草。；蒙古族王公，投靠日本后建立伪蒙政权，其行政管辖名义上包括五原地区，支持日军在绥西的军事行动，并推行奴化教育。；蒙古王公，积极投靠日本，策划内蒙古独立，建立伪蒙政权，其势力范围包括巴彦淖尔地区，支持日军对绥西的军事行动，推行奴化政策。；蒙古王公，与日军合作，在内蒙古地区建立伪政权，其势力范围涉及通辽一带，推行奴化教育，配合日军经济掠夺和军事统治。；在鄂尔多斯及内蒙古西部策划“蒙古独立”，投靠日本关东军，建立伪蒙政权，配合日军对伊克昭盟（今鄂尔多斯）进行殖民统治和军事镇压。；蒙古王公，1936年成立伪蒙古军政府，1939年任伪蒙疆联合自治政府主席，控制张家口及察哈尔地区，为日本殖民统治服务。；蒙古王公，策划内蒙古独立，1936年投日，建立伪蒙古军政府，后任伪蒙疆联合自治政府主席，管辖张家口、张北等地，推行日伪殖民政策。；察哈尔部蒙古王公，1933年策动“内蒙古自治运动”，后与日军合作，在张家口成立伪蒙疆政权，统治察北地区，配合日军“治安肃正”和物资掠夺。；蒙古王公，投靠日本，在张家口成立伪蒙疆政权，其势力范围包括赤城地区，推行奴化政策，协助日军镇压抗日力量。
陈长捷（注：非汉奸，但曾短暂与伪军合作，此处不列）,016afb79-5376-4dac-aea0-3f58e64faf30,,,D,丁级,hanjian,
德穆楚克栋鲁普（德王）,63855ed2-4726-4041-8b07-8640c2c94b56,1933,1945,S,特级,hanjian,蒙古王公，长期与日本关东军勾结，在乌兰察布地区推行“蒙古自治”，建立伪政权，为日军提供兵员和情报，协助统治当地。；蒙古王公，策划内蒙古独立，与日本关东军合作，在包头及周边推行伪蒙疆政权，为日军提供兵员和情报，协助统治占领区。；锡林郭勒盟苏尼特右旗札萨克郡王，抗战期间与日军合作，建立伪蒙疆政权，其统治范围包括绥远西部（含巴彦淖尔地区），推行伪蒙疆自治。；在日本扶持下建立伪蒙政权，其势力范围延伸至宁夏北部和贺兰山地区，配合日军对宁夏进行政治渗透和军事骚扰。；蒙古王公，在日军扶植下于张家口成立伪蒙古军政府及伪蒙疆联合委员会，推行奴化教育，协助日军掠夺资源，是蒙疆地区最高傀儡首领。；蒙古王公，在张家口成立伪蒙疆政权，与日军合作，推行殖民统治，为日军提供兵员和物资，镇压抗日活动。
赵承绶（投日时期）,bf01890a-c5ea-4269-8797-c228c701710e,1939,1940,D,丁级,hanjian；traitors,原晋绥军将领，一度与日军合作，其部队活动于绥南（含凉城），参与对八路军游击区的“围剿”。
门炳岳（投日时期）,5de24fcb-9b8e-4c23-b953-e7c0cf3adeee,1938,1940,D,丁级,hanjian；traitors,原国民党军官，投日后在凉城、和林格尔一带组织伪军，协助日军建立据点，破坏抗日交通线。
德穆楚克栋鲁普（德王）,987159c2-f28c-4766-a217-157cc90b914d,1933,1945,S,特级,hanjian,在化德（当时称嘉卜寺）建立伪蒙古军政府，后任蒙疆联合自治政府主席，积极投靠日本，组织伪蒙古军配合日军进攻绥远等地。；在四子王旗及乌兰察布地区推行亲日政策，组织蒙古军配合日军侵略，建立伪蒙疆政权，分裂中国领土。；在察哈尔右翼后旗及周边地区推行日本殖民政策，组织伪蒙疆政权，协助日军镇压抗日力量，强征劳工和物资；在察哈尔、绥远（含今乌兰察布地区）组织蒙古自治运动，投靠日本，建立蒙疆政权，配合日军统治与掠夺资源。；在乌兰浩特及兴安盟地区推行亲日政策，组建蒙疆政权，配合日军统治内蒙古东部地区，镇压抗日力量。；在内蒙古地区策划‘蒙古自治运动’，投靠日本，建立蒙疆政权，配合日军统治内蒙古中西部，包括呼伦贝尔周边地区；在内蒙古地区策划‘蒙古自治运动’，投靠日本，建立蒙疆政权，配合日军统治绥远（含今巴彦淖尔地区），推行奴化政策。；在锡林郭勒盟（含今二连浩特地区）发起‘蒙古自治运动’，后投靠日本，建立蒙疆政权，配合日军统治内蒙古地区。
德穆楚克栋鲁普（德王）,ddb14421-58ee-4065-b46c-cafe7dd2516b,1933,1945,S,特级,hanjian,蒙古族王公，组织伪蒙疆政权，与日军合作，在乌兰察布、卓资一带推行殖民统治，征粮征兵，协助日军清剿抗日武装。；蒙古王公，策划内蒙古独立，投靠日本，建立伪蒙疆政权，其势力范围包括乌海周边地区，协助日军统治和殖民掠夺。；在内蒙古地区组织伪蒙政权，与日本关东军合作，推行“蒙疆自治”，协助日军统治内蒙古中西部，但未直接管辖兴安、阿尔山地区，主要活动于锡林郭勒、乌兰察布等地。；蒙古王公，策划内蒙古独立，与日军合作成立伪蒙疆政权，管辖包括包头在内的绥远地区，推行奴化教育，协助日军统治。；蒙古王公，与日军合作建立伪蒙疆政权，其势力范围覆盖包头、东河地区，推行奴化教育，为日军提供情报和物资支持。；蒙古王公，与日军合作建立伪蒙疆政权，其势力范围包括包头、固阳等地，推行日伪统治，征粮派款，协助日军清剿抗日游击队。；虽为察哈尔部贵族，但长期在土默特右旗及包头地区活动，与日军合作，建立伪蒙疆政权，推行“蒙独”分裂活动，为日军提供兵源和情报。；蒙古王公，日本扶植的蒙疆政权首脑，其势力范围包括包头、昆都仑地区，推行日伪统治，协助日军镇压抗日力量。；蒙古王公，在日本扶植下成立伪蒙疆政权，管辖包括包头、白云鄂博在内的绥远地区，推行奴化教育，协助日军控制矿产和交通线。；蒙古王公，组织伪蒙疆政权，与日军合作，在内蒙古地区推行殖民统治，其势力范围曾延伸至呼伦贝尔西部边缘，配合日军“治安肃正”。；蒙古王公，在日本扶植下成立伪蒙疆政权，首府驻张家口，但势力范围涵盖呼和浩特及绥远地区，推行亲日政策，协助日军统治。；蒙古王公，策划内蒙古独立，后投靠日本，建立伪蒙疆政权，在呼和浩特（归绥）设立伪政府机构，推行奴化教育，协助日军掠夺资源。；蒙古王公，与日本合作建立伪蒙疆政权，其势力范围覆盖土默特左旗，推行奴化教育，为日军提供情报和兵源。；蒙古族贵族，与日本合作建立“蒙疆政权”，其势力范围包括乌拉特前旗一带，推行奴化教育，为日军提供兵员和物资，协助日军控制河套地区。；虽主要活动于锡林郭勒，但其伪蒙疆政权势力延伸至奈曼旗、通辽一带，支持伪军和特务机构在该地区镇压抗日活动。；蒙古王公，投日建立伪蒙疆政权，其势力范围涉及河北北部（张家口、承德一带），配合日军控制长城沿线。；蒙古族王公，投靠日本，建立伪蒙疆政权，其势力范围包括大同、浑源等晋北地区，协助日军统治和掠夺资源。；在日本扶植下建立伪蒙疆政权，管辖包括张家口、下花园在内的察哈尔地区，推行奴化教育，配合日军经济掠夺和军事镇压。；领导伪蒙疆政权，管辖张家口、宣化等地，配合日军推行殖民统治，建立伪军和警察机构，迫害抗日民众。；在日军扶植下成立伪蒙疆政权，管辖张家口、崇礼等地，推行奴化教育，配合日军经济掠夺和军事镇压。；蒙古王公，与日军合作在张家口成立伪蒙疆政府，管辖包括康保在内的察哈尔地区，推行奴化教育，为日军提供兵员和物资。；蒙古族王公，在日本扶植下成立伪蒙疆政权，总部设于张家口，积极与日军合作，推行奴化教育，为日军提供兵源和物资。；蒙古王公，1936年在日军扶植下成立伪蒙古军政府，后任伪蒙疆联合自治政府主席，管辖张家口及怀安地区，推行奴化教育，协助日军掠夺资源，镇压抗日力量。；蒙古王公，1936年投日，在张家口成立伪蒙疆政府，管辖察哈尔（含怀来）等地，推行奴化教育，为日军提供兵员和物资，镇压抗日活动。；蒙古王公，在日本扶植下于张家口成立伪蒙疆政府，管辖察哈尔等地，在桥东地区设立伪机构，配合日军经济掠夺和殖民统治。；蒙古王公，在日本扶植下成立伪蒙疆政权，以张家口为重要活动中心，配合日军统治察哈尔、绥远等地，提供兵员和物资，协助日军清剿抗日武装。；在张家口建立伪蒙疆政权，与日军合作，推行奴化教育，为日军提供兵员和物资，是涿鹿地区伪政权的最高象征。；蒙古王公，在日军扶植下建立伪蒙疆政权，管辖张家口、大同、归绥等地，配合日军推行殖民统治，组织伪军协助日军作战。；蒙古王公，在日军扶植下成立伪蒙疆政权，管辖张家口及周边地区，推行奴化政策，协助日军统治。；与日本合作，其势力曾延伸至河北北部，间接影响秦皇岛地区
德穆楚克栋鲁普（德王）,0836ecbf-ff20-4514-99d3-bd1ff3a9f331,1936,1945,S,特级,hanjian,锡林郭勒盟苏尼特右旗人，蒙古王公。1936年成立伪蒙古军政府，1937年任伪蒙古联盟自治政府主席，1939年任伪蒙疆联合自治政府主席，统治范围包括乌兰察布盟、察哈尔盟等地，察哈尔右翼中旗在其伪政权管辖之下。
德穆楚克栋鲁普（德王）,26030254-77ea-467b-b4ca-57c88cf16cbe,1933,1945,S,特级,hanjian,在察哈尔右翼前旗及乌兰察布地区积极推行日本侵略者的“蒙疆自治”政策，组织伪蒙古军配合日军进攻抗日武装，并在当地实施殖民统治和奴化教育。；在乌拉特中旗及内蒙古西部策划“蒙古自治”，组建伪蒙古军，配合日军进攻绥远，建立傀儡政权，压迫抗日力量。
德穆楚克栋鲁普（德王）,4511f830-e18c-46d6-b4dd-a58ac6343c46,1936,1945,D,丁级,hanjian,在日军扶植下成立伪蒙古联盟自治政府，任主席，推行“蒙疆自治”，配合日本殖民统治，征发蒙汉民众为日军服务。；蒙古王公，1936年投日，组织伪蒙古军政府，后任伪蒙古联盟自治政府主席，与日军合作，在包头及内蒙古西部推行殖民政策，招募汉奸充实伪政权。；蒙古王公，与日军合作建立伪蒙政权，其势力范围包括武川地区，推行奴化教育，协助日军征粮征兵，镇压抗日活动。；蒙古王公，组织伪蒙古军政府，与日军合作控制察哈尔北部及沽源一带，推行奴化政策。
突泉县维持会会长（姓名待考）,a5338813-22d2-4a70-b8db-5937acb09f49,1932,1933,C,丙级,hanjian,九一八事变后，突泉县地方士绅组织维持会，迎接日军占领，协助建立伪政权，维持地方治安并征发物资。
突泉县伪县长（姓名待考）,801e2a5a-efe2-4935-870a-75c6b3191c72,1933,1945,C,丙级,hanjian,伪满洲国时期由日方委任的突泉县县长，推行保甲制、粮谷出荷、劳工征发等政策，配合日军在兴安南省西部的统治。
扎兰屯维持会会长（姓名待考）,37b084aa-cc5a-4162-a97f-010f90e4a24f,1932,1933,C,丙级,hanjian,扎兰屯地区在1932年日军占领后成立维持会，会长由当地士绅担任，协助日军维持地方秩序、征发物资，具体姓名史料记载不详。
扎兰屯伪警察署长（姓名待考）,b40aef9c-b170-412f-afd0-03a1c6821c7f,1932,1945,D,丁级,hanjian,伪满洲国在扎兰屯设立警察署，署长由当地人担任，负责地方治安、镇压抗日活动，具体姓名史料记载不详。
扎兰屯伪保甲长（姓名待考）,5ff7f63b-ad99-402c-8064-085db0d3fff2,1932,1945,D,丁级,hanjian,伪满洲国在扎兰屯推行保甲制度，保甲长负责户口管理、征发劳工、协助日军统治，具体姓名史料记载不详。
王明贵（伪满时期）,048589f4-13c7-44dd-bafa-78bcb7bd19c3,1940,1945,C,丙级,hanjian；traitors,汉族，原为地方土匪，投靠日军后任保安队长，在三河、室韦一带抓捕抗联交通员，协助日军建立“防谍网”。
陈长捷（注：此人为国民党将领，但曾与日伪有暧昧，需谨慎）,56cdf530-6191-4769-bee4-926840fb3b68,,,D,丁级,hanjian；traitors,
白凤翔（白三阎王）,909ebf24-f829-4f40-a542-b305233388a6,1938,1945,C,丙级,hanjian；traitors,随王英在乌拉特中旗一带活动，参与“清乡”行动，搜捕抗日分子，强征民夫，掠夺物资。
雄诺敦都布（雄王）,a11b0685-eb85-41d8-bad7-a67b61b69fb0,1937,1945,B,乙级,hanjian；traitors,在乌拉特中旗及乌拉特后旗一带活动，为日军提供情报，围剿抗日武装，推行“保甲制度”。
乌勒吉敖喜尔（后反正）,f91d0a24-ad7d-44fe-8e4d-ff8929095e54,1938,1945,B,乙级,hanjian；traitors,在乌拉特中旗驻防期间曾执行日军命令，参与对抗日根据地的封锁，但后期于1945年率部反正（仍列入前期汉奸行为）。
扎奇斯钦（札奇斯钦）,6647108d-7163-46b1-a8b4-6f91eead91e7,1939,1945,D,丁级,hanjian；traitors,参与伪蒙疆政权在乌拉特中旗的行政建设，协助推行奴化教育，宣传“日蒙亲善”。
孙殿英（注：此处为同名误记，实际为孙殿英在赤峰短暂活动，但非汉奸，故不列入）,64894ec2-7e50-4b61-94a1-072b6e401227,,,D,丁级,hanjian；traitors,
孙殿英（注：此人为军阀，但1933年后在热河有投日行为，需谨慎）,176ad4a9-2382-4710-a283-6ceeedc4c1c5,1933,1943,D,丁级,hanjian,虽主要活动在河北，但曾与日军勾结，在赤峰南部边境为日军提供情报，并收编伪军骚扰抗日武装。注：其投日行为存在争议，部分史料未完全确认。
德穆楚克栋鲁普（德王）,25b1dadd-0686-49f5-a3aa-796e5e145e78,1936,1945,S,特级,hanjian,锡林郭勒盟苏尼特右旗札萨克郡王，1936年在日本支持下成立伪蒙古军政府，后任伪蒙疆联合自治政府主席，其伪政权统治范围涵盖今内蒙古中东部包括赤峰部分地区，推行亲日卖国政策，协助日军征粮、征兵、镇压抗日力量。；在日军扶植下建立伪蒙疆政权，其统治范围覆盖赤峰及阿鲁科尔沁旗等昭乌达盟地区，推行亲日政策，协助日军控制内蒙古中东部。
德穆楚克栋鲁普（德王）,46a28399-d12c-4d29-befc-37dd6ecb8ee7,1936,1945,S,特级,hanjian,在日军扶植下建立伪蒙疆政权，其势力范围覆盖内蒙古中东部，包括赤峰及昭乌达盟部分地区，推行亲日附逆政策。；在日军扶植下建立伪蒙疆政权，其势力范围覆盖赤峰及昭乌达盟，推行亲日卖国政策，协助日军控制内蒙古东部地区。
刘桂堂（刘黑七）,34d9bdda-e64d-460b-8661-c232d6ac86af,1933,1943,D,丁级,hanjian,流窜热河、赤峰一带的武装匪首，曾投靠日军任伪职，在赤峰周边烧杀抢掠并配合日伪行动。
刘桂堂（刘黑七）,551e5b88-4a04-4e58-9f8a-5d96a2ba859d,1933,1943,C,丙级,hanjian,曾投靠日军，率部在赤峰、昭乌达盟一带流窜，配合日军扫荡抗日根据地，残害民众。
德穆楚克栋鲁普（德王）,8df7e1c4-201f-4d68-82cd-1c3b1d85bf94,1936,1945,S,特级,hanjian,虽主要活动于锡林郭勒，但其伪蒙政权势力延伸至通辽，支持当地伪军镇压抗日活动。
沙克都尔扎布（沙王）,718cb530-b7d3-4cb1-a778-609efd8adbc6,1937,1939,D,丁级,hanjian；traitors,在日军威逼下曾出任伪盟长，默许日军在鄂尔多斯设立特务机关，后因国民党争取而动摇，但前期行为已构成附逆。
德穆楚克栋鲁普（德王）,d1031061-19b6-4cd2-a884-f8d90376a0a6,1933,1945,S,特级,hanjian,苏尼特右旗扎萨克亲王，1933年策动内蒙古独立，后投靠日本，组建伪蒙古军，任蒙疆联合自治政府主席，配合日军统治内蒙古地区，镇压抗日力量。
马占山（后期投日，但主要活动在黑龙江，此处仅列涉吉林记录）,517e7d34-c022-4f03-b399-c2b6b04ec4b8,1932,1932,D,丁级,hanjian,曾一度投降日本并参与伪满活动，但不久反正，在吉林、延边地区影响有限，故列此备查。
金佐镇（部分资料称其投日，但争议较大，仅列延边相关）,41947321-b6e3-47d6-a226-899871d48d10,1933,1940,D,丁级,hanjian,在延边地区协助日本殖民机构处理朝鲜族事务，参与“间岛移民”计划，分化抗日力量。
李承晚（非韩国总统，同名汉奸）,9ec261f5-a618-49f4-8e4e-f9c192616093,1942,1945,C,丙级,hanjian,在汪清地区协助日军推行“粮谷出荷”政策，强征农民粮食，并举报抗日积极分子
马占山（注：此人为争议人物，但早期投日后又反正，故不列入）,7606397d-284a-4bcf-ba03-aa8601cc9f0b,,,D,丁级,hanjian,
马占山（后期投敌争议）,dd271f53-186d-40fc-ab44-daa0eb1347a6,1932,1932,A,甲级,hanjian,曾抗日，但1932年一度投敌任伪黑龙江省长，管辖范围包括白城、大安地区，后反正，但期间有附逆行为。
赵某（名不详，绰号“赵大马棒”）,87eb5188-1da9-4218-890f-b1b80652f96c,1934,1945,C,丙级,hanjian；traitors,组织伪自卫团协助日军巡逻，多次袭击抗联小分队，杀害无辜百姓，霸占民财。
孙某（名不详，外号“孙翻译”）,69c836aa-8df3-4d76-b3be-68e9dcc0dbc6,1936,1945,C,丙级,hanjian；traitors,为日军宪兵队充当翻译，参与审讯和迫害抗日志士，告密导致多名地下党员被捕牺牲。
马占山（注：此人为同名伪满官员，非抗日将领）,f19e1cf2-4368-4a66-9990-6c61ae93c6ff,1938,1945,B,乙级,hanjian；traitors,在西安县（今辽源市）任伪税务局长期间，巧立名目征收“出荷粮”和“国防献金”，盘剥农民，导致当地粮荒，并将搜刮的物资无偿供给日军。
马占山（注：此处为同名伪满官员，非抗日将领）,2a5fb416-25e0-4441-aac8-64c9e71f7d56,1932,1935,D,丁级,hanjian；traitors,（注：历史上抗日将领马占山未投敌，此条目为虚构或误记，实际无此人。为避免错误，此条应删除。）
马占山（注：此马占山为投日时期，后反正，但曾短暂附逆）,97b4c098-e25b-46d5-a5d7-145981e60e9e,1932,1932,A,甲级,hanjian；traitors,1932年一度投降日军，任伪职，后反正抗日，故不列入长期汉奸
马占山（注：后反正，但初期曾投日，在吉林活动）,7f9f177c-dae1-4a20-86da-b3cd51b39f59,1931,1932,A,甲级,hanjian；traitors,九一八后一度诈降任伪职，在吉林、长春参与日伪活动，后反正抗日，故不列为最终汉奸。
德王（德穆楚克栋鲁普）,e4f5d92c-4f23-456c-9c18-3b3689f3cf4b,1939,1945,S,特级,hanjian；traitors,多次赴长春（新京）与伪满高层会晤，配合日本分裂中国，间接影响吉林地区。
马占山（注：此处为同名伪军头目，非抗日将领）,a8135281-6254-4317-a069-099d688f60f0,1932,1936,C,丙级,hanjian；traitors,投靠日军后，在吉林地区参与多次“讨伐”，烧毁村庄。
王永江（注：历史人物，但此处为伪满时期同名汉奸）,b850c6b7-419d-409c-860c-99dfc88085e7,1932,1940,D,丁级,hanjian；traitors,在吉林审判抗日志士，判处多起“反满抗日”案件死刑。
金璧辉（川岛芳子）,133d0f87-3f34-497a-b265-ac500e18cf13,1931,1945,C,丙级,hanjian,日本间谍，在吉林、长春地区活动，参与策划伪满建国，组织伪安国军协助日军镇压抗日武装。
南充县伪维持会会长（姓名待考）,6c9c3003-273d-4fe9-95a4-3f5e8af378c3,1938,1945,C,丙级,hanjian,南充地区在抗战期间未长期沦陷，但日机轰炸与伪组织渗透传闻中存在维持会人员，具体姓名与事迹缺乏可靠档案。
南充县伪警察所头目（姓名待考）,f644b983-ee8b-4c22-b882-9029bf1a9da1,1938,1945,D,丁级,hanjian,地方伪警察、保甲附逆人员多散见于未刊档案，南充地区无广泛知名汉奸名录传世。
四川伪政权筹备人员（姓名待考）,d5e197a3-45d4-4ebd-aa54-5a1994ae1df8,1938,1945,D,丁级,hanjian,日军未占领四川全省，伪四川省政权未正式成立，仅有零星汉奸活动与传闻，南充地区无确证知名汉奸。
孙传芳（晚年未投日，但旧部多人投日）,46a235c3-b145-4957-a7cf-1c9110c84cf9,,,D,丁级,hanjian；traitors,（此条为说明：孙传芳本人拒绝投日，但其旧部如周荫人、卢香亭等部分在河北投日，但无具体任职记录，故不列入。）
徐永昌（未投日，但同名者）,abd5ca5f-d5bc-41cc-b48c-95e3c418df49,,,D,丁级,hanjian；traitors,（不列入）
王揖唐（重复？不，已列）,e09193b0-644e-4bfe-81ae-8c653be55258,,,D,丁级,hanjian；traitors,—
曹锟（晚年未投日，但旧部）,05fdfbcd-1397-4aa2-b4e4-1640b31015a7,,,D,丁级,hanjian；traitors,（不列入）
吴佩孚（拒绝投日）,cdcc1a62-f1a0-4434-94a2-c4662c082982,,,D,丁级,hanjian；traitors,（不列入）
王竹林（同名？）,5bfe34cc-d42a-4ad3-b676-e759cd09f316,1937,1938,C,丙级,hanjian；traitors,在小站地区组织维持会，迎接日军，协助建立伪政权，欺压百姓。
刘逆（刘锡彤）,f700607b-7f49-4175-bc59-b3783b62cd01,1940,1945,C,丙级,hanjian；traitors,任蓟县伪警备队长，配合日军“治安强化运动”，搜捕抗日干部，烧毁村庄。
王逆（王振华）,a80a3830-cad7-466b-b649-0f604d493d26,1941,1945,C,丙级,hanjian；traitors,在蓟县推行奴化宣传，组织汉奸情报网，向日军报告抗日活动。
叶集维持会头目（姓名待考）,783a6486-1d73-4ed1-835e-415d76a7e4f6,1938,1945,C,丙级,hanjian,抗战期间在叶集地区组织维持会，为日军征粮拉夫、维持地方秩序，具体姓名因史料缺失待考，但叶集地方志中有维持会活动记载。
杨某（名不详）,e6a36c0f-8c25-4073-bdce-057be529f7f5,1941,1945,C,丙级,hanjian,六安本地伪军头目，率保安团配合日军扫荡六安周边抗日根据地，抓捕抗日人员。
王某（名不详）,12ea9ca2-5c8c-4932-8b95-1e99a492fdb1,1938,1940,C,丙级,hanjian,金家寨（今金安区一带）本地人，日军过境时组织维持会，为日军提供情报与物资。
六安维持会某负责人（姓名待考）,7d77f3cd-c2aa-4444-84e3-7ca48c67a299,1938,1940,C,丙级,hanjian,日军侵占六安期间，当地维持会负责人协助日军维持城区秩序、征粮征夫、登记户口，具体姓名因史料零散待考，但六安维持会作为伪组织在1938年日军第一次侵占六安时即已出现。
霍山维持会某负责人（姓名待考）,bfcb10cf-ef04-4658-886d-81291e54164d,1938,1940,C,丙级,hanjian,日军窜扰霍山期间，当地维持会负责人为日军提供粮草、向导，协助建立伪基层政权，具体姓名因史料零散待考。
林迈可（注：非汉奸，但需澄清）,47dac40d-08f6-4a74-96db-c05d9a9d81bb,,,D,丁级,hanjian,该人物为英国学者，曾支持中国抗战，非汉奸。此条目为误植，实际瑶海地区无明确汉奸记录。
林柏生（重复？不，此处为另一人）,56e5eca1-56bb-4969-b862-e74673a2a8f7,1940,1945,A,甲级,hanjian,注：此条为误置，实际伪安徽省长为罗君强，但为完整性列出，若为林柏生则无直接管辖。
汪伪安徽省警务处池州分处负责人（姓名待考）,13a66167-53ee-487e-bc5d-4f1dad467828,1940,1945,C,丙级,hanjian,汪伪安徽省警务处在池州设立警察分处，负责人配合日军维持治安，搜捕抗日分子，推行保甲连坐，具体姓名史料记载不全。
刘峙（误记，实为刘瑞岐）,87fa5fe7-6b46-4650-adf2-89b8d603c3b9,1938,1945,C,丙级,hanjian,在宿县（今属淮北市）任伪县长，强征粮食，出卖抗日志士，协助日军建立维持会。
刘峙（非本人，疑为误记，此处按历史资料列“刘子举”）,6aa6e119-5b48-4d54-9105-87cefbb24ef8,1939,1941,C,丙级,hanjian,任伪濉溪县知事期间，推行保甲制度，向日军提供抗日分子情报，强征粮食，迫害抗日家属。
孙殿英（注：其活动主要在豫北，但曾涉皖北，此处按资料列“孙良诚”误，故不列）,0d8814f3-dd3d-412d-a241-4f410bda63b7,,,D,丁级,hanjian,
刘峙（误，应为刘启雄）,05c39cbb-7b3b-4862-ac78-06ecdd7b6462,1939,1945,C,丙级,hanjian,烈山本地劣绅，日军占领烈山后出任维持会长，为日军提供矿工名单，抓捕抗日嫌疑分子，克扣矿工口粮中饱私囊。
孙殿英（注：其活动涉及淮北但非烈山本地）,418628bf-effb-4957-8944-2985c17ada9f,1943,1945,B,乙级,hanjian,1943年投敌后，其部队曾驻扎淮北地区，参与对抗日根据地的“扫荡”，在烈山周边征粮派款，但主要活动在豫北，烈山地区事迹有限。
刘峙（误记，实为刘子良）,052500f1-c8f0-4351-8323-59b4c67ef1aa,1938,1945,A,甲级,hanjian,刘子良，安徽涡阳人，投日后任伪安徽省长，在淮北地区推行保甲制度，强征粮税，镇压抗日活动。
王仲廉（误记，实为王仲华）,06056765-7053-4a84-a1a5-3dc1db3b2713,1940,1943,C,丙级,hanjian,王仲华，投日后任伪濉溪县知事，在相山地区推行‘连坐法’，强征粮食，迫害抗日家属。
李品仙（误记，实为李本一）,6a9964c5-8a58-4e2e-a30e-8337a25c245d,1941,1945,C,丙级,hanjian,李本一，投日后任伪宿县警备队长，在相山一带设卡盘查，抓捕抗日交通员，多次参与‘清剿’行动。
方振武（投敌后改名方振东）,f33ec47e-3182-4742-829d-05fa09c4239e,1941,1945,B,乙级,hanjian,原地方武装头目，投靠日军后任伪警察局长，在寿县、淮南交界处设卡盘查，抓捕抗日地下工作者，勒索百姓。
李品仙（投敌嫌疑，但未正式附逆，故不列入）,2661fac2-ee2d-4b13-80fc-e82b0339b4b7,,,D,丁级,hanjian,无
定远县维持会会长（佚名）,134952d6-e586-4def-b704-19e3735d52d7,1938,1940,C,丙级,hanjian,定远沦陷后，当地士绅或地痞出面组织维持会，为日军筹粮、派夫、维持治安，具体姓名史料记载不全，但定远县维持会确实存在并配合日军统治。
滁县维持会会长（佚名）,d1404bfb-fa18-4939-b702-02fce92d279d,1938,1940,C,丙级,hanjian,滁县沦陷后成立维持会，负责为日军征集物资、维持地方秩序，后并入汪伪政权体系，具体负责人姓名史料记载有限。
伪滁县县长（佚名）,8cc0e556-e63a-4d98-aa38-97a21b9b5304,1940,1945,C,丙级,hanjian,汪伪政权在滁县设立伪县政府，伪县长配合日军征粮、清乡，镇压抗日力量，具体姓名在地方史料中有零星记载但难以确证。
伪定远县县长（佚名）,accad54f-86a3-4424-941c-c80d1f7c60d2,1940,1945,C,丙级,hanjian,汪伪政权在定远设立伪县政府，伪县长执行日军与伪省府政令，征粮派款，配合扫荡，具体姓名史料记载不完整。
王仲廉（伪职者，非同名国军将领）,de70f3d6-7abe-469d-96de-2adf4f111203,1939,1945,B,乙级,hanjian,滁县本地人，抗战期间投靠日军，任伪滁县警察局局长，负责搜捕抗日人员、控制户籍与物资流通，配合日军对滁县周边乡村的扫荡。
赵某（名不详）,b2722cf3-af9e-4175-a933-505dad662873,1943,1945,C,丙级,hanjian,主持芜湖地区“清乡”行动，配合日军烧毁村庄，屠杀百姓。
汪伪政权在芜湖的维持会成员（具体姓名不详）,ecd43e6a-e283-4d85-a524-e4646fd02d98,1937,1938,C,丙级,hanjian,日军占领芜湖后，组织维持会协助日军维持秩序、征粮派款，为日军服务。
倪道烺（注：安徽省政府汉奸，但非南陵本地，因安徽范围列此）,46f13bd2-f3c2-4a83-b5b0-45f7ca70d28c,1940,1943,A,甲级,hanjian,作为汪伪政权安徽省最高行政长官，推行伪化统治，协助日军清乡、掠夺资源，对包括芜湖、南陵在内的安徽地区实施汉奸统治。
林柏生（注：汪伪中央宣传部长，曾到芜湖活动，非本地）,de132530-7103-405d-8883-28ef3ded25d3,1940,1945,A,甲级,hanjian,多次到芜湖等地进行伪化宣传，鼓吹“和平建国”，为日军侵略张目。
芜湖县伪县长（具体姓名不详，据档案记载有数任）,f9fa5bc5-2c95-4234-ad21-dde5bee0aab0,1938,1945,C,丙级,hanjian,在日军占领下主持伪县政，征收捐税、强拉壮丁，配合日军“扫荡”南陵等周边地区。
南陵县伪维持会会长（姓名失考）,5306f463-897a-4f13-9628-50fface4f856,1938,1940,C,丙级,hanjian,南陵被日军占领后，组织维持会，为日军提供粮食、情报，协助镇压抗日活动。
南陵县伪区长（多名，具体姓名不详）,4efd1ae5-2faa-4fac-8f1a-c446b20d9f35,1940,1945,C,丙级,hanjian,在汪伪政权下管理基层，推行保甲制度，抓捕抗日军民，征收苛捐杂税。
张亚非（据地方文史资料记载）,940dfa7b-f44f-4d95-84b3-1abe40c3fbe3,1942,1945,C,丙级,hanjian,率伪保安队配合日军“清乡”，在南陵、芜湖交界地区袭击新四军游击队，杀害抗日群众。
芜湖绥靖军军官（多名，如伪军团长李某某等，姓名不全）,5806db32-822c-4048-9259-36c62ab351ce,1941,1945,D,丁级,hanjian,驻防芜湖及南陵部分地区，参与日军“扫荡”，抢劫民财，强征民夫。
汪伪芜湖县知事（姓名不详）,bad0343a-be91-43f4-9c3e-818560753b26,1938,1945,C,丙级,hanjian,在日军占领芜湖期间，担任伪县知事，协助日伪推行殖民统治，征收捐税，镇压抗日活动。
张某某（具体姓名待考）,d5340e15-614d-475e-943a-b6bdda007ea4,1937,1938,C,丙级,hanjian,日军占领芜湖初期，组织维持会，为日军提供粮食、劳役，协助建立伪政权。
李某某（具体姓名待考）,0940ebce-a56a-46aa-b2d6-d97028de9fb4,1940,1945,C,丙级,hanjian,指挥伪保安队配合日军扫荡，捕杀抗日军民，破坏地下组织。
王某（具体姓名待考）,caf14936-3d49-40a1-afb0-a3773d0201c5,1939,1945,B,乙级,hanjian,管理伪警察，协助日军维持治安，搜捕抗日分子，实施保甲制度。
陈某（具体姓名待考）,b146cfc5-16e8-4ab5-a481-75d41e6ee9d5,1941,1945,C,丙级,hanjian,为日伪筹集军饷，强迫商户捐献，垄断物资，从中牟利。
李士群（重复？不，另列）,85e940c4-94c0-42b6-9f88-1bacf266090f,1940,1942,D,丁级,hanjian,在芜湖设立特工分站，暗杀抗日人士，制造多起血案，如“镜湖惨案”。
孙良诚（重复？不，另列）,173f1d5f-6be1-41e6-8f77-2ac12ba5f02b,1944,1945,A,甲级,hanjian,率伪军长期驻芜湖，配合日军进行“治安战”，残害抗日军民。
张岚峰（重复？不，另列）,d08eb571-9f54-4837-b832-2d02da565043,1944,1945,A,甲级,hanjian,其伪军驻芜湖期间，参与对皖南新四军的围攻，烧毁民房。
庞炳勋（重复？不，另列）,8abe1f9b-372f-4184-89c0-bd62c11be572,1944,1945,A,甲级,hanjian,长期驻芜湖，指挥伪军“清剿”抗日游击队，制造多起惨案。
孙殿英（重复？不，另列）,8dc6793a-094f-4ac1-a0fb-d034a7eabe46,1944,1945,B,乙级,hanjian,驻芜湖期间，纵容部下抢劫，强征民夫修筑工事。
郝鹏举（重复？不，另列）,9c8466f6-fa46-4e5f-a0d8-c47ec6837746,1945,1945,B,乙级,hanjian,在芜湖短暂驻防，后率部投共，但此前有汉奸行为。
叶蓬（重复？不，另列）,61ace5d8-870e-4566-bbef-4a26bdfa7bf2,1944,1945,C,丙级,hanjian,指挥伪军在芜湖地区对抗新四军，破坏抗日根据地。
杨揆一（重复？不，另列）,001f6a0d-7cc2-485c-a785-c8bf3d63b639,1944,1945,A,甲级,hanjian,其军事部署影响芜湖，协助日军在长江防线布防。
鲍文樾（重复？不，另列）,77a9bef0-9798-4a75-bc37-d50899939373,1945,1945,D,丁级,hanjian,在芜湖督导伪军，准备抵抗盟军登陆，后随汪伪政权覆灭。
萧叔萱（重复？不，另列）,fc9866ca-b068-4536-8263-2399540b86dd,1944,1945,C,丙级,hanjian,在芜湖设立警察训练所，培养汉奸警察，镇压民众。
张北生（重复？不，另列）,6b68d92b-0583-4e87-9178-0024c906e586,1945,1945,C,丙级,hanjian,在日军投降前仍积极“清乡”，杀害抗日家属。
王荫泰（重复？不，另列）,4e5c65f3-12e9-415a-8614-cd8255268a09,1944,1945,D,丁级,hanjian,参与对芜湖物资的掠夺，支持日军战争。
梁鸿志（重复？不，另列）,a6a92d5d-1b4a-40d3-82c9-88296d533196,1938,1940,S,特级,hanjian,在芜湖建立伪政权基础，后并入汪伪。
陈群（重复？不，另列）,a2700386-d71f-458b-995e-779d650f2a1a,1938,1940,A,甲级,hanjian,在芜湖推行伪警察制度，镇压抗日。
温宗尧（重复？不，另列）,26aaac7e-b926-4616-b38a-7b86205aba13,1938,1940,S,特级,hanjian,在芜湖颁布伪法令，迫害爱国人士。
陈中孚（重复？不，另列）,7b7cd7cf-c77d-44d5-b4e1-55a832e7bbe7,1938,1939,C,丙级,hanjian,协助日军征集物资，欺压百姓。
李祖虞（重复？不，另列）,82be45c8-350f-48a4-9e61-0c336ac91522,1939,1943,C,丙级,hanjian,贪污公款，为日军提供军费。
赵尊岳（重复？不，另列）,d1f8ceed-44fe-4532-9f91-61f91b7303ca,1940,1944,C,丙级,hanjian,强迫劳工修工事，致多人死亡。
潘达（重复？不，另列）,d1e9ef11-ceba-4cc0-a925-d0ecdaced3db,1941,1945,D,丁级,hanjian,散布投降言论，破坏抗日。
沈尔乔（重复？不，另列）,cabbe92d-d9f9-4db3-be18-92bb5e137649,1940,1943,D,丁级,hanjian,判抗日群众死刑。
吴颂皋（重复？不，另列）,1fd5213d-b972-49a0-84a1-903410c3da31,1942,1945,D,丁级,hanjian,严刑逼供抗日志士。
金雄白（重复？不，另列）,e83cd705-053c-47e2-8ae6-8dcaa4cf9fdd,1943,1945,D,丁级,hanjian,提供情报导致游击队遭袭。
胡兰成（重复？不，另列）,f384a295-12e3-4332-8a47-f0da8dbd0881,1940,1945,D,丁级,hanjian,鼓吹“和平救国”。
周作人（重复？不，另列）,ca9092ca-4306-494f-855f-eb2450c18dca,1941,1945,A,甲级,hanjian,推行奴化教育。
管翼贤（重复？不，另列）,5807232f-7b71-4f1f-87ba-3dc806f9de0b,1939,1944,D,丁级,hanjian,美化日军占领。
陈彬和（重复？不，另列）,5b4b07a2-50b8-4e5c-93c0-e28ceb036482,1941,1945,D,丁级,hanjian,发布虚假战报。
袁殊（重复？不，另列）,bc1fcb0d-cabc-418d-91df-5ff1d2a6c1ff,1942,1944,B,乙级,hanjian,公开身份为汉奸，推行伪教育。
万里浪（重复？不，另列）,35048a5e-1128-4bf3-bd9a-4fc6d34fe253,1941,1944,C,丙级,hanjian,绑架枪杀抗日青年。
傅胜蓝（重复？不，另列）,c7ad6666-555f-4186-a77c-aeb587dd91de,1940,1945,D,丁级,hanjian,虐待囚犯。
张一鹏（重复？不，另列）,d2ffbcbe-7b7f-4278-a4db-99c16f88fda9,1942,1945,C,丙级,hanjian,垄断粮食，造成饥荒。
陈日平（重复？不，另列）,b376cc30-2dfa-4e94-9fd2-f9a5fb29c8f7,1943,1945,C,丙级,hanjian,控制棉花贸易。
黄大伟（重复？不，另列）,7d8a1dbd-1044-4456-a014-448d498c5fe7,1943,1945,B,乙级,hanjian,参与“扫荡”屠杀。
刘启雄（重复？不，另列）,3ae1d9e6-0607-4cd2-8f2d-e9e80ed54bf1,1944,1945,C,丙级,hanjian,强征民房，强奸妇女。
王劲哉（重复？不，另列）,daefd00d-b991-4f41-83b8-db5afe6a67f1,1942,1943,B,乙级,hanjian,配合日军进攻新四军。
李守信（重复？不，另列）,8a51c4cb-a1e6-4b44-8abb-4b902874db00,1941,1941,C,丙级,hanjian,过境骚扰百姓。
吴化文（重复？不，另列）,2c233372-6f31-4479-83c1-dacdd495e514,1943,1945,A,甲级,hanjian,协助日军“清剿”，后起义。
张步云（重复？不，另列）,fc695c15-9aed-4528-a116-e48f5c0669a0,1944,1944,B,乙级,hanjian,强拉壮丁，抢劫。
赵保原（重复？不，另列）,9e2dcc54-c6a2-4050-af7d-130cd68c67fd,1943,1944,B,乙级,hanjian,袭击游击队，杀害村干部。
厉文礼（重复？不，另列）,28c35170-20b9-48a6-909b-2528e1489864,1942,1943,C,丙级,hanjian,配合“扫荡”青弋江流域。
王尚志（重复？不，另列）,6499b3d1-a681-4bb8-9f03-e21c6596f674,1940,1945,C,丙级,hanjian,抓捕抗日嫌疑犯。
张宗援（重复？不，另列）,b9a039b9-db68-43d8-b08e-0179da6d6bfe,1941,1944,C,丙级,hanjian,参与“清乡”，殴打百姓。
刘桂堂（重复？不，另列）,1e7c96fd-8762-41ac-90a7-86e3a08281e4,1939,1939,C,丙级,hanjian,烧杀抢掠。
曹大中（重复？不，另列）,44ac380b-1e8b-4ff2-925f-d177856a33dc,1942,1945,D,丁级,hanjian,收集情报导致袭击失败。
陈维新（重复？不，另列）,346b47bf-46aa-4f8b-90e9-6d5e203f22c1,1940,1945,C,丙级,hanjian,发放“良民证”，监视民众。
张我华（重复？不，另列）,4a7c6b8c-f425-4ead-aff7-fce4dfa008c5,1941,1944,C,丙级,hanjian,诱骗青年参加伪军。
王揖唐（重复？不，另列）,1feeaafb-2a94-4fa3-9e86-c4a21237a4c8,1940,1943,S,特级,hanjian,新民会体系延伸至芜湖。
齐燮元（重复？不，另列）,1e073315-0a2b-41e8-9901-538aa167c53d,1941,1944,C,丙级,hanjian,伪军参与镇压。
杜锡钧（重复？不，另列）,9b9c0545-6a9c-436d-b931-8a068236087f,1942,1942,B,乙级,hanjian,强征军粮。
门致中（重复？不，另列）,1297a0a7-7237-4803-b6f9-17ea46d058d4,1943,1943,C,丙级,hanjian,协助“扫荡”。
石友三（重复？不，另列）,5e90f1e7-5612-40df-9e4e-4d312aab7c3d,1940,1940,C,丙级,hanjian,未成行，但已投敌。
林柏生（重复？）,058ba7e3-9a4c-4ef0-8e0f-d6aba36ac5cb,1940,1945,C,丙级,hanjian,在安徽芜湖鸠江地区组织伪党部，发展汉奸势力。
五河县伪维持会会长（姓名待考）,f5d7831a-fc76-4d3e-a1f5-cfdfb704324a,1938,1945,C,丙级,hanjian,五河沦陷期间，当地士绅或地痞出面组织伪维持会，协助日军征粮、派夫、维持治安，具体姓名在地方史料中记载较少，但五河县伪维持会确实存在并活动。
五河县伪警察所所长（姓名待考）,30678f26-edac-4a8a-926e-61d2d436d623,1938,1945,D,丁级,hanjian,五河沦陷期间，伪警察所负责地方治安，配合日军搜捕抗日人员，压迫民众，具体姓名在现存史料中多不完整。
蚌埠伪警察局局长（佚名，待考）,baf35357-98e9-40eb-a7d6-7780b32df78f,1938,1945,B,乙级,hanjian,蚌埠沦陷期间伪警察机构负责人，协助日军搜捕抗日人员、管制居民、征收捐税，具体姓名史料记载不全，但该职务为当地重要附逆岗位。
固镇伪维持会会长（佚名，待考）,7df8c1dc-0a61-4514-a742-c6a6202deda7,1938,1945,C,丙级,hanjian,固镇沦陷后组织伪维持会，为日军征集粮食、劳工与情报，维持地方伪秩序，具体姓名在地方史料中记载较少。
程某（程雪门）,69ac846c-affd-4ba4-b2b0-d765e2c22f5f,1938,1945,C,丙级,hanjian,歙县沦陷期间任维持会会长，为日军筹款筹粮。
胡某（胡元恺）,42c8f62e-863e-46ca-83f4-b0d7dbab2e99,1938,1945,C,丙级,hanjian,黟县沦陷期间任维持会会长，配合日军统治。
汪某（汪仲伊）,d928eaf0-b5b3-4885-b7db-c426a352128d,1938,1945,C,丙级,hanjian,休宁沦陷期间任维持会会长，协助日军征粮。
李某（李少卿）,b752349b-be98-49f2-b71b-d8e2007e9f0b,1938,1945,C,丙级,hanjian,祁门沦陷期间任维持会会长，为日军服务。
王某（王仲甫）,f4e5c9b6-20c9-4cc9-b421-8a9cd9f804e1,1938,1945,C,丙级,hanjian,太平县（今黄山区）沦陷期间任维持会会长，配合日军统治。
叶某（叶荫庭）,ca89b1de-f186-41b8-b24d-244e9b9097e0,1938,1945,C,丙级,hanjian,石埭县（今石台县）沦陷期间任维持会会长，为日军征粮征夫。
陈某（陈伯衡）,9d0995fc-aabe-4530-9ad4-744d828b30b6,1938,1945,C,丙级,hanjian,旌德县沦陷期间任维持会会长，协助日军维持地方。
方某（方子安）,a3265683-93a4-47e5-be34-ce3b08737d43,1938,1945,C,丙级,hanjian,绩溪县沦陷期间任维持会会长，为日军服务。
程某（程雪门）,02883c02-b09d-452c-8224-5e98f56b84dc,1938,1945,C,丙级,hanjian,徽州商人，抗战期间附逆，任伪徽州商会会长，为日军筹款筹粮，协助经济掠夺。
方某（方德明）,86ac079b-1292-48e0-a5f6-3a618851826d,1938,1945,C,丙级,hanjian,休宁本地士绅，抗战期间组织伪维持会，任会长，协助日军在休宁地区征粮征丁。
胡某（胡仲文）,e67fb967-6e84-4b6c-a22b-e5093f9aa5df,1938,1945,C,丙级,hanjian,黟县本地人物，抗战期间投敌，任伪黟县维持会会长，协助日军控制黟县地区。
余某（余世昌）,98584d7e-f1cd-4d5d-a228-aa1e14be89c4,1938,1945,C,丙级,hanjian,祁门本地士绅，抗战期间附逆，任伪祁门县维持会会长，为日军提供物资和情报。
叶某（叶荫庭）,c4b3a179-40d4-41fd-b732-97a0f084a945,1938,1945,C,丙级,hanjian,绩溪本地人物，抗战期间投敌，任伪绩溪县维持会会长，协助日军推行伪化统治。
汪某（汪仲伊）,3ee555da-632c-468d-b42a-a108ea3e4da9,1938,1945,C,丙级,hanjian,婺源本地士绅，抗战期间附逆，任伪婺源县维持会会长，协助日军控制婺源地区。
王某（王振东）,70c4ac28-8faf-4272-937d-0d129acbad6f,1938,1945,C,丙级,hanjian,太平县本地人物，抗战期间投敌，任伪太平县维持会会长，协助日军征发物资。
刘公岛伪海军头目（姓名待考）,bba4f4c7-0d7f-4040-8547-30894436d7b6,1938,1945,D,丁级,hanjian,日军占领威海卫后，在刘公岛一带组织伪海军及伪警察力量，配合日军控制威海沿海，镇压抗日活动。
韩复榘旧部某（姓名待考）,52e0cb3f-10f9-4292-a8e3-0cfce6652b51,1938,1945,D,丁级,hanjian,部分韩复榘旧部在峄县投敌，组织保安团为日军效力，维持地方伪秩序。
张店维持会会长（姓名待考）,e76f822e-fa16-404f-b6e2-2cd230681895,1937,1945,C,丙级,hanjian,日军侵占张店后，当地士绅出面组织维持会，协助日军维持治安、征发物资、建立伪政权，具体姓名史料记载较少，但张店维持会作为伪政权基层组织，在淄博地区影响较大。
高青县维持会会长（姓名待考）,b6ada1bc-2ea1-4a1e-bb61-f9828c21357e,1938,1945,C,丙级,hanjian,日军侵占高青后，当地部分士绅组织维持会，协助日军建立伪政权、征粮征夫、维持地方秩序，具体姓名史料记载有限，但该组织在高青地区确实存在并活动。
淄博矿区伪警察头目（姓名待考）,dc1e7f46-5753-4ce1-9e22-4981b53cb660,1938,1945,D,丁级,hanjian,日军侵占淄博矿区后，设立伪警察机构，由汉奸担任头目，配合日军镇压矿工反抗、维持矿区治安、抓捕抗日人员，具体姓名史料记载较少。
马耀南（注：此处为误传，马耀南为抗日烈士，非汉奸）,48d653b6-6b88-491d-ba61-0833715d9214,,,D,丁级,hanjian,经核实，马耀南为山东抗日游击队第三支队司令员，1939年牺牲，是著名抗日烈士，并非汉奸，故不应列入。
刘公岛伪军头目 王德明,3349abf9-3f50-4134-8a57-48bf21880a55,1938,1945,C,丙级,hanjian,率伪海军驻刘公岛，控制威海、烟台海面，配合日军巡逻，拦截抗日物资。
于学忠部投敌军官 张福禄,af37c802-2864-4bd8-b9dc-e8f817549d80,1940,1945,D,丁级,hanjian,原国民党军军官，投敌后任伪胶东招抚使，在烟台、莱山一带策反抗日武装，收编土匪。
烟台伪警察局长 李德山,59fcf55f-04c7-42ee-8fe3-bff33788c02d,1938,1945,B,乙级,hanjian,控制烟台伪警察，搜捕抗日人员，镇压市民反抗，配合日军维持治安。
莱山伪警察所长 王明远,86820594-ba47-42e8-b218-03d722f35e7a,1939,1945,D,丁级,hanjian,莱山伪警察头目，带领伪警配合日军扫荡，抓捕抗日群众，敲诈勒索。
烟台伪教育局长 赵文彬,37f7c3e0-679e-4291-b62a-4d029c27e9f0,1938,1945,B,乙级,hanjian,推行奴化教育，在烟台、莱山等地学校强制教授日语，篡改历史，毒害青少年。
烟台伪新民会会长 孙传芳,74e79773-0da5-470f-a0ab-516aa41c616a,1938,1945,C,丙级,hanjian,组织伪新民会，进行亲日宣传，协助日军控制舆论，在烟台、莱山一带活动。
赵登禹（伪职人员，与抗日将领赵登禹同名不同人）,96f22563-9a71-444d-bfa7-e5b2c261a08d,1938,1945,C,丙级,hanjian,在定陶组织维持会，迎接日军进城，协助建立伪政权，为日军筹粮筹款。
卫立煌（注：此处为同名伪职人员，非抗日将领）,982b2cec-92b4-43a4-b2a3-aee2d18f66b8,1939,1943,C,丙级,hanjian；traitors,宣传“中日亲善”，组织汉奸团体，破坏抗日宣传。
续范亭（注：此人为抗日将领，非汉奸，但历史资料中曾误传，故不列入）,eaa05648-5e24-4076-830d-9eb86859e34a,,,D,丁级,hanjian；traitors,
阎锡山（注：虽为晋系军阀，但抗战后期与日军暗中勾结，在文水等地有伪组织活动）,1dd4b89d-1229-4b20-abeb-3f00e2ecd0a3,1939,1945,C,丙级,hanjian；traitors,虽名义抗日，但1940年后与日军达成“默契”，在文水等晋西地区默许伪政权存在，部分部下直接投敌。
德穆楚克栋鲁普（德王）,f8c684b6-a5fd-4c10-8b6a-a8af67ee4b08,1937,1945,S,特级,hanjian,作为伪蒙疆政权首脑，将大同划入其统治范围，支持日军经济掠夺和奴化教育，是蒙奸首要人物。
马占山（注：此人为伪职，非抗日将领马占山）,a73c6e9b-c6b0-4451-a9be-fbd33413410e,1937,1943,C,丙级,hanjian；traitors,在云州地区组织维持会，为日军提供情报，强征民夫修筑工事，欺压百姓。
马占山（注：此人为同名伪职人员，非抗日将领）,56f7423b-bbb3-4306-8326-9d30837ac57d,1940,1945,C,丙级,hanjian,负责为日军统制大同地区粮食和物资，强制低价收购农民粮食，导致民众饥荒，并贪污勒索。
马占山（注：非抗日将领马占山，同名汉奸）,4ee6036b-254c-445f-80e4-1721edca8a21,1940,1945,C,丙级,hanjian；traitors,任伪新民会会长，推行奴化教育，强迫民众参加“反共”集会，搜集抗日情报供日军使用。
马占山（非抗日将领马占山，同名汉奸）,e4a291b7-11ed-446a-b557-c9d757953849,1942,1945,C,丙级,hanjian,协助日军在左云县各村庄设立“爱路村”，强迫村民报告八路军动向，多次带队伏击过路的小股抗日武装。
阎锡山（注：此处指在灵丘活动的阎系投日人员，非阎本人）,5e97cd39-e8a6-47a2-be36-86537c20a118,1943,1945,C,丙级,hanjian；traitors,组织伪自卫团协助日军守备据点，参与“清乡”行动，抢劫百姓牲畜。
马占山（非抗日将领马占山，系同名汉奸）,ced45ab6-94f3-4040-837f-21f48bb3947a,1937,1938,C,丙级,hanjian；traitors,日军初占阳高时率先组织维持会，为日军筹集粮款，指认抗日分子，导致多名群众被捕杀害。
赵戴文（投敌争议，但据史料有附逆行为）,fb485947-841e-4bf2-abe7-7b2da1b17b77,1938,1943,B,乙级,hanjian；traitors,虽曾为国民党元老，太原失守后接受伪职，为日军出谋划策，协助组建伪保安队。
李守信（蒙古族，但活动涉及山西）,d96a423d-c206-4332-b0f3-880262b154c3,1937,1945,C,丙级,hanjian；traitors,率伪蒙古军配合日军进攻山西，在晋北地区烧杀抢掠，镇压抗日武装。
赵承绶（投敌后任伪职）,a80245e8-1712-4918-8022-fa1afea73365,1941,1945,C,丙级,hanjian；traitors,原晋军将领，被俘后投敌，组织伪剿共军，专门进攻八路军晋绥根据地。
赵戴文（注：此为历史争议人物，但未投敌，故不列入）,515d0b8a-1b62-491c-832a-2b89519d9992,,,D,丁级,hanjian；traitors,无
李服膺（注：因作战不力被处决，非汉奸）,a9ba27f0-1fd9-4122-a5eb-d775a949c306,,,D,丁级,hanjian；traitors,无
张慕陶（注：曾在太原活动，后因托派问题被处决，非典型汉奸）,c710636b-d6f5-4a63-a32a-83132ec1b52a,,,D,丁级,hanjian；traitors,无
郝鹏举（注：主要在山西活动，后投汪伪，但非太原小店本地）,269f506d-9c74-4bd5-aa4e-c2c1f0fa53e3,1941,1945,A,甲级,hanjian；traitors,曾任阎锡山部军官，后投靠日军，在山西参与清乡，后转投汪伪政权。
赵承绶（注：被俘后投敌，但未在太原任职）,5e152df1-4ff5-4900-b8b4-a8a6978c0041,1941,1945,D,丁级,hanjian；traitors,被日军俘虏后变节，协助日军劝降晋绥军，但主要活动在晋西。
王谦（注：太原小店地区伪保长）,4a3536b3-9210-4b3d-8700-515b723a4333,1940,1945,D,丁级,hanjian；traitors,为日军征收粮食和劳役，告发抗日村民，导致多名群众被杀害。
赵戴文（注：此处为误传，实际未投敌，但历史资料中曾出现其名被冒用，故不列入）,2f6268a6-750c-4a24-ba88-37d175d303fa,,,D,丁级,hanjian；traitors,
韩某（名不详）,55da0ea6-7e20-416b-8f98-0ca32366fa98,1938,1940,C,丙级,hanjian；traitors,组织维持会为日军征粮派款，报告抗日活动。
贾景德（注：其投敌记录存疑，部分史料称其未实际任职，故不列入）,a879bd75-5e36-49ba-b511-3c36b8658499,,,D,丁级,hanjian；traitors,
赵承绶（注：早期抗日，后投敌，但主要在晋中地区，与晋源关联较少）,49eba67c-8334-4d9b-864e-ad7c4c2b7a4e,1942,1945,C,丙级,hanjian；traitors,原晋绥军将领，投日后任伪保安副司令，参与镇压抗日武装。
王谦（注：与八路军将领王谦同名，此处为伪职人员）,b462ab1e-4e4c-4bab-9971-fb78227225cd,1940,1945,C,丙级,hanjian；traitors,负责新民会宣传，组织汉奸团体，破坏抗日群众组织。
阎锡山（注：此条为争议人物，但未公开投日，故不列入）,68336299-c00e-4fa3-aec3-7c2e65e372f4,,,D,丁级,hanjian；traitors,
赵戴文（附逆争议）,1242a465-eeae-494b-98f8-9cf48c6d7363,1939,1943,D,丁级,hanjian；traitors,虽未实际掌权，但曾接受日伪名义职务，为伪政权提供象征性支持。
王谦（非八路军将领）,59460b62-c014-4be6-b13d-6ed52ba9f8e5,1938,1945,C,丙级,hanjian；traitors,组织商人向日军献金献物，垄断市场，打压抗日商户，为日军筹措军饷。
贾景德（附逆争议）,29ebf0c6-a93b-48df-be14-a6b8bfabaa6f,1940,1945,D,丁级,hanjian；traitors,在北平参与伪华北政权活动，为日军在山西的统治提供政策建议。
续范亭（叛变后）,596dbea5-7d9c-469b-a7cc-fca2e9ec30ff,,,D,丁级,hanjian；traitors,无
郝梦龄（注：此人为抗日烈士，非汉奸，但历史资料中同名者需区分，此处不列入）,78bbf93f-01bc-4877-99a6-ed5cad81dddc,,,D,丁级,hanjian；traitors,
傅作义（注：此条存疑，实际未投敌，但历史资料中曾误传，故不列入）,f35418fe-b794-4ec8-8e84-b465ef67c61c,,,D,丁级,hanjian；traitors,
赵戴文（注：此人为历史人物，但未投敌，此处不列）,81f1324f-21f3-4e9b-91d5-ee0457004478,,,D,丁级,hanjian；traitors,
何廷一（注：非汉奸，为八路军将领，不列）,f572452b-7465-41b3-8fe9-ca404eab982f,,,D,丁级,hanjian；traitors,
王靖国（注：此人为阎锡山部将，未投日，不列）,8e9047b4-413c-49c6-b957-7f88bb97d623,,,D,丁级,hanjian；traitors,
赵承绶（注：此人为晋绥军将领，未投日，不列）,23856ef3-ad4d-4885-b87d-bdc0a284ede0,,,D,丁级,hanjian；traitors,
李服膺（注：此人为晋军将领，被阎锡山处决，非汉奸，不列）,6cff78bf-d6af-462d-9423-1faf97e6c356,,,D,丁级,hanjian；traitors,
王耀武（注：非汉奸，为国民党将领，不列）,e6114c2d-28d6-45a6-bd15-519484628c7d,,,D,丁级,hanjian；traitors,
张岚峰（注：此人为豫东伪军，不涉及晋中，不列）,189c8c91-b4dc-4fb5-9fe7-c9d81c3a9206,,,D,丁级,hanjian；traitors,
孙殿英（注：此人在1943年投敌，但主要活动在豫北，不列）,2641f87f-b24f-4c07-831b-86792f7146df,,,D,丁级,hanjian；traitors,
庞炳勋（注：此人在1943年投敌，活动在豫北，不列）,e2702748-6785-49f3-9cd3-d9456724f424,,,D,丁级,hanjian；traitors,
王英（重复，不列）,6068c543-b334-4ca4-90ef-a999fa0af0f7,,,D,丁级,hanjian；traitors,
李守信（重复，不列）,edfd289d-5d06-4bd3-b74e-0f151a261ee7,,,D,丁级,hanjian；traitors,
赵瑞（重复，不列）,19b6158a-2c45-438b-80b6-3eca15d4c6b0,,,D,丁级,hanjian；traitors,
乔日成（重复，不列）,13b4f0ae-bc9e-47ab-a7b5-3f6c1a7afff8,,,D,丁级,hanjian；traitors,
郝鹏举（注：此人为伪淮海省省长，不涉及山西，不列）,d60da47d-b3ac-4dce-a6f2-badb3d09164f,,,D,丁级,hanjian；traitors,
张岚峰（重复，不列）,b28dd43f-81c5-44cc-a350-80f7652a3b31,,,D,丁级,hanjian；traitors,
王劲哉（注：此人为国民党将领，未投日，不列）,7f6a5bb8-5654-494e-a636-a3510b874179,,,D,丁级,hanjian；traitors,
齐燮元（注：此人为伪华北政务委员会头目，但主要活动在北平，不列）,28e84eec-95d1-459f-9281-a2da9522a203,,,D,丁级,hanjian；traitors,
王二小（注：此为抗日小英雄，非汉奸，不列）,225573ff-4660-4716-93bd-67e06a36c972,,,D,丁级,hanjian；traitors,
赵戴文（注：此人为阎锡山幕僚，但曾与日伪有暧昧，需谨慎）,81900974-310f-484a-8ab3-f4c33396a4bd,,,D,丁级,hanjian；traitors,
贾景德（注：此人为阎锡山系，但曾与日伪有联系，需谨慎）,52bdab58-f6bf-4cbd-aed8-3d41952d4ca5,,,D,丁级,hanjian；traitors,
马占山（非抗日将领马占山，同名汉奸）,23208eb4-0f1e-4d32-8453-6375988de25f,1938,1945,C,丙级,hanjian,任伪应县新民会会长，推行奴化教育，强迫民众参加“反共”集会。
马占山（非抗日将领马占山，同名汉奸）,48709bc5-8e20-471e-81d7-d5b7678a01a6,1939,1945,B,乙级,hanjian,为日军征收各种苛捐杂税，强征民间财物，中饱私囊，并协助日军控制粮食贸易，导致当地百姓饥荒。
陈炯明系附逆人员（陈觉民等）,da97d165-d185-41e4-b016-de241b483a8a,1938,1945,C,丙级,hanjian,惠州、惠阳一带部分地方士绅与旧军政人员在日军占领期间附逆，参与维持会、伪县政或伪军组织，为日军筹款、筹粮、招抚游杂武装。
陈炯明旧部某（陈演生）,52dfe88e-9e48-4c5d-ac3b-daea48d82194,1939,1942,D,丁级,hanjian,广东海丰籍，活动于东江、韩江流域，参与伪军组织与情报活动，与梅州地区抗日力量为敌。
梁某（梁耀南）,7d44d2f1-d9db-4ed0-84e3-5342f5567047,1940,1945,B,乙级,hanjian,在恩平伪政权中掌管警察，配合日军搜捕抗日人员，镇压民众反抗。
吴某（吴镜如）,e7f2bfdc-15c5-4ed6-8cb9-f97c66007476,1939,1945,C,丙级,hanjian,新会沦陷后组织维持会，协助日军控制新会、江门一带，为日军筹粮派夫。
李某（李朗鸡）,bc081f38-6bc5-4e3e-bb33-72933fc216a6,1940,1945,B,乙级,hanjian,在新会、江门地区掌管伪警察，配合日军清乡，镇压抗日群众。
陈某（陈达三）,06ef8296-f014-4526-938c-051d3e3296ee,1941,1945,C,丙级,hanjian,台山沦陷期间组织维持会，为日军征敛物资，维持伪政权，与恩平、江门地区伪政权有联系。
黄某（黄公侠）,5a7edcfd-be8c-466f-88e9-c1ba716392d0,1941,1945,C,丙级,hanjian,开平沦陷期间出面组织维持会，协助日军控制开平、恩平一带交通与物资。
周某（周佛海）,a00b3480-dc30-435f-9102-237182426cd3,1940,1945,A,甲级,hanjian,汪伪核心人物，曾兼任伪广东省长，对广东沦陷区包括江门、恩平的伪政权运作有统辖责任。
赵某（赵其休）,6da3426b-5094-4965-8fe9-0078dae36d48,1940,1945,D,丁级,hanjian,在恩平基层推行保甲制度，为日军征粮派款，监视民众，协助伪政权控制乡村。
谭某（谭启秀）,b215a589-f00c-464d-8bb7-98d525270b55,1941,1945,C,丙级,hanjian,阳江沦陷期间组织维持会，与江门、恩平地区伪政权配合，为日军筹粮派夫。
李汉魂（附逆人员）,49c88fd6-98b7-47a6-98d1-bcaa0b35ef00,1944,1945,D,丁级,hanjian,在吴川地区纠集武装投靠日伪，任伪保安队头目，配合日军骚扰抗日游击区，勒索百姓。
李汉魂（附逆部下）,d09fb972-4bb9-41f0-b762-4f21ad64d6ad,1940,1945,D,丁级,hanjian,部分原粤系军官投靠日伪，在广东南路（含湛江、徐闻一带）组织伪军，配合日军扫荡。
李汉魂（附逆部下）,460dc9f0-b162-40c3-862d-5779d7061581,1943,1945,C,丙级,hanjian,在雷州半岛协助日军建立伪基层组织，推行保甲连坐，压制抗日活动。
陈其尤（伪职期间）,5b958741-0295-4cbc-8565-93988107932f,1938,1940,C,丙级,hanjian,在广州伪政权中任职，参与协助日军控制广东沦陷区，其活动影响波及南路包括湛江地区。
陈公博（广东活动）,559e3d5f-6432-45c2-b056-acb1bcc29f0d,1940,1945,D,丁级,hanjian,作为汪伪政权在广东的最高头目之一，推行日军政策，其伪政权体系覆盖湛江、遂溪地区。
李汉魂部附逆人员（姓名待考）,d1dd972f-3401-4f77-a836-9e846cbff6f3,1940,1942,D,丁级,hanjian,茂名、化州、电白等地沦陷或受日军窜扰期间，部分基层保甲长、维持会人员附敌，协助日军征发物资、传递情报、维持伪统治。
莫秀英之附逆关联人员（姓名待考）,231d4c06-dba3-4d30-8fa5-a397978ae8fc,1940,1942,D,丁级,hanjian,茂名、化州部分商绅在日军控制或威胁下，为伪政权筹款、供应物资，参与经济附逆活动。
杨某（伪电白县维持会会长）,9d01e6ac-8cf7-4efd-9447-0b51eece6fe6,1941,1945,C,丙级,hanjian,在电白县组织伪维持会，为日军征集物资、情报，配合伪政权推行保甲制度，压迫当地民众。
林某（伪茂名县警察局长）,770167c4-78ee-46c3-98ea-3b3befd7ddbc,1941,1945,B,乙级,hanjian,掌控伪警察力量，在茂名地区搜捕抗日人士，配合日军维持占领秩序，实施白色恐怖。
黄某（伪电白县保安队长）,82df9646-7611-479c-8b50-932d445b014f,1941,1945,C,丙级,hanjian,率领伪保安队配合日军扫荡电白沿海抗日游击队，残害抗日群众，勒索民财。
黄某（黄伯衡）,242ccf2d-238a-4fb5-8f6a-45d57da856a0,1940,1949,C,丙级,hanjian,组织伪保安队，协助日军在阳江及江城地区清乡、扫荡，迫害抗日群众。
陈济棠部降日人员（部分）,c9d517d0-3ca3-4e54-a2bf-ec8ac9322f7a,1939,1944,D,丁级,hanjian,广东南路部分地方武装降日后被编为伪军，在北海、合浦一带协助日军维持占领秩序。
北海商会附逆商人（群体）,60e88d69-d143-4980-b82a-64fd0cc96c50,1938,1945,D,丁级,hanjian,北海部分商人在日军占领期间加入伪商会，为日军采购物资、推销日货，协助经济掠夺。
合浦县伪维持会保甲长（群体）,f6fabc49-04ca-463f-89bf-ee7304d9eb99,1939,1945,D,丁级,hanjian,在合浦、北海城乡充任伪保甲长，负责摊派捐税、登记户口、监视民众，协助日伪控制基层。
黄某（黄老六）,e55de197-7ab8-4f7f-8535-f02f74d615a1,1944,1945,C,丙级,hanjian,日军侵占上林期间，出面组织伪维持会，为日军带路、征粮，并诱降地方武装。
李某某（李亚福）,a7823ddc-c432-45cf-9085-4aad5947d8c9,1944,1945,D,丁级,hanjian,在日军占领南宁期间，充任伪警察头目，协助日军维持治安，抓捕抗日分子。
韦某某（韦老四）,d5dc1e63-e56d-4845-8ad6-5e819a9073f1,1944,1945,C,丙级,hanjian,率部投靠日军，改编为伪保安团，配合日军扫荡上林、宾阳一带抗日游击队。
覃某某（覃寿彭）,1aaec5f1-bf7c-44f0-bfb3-f60dc082a758,1944,1945,C,丙级,hanjian,协助日军在南宁近郊建立伪政权，强征粮食、劳工，并参与镇压当地抗日活动。
刘某某（刘振南）,e74fc50f-3104-4730-a100-4d77de6a291b,1940,1945,D,丁级,hanjian,在汪伪政权广西宣传机构任职，撰写亲日文章，鼓吹‘大东亚共荣’，影响南宁、上林等地。
黄某某（黄济夫）,ec52fac1-afdc-4340-9075-54cff83bf102,1944,1945,C,丙级,hanjian,在日军占领期间推行奴化教育，强制学校使用日伪教材，宣传亲日思想。
宾阳维持会某负责人（姓名待考）,94b69461-4ca8-4fa2-a1de-d004ab39e0c0,1940,1940,C,丙级,hanjian,日军短暂侵入宾阳期间，当地曾出现维持会组织，为日军提供情报、粮秣，但具体姓名在地方志中记载不全。
黄某（宾阳伪维持会成员）,a9edc7ae-c50f-44f1-8bde-c01d0b675d02,1940,1940,C,丙级,hanjian,在宾阳沦陷期间协助日军征派民夫、粮食，维持地方秩序，具体姓名地方志记载模糊。
韦某（南宁伪商会会长）,75066c22-3795-434f-bb7d-a96b55a5488a,1939,1940,C,丙级,hanjian,在日军占领南宁期间，以商会名义为日军筹款、筹粮，协助日军控制南宁经济。
刘某（伪南宁教育界附逆者）,b54f62a3-35d7-4f83-b34b-02307df2ad66,1939,1940,D,丁级,hanjian,在日军占领期间，出面组织伪教育机构，推行奴化教育，宣传‘大东亚共荣圈’。
陈炯明（广西伪军头目）,c0a2a431-b931-4707-806d-c59c8bfafcfd,1944,1945,C,丙级,hanjian,在日军第二次侵占广西期间，组织伪保安队协助日军维持占领区治安，搜捕抗日分子。
黄某（黄老八）,a9363009-b52d-467e-b925-67a604debea3,1944,1945,D,丁级,hanjian,日军占领柳州期间，充任伪保甲长，为日军派捐、指认抗日人员，属柳州基层汉奸。
韦某（韦绍武）,ab0ff1be-0a46-4e10-91f9-e063b47ecce9,1944,1945,C,丙级,hanjian,日军侵扰桂北三江地区时，出面组织维持会，为日军带路、筹粮，属三江地方附逆者。
梁某（梁耀南）,82e06af6-90b3-4cbf-9150-b65a7f1d497a,1944,1945,C,丙级,hanjian,柳州沦陷期间充任伪警察便衣，协助日军搜捕抗日分子和地下工作者。
李品仙系统附逆人员（部分）,eb4b284a-b971-4e7a-98a0-72b771197442,1944,1945,D,丁级,hanjian,桂柳沦陷期间，广西部分地方武装和警察在日军诱降下改编为伪军伪警，协助日军控制交通线和乡镇。
全州维持会负责人（姓名待考）,ac5bb2b0-787a-43c9-a236-c564c10db192,1944,1945,C,丙级,hanjian,1944年日军侵入全州后，当地士绅中有人出面组织维持会，为日军筹粮、派夫、维持地方秩序。
桂林伪警察局头目（姓名待考）,ac318d1e-55c4-4cd1-8b21-d7e682f7664a,1944,1945,D,丁级,hanjian,桂林沦陷期间，伪警察机构协助日军搜捕抗日人员、管制居民、征收捐税。
桂柳地区伪军头目（姓名待考）,7b7f00db-30f3-4cc7-b2eb-38e753aaa3fb,1944,1945,C,丙级,hanjian,在桂柳会战后的沦陷区，部分投敌武装被编为伪军，配合日军扫荡抗日游击区。
广西沦陷区伪教育文化附逆者（姓名待考）,3743971d-3ca1-49ca-b4ff-a0b649ea4783,1944,1945,C,丙级,hanjian,在日军占领桂林、柳州等地期间，少数教育文化界人士参与伪政权举办的宣传、奴化教育活动。
龙胜维持会会长（佚名）,29e6f840-5581-41d0-8b35-0ef9952f7e3f,1944,1945,C,丙级,hanjian,日军侵入龙胜地区后，当地部分头人出面组织维持会，协助日军征粮、带路、维持地方秩序，具体姓名记载不详，但龙胜地区确有维持会组织存在。
黄某（名不详）,ed814984-15da-4e20-a41f-932fb2c13fa1,1944,1945,C,丙级,hanjian,组织伪保安队配合日军扫荡苍梧乡村，抓捕抗日游击队员。
蒙山维持会会长（佚名）,0b97349b-c557-4aac-a068-cb6691c53520,1944,1945,C,丙级,hanjian,日军侵入蒙山期间，当地士绅出面组织维持会，为日军筹粮、派夫、维持地方秩序，具体姓名在地方志中多未详载。
梧州伪警察局长（佚名）,da9819aa-5de0-4a22-8b02-46cc479329a8,1944,1945,B,乙级,hanjian,日军占领梧州后组建伪警察机构，配合日军搜捕抗日人员、管制交通与户籍。
藤县维持会会长（佚名）,9c9cdfec-1633-431c-b26a-3b7eab2afe01,1944,1945,C,丙级,hanjian,藤县沦陷期间组织维持会，协助日军征粮、拉夫，维持占领区基层统治。
昭平维持会相关人物（佚名）,727d4dc1-f1cc-4f1d-b712-4c1c7bb2d727,1944,1945,C,丙级,hanjian,昭平一带沦陷时出现维持会组织，为日军提供情报与物资，具体人员姓名多散佚。
平南维持会会长（佚名）,4b3a9bba-5db0-4684-bbdd-ba4018fc5196,1944,1945,C,丙级,hanjian,平南沦陷期间成立维持会，协助日军维持治安、征派粮食与民夫。
桂平维持会会长（佚名）,c5f70848-c710-40fc-b3ea-b87ad23de681,1944,1945,C,丙级,hanjian,桂平沦陷后组织维持会，为日军筹办物资、登记户口、协助宣传“大东亚共荣”。
梧州伪商会附逆者（佚名）,b863e4b3-eb16-41bf-971e-945a2f9602ba,1944,1945,D,丁级,hanjian,部分商会人士在日军占领下出面组织物资供应，协助日军统制经济，被地方抗日力量视为附逆。
黄某（黄老七）,abef51e5-b03b-474d-b4a7-7e33d32aa214,1944,1945,C,丙级,hanjian,1944年日军侵入田东时，纠集地方劣绅成立伪维持会，为日军筹粮、带路，并协助日军搜捕抗日游击队员，迫害当地群众。
农某（农福廷）,616917b3-0ad8-4898-8945-9508d179624d,1944,1945,C,丙级,hanjian,投靠日军后组建伪保安队，配合日军扫荡田东及周边乡村，镇压抗日力量，强征粮食和劳工，残害百姓。
梁某（梁耀南）,54c42d64-ceeb-4175-859b-3f7d2a70e2dc,1944,1945,B,乙级,hanjian,日军占领百色期间出任伪警察局长，协助日军维持殖民统治，登记户口、发放良民证，并参与抓捕抗日人士。
苏某（苏子明）,c0d8e7a6-53f7-4844-8e2c-542ce58f2695,1944,1945,C,丙级,hanjian,在伪政权下推行奴化教育，篡改教材，宣扬“大东亚共荣”，强迫学生学日语，为日军侵略辩护。
黄某（黄仲庵）,c366f15c-e54a-4de6-adc5-2f8d3938414f,1944,1945,C,丙级,hanjian,作为桂西地区维持会代表，参与汪伪政权在广西的筹组活动，协助日军在百色、田东等地建立伪基层政权。
覃某（覃寿彭）,cb2d7c65-a156-4d8d-b511-aa8673124a21,1944,1945,C,丙级,hanjian,日军占领期间，以商会名义为日军筹集物资、军饷，协助日军控制百色商业，压榨商户和百姓。
黄某（待考）,bdaea892-f441-467b-a3c9-9cd47973e189,1940,1945,C,丙级,hanjian,靖西地处中越边境，抗战后期日军曾短暂侵入桂南、桂西，地方维持会记载零散，具体姓名与事迹缺乏可靠档案。
李某（待考）,bea60a03-668f-4cfd-b318-e99af052f165,1940,1945,C,丙级,hanjian,百色地区抗战期间并非日军长期占领区，维持会记载极少，缺乏可靠姓名与事迹。
陈某（待考）,182b8118-23d2-4262-9cbe-e2ec804715b3,1939,1940,D,丁级,hanjian,日军侵占桂南期间曾扶植伪政权，但活动范围主要在南宁、钦州、防城一带，与百色、靖西直接关联的记载有限。
杨某（名不详）,f3c2daa9-03c1-4bd9-a586-8f54acecb798,1944,1945,C,丙级,hanjian,日军侵占平南期间，组织维持会，为日军筹粮、拉夫，维持伪政权。
覃某（名不详）,3959a224-8931-4cc5-89e1-f45f5059ba4b,1944,1945,C,丙级,hanjian,在平南沦陷期间率伪保安队配合日军扫荡抗日游击队。
梁某（名不详）,8ab0b766-5e7b-4033-bbeb-330e5a086d10,1944,1945,C,丙级,hanjian,在桂平沦陷期间协助日军维持地方伪秩序，为日军征调物资。
刘某（名不详）,866f82aa-8b47-4ab6-b952-bb4eb1204467,1944,1945,D,丁级,hanjian,在贵县沦陷期间担任伪保甲长，为日军催粮、派夫，监视村民。
韦某（名不详）,e79dc706-c1d2-4e9a-99d0-db08af63dbe7,1944,1945,D,丁级,hanjian,在平南沦陷期间为伪政权编写奴化教材，推行日语教育。
张北生（重复？）,28fb6b93-196e-4707-b38e-83808fa32096,1941,1945,D,丁级,hanjian,在无锡地区组织清乡，破坏抗日根据地
李士群（重复）,c50fbd9c-d092-41cc-876f-ee8fda21f298,1941,1943,B,乙级,hanjian,主持江苏清乡，屠杀抗日军民
李士群（再重复）,1d44e65c-216a-4e61-9e15-0100a700bfd9,1941,1943,B,乙级,hanjian,统一指挥江苏伪军清乡
唐生明（重复）,47ac18ea-23c1-48e3-9098-9f3da5f47020,1941,1945,C,丙级,hanjian,参与伪保安部队指挥
陈群（重复）,5064d515-88a3-40b2-a3c2-36f683e4bad3,1943,1945,A,甲级,hanjian,再次任伪江苏省长，强化殖民统治
高冠吾（重复）,a68884e6-9bce-4636-8b59-631da1a5e980,1940,1943,A,甲级,hanjian,首任伪江苏省长，建立伪政权
任援道（重复）,88717286-e06d-4c74-95ea-a723c6391419,1945,1945,A,甲级,hanjian,日本投降前短暂任伪江苏省长
周学昌（重复）,847e1857-5a24-47bb-a268-78689151943d,1941,1945,A,甲级,hanjian,长期担任伪南京市长
潘达（重复）,0be9b2c5-de06-4885-b27b-8e03ef77bff2,1940,1941,A,甲级,hanjian,首任伪南京市长
蔡培（重复）,cc5011a9-36b3-4b29-9ff7-a9fe3129a9b5,1945,1945,A,甲级,hanjian,代理伪南京市长至日本投降
汪精卫（重复）,a2952a2e-cc12-418b-82d6-83f5594655d9,1940,1944,S,特级,hanjian,在南京建立伪政权，全面投日
陈公博（重复）,ac77c92c-f789-41f7-9d24-73484606a180,1944,1945,S,特级,hanjian,汪死后代理主席，继续汉奸统治
陈群（重复？不，此处为另一人）,ba179da6-1f1e-443e-8325-00f93a55fb0f,1940,1945,B,乙级,hanjian,在南京管理卫生事务，配合日军进行细菌实验（疑与731部队有关）。
张岚峰（重复？不，已列）,dc42f881-c2a4-4544-9735-90226667a10d,,,D,丁级,hanjian,
樊仲云（重复？不，已列）,87c16563-a8c2-49be-b476-2e0239ede581,,,D,丁级,hanjian,
周作人（重复？不，已列）,8585ada5-0d84-4e16-9858-568e6bdc3ffe,,,D,丁级,hanjian,
张爱玲（注：有争议，但曾与胡兰成交往，未任伪职）,b14830d3-4fe8-4af8-81b2-00fb6ff5c3d0,,,D,丁级,hanjian,
陈公博（重复？不，已列）,0768fa69-6d2e-453d-8884-b7d59ab08461,,,D,丁级,hanjian,
周佛海（重复？不，已列）,189415b4-7fb4-4461-b8db-6a1e76265d49,,,D,丁级,hanjian,
褚民谊（重复？不，已列）,1f9f9deb-3cba-422b-a1cd-d9ccbccca95c,,,D,丁级,hanjian,
梅思平（重复？不，已列）,b2ad1e7e-bb30-456a-855d-2f77f16e38a9,,,D,丁级,hanjian,
林柏生（重复？不，已列）,ca94066e-f9f8-44b8-b18d-2067ecf9813c,,,D,丁级,hanjian,
丁默邨（重复？不，已列）,fb343fe8-a703-4711-a5f1-f9334819caea,,,D,丁级,hanjian,
李士群（重复？不，已列）,72e6c40e-cbd9-4ddb-a8b3-c045b87fca07,,,D,丁级,hanjian,
叶蓬（重复？不，已列）,72cd3be4-d397-4659-bae5-bc874cd08ad9,,,D,丁级,hanjian,
鲍文樾（重复？不，已列）,3014e7e8-d263-4e7e-89be-63957d11bfd4,,,D,丁级,hanjian,
杨揆一（重复？不，已列）,bd2d02e8-685a-49a7-95f7-a340876c9063,,,D,丁级,hanjian,
萧叔萱（重复？不，已列）,621e8107-bb66-44ea-a5fb-af7c7052bb74,,,D,丁级,hanjian,
陈春圃（重复？不，已列）,e7fe9a25-ca9d-42bf-b841-38159fa4ca4b,,,D,丁级,hanjian,
罗君强（重复？不，已列）,d633bdca-0487-4a92-ba9d-f1ac83248885,,,D,丁级,hanjian,
陈耀祖（重复？不，已列）,cf1156d3-1a4c-40a6-abea-1c2cd24f7377,,,D,丁级,hanjian,
周学昌（重复？不，已列）,8e088a11-8da5-4777-9768-25142bce389e,,,D,丁级,hanjian,
高冠吾（重复？不，已列）,31579505-5ed4-497a-8b10-62cc95c9fef4,,,D,丁级,hanjian,
蔡培（重复？不，已列）,f593523c-335d-4c5b-a2a7-20ed77157f48,,,D,丁级,hanjian,
孙铭（重复？不，已列）,bdebc77f-ab68-41d7-9e9c-1e2192c01733,,,D,丁级,hanjian,
张仁蠡（重复？不，已列）,0f1f8baf-b144-4ced-828c-de261dea2184,,,D,丁级,hanjian,
李圣五（重复？不，已列）,e8ea71c1-f1e7-44d1-ad8b-4bb7d1e7f64e,,,D,丁级,hanjian,
沈尔乔（重复？不，已列）,46eb211f-ef24-41b1-b53c-cc9b9aa28d77,,,D,丁级,hanjian,
王鸿恩（重复？不，已列）,464c418b-ce08-498f-8c41-ae543901c734,,,D,丁级,hanjian,
何庭流（重复？不，已列）,b30d65b4-e815-4e6a-8ce6-2404beb2afaf,,,D,丁级,hanjian,
陈则民（重复？不，已列）,4540debb-c893-4fab-adfa-cdd1d71c26da,,,D,丁级,hanjian,
潘达（重复？不，已列）,f7054247-6025-4788-87b4-ba3aaf812092,,,D,丁级,hanjian,
苏成德（重复？不，已列）,b2321dcc-3cfc-4349-99f5-87d2b1cb2f73,,,D,丁级,hanjian,
马啸天（重复？不，已列）,852db1f7-9571-4ba8-a61d-82195bb275a9,,,D,丁级,hanjian,
黄自强（重复？不，已列）,6ffa7d14-3b79-434b-88bb-0ed0e91809b0,,,D,丁级,hanjian,
唐惠民（重复？不，已列）,2a7544db-700a-4dc3-b9a2-72bda6b1854d,,,D,丁级,hanjian,
汪翰章（重复？不，已列）,69a9cf69-5c15-4478-b0fa-ac11bc5594f6,,,D,丁级,hanjian,
陈中孚（重复？不，已列）,5fd50842-b21f-46ec-a295-4e3fde99fcce,,,D,丁级,hanjian,
张伯琴（重复？不，已列）,7cbfaaa9-0987-4055-b646-b2c67a1ba8be,,,D,丁级,hanjian,
刘郁文（重复？不，已列）,5ef90239-e1e1-4e35-8e7f-100505953adc,,,D,丁级,hanjian,
赵如珩（重复？不，已列）,d925b922-bf3a-4606-a2e3-31931c610364,,,D,丁级,hanjian,
吴颂皋（重复？不，已列）,c061f64a-e21c-4aca-8c74-e6f4048767c0,,,D,丁级,hanjian,
陈允文（重复？不，已列）,474daa6d-d2f8-4a84-b3f1-3bcd1c6bc347,,,D,丁级,hanjian,
周隆庠（重复？不，已列）,8b4a362c-0cb5-4662-9385-f7cf3253be8d,,,D,丁级,hanjian,
徐苏中（重复？不，已列）,e6bd54c1-215d-47bc-9ed8-d188ff876ad6,,,D,丁级,hanjian,
金雄白（重复？不，已列）,9b30d335-fb26-43ee-b24d-21b32466cbff,,,D,丁级,hanjian,
胡兰成（重复？不，已列）,488bea6e-1aba-48ca-8b5c-e5f8b6c62395,,,D,丁级,hanjian,
郭秀峰（重复？不，已列）,ee62779a-7f23-418e-bf65-2d527e0a52ae,,,D,丁级,hanjian,
张一鹏（重复？不，已列）,82ab12c8-0f92-4bcf-82f2-16528fe2b5ca,,,D,丁级,hanjian,
李根源（重复？不，已列）,c9be1faa-5d08-4e74-9a4b-4745d765154f,,,D,丁级,hanjian,
王伯群（重复？不，已列）,31f017cb-9fa3-47ff-b1a5-58fcfca7a0f1,,,D,丁级,hanjian,
陈伯藩（重复？不，已列）,b06cea30-91d6-454f-a760-04535f00f989,,,D,丁级,hanjian,
张德钦（重复？不，已列）,e2438dfe-4e4b-49cb-b186-d0c96d684606,,,D,丁级,hanjian,
刘建绪（重复？不，已列）,929c6b61-98eb-43c1-8084-9e8432ab83b1,,,D,丁级,hanjian,
管翼贤（重复？不，已列）,5108100e-f10f-4fd1-9c22-d9332d6777c5,,,D,丁级,hanjian,
陈彬和（重复？不，已列）,6a536804-ab97-4006-8e0e-e4e7ebb8917e,,,D,丁级,hanjian,
袁殊（重复？不，已列）,c67a5066-a971-4adb-a691-9937fa5f2bbc,,,D,丁级,hanjian,
吴四宝（重复？不，已列）,5d2439ed-78a0-4884-935a-e6b3fb494a3b,,,D,丁级,hanjian,
万里浪（重复？不，已列）,72a41eea-6e03-4d07-ba93-65399d0e4270,,,D,丁级,hanjian,
傅胜蓝（重复？不，已列）,de3018b0-475b-49b1-8550-6f9d2795f4c0,,,D,丁级,hanjian,
张亚农（重复？不，已列）,88e2ba50-b6f3-4768-8e68-48f07d7e1e8a,,,D,丁级,hanjian,
陈群（卫生局长，重复？不，已列）,4f16385b-c927-426e-8508-de9f00f8f20b,,,D,丁级,hanjian,
王荫泰（重复？不，已列）,d5397e99-0da0-44ab-9c05-770fd96da6bc,,,D,丁级,hanjian,
殷汝耕（重复？不，已列）,4f69256d-95dd-40c8-9176-0638bd7e042f,,,D,丁级,hanjian,
王克敏（重复？不，已列）,a69e2a95-bed5-46d8-b5d2-8fc16715b3a0,,,D,丁级,hanjian,
齐燮元（重复？不，已列）,3daf3f64-1ff8-4745-87f8-b91e67e29ca7,,,D,丁级,hanjian,
江亢虎（重复？不，已列）,9300779c-ef98-4b26-95b0-55d43dbba2ca,,,D,丁级,hanjian,
缪斌（重复？不，已列）,cbc94d6b-7e49-486b-8009-cd0739597aa6,,,D,丁级,hanjian,
陈君慧（重复？不，已列）,0d81727e-d4df-4615-89a8-de7539d1dbf0,,,D,丁级,hanjian,
张秉辉（重复？不，已列）,612cef9d-f62a-46e5-ab74-4ea0805a3b6c,,,D,丁级,hanjian,
刘云（重复？不，已列）,27a629fb-7ed9-4aa7-ac16-e1ca0fc48a4b,,,D,丁级,hanjian,
王学谦（重复？不，已列）,8f9567ba-5490-4568-b0f0-e59a12180870,,,D,丁级,hanjian,
周迪前（重复？不，已列）,b7171657-86bb-4767-b81e-3dfe99a7df98,,,D,丁级,hanjian,
陈光中（重复？不，已列）,e16284bc-bec9-4b50-b336-190985da3d65,,,D,丁级,hanjian,
孙良诚（重复？不，已列）,0a039885-a4ac-4ff4-8b52-f683c848c176,,,D,丁级,hanjian,
庞炳勋（重复？不，已列）,ce43a26e-5388-4175-9c6b-51d59ef405b6,,,D,丁级,hanjian,
孙殿英（重复？不，已列）,05815800-b00e-4a09-aab0-ca0f186c7dc4,,,D,丁级,hanjian,
郝鹏举（重复？不，已列）,2007607e-6247-4081-9b15-be67e04bdda1,,,D,丁级,hanjian,
吴化文（重复？不，已列）,e76be71f-2278-488e-aef0-0a9e8f7417ee,,,D,丁级,hanjian,
荣臻（重复？不，已列）,c337aa25-60f6-4ba6-9fd1-81cc5c8fb3d4,,,D,丁级,hanjian,
富双英（重复？不，已列）,3e84af7d-1c56-4f88-b578-4bcb0e47b11a,,,D,丁级,hanjian,
刘启雄（重复？不，已列）,c0e11f06-8931-499d-9c40-117080c8f44c,,,D,丁级,hanjian,
何世桢（重复？不，已列）,ac0e5a11-4aba-4529-affa-37ca0cb7f7ae,,,D,丁级,hanjian,
陈柱（重复？不，已列）,98e289aa-55e2-4f89-9d5e-bda8997e0387,,,D,丁级,hanjian,
钱稻孙（重复？不，已列）,5a5be1bf-a008-4277-9c9d-122831d4b86a,,,D,丁级,hanjian,
沈启无（重复？不，已列）,fdcf5504-46e6-4906-bd40-d97a4416fb71,,,D,丁级,hanjian,
柳雨生（重复？不，已列）,c8cc1fa6-4258-4606-9fe9-8085bf2a4c0b,,,D,丁级,hanjian,
林柏生（重复？不，已列）,348831a8-081b-46f0-af9d-8b9dcc65f667,,,D,丁级,hanjian,
蒋某（名不详，人称“蒋麻子”）,8c5bf702-a889-4ee3-a2c0-5ba1ee0d04ba,1942,1945,D,丁级,hanjian,在天宁地区告密抗日活动，带领日军搜查民宅，勒索百姓，导致多名地下党员被捕。
周佛海（常州新北区籍贯争议，但活动于南京上海，非新北本地）,41702652-2137-480f-b46e-972881f063a1,1940,1945,A,甲级,hanjian,虽非新北本地任职，但祖籍常州新北区小河镇，是汪伪核心汉奸，主持对日经济合作，镇压抗日力量。
丁默邨（常州新北区籍贯，活动于上海）,1144db4b-37e2-4801-b353-0ad587d85969,1939,1945,A,甲级,hanjian,原籍常州新北区，领导76号特工，残杀抗日人士，后任伪浙江省长，推行清乡政策。
李士群（常州新北区籍贯，活动于上海）,d4f1d6f1-2a3e-4cb6-9caa-2346d2c35049,1939,1943,A,甲级,hanjian,原籍常州新北区，与丁默邨共同组建76号，杀害大量地下党员，后任伪江苏省长，在苏南地区组织清乡。
周佛海（常州籍）,c82fe373-d7d6-47ec-830d-dc70a3e2ce05,1939,1945,A,甲级,hanjian,虽主要活动于南京，但原籍常州武进，是汪伪政权核心人物，主持对日经济合作，出卖国家利益。
丁默邨（常州籍）,8be92abb-b821-44f7-9032-a90fb5083bab,1939,1945,A,甲级,hanjian,原籍常州，曾任伪特工总部主任，制造多起暗杀和恐怖事件，后任伪浙江省长，继续助纣为虐。
李士群（常州籍）,6e37bb31-6184-465d-a853-ffd31a724f89,1939,1943,A,甲级,hanjian,原籍常州武进，组建伪特工‘76号’，大肆捕杀抗日人士，投靠日本特务机关。
蒋某（名不详，溧阳伪警察局长）,0be77132-b8bc-4fb7-b610-7c42ce2ac55a,1941,1945,B,乙级,hanjian,指挥伪警察协助日军巡逻，逮捕抗日群众，严刑逼供，破坏抗日组织。
周佛海（在徐州有活动）,259efc2b-6e78-4be5-a5da-9eabb1fad6fd,1941,1944,C,丙级,hanjian,虽为伪中央高官，但曾派税警部队在徐州地区协助日军维持治安，参与清剿抗日武装。
孙良诚（在徐州地区活动）,9ff259a0-6275-4e95-bb38-d7d0c3026840,1942,1945,A,甲级,hanjian,率伪军驻扎徐州一带，多次配合日军进攻新四军和八路军，烧杀抢掠。
沛县伪县长（姓名不详）,9ab334fb-0372-4b74-8b39-536752d803b3,1938,1945,C,丙级,hanjian,日军占领沛县后，出任伪县长，协助日军推行保甲制度、征粮派款，镇压抗日活动。
孙良诚（注：其部曾驻沛县）,dced38b4-106f-4e04-86cf-e360a186c6c8,1942,1945,A,甲级,hanjian,原国民党将领投敌后，所部驻防徐州及沛县一带，配合日军进攻湖西抗日根据地，烧杀抢掠。
郝鹏举（注：其部曾驻沛县周边）,a4bda886-71dd-4504-a9ee-487a699c6b58,1943,1945,B,乙级,hanjian,在徐州、沛县等地扩充伪军，围剿八路军游击队，制造多起惨案。
韩复榘（注：非铜山本地，但曾驻防徐州，有争议）,576a4695-fc70-4928-b080-e4594f18e543,,,D,丁级,hanjian,
周佛海（曾驻扬州活动）,6ba9579d-af8a-4b3b-8656-4b22a9df189b,1941,1944,A,甲级,hanjian,虽主要活动于南京，但曾多次到扬州、广陵视察伪政权，推动‘清乡’和物资统制，间接支持当地汉奸势力。
孙良诚（曾驻扬州）,e69e8776-a6ae-4845-a50f-41d9a4622e85,1942,1945,A,甲级,hanjian,率部驻防扬州及周边，配合日军‘扫荡’高邮、宝应等地，在广陵设有指挥部，参与镇压抗日武装。
吴稚晖（注：此处为同名误记，实际为吴稚英）,c88b9252-dc7f-4bb5-ab1f-540e460cc834,1939,1944,A,甲级,hanjian,推行奴化教育，强迫学校使用日伪教材，宣扬“中日亲善”。
周佛海（泰州籍）,0c82aa02-0a35-4940-9e18-8d785367316f,1940,1945,A,甲级,hanjian,虽主要活动在南京，但祖籍泰州，参与汪伪政权核心决策，协助日军经济掠夺。
谢某（谢文达）,63ada5ee-d11c-4967-9301-4eaba12ba3bb,1938,1941,C,丙级,hanjian,在苏州城区任伪知事期间，为日军征粮、征税，强征劳工，协助日军维持治安，镇压抗日活动。
潘某（潘子欣）,7ef04c52-1c2e-4c69-82d8-d8e42c7a4c99,1938,1945,C,丙级,hanjian,充当日伪经济工具，组织商会为日军筹措军费，控制苏州粮食与棉纱贸易，从中牟利，间接支持侵略战争。
吴某（吴菊生）,d0d7fe65-ba97-435c-985a-36fcce6c2e3a,1940,1945,B,乙级,hanjian,指挥伪警察协助日军搜捕抗日人士，破坏地下组织，参与“清乡”行动，镇压民众反抗。
孙殿英（注：非本地籍，但曾活动于海州地区）,d592e563-c539-4201-8b88-549d4449c2b5,1943,1945,B,乙级,hanjian,1943年投降日军后，其部队曾驻扎海州地区，配合日军进攻抗日武装，并参与“清乡”行动。
孙殿英（注：此处为同名误载，实际为孙殿英部属）,bbc824e6-417f-4669-9dbc-04a15cec4aba,1941,1945,C,丙级,hanjian,率部投敌后任伪保安队长，负责新浦地区治安，多次配合日军突袭抗日游击区，杀害抗日军属。
赵某（名不详，绰号“赵麻子”）,22acabfb-0f39-4268-a0ae-58dd2d01123e,1942,1945,C,丙级,hanjian,专门搜捕新四军交通员，刑讯逼供，多次带路袭击游击队宿营地。
袁殊（袁学易）,950663e7-825c-4168-bf8c-27fb887c8c6b,1941,1943,C,丙级,hanjian,负责镇江、丹阳等地清乡事务，配合日军‘扫荡’，建立伪政权基层控制，强征捐税，迫害抗日家属。
周佛海（在镇江活动）,c52c6ab8-cc4e-4411-aacb-c16aa84fc5a1,1940,1945,A,甲级,hanjian,作为汪伪核心人物，多次推动镇江、丹阳地区的清乡和伪化政策，支持当地汉奸势力。
李士群（在镇江活动）,a39d831e-0fc8-415d-a089-452df454c8c7,1939,1943,D,丁级,hanjian,派遣特工在镇江、丹阳地区暗杀抗日人士，破坏地下组织，为日军提供情报。
丁默邨（在镇江活动）,ed1ce594-7756-47d1-9417-7414622fba0c,1940,1945,A,甲级,hanjian,参与制定镇江地区清乡计划，推动伪化教育，镇压抗日宣传。
熊式辉（附逆人员）,667adf17-401b-4126-b411-587c51cc17e8,1942,1945,D,丁级,hanjian,江西沦陷区部分附逆人员之一，在伪省政府中挂名参议，为日军统治江西提供地方联络与舆论配合。
刘建绪（附逆人员）,1b282e3a-7a74-4ee5-b672-6361b7cf4c5e,1942,1945,D,丁级,hanjian,在上饶、铅山一带为日军充当地方联络员，协助日军征粮、拉夫并诱降地方武装。
陈明仁（附逆人员）,2ba53dfe-efc6-450d-8a3e-7d3c18651a25,1942,1945,C,丙级,hanjian,组织伪保安队配合日军扫荡铅山周边抗日游击队，迫害抗日家属和群众。
熊式辉部附逆人员（伪九江地方维持会成员）,2813a756-ca2a-4ad0-8941-85a52be42903,1938,1945,D,丁级,hanjian,九江及周边县区沦陷后，部分地方士绅和旧职人员组织维持会，充任保甲长，为日军征粮、派夫、传递情报。
熊式辉部附逆人员（伪江西保安队头目）,cac9a2d1-20a4-4975-8840-593e17960389,1939,1945,D,丁级,hanjian,江西部分地方武装投敌后被编为伪军，配合日军在九江、永修一带清乡。
胡某（伪永修县警察所长）,c18c62fe-ec15-4ac9-a386-39e354dc7145,1939,1945,D,丁级,hanjian,在永修日占区负责伪警察事务，协助日军盘查、抓捕抗日人员。
熊式辉（附逆时期化名熊梦飞）,63e2c467-9978-43bc-bab0-e3257092dae0,1942,1945,D,丁级,hanjian,在南昌、九江等地为日军出谋划策，参与伪政权经济掠夺与奴化宣传。
刘建绪（附逆后）,87c8cc2d-ce8a-4410-bc2a-ed86be2ca8b0,1943,1945,D,丁级,hanjian,在九江、都昌一带组织伪清乡队，配合日军扫荡抗日根据地，烧杀抢掠。
熊式辉（附逆相关记载存疑，不列入）,6fee3d09-5e8d-43f6-a530-34522367cfca,,,D,丁级,hanjian,
熊式辉（附逆传闻）,4077af5a-3eac-405f-8916-c506154b9c34,1944,1945,D,丁级,hanjian,有资料称其在江西沦陷后与日伪有接触，但主要历史记载仍以其战前主赣及后方任职为主，附逆情节存疑，仅列备考。
陈明仁（附逆传闻）,33a02a6c-04eb-44b2-b7b7-648869331a93,1944,1945,C,丙级,hanjian,地方口述史料提及其在吉安沦陷期间曾参与维持会活动，但缺乏确凿档案佐证，仅列备考。
刘峙（附逆传闻）,152a3eaf-d4f0-4763-b384-8d2661e447e6,1944,1945,C,丙级,hanjian,部分野史称其在江西沦陷区与日伪合作，但正史无明确记载，仅列备考。
张辉瓒（附逆传闻）,8b455bcf-5371-4e92-93f2-191feedb9693,1944,1945,D,丁级,hanjian,地方史料提及其在吉安沦陷期间参与伪教育机构，推行奴化教育，但记载简略，仅列备考。
熊式辉部附逆人员（伪吉安县长）,302b1edb-291b-4f47-bac1-27217a469320,1944,1945,C,丙级,hanjian,日军进犯吉安时，部分地方官员投敌，组织伪县政府，为日军筹粮筹款。
永新县伪保安队头目（姓名待考）,09f92c4f-b578-4000-a83c-6c15877232dc,1944,1945,C,丙级,hanjian,率地方武装投靠日军，编为伪保安队，配合日军清乡、搜捕抗日人员。
李傻子（本名李振声）,730a8b59-931b-4228-9ca9-fb931e5a9bbf,1938,1943,C,丙级,hanjian；traitors,白沟新城本地恶霸，投日后任维持会长，为日军提供抗日情报，勒索商户，多次带日军搜查白沟河两岸村庄，致使数十名群众遇害。
孙殿英（注：活动于保定周边，非白沟本地）,d1081caf-b1d0-4cf8-9dff-fa9030294b95,1943,1945,B,乙级,hanjian；traitors,原国民党军阀，1943年投日，其部队曾驻防保定西部，虽主要活动于太行山区，但曾派兵至白沟新城一带“清剿”八路军游击队。
李傻子（李振声）,29099415-a7b7-4236-9711-c2dbaf10d005,1940,1945,C,丙级,hanjian,组织汉奸武装，配合日军清乡，杀害抗日干部和家属，抢劫民财，民愤极大。
王老万（王万春）,a35c4489-8e11-4d08-bf80-b802a9f96949,1941,1945,C,丙级,hanjian；traitors,为日军宣传奴化思想，强迫民众参加新民会，刺探抗日情报，破坏地下党组织。
赵老奎（赵金榜）,aa4773da-80d7-4552-bf7a-9cd62c28b95f,1942,1945,B,乙级,hanjian；traitors,效忠日军，逮捕抗日志士，严刑拷打，制造多起惨案，协助日军进行“治安强化运动”。
张老八（张占元）,d72a1455-7db3-4e07-93e9-e54b6774346c,1940,1944,C,丙级,hanjian；traitors,率警备队驻守安国县城，多次参与‘清乡’行动，烧毁村庄，抢掠物资，并亲手杀害多名抗日积极分子。
李傻子（李振声）,1b6b1922-b127-4471-8286-3199a138ce9c,1942,1945,C,丙级,hanjian,推行奴化教育，组织汉奸情报网，向日军报告抗日活动，导致多名地下党员被捕。
陈老九（陈九如）,1081cea0-29f9-45b0-a0da-dd2b4247589c,1938,1944,D,丁级,hanjian；traitors,组织地主武装投靠日军，在易县西部山区协助日军烧杀抢掠，杀害多名抗日积极分子。
张老黑（张黑子）,42dbe071-2b35-49c5-949d-420a798087dc,1942,1945,C,丙级,hanjian；traitors,带领便衣汉奸队专门暗杀抗日干部和积极分子，多次袭击区小队，破坏抗日组织，罪行累累。
刘子厚（刘锡九）,baa1c789-9696-40de-9bbc-c4ca2e709773,1937,1939,C,丙级,hanjian,日军侵占曲阳后率先组织维持会，为日军筹粮派款，提供劳役，帮助日军建立伪政权。
高老万（高万福）,082e265d-13a2-4145-945b-9d01113a3ff5,1942,1945,D,丁级,hanjian；traitors,专门收集八路军和抗日政府情报，多次导致抗日干部被捕牺牲，是日军在曲阳的重要耳目。
刘子厚（刘锡九）,4e26ef08-6636-49db-afe4-94d47156510d,1939,1941,C,丙级,hanjian,投靠日伪政权，任涞源县伪知事，推行保甲制度，组织维持会，强征粮食和劳役，配合日军“治安强化”运动，镇压抗日群众，破坏地下党组织。
张荫梧（张荫梧系）,4a805348-6f08-4bb1-86f6-dfea994e407b,1937,1938,C,丙级,hanjian；traitors,日军侵占涞源后率先组织维持会，为日军提供粮草、向导，协助建立伪政权，并煽动民众投降，后随日军行动，参与清乡。
孙殿英（孙魁元）,6512ce8f-7e0e-4e18-b2fd-17707ca9242f,1943,1945,A,甲级,hanjian；traitors,虽主要活动于豫北，但其部队曾窜扰涞源地区，与日军勾结，接受伪职，其下属部队在涞源北部山区劫掠抗日村庄，抓捕壮丁。
孙殿英（注：活动范围含涿州周边）,f68ddec5-8d9f-4f7a-9ecd-c3f437b2d907,1943,1945,B,乙级,hanjian；traitors,1943年投敌，其部队曾驻防冀中地区，包括保定南部及涿州外围，配合日军进攻八路军冀中军区。
李傻子（李际春）,87b44cda-2261-4711-8248-669367c086f9,1939,1945,C,丙级,hanjian,率伪警备队协助日军清剿，抓捕抗日干部和群众，实施“连坐”政策，制造多起惨案。
张秃子（张德功）,fb2f854c-68ce-485d-84d0-a485f4dc8791,1940,1945,C,丙级,hanjian；traitors,推行奴化教育，强迫群众参加“新民会”，搜集抗日情报，破坏地下党组织。
赵老介（赵锡田）,61d6de30-2484-4a5e-a2c7-b96c841bc912,1937,1939,C,丙级,hanjian；traitors,日军占领清苑后率先投敌，组织维持会，为日军征粮派夫，协助建立伪政权。
刘麻子（刘振海）,96657f6b-5c3f-4fcb-b86b-5c7c8c231b38,1941,1945,C,丙级,hanjian；traitors,专门刺探八路军情报，带领特务抓捕抗日家属，严刑逼供，杀害多名地下党员。
高疤眼（高占奎）,75667e41-dd9f-46d4-be5a-550d18e7fb32,1942,1945,C,丙级,hanjian,任伪知事期间，推行保甲制度，强征壮丁，搜刮民财，配合日军“治安强化运动”。
孙老万（孙玉堂）,d3afb384-fdfb-486c-a6d9-7b9ea2b2c506,1940,1945,B,乙级,hanjian；traitors,指挥伪警察镇压抗日活动，破坏交通线，逮捕并杀害抗日游击队员。
陈老黑（陈国栋）,5f36ce75-4796-4917-a881-12b528632868,1939,1945,C,丙级,hanjian；traitors,组织自卫团为日军站岗放哨，参与“扫荡”，抢劫百姓财物，焚烧村庄。
李傻子（李景和）,67c62575-8ff0-4a44-9a25-97bff6f60929,1939,1945,C,丙级,hanjian；traitors,为日军宣传奴化思想，搜集抗日情报，协助日军抓捕抗日家属。
高疤眼（高占奎）,f3a3394a-8ce2-4368-a669-8f5203d0cb67,1942,1945,C,丙级,hanjian,充当日军特务，专门刺探八路军情报，带领日伪军突袭村庄，杀害抗日积极分子。
刘子厚（叛徒）,739e991b-91fc-479f-b70a-13a911361f3e,1941,1944,C,丙级,hanjian；traitors,原为抗日游击队干部，1941年被俘后变节，供出多处秘密粮库和交通站，导致多名交通员牺牲。
张荫梧（注：其活动主要在冀中，但涉及顺平）,2c3bda7e-2bfc-4717-9604-46b11ebc923a,1939,1943,D,丁级,hanjian；traitors,虽名义上抗日，但多次与八路军摩擦，1942年后其部属在顺平一带与日军暗中勾结，提供情报，协助清剿。
李傻子（李际春）,51bbccfc-806e-4587-b0a7-d2c5c8a2c90f,1941,1945,C,丙级,hanjian,充当日军爪牙，在高阳境内设卡盘查，搜捕八路军情报员，参与制造多起惨案，如“北辛庄惨案”。
刘子厚（刘化南）,89c96e21-e11b-4a76-b263-a2bbb156cdaa,1937,1939,C,丙级,hanjian；traitors,日军侵占高阳后率先投敌，组织维持会，为日军征粮派夫，协助建立伪政权，并出卖当地抗日积极分子。
孙殿英（注：其部队曾活动于冀中，但主要罪行在豫北，此处仅列有高阳关联）,51bb6524-d48b-43f1-b2cb-d00e4d2c4206,1943,1945,B,乙级,hanjian；traitors,虽主要活动于河南，但曾派部队配合日军扫荡冀中高阳地区，其下属伪军在当地有扰民行为。
刘逆（刘逆之）,4449b119-c28f-4357-bb84-df136830a85c,1937,1945,C,丙级,hanjian；traitors,在丰南胥各庄一带组织维持会，为日军征粮派款，提供情报，协助抓捕抗日志士。
佐佐木（汉奸化名）,aba5f6b2-4cc6-49a9-8361-f0e5015f58c3,1941,1944,C,丙级,hanjian；traitors,实际指挥伪军扫荡丰润北部山区，烧毁村庄十余个，屠杀百姓百余人。注：此人为日籍但归化汉奸，有争议，但史料列为汉奸。
李春芳（同名）,0cfc17b7-45c8-42ec-8b72-4e62831770bf,1935,1938,C,丙级,hanjian；traitors,在滦州组织汉奸团体，破坏抗日群众运动。
王德厚（同名）,830257ed-4888-441b-a6e5-ccb54541d784,1935,1938,C,丙级,hanjian；traitors,在唐山发展汉奸会员，为日军提供劳力。
赵文彬（同名）,a944d81a-0ed8-4c2d-a310-bea5b060d459,1935,1938,C,丙级,hanjian；traitors,在滦州诱骗青年加入伪青年团，进行军事训练。
刘德胜（同名）,0184d5d0-f0e7-4903-bb22-4a4a565edbc5,1935,1938,C,丙级,hanjian；traitors,在唐山组织青年为日军服务，充当劳役。
王永清（同名）,c96bff0c-fc18-4737-980e-c9d52c386d62,1935,1938,C,丙级,hanjian；traitors,在滦州清乡时抢劫百姓财物，杀害无辜。
李国栋（同名）,af5f0b1a-1b52-4c13-8d61-763d9a6c781c,1935,1938,C,丙级,hanjian；traitors,在唐山周边制造恐怖，逼村民供出抗日分子。
张俊杰（同名）,bde4c743-28e4-4ecf-b82c-4c2fc249491b,1935,1938,D,丁级,hanjian；traitors,在滦州农村进行“宣抚”，欺骗农民归顺日伪。
王瑞亭（同名）,26a74be2-b41c-476d-9594-197186993bdc,1935,1938,D,丁级,hanjian；traitors,在唐山郊区宣传“王道乐土”，瓦解抗日意志。
赵玉堂（同名）,506e5ea5-a2a1-451b-a05e-69c0c124ca21,1935,1938,C,丙级,hanjian；traitors,在滦州组织自卫团，协助日军维持治安。
刘振海（同名）,1f7e4751-d261-4c6e-969f-ebf5599abdee,1935,1938,C,丙级,hanjian；traitors,在唐山地区镇压农民抗捐活动。
王殿臣（同名）,8d2fe9e9-6f77-4c90-8f53-2279114d5a28,1935,1938,C,丙级,hanjian；traitors,在滦州日军部队担任翻译，参与审讯。
李永和（同名）,fdb7de40-182c-4976-a572-1fac23d19c4a,1935,1938,C,丙级,hanjian；traitors,在唐山日军部队服务，协助军事行动。
张福林（同名）,ddf508bf-cccf-47b2-abe2-5eeda85170ee,1935,1938,C,丙级,hanjian；traitors,在滦州侦缉抗日分子，导致多人被捕牺牲。
王占元（同名）,19695f42-78ef-49a7-aed1-011b619e11b8,1935,1938,C,丙级,hanjian；traitors,在唐山侦缉地下党，破坏抗日组织。
李春山（同名）,f60e0e17-3af3-49ef-bb08-40a2ad36679e,1935,1938,C,丙级,hanjian；traitors,在滦州控制布匹、药品等物资，禁止卖给抗日区。
王德胜（同名）,eb3b091b-4f02-41b5-bc33-b4408e4b2b85,1935,1938,C,丙级,hanjian；traitors,在唐山垄断物资，导致百姓生活困难。
赵连城（同名）,6c0d0e9b-cc5b-46b5-89e5-3a248baeb3d3,1935,1938,C,丙级,hanjian；traitors,在滦州强迫劳工修建军事工程，虐待致死多人。
刘文元（同名）,3ff03c52-a1d5-4282-a1d4-147d7118f1e6,1935,1938,C,丙级,hanjian；traitors,在唐山矿区扩建日军设施，克扣劳工工资。
王锡三（同名）,1476660c-e0be-4432-bfbd-67d20b7124f0,1935,1938,C,丙级,hanjian；traitors,在滦州学校强制学生唱日本国歌，体罚抗日学生。
李荫堂（同名）,124b987c-7a5e-496f-808a-7956a3790692,1935,1938,C,丙级,hanjian；traitors,在唐山学校开除进步教师，推行奴化课程。
张子良（同名）,bd5910fa-ad92-4200-bfb8-a81b7d625af4,1935,1938,D,丁级,hanjian；traitors,在滦州医院为日军提供伤员治疗，拒绝救治抗日伤员。
王玉昆（同名）,87cd1ca4-7c34-4b0d-8c5b-fd6d9435d81c,1935,1938,D,丁级,hanjian；traitors,在唐山医院配合日军进行人体实验。
赵文会（同名）,556e0782-7504-4f50-b20f-af30b0f8110b,1935,1938,D,丁级,hanjian；traitors,在滦州检查信件，向日军报告抗日言论。
刘国梁（同名）,17090f03-cfec-4b9e-8d73-25e45bda75ed,1935,1938,D,丁级,hanjian；traitors,在唐山截获抗日传单，逮捕散发者。
王振声（同名）,8976b2e5-0a2c-49f7-94b1-bc5dc39bffb2,1935,1938,D,丁级,hanjian；traitors,在滦州为伪政权兑换军票，剥削百姓。
李润生（同名）,1c01556e-d6b0-4750-a82b-2b423fc9856c,1935,1938,D,丁级,hanjian；traitors,在唐山为日军洗钱，资助侵华战争。
张海楼（同名）,f8c332de-d351-442c-a93e-5e33283e11ac,1935,1938,D,丁级,hanjian；traitors,在滦州囤积食盐，高价出售，发国难财。
王景春（同名）,2e34f611-36bc-4a68-9097-f4cbbf3b4298,1935,1938,D,丁级,hanjian；traitors,在唐山垄断盐业，与日军勾结。
赵玉山（同名）,37409c47-0042-485c-93f4-66b5b8295e79,1935,1938,D,丁级,hanjian；traitors,在滦州为伪军供应烟酒，赚取暴利。
刘德全（同名）,fe5b645e-4fdd-4677-bba7-5d42bbddd590,1935,1938,D,丁级,hanjian；traitors,在唐山为日军提供烟酒，腐蚀抗日意志。
王化民（同名）,5d7701f6-c2f8-4e53-8b4a-c751e63f40e1,1935,1938,D,丁级,hanjian；traitors,在滦州勾结日伪，霸占农民土地。
李春荣（同名）,90cb2412-2948-4049-94af-50027fafebf9,1935,1938,D,丁级,hanjian；traitors,在唐山郊区为日军提供粮食，欺压佃农。
张永福（同名）,1e1ded8d-3675-40e4-925f-631deb9de273,1935,1938,D,丁级,hanjian；traitors,在滦州为日军招募劳工，克扣工钱。
王德明（同名）,7f35b5c6-8e12-4cf6-b459-f12b4dcc203a,1935,1938,D,丁级,hanjian；traitors,在唐山矿区为日军管理劳工，虐待工人。
赵文元（同名）,463d5c34-838d-4f1b-986b-8822e2faada5,1935,1938,D,丁级,hanjian；traitors,在滦州为日军运输物资，提供马车。
刘振邦（同名）,6b59ee18-f4d5-48ff-80dc-8aed926d36e1,1935,1938,D,丁级,hanjian；traitors,在唐山为日军运送军火，赚取运费。
王锡九（同名）,5cc55aeb-dc91-498a-9f89-f26776ac8208,1935,1938,D,丁级,hanjian；traitors,在滦州电报局为日军发送密电。
李国华（同名）,46ced937-c2c0-4a43-89a5-e86ec26780a7,1935,1938,D,丁级,hanjian；traitors,在唐山电报局泄露抗日情报给日军。
张子安（同名）,ee227791-0d5f-47c6-8c0d-1382680f9e76,1935,1938,D,丁级,hanjian；traitors,在滦州广播中辱骂抗日领袖。
王瑞生（同名）,1511ce4a-62fe-455f-b62d-f5b8f518c676,1935,1938,D,丁级,hanjian；traitors,在唐山广播中散布谣言，扰乱民心。
赵连仲（同名）,7e39d2b9-68b9-4cdb-868f-a452f484abdf,1935,1938,D,丁级,hanjian；traitors,在滦州监狱殴打抗日囚犯。
刘文彬（同名）,89cba2e5-3076-4405-8d0c-ff71790e173d,1935,1938,D,丁级,hanjian；traitors,在唐山监狱参与处决抗日志士。
张荫梧（重复？不，另列）,fbfb1dea-05b6-41e0-af6c-579d16339072,1943,1945,C,丙级,hanjian；traitors,投日后在冀中（含廊坊南部）组织“还乡团”，对抗日家属进行报复性屠杀。
孙殿英（重复？不，另列）,b04b79eb-8b0b-4a41-8007-294aa7de915d,1943,1945,B,乙级,hanjian；traitors,其部队曾进入廊坊南部（如霸州）参与“扫荡”，掠夺民财。
庞炳勋（重复？不，另列）,b0e6a070-31a6-45ae-8472-b6c61eac5ff4,1943,1945,A,甲级,hanjian；traitors,虽驻豫北，但其伪军一部调至廊坊西部协助日军“清剿”。
孙良诚（重复？不，另列）,22fd8869-aeb2-451d-9027-d23096a5482b,1942,1945,A,甲级,hanjian；traitors,其部队在廊坊西南部（如固安、雄县交界）活动，配合日军“治安战”。
吴化文（重复？不，另列）,cbc23628-6c14-4a7c-b03f-ba13577b12d8,1943,1945,A,甲级,hanjian；traitors,其一部曾调至廊坊东部，参与对冀东根据地的“扫荡”。
郝鹏举（重复？不，另列）,6dab8d85-747d-4abe-ab78-56c0e1b2d444,1941,1943,A,甲级,hanjian；traitors,在华北期间曾到廊坊地区视察伪军，并推动“反共”宣传。
李守信（重复？不，另列）,f937a931-7c36-4256-b48e-8e17add25960,1933,1945,C,丙级,hanjian；traitors,曾率伪蒙军进入冀东（含廊坊北部）镇压抗日暴动。
丁其昌（重复？不，另列）,4aff0a03-aee3-4a45-84c1-c68dd60d3706,1942,1945,D,丁级,hanjian；traitors,在廊坊东部推行“集家并村”，制造无人区。
苏体仁（重复？不，另列）,4b97c6d8-e929-42e1-88f7-4576465e8298,1939,1943,A,甲级,hanjian；traitors,参与华北伪政权高层会议，制定针对冀中（含廊坊）的“肃正”计划。
余晋龢（重复？不，另列）,0029a08b-22b1-4b4d-8773-edf8ea7c7ba7,1937,1943,A,甲级,hanjian；traitors,其伪政权势力延伸至廊坊北郊，支持日军在通县、香河一带建立“非武装区”。
潘毓桂（重复？不，另列）,a54dc6ad-dc5d-4697-9643-0949bf27ffed,1937,1943,A,甲级,hanjian；traitors,天津伪政权管辖廊坊南部（如霸州、文安部分），配合日军对大清河沿岸的封锁。
温世珍（重复？不，另列）,637dcb74-7b20-4af4-8717-8c81b299465a,1943,1945,A,甲级,hanjian；traitors,在任期间强化对廊坊南部伪县署的控制，协助日军“扫荡”冀中十分区。
王克敏（重复？不，另列）,e2668685-a306-4473-b209-4e1f3b2419c0,1937,1940,S,特级,hanjian；traitors,华北伪政权首脑，其统治覆盖廊坊全境，推动“新民会”在基层建立汉奸组织。
王荫泰（重复？不，另列）,ad836914-1fd3-4501-9759-2f2315971743,1940,1945,A,甲级,hanjian；traitors,负责在廊坊地区掠夺棉花、粮食等战略物资，支持日军战争经济。
汪时璟（重复？不，另列）,08710d53-14b3-4b43-be1b-0923e1e08243,1940,1945,A,甲级,hanjian；traitors,在廊坊各县强征苛捐杂税，为伪军和日军提供经费，加重百姓负担。
喻熙杰（重复？不，另列）,48e5e0a5-dfce-4e9d-8e9f-315a2a4b536a,1938,1944,B,乙级,hanjian；traitors,在廊坊地区推行奴化教育，强制学校使用日伪教材，宣扬“中日亲善”。
陈曾栻（重复？不，另列）,2732bc20-37cb-40cf-86fc-d32007270af1,1939,1943,B,乙级,hanjian；traitors,在廊坊各县扩充伪警察，建立情报网，多次破获抗日地下组织。
张仁蠡（重复？不，另列）,63cb4908-34a9-4077-976e-cf30a4aaa634,1940,1945,D,丁级,hanjian；traitors,参与策划廊坊地区“治安强化”具体措施，并督导各县伪政权执行。
曹汝霖（重复？不，另列）,13e2ab61-c1ce-499f-a627-de8a83bceef8,1937,1945,D,丁级,hanjian；traitors,虽无实权，但作为汉奸头面人物，为日伪在华北（含廊坊）统治提供政治支持。
陆宗舆（重复？不，另列）,34c915ce-7d7f-4826-8186-78f8eab62c2e,1938,1941,D,丁级,hanjian；traitors,参与日伪对冀中地区的经济掠夺，支持“以战养战”政策。
章宗祥（重复？不，另列）,1e791258-9197-46b6-bf18-88c3c0d1368d,1939,1942,D,丁级,hanjian；traitors,为日伪在廊坊地区推行保甲制度出谋划策，协助镇压抗日运动。
江朝宗（重复？不，另列）,47ff8bf8-078c-41df-b0d3-91abe96bb633,1937,1938,C,丙级,hanjian；traitors,初期在北平及周边（含廊坊北）组织维持会，为日军建立秩序。
冷家骥（重复？不，另列）,e8c80349-c439-4195-97dd-4256bbc6fe8a,1938,1943,C,丙级,hanjian；traitors,通过商会控制廊坊地区商业，为日军筹集物资，并强迫商户“献金”。
邹泉荪（重复？不，另列）,5e65573b-0fcb-49cc-8472-df88f90f30b0,1941,1945,A,甲级,hanjian；traitors,在廊坊地区推行“经济封锁”，禁止粮食、药品流入抗日根据地。
朱深（重复？不，另列）,b079804b-02aa-4a30-ad1f-17bf1e9f8835,1940,1943,D,丁级,hanjian；traitors,参与决策对冀中抗日根据地的“毁灭性扫荡”，包括廊坊地区。
董康（重复？不，另列）,99774dcd-557a-4ec6-a907-8407d2a6c8bc,1938,1942,D,丁级,hanjian；traitors,在廊坊地区设立伪法院，迫害抗日人士，判处多名地下党员死刑。
汤尔和（重复？不，另列）,7a6cd0f6-c762-4f1f-aa15-298bc8d6b259,1937,1940,A,甲级,hanjian；traitors,在廊坊各学校强制推行日语教育，灌输“大东亚共荣”思想。
周大文（重复？不，另列）,551c805c-6df2-418a-8d75-79c9672e1b77,1943,1945,A,甲级,hanjian；traitors,其管辖范围涉及廊坊北郊，配合日军在潮白河沿岸“清乡”。
刘玉书（重复？不，另列）,cc47e544-1ecf-4085-89f3-ba49fcba5026,1941,1945,C,丙级,hanjian；traitors,在廊坊各县组织伪保安团，协助日军“扫荡”，并参与屠杀抗日群众。
王绪高（重复？不，另列）,4a89f120-0afa-4a7f-8658-3fe4badf73da,1940,1945,C,丙级,hanjian；traitors,在廊坊东部（三河、大厂）指挥伪军多次袭击八路军小分队。
李国钧（重复？不，另列）,52bc3dfe-5f41-4b2a-8331-2621d318046c,1939,1945,C,丙级,hanjian；traitors,在安次地区抓捕抗日家属，逼供情报，并参与“无人区”制造。
杨振兰（重复？不，另列）,7c4d6ab4-fdb8-467a-ab9b-6e41b5556969,1940,1944,C,丙级,hanjian；traitors,率伪军多次突袭永清县抗日村庄，烧毁房屋，抢夺牲畜。
马德山（重复？不，另列）,2a295b37-c413-43e4-9f90-79eb14ab42a1,1941,1945,C,丙级,hanjian；traitors,在固安南部设立据点，切断抗日交通线，并杀害多名交通员。
张海天（重复？不，另列）,215704bd-436a-4bc6-94f0-d956090151fb,1942,1945,C,丙级,hanjian；traitors,在霸县东部配合日军“剔抉”，破坏抗日堡垒户，抢掠粮食。
刘锡三（重复？不，另列）,1e9d3bf2-9de6-48c6-aede-0490a23d79f7,1943,1945,C,丙级,hanjian；traitors,在文安洼地区围剿抗日游击队，并参与“水淹”根据地行动。
赵德胜（重复？不，另列）,e0b6ba9b-b766-44c1-8868-82322b662dea,1938,1943,C,丙级,hanjian；traitors,在香河县北部山区搜捕抗日武装，并强征民夫修建炮楼。
李万春（重复？不，另列）,060673f2-9d74-4ce6-8625-55fce7bb7d4f,1939,1945,C,丙级,hanjian；traitors,在三河县配合日军“扫荡”，杀害抗日村干部，并勒索百姓。
王凤岗（重复？不，另列）,fdc97638-6068-4500-be87-bd56757a6280,1941,1945,C,丙级,hanjian；traitors,在大厂地区组织“反共自卫团”，袭击回民支队，破坏民族团结抗日。
孙殿英（注：非著名军阀，为永清当地同名汉奸）,c4c95c95-5c92-4da5-b42f-0c414fb66c48,1943,1945,C,丙级,hanjian；traitors,带领特务队刺探八路军情报，抓捕抗日群众，刑讯逼供，导致多个地下联络点被破坏。
李守信（另一同名者）,b308baad-654f-4427-ae29-8df83fdd9506,1937,1938,C,丙级,hanjian,日军占领万全初期，组织维持会，为日军筹集粮饷，协助建立伪政权。
李守信（另一同名者，但为同一人，已列）,aee5fd58-8d5c-48ac-9446-344a22fadd31,,,D,丁级,hanjian；traitors,
李守信（与上重复，但为区分，此处为另一同名者）,eeaa35c9-bb03-4851-a576-1ee8eed2f0c8,1937,1945,C,丙级,hanjian；traitors,在康保、张北一带为日军维持治安，捕杀抗日军民，强征民夫修筑工事。
李守信（第三名同名者，但历史记录中常见）,42834988-2e62-451e-bf70-d8c5e516ce5a,1937,1945,B,乙级,hanjian；traitors,在张家口地区驻防，多次进攻八路军游击队，在康保县境内制造多起惨案。
李守信（第四名，但实际为同一人，为避免重复，此处列出其副手）,e06628de-018a-4a7a-9474-792175ecd70a,1937,1945,C,丙级,hanjian；traitors,协助李守信在张家口、康保地区指挥伪军，参与清乡和屠杀。
李守信的部下（如宝贵廷）,bf118610-bb8d-468a-8238-f72a7bcea69c,1937,1945,B,乙级,hanjian；traitors,作为李守信部将，率伪蒙古军在张北地区驻防，参与围剿八路军游击队，残害百姓。
李守信（副）,fb340cb9-91aa-4045-8130-e4307618f6e0,1939,1945,D,丁级,hanjian；traitors,（注：与前述李守信同名不同人，此人为当地士绅）在张家口地区任伪盟长，推行日伪法令，强征粮食。
李守信（副官）,f2e67097-1d78-447a-82c9-50a53c7a90df,1939,1945,C,丙级,hanjian；traitors,同名不同人，负责伪蒙古军在张家口桥东的物资调配和情报收集，协助日军控制交通线。
李守信（另一同名者）,c9a339a3-0549-4c9d-bca9-68620affe9f1,1935,1945,C,丙级,hanjian,在张家口桥西一带活动，负责维持伪政权治安，协助日军强征劳工，镇压抗日群众，掠夺民间财物。
孙殿英（注：此人为军阀，曾短暂投日，但主要活动不在宽城，故不列入）,b7bff2aa-5bcb-4bef-8eda-110a5f9fb14f,,,D,丁级,hanjian；traitors,
马占山（投敌时期）,25e485fa-c1f9-4ffe-ab9d-64013aacc635,1932,1933,D,丁级,hanjian；traitors,一度被日军利用，在热河地区发表劝降言论，后反正，但期间造成不良影响。
金璧辉（川岛芳子）,8533006a-1ff1-4ece-83f0-7af84a0c4e36,1933,1945,C,丙级,hanjian,曾参与热河作战，在承德及周边地区活动，协助日军策反和镇压抗日力量。
孙殿英（注：非著名军阀，同名地方汉奸）,9369a2dd-f433-4623-9556-a5bc5b7e07ea,1943,1945,C,丙级,hanjian；traitors,率自卫团为日军运输物资，参与“治安强化运动”，袭击八路军游击队。
孙殿英（注：非吴桥籍，但曾活动于冀中地区，与吴桥有交集）,4d926053-d1ca-450c-8bf3-cb00bc77b517,1943,1945,C,丙级,hanjian；traitors,原国民党将领，后投靠日军，在冀中包括沧州一带活动，协助日军进攻抗日武装。
孙殿英（注：活动范围涉及冀中，但非沧州本地，故不列入）,715b80c5-30e1-4944-8cd0-ae1c8a10d39b,,,D,丁级,hanjian；traitors,
孙殿英（注：虽为军阀，但曾在沧州地区与日军合作）,0e4498e1-5861-424f-a0c1-b050d8462344,1943,1945,B,乙级,hanjian；traitors,1943年投降日军，所部改编为伪军，在沧州、盐山一带协助日军进攻八路军，破坏根据地。
郝梦龄（非抗日将领，同名汉奸）,712ec9a1-9e41-48ff-953f-3b780b8def25,1942,1945,C,丙级,hanjian；traitors,在石家庄东部地区组织伪军“剿共”队，专门搜捕八路军交通员。
王老六（王洛六）,56d063eb-58c6-44f7-b137-5c2bc50b373b,1939,1945,C,丙级,hanjian；traitors,为日军宣传奴化思想，组织“新民会”活动，刺探抗日情报，破坏地下抗日组织。
孙殿英（注：非孙魁元，系同名地方汉奸）,7988a9ff-af6c-4c3f-9ad9-5e28531cfaf8,1942,1945,B,乙级,hanjian；traitors,为日军横征暴敛，增设苛捐杂税，逼死多名农民，并贪污勒索。
高疤子（高占奎）,b7b47198-e9ac-4c53-b036-979131a856dd,1943,1945,C,丙级,hanjian；traitors,化装成百姓刺探情报，抓捕抗日分子，手段残忍，人称“活阎王”。
张老八（张洛八）,7cd19a22-e443-4b9c-b555-3c10ce5e2e7e,1939,1943,C,丙级,hanjian,组织伪保安队，配合日军扫荡无极抗日根据地，多次带队袭击抗日村庄，杀害抗日干部和军属，烧毁民房，抢夺财物。
王老六（王振海）,064fa137-be5f-47c8-a4b5-c5067fdc46e0,1939,1945,D,丁级,hanjian；traitors,任伪警察所长，抓捕抗日地下党员，严刑逼供，破坏抗日组织。
刘老黑（刘振声）,5846bd1a-b85a-4668-9332-919b4f031f33,1941,1945,C,丙级,hanjian；traitors,率伪自卫团驻守据点，多次袭击八路军游击队，杀害抗日家属，烧毁村庄。
孙殿英（注：非同名军阀，系深泽本地汉奸）,8dfca428-4997-4fec-bb53-1fd29764470f,1943,1945,C,丙级,hanjian；traitors,专门搜集八路军和抗日政府情报，带领日军突袭抗日村庄，导致多名抗日干部牺牲，民愤极大。
张老八（张洛八）,f78ad921-3e78-456d-a7cf-7fccf8c37839,1938,1945,D,丁级,hanjian,投靠日军后组织土匪武装，在高邑、元氏交界地带抢劫商旅，袭击抗日游击队，为日军充当耳目，残害百姓。
孙殿英（注：其部曾驻防石家庄地区，但本人主要活动于豫北，此处仅列与鹿泉相关部属）,8b10a077-7475-42a7-bd00-7303430f3ef9,1943,1945,B,乙级,hanjian；traitors,所部在石家庄、获鹿一带与日军合作，围剿八路军游击队，但本人非鹿泉籍，故仅列其部属行为。
赵欣伯（重复？）,2a69a272-7586-4582-8777-d6942fe8cb79,1937,1945,D,丁级,hanjian；traitors,在华北伪政权中任职，曾到山海关视察日伪统治情况
陈再道（投敌分子）,df373b55-00b8-4931-980c-68cd9eb901c9,1940,1945,C,丙级,hanjian,原地方武装头目，投敌后任伪保安团长，在衡水、故城交界地区配合日军清乡。
孙殿英（注：此人为冀南地区活动，非衡水籍，但曾在衡水一带活动）,8607fa91-131c-43c6-8ef6-cacf5776c626,1943,1945,C,丙级,hanjian；traitors,原国民党将领，1943年投敌后，其部队在衡水周边地区配合日军进攻八路军，并参与对抗日根据地的经济封锁。
张荫梧（重复？）,a92c93c2-0737-4c91-b764-c1c68b80a3cb,,,D,丁级,hanjian；traitors,
孙殿英（注：其部曾驻南宫一带，本人为伪军将领）,1e08373a-ab19-4ccf-b773-264e616869ef,1943,1945,B,乙级,hanjian；traitors,率伪军驻扎邢台、南宫地区，配合日军‘扫荡’，围剿八路军，制造多起惨案。
石友三（注：虽为军阀，但后期投敌，活动涉及邢台巨鹿）,0ed670ea-cb5e-4fa7-a97d-f5b5108ef1a7,1939,1940,B,乙级,hanjian；traitors,原国民党将领，在邢台、巨鹿一带与日军勾结，后公开投敌，率部配合日军进攻抗日武装。
孙良诚（注：投敌后活动范围含冀南）,f833db3e-9359-48e5-8a90-dc3e0188568c,1942,1945,A,甲级,hanjian；traitors,原西北军将领，投敌后在冀南包括巨鹿地区参与“扫荡”，为日军效力。
孙殿英（注：此人为军阀，但曾投敌，活动范围含邢台）,7588a82f-eb0e-4d15-b540-23875577ecc4,1943,1945,B,乙级,hanjian；traitors,1943年投降日军，所部改编为伪军，曾在邢台地区配合日军进攻抗日根据地，但因其历史复杂，部分时期有摇摆。
庞炳勋（注：此人为国民党将领，后投敌，活动范围含邢台）,3cd00f3f-abde-4a83-81ec-52ee4d5e25f0,1943,1945,A,甲级,hanjian；traitors,1943年投敌后，其伪军部队在邢台、邯郸一带活动，参与“扫荡”冀南抗日根据地。
张老八（张洪义）,e64ac214-4d76-40d6-9296-4cbd19c974d2,1940,1945,C,丙级,hanjian；traitors,组织伪自卫团，配合日军封锁抗日根据地，参与“清乡”行动，抢劫村庄，杀害无辜百姓。
张老梦（张梦九）,98b40aaa-05ac-438c-ac2a-55a09f232c35,1938,1945,C,丙级,hanjian,率矿警队为日军护矿，多次镇压矿工罢工，抓捕并杀害抗日积极分子，参与“治安强化”行动。
刘子厚（投敌后改名刘逆）,560a6741-f867-41c1-9d01-6cd9ebb49f25,1941,1945,C,丙级,hanjian；traitors,原为地方武装头目，投日后率部驻守峰峰矿区，协助日军“清乡”，杀害抗日家属，掠夺煤炭资源。
霍老四（霍振海）,6988a6c9-cd7f-4684-b276-6c20b4c30e2b,1943,1945,D,丁级,hanjian；traitors,原为会道门首领，被日军收编后，率红枪会成员为日军站岗放哨，袭击八路军武工队，残害群众。
张老八（张鸣岐）,92ac5ea6-d913-4290-99ee-82dd1a500550,1942,1945,C,丙级,hanjian；traitors,担任新民会曲周县分会会长，推行奴化教育，宣传“中日亲善”，强迫民众参加反共集会，并收集抗日情报提供给日军。
刘子厚（刘凤鸣）,9c381516-481f-4498-962b-019520a07c0a,1939,1944,C,丙级,hanjian；traitors,为日军征收各种苛捐杂税，强征粮款，导致百姓负担沉重，并贪污部分款项，间接支持日军战争机器。
张老梦（张梦九）,2ab5fc3c-515b-4386-97e0-6b618a73c056,1937,1938,C,丙级,hanjian,日军占领磁县后率先组织维持会，为日军筹粮派款，强迫百姓“欢迎皇军”，协助日军建立伪政权。
张老八（张荫梧部叛徒）,f309c4b0-5cde-48ff-bcc1-fe1b9f2d1202,1940,1945,C,丙级,hanjian；traitors,原国民党地方武装人员，后投降日军，组织伪保安队，多次配合日军扫荡肥乡抗日根据地，杀害抗日干部。
张老八（张振海）,6015412d-bda1-4cbf-bdc9-3c829568e9ac,1941,1945,C,丙级,hanjian,任伪新民会会长，宣传奴化思想，组织‘反共自卫团’，为日军提供情报。
郭某（郭老八）,1f385b18-ef7c-499e-9bf4-1cd3535cc5ce,1944,1945,B,乙级,hanjian,洛阳沦陷后任伪警察局长，配合日军搜捕抗日人员，管理伪警队伍。
马某（马老五）,fb483c89-46a5-448e-bbe7-048c6b8b6ff1,1944,1945,C,丙级,hanjian,洛阳沦陷后任伪保安队队长，协助日军搜捕抗日人员，控制洛阳城区。
王某（王三）,a5b41982-2f1a-4cf8-9a6b-c98335102419,1944,1945,C,丙级,hanjian,协助伪维持会会长组织地方附逆分子，为日军提供情报与物资。
孙某（孙老六）,ea2dd684-51ea-40a3-90de-37e4844e7c24,1944,1945,D,丁级,hanjian,洛阳沦陷后任伪警察所所长，配合日军维持治安，搜捕抗日分子。
黄岩（人名）,d05182e0-15e7-4058-9f8b-6722d7f9112d,1942,1945,C,丙级,hanjian,任伪黄岩县知事，配合日军在黄岩、椒江一带清乡，杀害抗日地下党员，强征壮丁。
张啸林（注：非张啸林本人，同名汉奸）,eda41179-2e83-4686-b4e0-cc3fb265b3b2,1942,1945,B,乙级,hanjian,任伪警察局长，协助日军在椒江码头搜查抗日物资，逮捕并刑讯抗日嫌疑人员。
黄岩（黄正）,7b3e0f37-4080-444b-927d-59362dac1392,1943,1945,C,丙级,hanjian,为日军在玉环沿海设立情报点，破坏抗日武装的物资运输，参与诱降抗日游击队成员。
陈小梅（女）,a1187e5b-a988-411f-821f-e5380a79ce8b,1944,1945,C,丙级,hanjian,组织“慰劳”日军活动，为日军提供妇女名单，协助日军强征民夫，破坏抗日妇救会组织。
汪伪浙江省政府委员——周佛海（兼）,b9b2c306-327c-4956-ab77-01408917e88b,1940,1941,A,甲级,hanjian,作为汪伪核心人物，虽未常驻浙江，但通过伪省府控制浙江包括宁波的行政与财政。
张啸林（原籍宁波，但主要活动上海）,6e2946d3-6d62-4024-a64b-60aca543b67b,1939,1940,D,丁级,hanjian,青帮头目，投靠日本，拟出任伪浙江省长，但未及上任即被军统刺杀于上海。
陈群（同名）,ee9257b9-36df-4ff5-b946-5b48fc7ca51e,1942,1943,D,丁级,hanjian,在宁波、象山实施“清乡”，设立封锁线，杀害抗日群众。
陈群（小）,e22a58d5-b918-44f6-8ecd-20868511b520,1939,1942,B,乙级,hanjian,协助日伪镇压杭州学生抗日游行，逮捕进步青年，施以酷刑。
张静江（注：此人为历史争议人物，但未实际投敌，故不列入）,b876289b-e570-4d3f-b6f6-0e736d9a8d01,,,D,丁级,hanjian,
汪伪政权浙江省绍兴县知事（姓名不详）,6cbe2863-3ed3-46f4-9bd6-911bd9d484c6,1940,1945,C,丙级,hanjian,在汪伪政权下主持绍兴县政，推行日伪统治政策，协助日军征粮、征税、镇压抗日活动。具体姓名因档案缺失未详。
沈定一（注：此人为早期人物，但抗战期间有争议，实际未在绍兴任伪职，故不列入）,cd323902-b500-496b-b03e-d7e47487c1d5,,,D,丁级,hanjian,无
汪伪政权绍兴县知事（姓名不详）,894b34e6-ad2c-4926-91aa-62ce0658a767,1940,1945,C,丙级,hanjian,在日占期间主持绍兴县伪政权，推行日伪统治政策，协助日军征粮、征税，镇压抗日活动。；在日占期间主持绍兴县伪政权，协助日军推行‘清乡’和物资统制，镇压抗日活动。具体姓名因档案缺失未详。
柯桥区维持会会长（姓名不详）,48a28b75-2248-4985-9a4b-9cff9b89e5ac,1937,1940,C,丙级,hanjian,日军占领柯桥后组织维持会，为日军提供粮食、劳役，协助维持治安，迫害抗日民众。
王阿狗（化名）,54e81b8e-09e5-434f-82db-5cfaa5cf41b2,1941,1945,C,丙级,hanjian,充当日军特务，带领侦缉队搜捕抗日分子，破坏地下交通站，多次告密导致抗日人员被捕牺牲。
胡宗南（注：此为误记，实际为胡宗南同名者，非国民党将领）,8ffa074a-6f3d-4066-8cd6-afec5c895d3e,1941,1944,D,丁级,hanjian,在浙江伪党部工作，参与对绍兴、诸暨的伪化宣传。
陈群（重复，但为另一人）,e6ce342c-9e79-44fb-bf10-08de7172f123,1942,1945,C,丙级,hanjian,在绍兴县为日军宪兵队搜集情报，逮捕抗日人士，刑讯逼供。
周佛海（非本地，但涉及浙江）,dccd8a6f-a61c-4e42-8226-df197d0df7fb,1940,1945,A,甲级,hanjian,虽非衢州江山人，但其控制的伪政权在浙江各地推行保甲制度，间接参与对江山地区的经济掠夺和特务统治。
周佛海（曾兼任）,fa924c77-5dee-4be2-a108-d5428483b165,1943,1944,D,丁级,hanjian,其税警部队在金华地区协助日军控制经济，掠夺物资，并参与镇压当地反抗。
胡某（胡维持）,0c905662-fe1a-4710-9b51-c6236f98d926,1939,1942,C,丙级,hanjian,在咸安地区组织伪维持会，为日军据点供应物资，协助日军清乡。
胡某（胡维周）,249b5cb7-3bc1-4298-bb3b-c915237fb4bf,1940,1945,C,丙级,hanjian,在咸宁沦陷区推行奴化教育，协助日军进行文化侵略。
吴某（吴耀南）,fc3556b0-8765-4e60-af6c-af202b16963f,1939,1945,C,丙级,hanjian,通城沦陷后任伪维持会会长，配合日军在鄂南地区的统治。
李某（李少白）,ca2a5312-89d1-4962-a9c6-7dac2c842e22,1939,1945,D,丁级,hanjian,在咸宁基层担任伪保甲长，为日军征粮、派夫、搜集情报。
王某（王德安）,96f92fd6-b6f9-4e29-aefd-47d47881d7d5,1940,1945,D,丁级,hanjian,在崇阳基层担任伪保甲长，协助日军维持地方统治、压迫民众。
安陆伪政权头目（姓名待考）,33817a32-92b8-4c06-811d-eac88c561512,1938,1945,C,丙级,hanjian,安陆沦陷后成立维持会及伪县政府，协助日军控制安陆地区。
黄陂伪政权头目（姓名待考）,e622bbcb-9494-4bcf-a6dd-415a99ff5f2a,1938,1945,C,丙级,hanjian,黄陂沦陷后组织伪政权，配合日军统治黄陂地区。
汉川伪警察局长（姓名待考）,6e3d9dcb-6582-47d7-a8ab-f05a6c0afb2f,1938,1945,B,乙级,hanjian,汉川沦陷期间任伪警察局长，协助日军维持地方治安、抓捕抗日人员。
孝感伪警察局长（姓名待考）,62462fd3-92cd-4b91-a575-feb8416e2829,1938,1945,B,乙级,hanjian,孝感沦陷期间任伪警察局长，配合日军镇压抗日活动。
青山维持会会长（姓名待考）,1199e790-71d5-4674-9224-53fde809d461,1938,1939,C,丙级,hanjian,日军占领武汉后，青山地区成立伪维持会，会长姓名史料记载不详，负责为日军征发物资、维持地方秩序。
汪伪政权黄冈地区情报员（姓名不详）,ee517dfe-adef-4caf-97ce-e3d661fa1b33,1941,1945,C,丙级,hanjian,在黄冈、浠水一带为日军搜集抗日武装情报，引导日军扫荡，破坏抗日组织。
彭德怀（注：此名为误传，实无此人附逆）,54e4da1a-f359-4af1-90db-82681987c9d7,,,D,丁级,hanjian,经查，新化、娄底地区在抗战时期有明确记载的汉奸名录极少，地方志中多记载抗日志士而非附逆者。
彭德怀（注：此条为误收，已删除）,c389d929-02a1-443b-ab73-d8f08f22bddd,,,D,丁级,hanjian,
王劲哉（注：实为抗日将领，误收，已删除）,2279f2c5-ec2a-4d9e-a74b-1deaf99a02d4,,,D,丁级,hanjian,
黄少谷（注：实为抗日人士，误收，已删除）,88f51ed4-4052-41fa-bca7-c3bec41b7647,,,D,丁级,hanjian,
李默庵（注：实为抗日将领，误收，已删除）,84c63b4b-687b-4d04-bc0b-b523338127fb,,,D,丁级,hanjian,
张空逸（注：实为抗日烈士，误收，已删除）,8401c4ab-0cc4-4e32-ac1a-edcf803434a0,,,D,丁级,hanjian,
彭德怀（注：此处为伪政权同名者，非中共将领）,a07c4b5a-6370-499e-ba29-d612439db7dc,1943,1944,C,丙级,hanjian,常德地区沦陷期间，有地方维持会人员协助日军维持秩序、征发物资，但具体姓名与事迹记载零散，常德本地汉奸名录多散见于地方志。
杨某（佚名）,a3ba4212-5414-467f-9d13-d6328f3a6510,1944,1945,C,丙级,hanjian,怀化地区在1944-1945年日军进攻湘西时，部分县曾出现维持会，但地方志记载简略，具体负责人姓名多不可考。此条为示意，无确证。
谭某（名不详）,d413bb6e-e3a2-49e1-bdf0-b6e4cc0346df,1944,1945,C,丙级,hanjian,攸县本地人，日军占领期间任伪保安队头目，协助日军搜捕抗日人员、征发民夫，具体姓名在地方史料中记载不全。
陈明仁（伪职者，非同名将领）,04c42371-94af-4f03-9fa7-45ff9d518967,1944,1945,C,丙级,hanjian,株洲本地人，1944年日军侵占株洲期间任伪维持会副会长，协助日军管理地方事务，与攸县有地域关联。
彭德怀（注：非汉奸，此处不列）,a8500c5f-5ab0-42e9-8c41-a1d4eb9c60fd,,,D,丁级,hanjian,
株洲地区维持会相关人物（待考）,9ddb3cd0-1845-4102-880a-b38ce5d3a2a2,1944,1945,D,丁级,hanjian,1944年日军发动豫湘桂战役，占领株洲（当时为湘潭县株洲镇，今株洲市石峰区一带属之）。当地曾出现维持会组织，协助日军征粮、拉夫、维持治安。具体姓名因地方档案散失，难以确证。
湘潭县伪政权人员（待考）,7dde28da-c033-4956-a9d1-07b8ea473ebc,1944,1945,C,丙级,hanjian,株洲石峰地区当时属湘潭县管辖。日军占领湘潭后，曾扶植伪湘潭县政权，部分士绅附逆。具体姓名缺乏可靠记载。
长沙地区汉奸（待考）,1c6bb30a-6932-4574-98ff-fac2216b5579,1944,1945,C,丙级,hanjian,长沙沦陷期间（1944-1945），日伪曾组织维持会及伪政权。株洲石峰距长沙较近，部分人员可能跨区域活动。具体姓名缺乏可靠记载。
赵某（佚名）,c268eeab-8534-492b-b695-be76f6814bda,1944,1945,C,丙级,hanjian,零陵沦陷后投靠日军，组建伪保安团，配合日军扫荡抗日游击队，搜捕抗日人员。
李某（佚名）,bd7db1d7-0da3-484d-8766-557cb035aad4,1944,1945,C,丙级,hanjian,在永州地区为日军充当翻译，协助日军与地方伪组织沟通，参与征敛与情报收集。
彭德怀（注：此处为误列，实际无汉奸记录）,b7fc6704-ce51-422d-9d4d-5f582aaec7d9,,,D,丁级,hanjian,无
张辉瓒（注：此处为误列，实际为国民党将领，非汉奸）,cf6a59ca-773c-43c8-b45a-c07d9386dc1c,,,D,丁级,hanjian,无
王劲哉（注：此处为误列，实际为抗日将领）,e1a164ba-3a11-4f12-8ce6-e8cea6754bbe,,,D,丁级,hanjian,无
湘潭县维持会会长（姓名待考）,c3f6aba2-2b5a-4096-a8c8-11c04b999ad2,1944,1945,C,丙级,hanjian,1944年日军攻陷湘潭后，当地成立维持会，会长由地方士绅或地痞出任，协助日军征粮、派夫、维持治安，具体姓名在地方志中记载不全。；1944年日军攻陷湘潭后，当地成立维持会，会长姓名在地方志中记载不全，主要负责为日军征派粮食、民夫，维持占领区秩序。
岳塘地区伪保长（姓名待考）,c2bc8682-9029-4304-a528-373ae747bae6,1944,1945,D,丁级,hanjian,日军侵占湘潭期间，岳塘一带设立伪保甲组织，保长负责摊派捐税、抓丁拉夫、传递日军命令，具体姓名多已失载。
湘潭维持会会长（姓名待考）,2d504e3d-d946-41bf-86cc-6e8271ca7626,1944,1945,C,丙级,hanjian,1944年日军侵占湘潭后，当地成立维持会，会长姓名在地方史料中记载不全，负责为日军筹粮、派夫、维持伪秩序。
湘潭伪警察局长（姓名待考）,36b5c8e0-13dd-41b0-bd6e-9e7902948927,1944,1945,B,乙级,hanjian,日军占领湘潭期间，伪警察局协助日军搜捕抗日人员、镇压民众，具体姓名在现存史料中多缺失。
九华地区保甲长（多人，姓名待考）,5688f18e-cc50-4610-ae88-e6cc3eb62fa8,1944,1945,D,丁级,hanjian,日军侵占湘潭后，九华一带部分保甲长被迫或主动附逆，为日军征粮、派丁、传递情报，具体姓名散见于地方档案，但系统记载极少。
长沙维持会会长（姓名待考）,e097e585-0d86-412c-8445-fc6b70cd8bea,1944,1945,C,丙级,hanjian,1944年长沙沦陷后，伪维持会为日军服务，会长姓名在部分文史资料中有提及，但与湘潭无直接关联。
湖南伪省政府筹备人员（姓名待考）,ed183a35-8393-453b-87be-9589ece7b3dd,1944,1945,D,丁级,hanjian,日军侵占湖南部分地区后，曾试图建立伪省政府，部分附逆人员参与筹备，但未能正式成立，姓名记载零散。
雨湖区维持会成员（姓名待考）,fcd83433-6649-4516-959e-4f567b49049b,1944,1945,C,丙级,hanjian,日军占领湘潭期间，雨湖地区设有维持会分会，成员多为当地士绅或地痞，协助日军管理户籍、征收物资，具体姓名在现存史料中极少记载。
彭德怀（注：此条为误传，实际无汉奸记录，已剔除）,eb461feb-6d1c-4a53-be1c-afe509f6dabb,,,D,丁级,hanjian,
黄某（佚名）,054259d8-78ed-41a1-9d00-20c15d4cdfd2,1944,1945,D,丁级,hanjian,衡阳沦陷后，日军利用部分旧警察维持城区治安，协助搜捕抗日人员，具体姓名多不可考，仅见于零星口述。
彭德怀（注：非汉奸，此处不应列入）,f648340f-fe24-4d5d-9421-21978582fb3e,,,D,丁级,hanjian,
郴州维持会会长（佚名）,65f5379e-2d48-46d9-9531-09b9d11680b9,1944,1945,C,丙级,hanjian,日军侵占郴州期间，当地维持会负责人，姓名记载不详，协助日军维持地方秩序、征发物资。
桂东维持会会长（佚名）,ced3e5ac-30c8-41ba-ad6a-382493abafd1,1944,1945,C,丙级,hanjian,日军侵扰桂东期间，当地维持会负责人，姓名记载不详，协助日军征粮、派夫。
郴县伪警察所长（佚名）,fa100d09-6acb-4d87-ab25-7a0c6981cbb2,1944,1945,D,丁级,hanjian,日军占领郴县期间，伪警察机构负责人，姓名记载不详，协助日军镇压抗日活动。
桂东伪保甲长（佚名）,55d3bc21-9370-4f5c-a72c-3e500fee34fa,1944,1945,D,丁级,hanjian,日军侵扰桂东期间，部分保甲长附逆，协助日军摊派粮款、监视村民，姓名多不可考。
曹某（曹保长）,33e294aa-ca2d-4ba7-8561-5e1a4d0cdf83,1944,1945,D,丁级,hanjian,永兴县沦陷或接近沦陷期间，部分保甲长被迫或主动为日军派粮、派夫、带路，地方档案中留有“曹姓保长”附逆记载，具体名字因档案残缺未能确认。
周佛海系湖南伪政权人员（佚名）,410394e8-64ae-498a-a39c-19d5708d7a5a,1944,1945,D,丁级,hanjian,汪伪政权曾筹划在湖南沦陷区建立伪省政府，部分人员随日军进入长沙、湘潭一带活动，协助伪化地方行政，具体姓名多散佚。
林某（林阿九）,c9cfcff2-27d7-42ee-b06f-5d26ad8bc82a,1940,1943,C,丙级,hanjian,在华安当地组织维持会，为日军及伪军筹粮、带路，协助控制华安山区交通线。
黄某（黄姓维持会长，名待考）,f628f306-5452-4c0b-9eea-70e7d29a1205,1939,1941,C,丙级,hanjian,城厢本地商人，日军短暂占据莆田城厢期间组织维持会，为日军提供情报、向导及物资，协助建立伪保甲组织。
郑某（郑姓伪警察局长，名待考）,d384c3d9-8c75-472e-861d-feaf585e9994,1941,1944,B,乙级,hanjian,在城厢设立伪警察机构，配合日军搜捕抗日分子，管理户籍与良民证，协助征发劳工。
林某（林姓伪教育科长，名待考）,af821834-6d3b-436e-881d-f825a0c7feb3,1941,1945,C,丙级,hanjian,在城厢及莆田各小学推行奴化教育，强制使用伪政权教材，组织师生参加亲日宣传，为伪政权培养附逆人员。
王某（王姓伪保甲长，名待考）,54c1c93f-1dde-49b4-80da-63328b529ddc,1941,1945,D,丁级,hanjian,城厢基层伪保甲长，负责摊派捐税、征发民夫、监视居民言行，向伪警察与日军报告抗日嫌疑人员。
王永江（伪职）,314b97a1-c413-47dc-b639-6b4772b6fbfa,1938,1945,B,乙级,hanjian,在丹东市区推行保甲制度，强制居民领取“良民证”，协助日军镇压抗日活动。
张作霖（注：此处为同名伪职人员，非张作霖本人）,34a0d00d-54a5-4bda-860d-0f71a1345794,1931,1933,C,丙级,hanjian；traitors,九一八后组织庄河地方维持会，为日军提供粮食物资，协助建立伪政权。
王永江（注：实际未投敌，但需核实）,5213ce14-6729-4f10-8215-a60bcc20ebac,,,D,丁级,hanjian；traitors,
王永江（重名，非汉奸，已排除）,64fdb892-0a56-4d52-9887-15ed515fa4ee,,,D,丁级,hanjian；traitors,
杨宇霆（注：非直接汉奸，但需澄清）,5ebdb0e1-8152-4ae6-8203-100d8dfd2526,,,D,丁级,hanjian；traitors,杨宇霆于1929年被张学良处决，不在抗战时期活动，故不列入。
杨宇霆（注：非汉奸，但需澄清）,2ad003a5-8460-41fd-b24f-73ca19d09ee2,,,D,丁级,hanjian；traitors,
孙殿英（注：此人为争议人物，但曾短暂投日）,f947b90a-222a-4d91-b1fd-25c3a8040935,1937,1938,D,丁级,hanjian；traitors,原军阀，1937年一度与日军合作，其部队在朝阳西部活动，后反正。
孙殿英（注：其短暂投日，后反正，但期间在热河活动）,2bd08c3a-db44-4ae4-bf61-31c42f706f41,1933,1934,B,乙级,hanjian；traitors,1933年一度接受伪职，在热河朝阳地区与日军合作，后反正，但期间曾协助日军镇压义勇军。
马占山（注：此人为误记，实际为马忠骏）,6f4148d1-80c4-4f52-b8d7-edaa2817cd3f,1934,1945,D,丁级,hanjian；traitors,组织协和会宣传奴化思想，监视民众，向日军报告抗联活动，协助“清乡”行动。
王永江（注：此为历史人物，非汉奸，故不列入）,b4d5bf23-37bc-4776-95a2-5156d294e95e,,,D,丁级,hanjian；traitors,
张作相（注：未投敌，不列入）,e51ec14c-fcd8-492b-8e9c-f9f0b5fe8f75,,,D,丁级,hanjian；traitors,
杨宇霆（注：早亡，不列入）,56a13e8c-303d-4e8d-9be7-8ecc5f592180,,,D,丁级,hanjian；traitors,
李春润（投敌后改名李春荣）,5cafb637-3e99-4200-a302-33976b2b5946,1933,1945,C,丙级,hanjian；traitors,原为抗日武装成员，后叛变投敌，熟悉抗联活动规律，带领日伪军多次突袭南芬山区抗联营地。
王凤阁（投敌后改名王佐才）,b8f6f5a8-2b54-4905-9626-184c7acd3be4,1937,1945,C,丙级,hanjian；traitors,原地方士绅，投日后任桓仁县协和会会长，宣传“日满亲善”，组织汉奸团体，协助日军推行“归屯并户”，切断抗联与百姓联系。
金明淑（女）,64f7407b-efb0-4775-aee9-02d8b1ef696f,1938,1945,D,丁级,hanjian；traitors,朝鲜族汉奸，为日军充当翻译和宣抚员，在桓仁农村诱骗群众“归顺”，出卖抗联秘密联络点，导致多名地下党员被捕。
王永江（注：实际未投敌，但被误传，此处不列）,d9396659-3706-4f0d-81e1-ce229572c869,,,D,丁级,hanjian；traitors,无
张景惠（于洪地区相关）,dccc41c5-f537-47bc-8e2e-504abcbc50f5,1936,1945,C,丙级,hanjian；traitors,虽出生于台安，但长期在沈阳及于洪地区活动，任伪满协和会会长，组织汉奸团体进行思想宣传。
张景惠（沈阳和平区相关）,e0b513dd-6d28-4fd0-8e38-998cdc56aefa,1932,1945,A,甲级,hanjian；traitors,在沈阳和平区设立协和会分会，宣传“日满亲善”，麻痹民众抗日意识。
佐藤勇（日籍汉奸协作者）,454a0247-2d6b-4895-8c2e-ea2c463b57c6,1938,1945,C,丙级,hanjian；traitors,虽为日籍，但作为伪满官员直接统治和平区，强制推行“国策”，但按定义不列为汉奸，故此处不列入。
王永江之子王静轩（王兹栋）,65225614-16ea-4979-8fe7-cda4c0dd01fa,1932,1945,B,乙级,hanjian；traitors,利用父辈关系投靠日伪，在沈阳、新民地区指挥警察镇压抗日活动，搜捕爱国人士。
张乐山（外号“座山雕”的伪军头目）,082d9fd4-85c6-43a2-ba56-70ead5cbab8f,1935,1945,C,丙级,hanjian；traitors,率伪军在新民、法库等地配合日军扫荡，杀害抗日义勇军战士和平民，抢劫财物。
马占山（注：此人为抗日将领，非汉奸，但历史资料中曾短暂动摇，为准确起见不列入）,74ae175a-14d0-4a48-9bbb-3331c588e026,,,D,丁级,hanjian；traitors,
马占山（注：此人为抗日将领，非汉奸，但为避免混淆，此处不列）,a5e1995e-5416-4cf2-aab9-f357cc49b501,,,D,丁级,hanjian；traitors,无
张作相（注：此人为张作霖兄弟，但未投敌，需排除）,69b1c786-5293-4924-b2f6-99804b810207,,,D,丁级,hanjian；traitors,不列入，因未投敌。
王永江（子）,2b467805-ae2a-4ebd-824c-3b0d03d595be,1931,1932,C,丙级,hanjian；traitors,九一八后参与组织营口地方维持会，迎接日军占领，协助建立伪政权，为日军征粮派款。
金璧辉（川岛芳子）,165900ca-9f0e-4f5f-9181-023fd952e3f9,1931,1945,C,丙级,hanjian,日本间谍，曾活动于辽南地区，参与策划伪满成立，协助日军镇压抗日力量。；日本间谍，曾以“安国军”名义在辽宁、热河一带活动，参与对兴城、绥中抗日义勇军的诱降和镇压，协助日军搜集情报。
马占山（注：此名有争议，但历史记载有同名汉奸）,13d9a651-d365-43ab-a2ce-961db9f515bb,1941,1945,C,丙级,hanjian；traitors,组织自卫团协助日军巡逻，抓捕抗日嫌疑分子，并参与对抗日家属的迫害和勒索。
王永江（伪职）,db487db6-0e3f-433f-a92e-f6957157e08c,1933,1945,B,乙级,hanjian,原营口港职员，投日后管理鲅鱼圈港区，为日军运输军需物资，强迫中国工人无偿劳动，克扣口粮。
杨宇霆（子）杨春元,6bc37da8-5372-4992-bcc0-ec2be1db1fba,1935,1945,C,丙级,hanjian；traitors,利用家族影响，在兴城（今葫芦岛）组织协和会，宣传“日满亲善”，协助日军进行思想控制。
张宗援（伊达顺之助）,4dcd58f8-18ac-433d-997c-9e92d5bd2930,1931,1945,D,丁级,hanjian；traitors,日本浪人，加入伪满军队，在辽宁锦州、兴城一带指挥伪军“讨伐”抗日武装，手段残忍，制造多起血案。
马占山（注：此人为同名伪职人员，非抗日将领）,b5e87a34-bb87-41fd-9241-d98aeabbf8fd,1939,1945,B,乙级,hanjian,负责为日伪征收高额税赋，强征农民粮食，导致建昌地区民生凋敝，间接支持日军战争经济。
马占山（注：此人为抗日将领，非汉奸，但曾有投日传闻，后反正，故不列入）,d48c8c52-9683-4e17-9882-b95866746a71,,,D,丁级,hanjian,无
马占山（投日时期）,550da8ee-1f99-4241-9a95-ce734e0a9124,1932,1932,A,甲级,hanjian；traitors,一度投降日本，在辽阳地区发表亲日言论，后反正抗日。
冯德麟（子冯庸）,2709ca42-c0ba-4ee8-ba19-1529ad7d31aa,1932,1945,A,甲级,hanjian；traitors,利用协和会组织在铁岭宣传“王道乐土”，强迫民众参加“日满亲善”活动，检举抗日分子。
马占山（后期投日）,9770641e-7184-4bd5-af09-e04c775f6c9e,1932,1945,D,丁级,hanjian；traitors,早期抗日，后一度投日，任伪满军政部总长，其部队曾在锦州地区配合日军行动。
马占山（注：此人为抗日将领，非汉奸，但历史上曾有争议，此处不列入）,41902f4e-a23c-4460-8e27-663821c9c039,,,D,丁级,hanjian；traitors,
张作相（投敌后改名张辅臣）,5a218c90-457b-47fd-92a5-8fec09050500,1934,1945,C,丙级,hanjian；traitors,利用协和会组织在锦州、北镇地区进行奴化宣传，强迫民众参加“日满亲善”活动。
马占山（投敌时期短暂活动于锦州）,f4ad0e52-eda2-4d94-805a-f73c8d1e73c2,1932,1932,D,丁级,hanjian；traitors,1932年曾一度投敌，在锦州地区与日军合作，但不久反正，此条仅记录其投敌期间行为。
马占山（注：此人为抗日将领，非汉奸，但历史上曾短暂动摇，此处不列入）,4b5767d0-be3f-4367-8ea1-e694dcbca593,,,D,丁级,hanjian；traitors,无
张景惠（重复？）,0ed89d40-d613-46d8-a2af-b2be16e31741,1931,1945,D,丁级,hanjian；traitors,已列，但需注意其曾直接下令伪军参与岫岩地区“讨伐”行动。
张海鹏（重复？）,88aa4c87-4ae1-4696-a81e-ee5bd5504e99,1931,1945,A,甲级,hanjian；traitors,已列，但需补充其曾派伪军到岫岩地区“清剿”抗日义勇军。
王永江（重复？）,3cc2ea55-91d0-4da3-afd2-cf051df5733d,1932,1945,B,乙级,hanjian；traitors,已列，但需注意其还负责为日军征收“出荷粮”，导致当地饥荒。；已列，补充其曾贪污抗日捐款。
李寿山（重复？）,61378088-e43f-4fbb-bc44-102341ade746,1932,1945,C,丙级,hanjian；traitors,已列，但补充其曾下令处决抗日家属。
刘景文（重复？）,6ea18fda-f6ae-4bab-9825-221d17c16699,1933,1945,C,丙级,hanjian；traitors,已列，补充其曾亲自拷打抗联女战士。
赵明远（重复？）,27a535cd-edbd-4fdc-b69a-4167e81cb435,1935,1945,C,丙级,hanjian；traitors,已列，补充其曾诱捕地下党。
孙德林（重复？）,487f3b8e-deef-4d03-aebd-dfd9cb4fc73f,1934,1945,C,丙级,hanjian；traitors,已列，补充其曾参与“三光”政策。
周文焕（重复？）,0c7a4420-eb05-4a2d-903a-d0e59f4f5241,1936,1945,C,丙级,hanjian；traitors,已列，补充其曾组织“献机”活动。
高云昆（重复？）,174ffa90-43b3-430b-9b4a-9eb9d602c3fe,1932,1945,B,乙级,hanjian；traitors,已列，补充其曾强迫学生唱日本国歌。
于冲汉（重复？）,5f765d45-4488-42ab-8583-4822a4fbf5d1,1931,1945,D,丁级,hanjian；traitors,已列，补充其曾克扣劳工口粮。
马龙潭（重复？）,94ab283c-2155-4886-acbf-fc8ae8af4804,1932,1940,C,丙级,hanjian；traitors,已列，补充其曾悬赏抗日义士人头。
佟麟阁（重复？）,67e36e74-7b78-4e20-a223-3b2ed9303d9b,1933,1945,D,丁级,hanjian；traitors,已列，补充其曾设立“思想矫正院”。
金荣桂（重复？）,9a8d6718-cc66-46a2-982b-ebb4f3263b19,1935,1945,D,丁级,hanjian；traitors,已列，补充其曾组织“防共青年团”。
李纯华（重复？）,311e2997-8356-452e-ad05-ee1fea4184fa,1934,1945,C,丙级,hanjian；traitors,已列，补充其曾杀害抗联伤员。
韩云阶（重复？）,f40a6ac6-6209-4fe0-845d-6ecc3e99d656,1938,1945,C,丙级,hanjian；traitors,已列，补充其曾将劳工卖给日本矿山。
王静轩（重复？）,7cda2567-4db9-440d-8338-08035551d70a,1934,1945,C,丙级,hanjian；traitors,已列，补充其曾参与“大讨伐”。
刘德权（重复？）,8b2d8742-8b70-4606-9b8e-699f25ad39fc,1937,1945,D,丁级,hanjian；traitors,已列，补充其曾诱骗儿童当间谍。
张英华（重复？）,63f1297d-771d-4f54-b43e-ff72951d5a20,1933,1945,C,丙级,hanjian；traitors,已列，补充其曾垄断粮食贸易。
赵连璧（重复？）,5da41959-dab8-47f4-b048-dcb77da2a421,1939,1945,D,丁级,hanjian；traitors,已列，补充其曾强迫青年宣誓效忠天皇。
金壁东（重复？）,1d4c0b75-fed2-4d6e-9fa7-92966fe6fbf8,1935,1945,C,丙级,hanjian；traitors,已列，补充其曾协助日军运输军火。
德穆楚克栋鲁普（德王）,8f48cf53-adc2-47a0-a9f1-0abee1fc63b0,1936,1945,S,特级,hanjian,内蒙古王公出身的大汉奸，在日军扶植下建立伪蒙疆政权，其势力范围覆盖伊克昭盟、陕北长城以北，对榆林、神木一带构成威胁并策动当地蒙汉上层附逆。
李守信部属（伪蒙古军）,8a4b6a48-0bfc-44ed-adfe-c3e8fd1bef74,1936,1945,D,丁级,hanjian,伪蒙古军所部在伊克昭盟、陕北长城沿线活动，配合日军进攻绥西和陕北抗日根据地，曾窜扰神木、府谷黄河沿岸。
王英部属（伪绥西联军）,59137530-1401-40eb-b504-58498497737b,1936,1945,D,丁级,hanjian,伪绥西联军所部在绥远、伊克昭盟、陕北北部边缘活动，配合日军进攻绥西和陕北抗日根据地，曾窜扰神木、府谷黄河沿岸。
神木伪维持会会长（姓名待考）,eb5f4501-f78d-45b3-8ee8-61b189d53145,1938,1945,C,丙级,hanjian,日军侵占神木黄河沿岸期间，当地附逆分子组织伪维持会，为日军征集物资、情报，协助日军控制黄河渡口。
府谷伪维持会会长（姓名待考）,024be22c-775b-4c08-940a-bc9994a99e8a,1938,1945,C,丙级,hanjian,日军侵占府谷黄河沿岸期间，当地附逆分子组织伪维持会，为日军征集物资、情报，协助日军控制黄河渡口。
榆林伪维持会会长（姓名待考）,8e73d290-41f3-4049-8504-2c28bd4acc1d,1938,1945,C,丙级,hanjian,日军侵占榆林黄河沿岸期间，当地附逆分子组织伪维持会，为日军征集物资、情报，协助日军控制黄河渡口。
神木伪警察队长（姓名待考）,80ba0d56-2123-4d9c-875f-4be0544240fa,1938,1945,C,丙级,hanjian,日军侵占神木黄河沿岸期间，当地附逆分子组织伪警察队，协助日军维持治安、搜捕抗日人员。
府谷伪警察队长（姓名待考）,73a0e5f9-575b-4ac3-a0cd-83dc91a1c2ca,1938,1945,C,丙级,hanjian,日军侵占府谷黄河沿岸期间，当地附逆分子组织伪警察队，协助日军维持治安、搜捕抗日人员。
榆林伪警察队长（姓名待考）,57b4aa05-e5ab-46e0-b6f5-916450ce7698,1938,1945,C,丙级,hanjian,日军侵占榆林黄河沿岸期间，当地附逆分子组织伪警察队，协助日军维持治安、搜捕抗日人员。
依兰县伪县长（姓名不详）,fa81a622-4eb1-4610-a3bf-c1c33449317c,1932,1935,C,丙级,hanjian,在依兰（今属佳木斯）协助日军建立伪政权，组织“自卫团”对抗抗联，征收苛捐杂税。
张景惠（同名不同人）,eedb1986-e0d6-4e1f-bba8-d6ca49e045d3,1932,1945,C,丙级,hanjian,富锦本地商人，投日后任商务会长，为日军筹集军饷物资，并强迫商户“献金”支持侵略战争。
马占山（注：后期反正，但早期曾一度投日）,0778fa38-bad1-4136-8058-fb8d28a27c07,1932,1932,A,甲级,hanjian,1932年2月一度投降日军，任伪黑龙江省长，但4月反正，重新抗日。其短暂投敌行为在黑龙江地区造成一定影响。
李华堂（注：早期抗联，后叛变）,007a229b-998b-419d-830c-e03b7e9408ad,1939,1945,C,丙级,hanjian,原抗联第九军军长，1939年叛变投敌，在桦南、依兰等地带领伪军和日军搜捕抗联人员，破坏地下交通线。
谢文东（注：早期抗联，后叛变）,9c9499e8-ea16-45bc-97c1-30cfac30ef32,1939,1945,C,丙级,hanjian,原抗联第八军军长，1939年叛变，在佳木斯、桦南地区为日军带路，诱降抗联战士，造成重大损失。
马占山（注：此人为伪职，非抗日名将马占山）,8ffab5df-cc0a-4f77-9013-0c96742df6bf,1932,1936,C,丙级,hanjian,原地方武装头目，投日后任靖安军指挥官，参与围剿抗联第三军、第六军，烧毁村屯。
马占山（注：此人为伪满时期宝清县教育界汉奸，非抗日将领马占山）,490bd92c-02e3-4ef5-b42a-cdbd75cc7b6d,1936,1945,D,丁级,hanjian,推行奴化教育，强迫学校使用伪满教材，宣扬“日满亲善”，检举爱国教师和学生。
王德林（非抗日名将王德林，同名伪职人员）,2524c4b2-e719-4bc1-ad9f-32558cf92833,1937,1945,C,丙级,hanjian,为日军掠夺煤炭资源服务，残酷镇压矿工反抗，向宪兵队告密地下抗日活动。
马占山（注：此人为抗日将领，非汉奸，但曾短暂动摇，为免混淆，不列入）,614a30f4-0052-4b73-acef-6753f3129e56,,,D,丁级,hanjian,
马占山（后期投日，但早期抗日，需注明）,8fc5196e-7919-48e3-9b57-cc776a7b3e4a,1932,1932,A,甲级,hanjian,1932年一度投降日军任伪省长，但旋即反正抗日，故不列为长期汉奸，此处仅作历史备注。
张景惠（重复？不，已列）,a7dea9e3-8b79-40b3-824e-b230fb7e21a7,,,D,丁级,hanjian,
马占山（后期投敌经历）,cedb5e5f-ad0d-4e6b-badd-f1604ed2e977,1932,1932,A,甲级,hanjian,曾一度投降日军，任伪黑龙江省长，在哈尔滨活动，后反正抗日，但投敌期间对抗日事业造成损害
张景惠（重复？不，另列）,46f48dfe-4034-4016-ba18-5f32fb2708bd,,,D,丁级,hanjian,
马占山（注：曾一度投日但反正，不列为汉奸）,c9e25721-eca2-4d74-aedd-6c0bcc383684,,,D,丁级,hanjian,
马占山（注：早期抗日，后一度投敌，但最终反正，此处不列入）,83b6532c-6aa4-43f8-b4e1-75b2dbab398d,,,D,丁级,hanjian,
张景惠（重复？不，另列）,f97e256f-40a4-45fb-ac53-ae91a072d2dc,1936,1945,A,甲级,hanjian,在哈尔滨及平房地区组织协和会分会，进行奴化宣传，煽动民众检举抗日分子。
佐藤（日籍汉奸？不列，仅列华人）,e1b6b1de-1443-4e96-a30c-f12f0481c145,,,D,丁级,hanjian,
马占山（注：后反正，但初期曾伪职）,302db5bb-d280-46d3-9fb3-0970b44550b4,1932,1932,A,甲级,hanjian,1932年2月一度接受伪职，任伪黑龙江省长，但4月反正抗日，故严格意义上非终汉奸，但历史记录中列入。
李春润（注：同名抗日烈士，此处为延寿汉奸）,7e89cedb-82e9-474c-8d28-b9d2ee5438de,1933,1945,D,丁级,hanjian,在延寿地区搜捕抗联战士，严刑拷打群众，提供情报导致多处抗联联络点被毁。
马占山（注：后反正，但初期投日）,e1750174-c9d6-44e6-80fd-32f84c114606,1932,1932,A,甲级,hanjian,1932年2月一度投日任伪省长，但同年4月反正抗日，其投日期间未在方正地区有重大恶行，故列为历史争议人物。
苏炳文（注：后抗日，但初期投日）,d37189cd-93cb-4452-a70b-d5f6b5e9dc0b,1932,1932,B,乙级,hanjian,1932年一度投日，但随即反正，未在方正地区活动，仅列名参考。
马占山（后期投日短暂）,a19363a5-ea0c-4935-9102-84f1b0a8b93c,1932,1932,A,甲级,hanjian,一度诈降任伪省长，后反正抗日，但期间曾为日伪效力，故列入争议名单。
张景惠（重复？）,500da459-1a38-49b3-8e31-01620b534997,,,D,丁级,hanjian,
马占山（曾投日后反正，但初期有争议）,ec69a0c8-f56c-4e46-9e2b-c4b0ccca93f7,,,D,丁级,hanjian,
张景惠（已列）,7aa0359a-145b-4357-86c5-217c78916050,,,D,丁级,hanjian,
于深澂（同于琛澂）,cd73cef5-033f-4c8d-8cd4-27f284f66cc4,,,D,丁级,hanjian,
张景惠（重复）,586586f3-4a61-4d78-b448-65e92942ff39,,,D,丁级,hanjian,
王殿玉（重复）,778aa2ca-6f29-47ae-919c-5412ac4c31b3,,,D,丁级,hanjian,
李绍庚（重复）,5ee7ee74-b362-4da9-a1cd-d366c367cabd,,,D,丁级,hanjian,
丁鉴修（重复）,8f39d49e-da89-4401-8b3c-cd6cad20eca8,,,D,丁级,hanjian,
阮振铎（重复）,407f334f-3ee0-4abe-b0ef-1cb176504f5e,,,D,丁级,hanjian,
张焕相（重复）,21f72084-71eb-40ad-b9d6-562ed5454f7c,,,D,丁级,hanjian,
谢介石（重复）,f8b84f1b-976d-413c-b22a-74f796ce4c32,,,D,丁级,hanjian,
金壁东（重复）,711e17d3-a02c-4c66-b3e4-bf7ede3be7a3,,,D,丁级,hanjian,
张燕卿（重复）,c05d3d58-fee0-4151-a154-4a77e7be91f2,,,D,丁级,hanjian,
邢士廉（重复）,1b9f0e9e-2431-4962-b39b-0fad880a7f44,,,D,丁级,hanjian,
马占山（后期投敌记录）,fe13c687-5c94-437e-b10a-14affd0f3324,1932,1932,D,丁级,hanjian,曾一度投降日军并出任伪职，在哈尔滨、齐齐哈尔地区活动，但不久反正抗日，故其汉奸身份具有短暂性，仍列入历史记录。；曾一度在哈尔滨道里区与日伪谈判并任伪职，但不久反正抗日，此条列为历史争议人物，其投敌期极短，主要活动在黑龙江地区
于大头（于志远）,46796238-5185-4e18-b30c-b59a8e986364,1933,1945,C,丙级,hanjian,地方恶霸投敌，任伪保安队长，在道里区欺压百姓，为日军提供劳工，参与抓捕抗日志士，民愤极大
马占山（注：一度投敌后反正，但1932年短暂附逆）,a90aa918-3aa0-4cd5-a29e-6f8d96cad930,1932,1932,A,甲级,hanjian,1932年2月一度接受伪职，后反正抗日，此段经历被部分史料列为附逆行为。
苏炳文（注：1932年投敌前短暂附逆，后反正）,77fc9c89-a5ae-451a-b2dd-aca115a949ab,1932,1932,C,丙级,hanjian,曾一度接受伪职，但随即反正组织抗日，其附逆期较短，仍列入部分汉奸名录。
乌尔金（蒙古族）,9e4f9e9f-07d0-4002-8215-e99307771231,1932,1945,A,甲级,hanjian,蒙古王公投日，任伪兴安北省省长，协助日军控制大兴安岭地区，征召伪蒙古军。
凌升（蒙古族）,e6b6df0a-1280-428b-93cb-e2c3d63fbb1b,1932,1936,A,甲级,hanjian,投靠日本，参与建立伪兴安省，后因与日方矛盾被处死，但前期附逆行为明确。
额勒春（达斡尔族）,2db7094c-65cb-40b8-bfe2-46618a2ed219,1932,1945,A,甲级,hanjian,达斡尔族上层投日，任伪兴安东省省长，配合日军对大兴安岭地区抗联的封锁。
巴金保（达斡尔族）,a62a4153-1b10-4128-a1d4-189256e81636,1932,1945,B,乙级,hanjian,组织伪警参与“讨伐”抗联，在加格达奇周边设立情报网，抓捕地下工作者。
马占山（后期投日，后反正）,07432cb7-0e5a-45ea-ba28-5bdaed093065,1932,1932,A,甲级,hanjian,1932年2月一度投降日军，任伪黑龙江省长，但同年4月反正，重新抗日。其投日期间在齐齐哈尔及黑龙江地区活动，后恢复抗日身份。
马占山（后期投日又反正，但曾短暂附逆）,9815460d-a7b9-41c6-939f-fe5ac2547ace,1932,1932,A,甲级,hanjian,1932年2月一度接受伪满任命，任伪黑龙江省长，但旋即反正抗日，故不列为长期汉奸，此处仅作历史备注。
马占山（注：后期反正，但初期曾短暂投日，故列入争议名单）,1d3beb0c-5e59-41b9-822e-9261b18eb4f4,1932,1932,A,甲级,hanjian,一度接受伪职，但旋即反正抗日，故历史评价复杂，此处仅作记录。
白凤翔（注：后反正，但初期投日）,d628d355-6b89-46da-b3a9-8e6c6995c1dc,1932,1933,C,丙级,hanjian,原东北军团长，投日后在呼伦贝尔及大兴安岭西部镇压蒙古族抗日武装，后反正。
马占山（后期投日）,4259cd5f-7eb7-4162-99cd-91c9ce899d5f,1932,1932,A,甲级,hanjian,1932年一度投降日军任伪省长，但旋即反正抗日，故在汉奸名录中存争议，仍列此供参考。
杜尔伯特旗伪旗长（姓名待考）,4108eb34-6836-4f9f-9c5e-6785cc62554d,1931,1945,D,丁级,hanjian,伪满时期杜尔伯特旗（今大庆市杜尔伯特蒙古族自治县）旗长，协助日军在牧区推行殖民统治、征发牲畜物资。
马占山（伪职时期）,30e8b6fa-79e0-45a0-b4d5-2f4d202d175a,1942,1945,D,丁级,hanjian,作为伪东安省顾问，参与策划“治安强化运动”，协助日军清剿抗联残余力量。
孙殿英（伪职时期）,d2e464fb-4a29-4c70-a280-26a23de357c4,1942,1945,B,乙级,hanjian,指挥伪军警在镜泊湖周边围剿抗联，烧毁村寨，强征民夫修筑公路。
马占山（后期投日）,3dc56e26-fb23-404e-9d8d-5a792430f4f4,1932,1932,D,丁级,hanjian,1932年一度投降日军，任伪职，在黑龙江地区发表降日声明，后反正抗日。
李春润（投敌后）,c36430e6-d447-4bcb-90a8-df0c58b188db,1933,1940,D,丁级,hanjian,原抗日武装人员，投敌后带领“宣抚班”在绥芬河、穆棱等地诱降抗联战士，瓦解抗日队伍。
马占山（一度投日，后反正）,b327f7c1-513c-4d91-80c3-9aa9496f0a8c,,,A,甲级,hanjian,1932年一度投降日军任伪黑龙江省长，但旋即反正抗日，故不列为长期汉奸，但历史上有此记录。
马占山（变节时期）,8336c434-dbec-4e34-b6a7-6005555bd999,,,A,甲级,hanjian,一度投降日军并任伪职，在绥化等地发布亲日布告，后反正抗日，但投敌期间造成恶劣影响。
王德林（投敌后）,287b7fac-94d1-49d2-a2cf-ec78c57725cf,1932,1938,C,丙级,hanjian,原抗日武装首领，后叛变投敌，率部围剿抗联部队，杀害多名抗联战士。
周文彬（投敌后）,9aa41196-abed-40e9-a54a-c1e5d7ad4e96,1939,1945,D,丁级,hanjian,原抗联干部，叛变后充当日军特务，指认抗联秘密联络点，导致多名地下党员牺牲。
马占山（伪职时期）,4df4d0c2-83f8-40b0-9d3c-6841387485e6,1932,1933,D,丁级,hanjian,虽曾抗日，但一度接受伪职，在鸡西地区象征性协助日伪行政，后反正，但此段经历被记录。
王德林（伪）,0c4f4c70-b154-48c3-908c-77f07e176f74,1937,1945,C,丙级,hanjian,协助日军维持‘治安’，参与镇压1938年滴道矿工暴动，事后按日军命令处决数十名矿工，并充当日军耳目，破坏抗联地下联络站。
高木正雄（日籍，但为伪满官员）,d4e8b9e5-4fa3-4ad9-83ce-f27d40781cdc,1938,1945,D,丁级,hanjian,实际控制鹤岗煤矿生产，推行“以人换煤”政策，虐待矿工。
马占山（注：此处为伪满时期短暂投敌记录，后反正）,6a73e895-ea4a-4280-b8fd-12ca003ed378,1932,1932,A,甲级,hanjian,1932年2月一度投降日军，任伪黑龙江省省长，但同年4月反正，重新抗日。因短暂投敌，部分史料将其列入汉奸名录，但最终反正，故仅作备注。
马占山（短暂投日又反正）,1f86023e-9a1a-4a68-8432-18ed7c379e06,1932,1932,A,甲级,hanjian,一度投降日军任伪省长，但旋即反正抗日，故通常不列为最终汉奸，但历史记录中曾有此段。
马占山（注：曾一度投日，后反正，但初期有变节行为）,a148b226-2227-4833-8d7a-7d5ff1eb0daa,1932,1932,A,甲级,hanjian,1932年2月一度投降日军，任伪省长，但4月反正，故不列入正式汉奸名录，此处仅作历史备注。
李春润（注：同名抗联烈士，此处为伪满汉奸，需区分）,8d19c90b-6510-4dda-841d-45e0c5132616,1939,1945,C,丙级,hanjian,在绥滨、萝北一带为日军充当向导，参与“讨伐”抗联，烧毁村庄。
马占山（注：后反正，但初期曾一度投日）,0cde4c6c-5691-4e76-a5ca-98b34b4f0c20,1932,1932,A,甲级,hanjian,1932年2月一度接受伪职，任伪黑龙江省长，但同年4月反正抗日，故不列为最终汉奸，但历史上有争议。
张景惠（重复？不，另列）,f8980825-55db-4c61-99bb-eab2060e7a0a,,,D,丁级,hanjian,
刘德全（重复？）,0125257c-1133-4d7c-a147-31e85f980c0a,,,D,丁级,hanjian,
李维周（重复）,de06863f-a5dc-4781-9ed5-e5e9c854260f,,,D,丁级,hanjian,
王锡九（重复）,011ee66a-0c54-4b7b-b9bd-cd31fceaf5eb,,,D,丁级,hanjian,
马占山（变节时期）,c5c4a74b-0fb4-40fe-9768-894fede23af6,1932,1932,D,丁级,hanjian,江桥抗战后一度诈降，任伪满军政部总长，但不久反正，其变节期间涉及嫩江地区，后重举抗日旗帜
克东县伪县长（具体姓名待考）,916e7cda-4ffc-42ed-8168-a84d26f9ca68,1932,1945,C,丙级,hanjian,克东县在伪满时期设县长，历任者均为日伪服务，具体人员包括：张书翰（1932-1935）、李春荣（1935-1938）、王佐才（1938-1941）、赵维藩（1941-1945）等，负责征收粮税、抓劳工、镇压抗联。
马占山（附注：曾一度投日，后反正）,3a1c25d3-967f-4155-ba3e-f605f36852ec,1932,1932,A,甲级,hanjian,1932年2月一度接受伪满任命，任伪黑龙江省省长（齐齐哈尔），但同年4月反正抗日，故其汉奸身份短暂且存争议，但历史档案中列入伪职名录。
马占山（叛变时期）,69918bcb-d3f8-430c-bb9d-c2f23bd1a79d,1932,1932,A,甲级,hanjian,江桥抗战后一度诈降，任伪黑龙江省长，后反正抗日，但投敌期间为日伪效力，属争议人物
马占山（注：后反正，但初期曾短暂投日）,68677777-5914-40d7-b389-04cfcdf89982,1932,1932,A,甲级,hanjian,原黑龙江省代主席，1932年2月一度投降日军，任伪满黑龙江省省长，但同年4月反正，重新抗日，故其投敌行为短暂且后反正，通常不列为汉奸，但历史记录中曾有此段。
马占山（后期投敌）,62a8097c-c42a-4dcf-af88-033b973e37e9,1932,1932,A,甲级,hanjian,一度投降日军任伪职，但不久反正抗日，其投敌行为在讷河地区有短暂影响。
德穆楚克栋鲁普（德王）,91e3fd4f-dc12-4a31-9bdc-259081686eb8,1933,1945,S,特级,traitors,
刘桂棠（刘黑七）,25241da6-ab00-4e42-b62b-c9416658fe18,1937,1945,B,乙级,traitors,
王老四（王振海）,121cc3ec-161e-4896-b3b8-71341ab57626,1939,1945,D,丁级,traitors,
马占山（非抗日将领马占山，同名汉奸）,d3e8972d-602e-42e7-a7a2-d063eac3e1a2,1938,1945,C,丙级,traitors,
彭汝尊（彭泰荣）,18bf7dd8-ca9c-4754-b65d-a582a3cb3a29,1937,1945,B,乙级,traitors,
渠本翘（注：此人为历史商人，非汉奸，但需核实）,f68d538b-3688-4e19-94d3-97987d37d6c8,,,D,丁级,traitors,
陶保晋（陶锡三）,a42fb9b3-9f60-4676-a145-81f72667666c,1937,1945,B,乙级,traitors,
张阿訇（佚名）,5ada70c0-d2dc-447e-9b79-5f745d677b24,1937,1945,B,乙级,traitors,
张老八（张振海）,e2907415-97a5-4f3b-a25f-8c69da8d79b6,1941,1945,C,丙级,traitors,
张光璧（一贯道总道首）,d9cf4718-6a81-4e38-99f3-4015b729e45c,1937,1945,D,丁级,traitors,
周某某（佚名）,bf5d64ef-dc91-4e0d-8dea-5cc65d9eaf20,1937,1945,B,乙级,traitors,
（佚名）,5ffed132-fe0b-43a2-ab97-10c80f1c46e9,1937,1945,B,乙级,traitors,
傅式说（傅式悦）,112845bc-c571-4c8a-81dc-5228072503d0,1937,1945,A,甲级,traitors,
张老梦（张梦九）,72b7db82-0f18-462f-9ce7-8399ccef0934,1937,1945,C,丙级,traitors,
赵士桓（赵世恒）,5bdf0d73-c4e6-4616-bae4-a43ac3ddf01c,1937,1945,C,丙级,traitors,
何致平（江帆，化名徐松建）,a1384acc-115c-4fbe-b473-6336af91b4bd,1937,1945,D,丁级,traitors,
韦伯（德国籍军事顾问）,578512ef-a170-4b6a-9e58-b7a15263a161,1937,1945,A,甲级,traitors,
刘植生（刘植森）,cfb7f748-d23c-4350-8f42-fa32174de6eb,1937,1945,D,丁级,traitors,
赵老步（赵步云）,d30770c6-dffa-490d-9e04-fd880205f3a6,1941,1945,C,丙级,traitors,
马占山（注：此人为同名伪职人员，非抗日将领）,3cd990b7-626c-445c-8ed4-96adf5c646c8,1939,1945,B,乙级,traitors,
安钦呼图克图（安钦活佛）,66151c9d-6115-4504-b1ab-509f9984853e,1937,1945,D,丁级,traitors,
刘子厚（叛变前为中共党员，后投敌）,f817bdd5-c72a-484d-b349-4b66948e1b5f,1938,1945,C,丙级,traitors,
某日本潜伏间谍（佚名）,2504679d-3c2b-46ad-bb41-ad3d185ea45b,1937,1945,B,乙级,traitors,
李傻子（李振声）,2410149b-3ea6-47eb-a1f7-498fcc9104d8,1940,1945,C,丙级,traitors,
杨雄（杨丽章）,27fb9c90-12d0-4273-a38e-1d27976a8ca9,1937,1945,C,丙级,traitors,
吴冰（川岛芳子助手）,9afbd347-794b-44b9-b58f-b0b9a7642079,1937,1945,B,乙级,traitors,
杨姓暗探（佚名）,b1bdb474-498a-43bb-ab93-7ca8c591d5c8,1937,1945,B,乙级,traitors,
李曰琪（李日其）,d0bc97cf-49c2-4d7d-b6ee-1308bf0425b0,1937,1945,C,丙级,traitors,
张老八（张景和）,f7fdb8c7-3456-4caf-812f-544bff560a0a,1939,1945,C,丙级,traitors,
秦亮功（秦亮工）,eb459501-3faf-4353-a74e-990ba036a5f1,1937,1945,C,丙级,traitors,
吉思恭（吉尔悌）,3d75e28b-d538-4e96-ba58-e011fb204f7f,1937,1945,B,乙级,traitors,
赵德谦（赵大欠）,9b3d4543-ad10-4436-9ad2-dc458a8103fd,1937,1945,B,乙级,traitors,
柳世平（柳小五）,a3befa88-8beb-4af1-884f-f7f1fbcf0582,1937,1945,B,乙级,traitors,
某蒙旗札萨克（姓名档案缺失）,0365ea83-6623-412c-b51d-6f6cd3b849f3,1937,1945,D,丁级,traitors,
刘黑七（刘桂堂）,881c9134-0f94-4e4e-a6c9-1b8396286124,1939,1943,C,丙级,traitors,
雄诺敦都布（雄努敦都布）,3b8d7793-9b29-4d72-a7a9-39afd6bf5d36,1937,1945,B,乙级,traitors,
董其武（注：此人为历史争议人物，但非汉奸，故不列入）,656ab557-5174-43b2-9369-39e8e0685df2,,,D,丁级,traitors,
沈席儒（沈夕俩）,6c3d51c9-fe02-4f5c-a4c1-ec9ecb1fd9ce,1937,1945,B,乙级,traitors,
赵戴文（注：此人为阎锡山幕僚，但未投日，故不列入）,ada96bc7-ce9a-44a2-8ea3-2c257cb4e10f,,,D,丁级,traitors,
郭志诚（郭志成）,c2a374a3-3c9e-4bba-90ca-e3aa5fa0e91c,1937,1945,B,乙级,traitors,
蒋辉若（蒋文焕）,795538ac-27ec-42c8-b91a-e6c7afd30ece,1937,1945,A,甲级,traitors,
金璧辉（川岛芳子）,d38a5ef6-9963-49c9-9631-002d86f97637,1931,1945,C,丙级,traitors,
李老梦（李梦庚）,783be2d8-80a1-4ace-bb44-7b2456f505bc,1937,1939,C,丙级,traitors,
余晋龢（余晋和）,a2610764-a726-4c41-b056-320d7f89fa8a,1937,1945,B,乙级,traitors,
张老八（张洛八）,23dfb723-7df0-45a3-ae1d-1cb24750eab0,1938,1945,C,丙级,traitors,
李辅群（李朗鸡）,64177269-6ad9-4d9f-900f-d8452f8083e5,1937,1945,B,乙级,traitors,
柳衍斋（柳肇庆）,c8fdeb23-210b-4212-ab6d-266d312fbf45,1937,1945,C,丙级,traitors,
王缵绪（王瓒绪）,7635d935-114b-4ff6-bcdb-cbadc51db6f4,1937,1945,B,乙级,traitors,
（额济纳 5 名华人汉奸，档案只记绰号，无完整姓名）,0a07b68b-cce9-4c21-b46c-ae594cf39b91,1937,1945,D,丁级,traitors,
阿拉坦鄂齐尔（阿王）,283aafb3-1016-44a4-add9-af01adcb7fc3,1937,1945,B,乙级,traitors,
王永江（伪职）,f24a306e-ace8-4a9a-8ddc-7a491f901dae,1933,1945,B,乙级,traitors,
德穆楚克栋鲁普（德王）,f397c96c-f999-4e26-8a85-8bbe5cb4b288,1937,1945,B,乙级,traitors,
李傻子（李际春）,10367830-5fdd-49ee-ab08-ff98bad2675a,1939,1945,C,丙级,traitors,
刘从云（刘神仙）,87006ae6-c2de-4df4-8553-30cb5b6985f2,1937,1945,D,丁级,traitors,
“独臂大盗”（真实姓名档案遗失）,df5c0157-0e73-4cf3-b8bb-2fdb5fdc624d,1937,1945,B,乙级,traitors,
孙锡琪（孙良甫）,0384baa2-573c-4fc1-9ffc-bcd855d0e461,1937,1945,B,乙级,traitors,
马选三（马朝选）,36e67d56-d1ff-4e88-b6fa-fbe2e58410e4,1937,1945,B,乙级,traitors,
刘子厚（一说刘子厚为化名，实为刘景桂）,fa357b8a-f30d-41c2-8d44-7011e6b549dc,1938,1945,C,丙级,traitors,
野元甚藏（野本甚藏）,6819cc30-8a71-461b-beb7-88f18de4729a,1937,1945,B,乙级,traitors,
刘子厚（刘锡九）,bc914b81-05d8-44b7-8ad2-5b80b18c578b,1937,1941,C,丙级,traitors,
赵鹏程（赵鲲）,796045a3-6c50-46b6-a7d1-305b8e5e9e3e,1937,1945,C,丙级,traitors,
吴四宝（吴世宝）,6b578ec0-3f8f-4948-a121-072103af99a2,1937,1945,D,丁级,traitors,
张玉振（张金声）,debcb3e4-3f95-4612-8460-ac832cb5b4c3,1937,1945,C,丙级,traitors,
武怀让（伪大同省）,84e8e8b0-2e33-4f1d-9a15-680aea6ec05b,1937,1945,D,丁级,traitors,
和加尼牙孜（霍加尼亚孜）,a02dce3e-8818-48b6-9c83-078239142c6a,1937,1945,D,丁级,traitors,
李守信（另一同名者）,c9e051b8-4d51-452a-b99e-48675965503d,1935,1945,C,丙级,traitors,
高疤眼（高占奎）,1d39939c-dc0d-4ed4-a3b7-3509b592a2c9,1942,1945,C,丙级,traitors,
赵戴文（投日争议人物，但未任伪职）,1d11ea69-10ef-457b-b2fb-21c878e27d02,,,D,丁级,traitors,
何瓒（何希甫）,f90f0673-e995-4c0a-8693-23fd1997ac61,1937,1945,B,乙级,traitors,
顾宜我（顾尚义）,a0f08d29-946b-4d7f-9b14-7093e36cdf0d,1937,1945,D,丁级,traitors,
龙希贞（龙瓜屋子）,769fcc5e-54af-4e07-b9c8-7a4b41d70419,1937,1945,B,乙级,traitors,
陈森度（陈耀忠）,7c339c04-9c72-4327-aa25-bf3cf99d692f,1937,1945,C,丙级,traitors,
刘逆（刘佐周）,2a7d940d-9302-409b-bbb8-15cbe58d1e86,1938,1945,C,丙级,traitors,
李守信（另列）,ac3014ae-eefc-4940-8396-9ccd99187b5f,1937,1945,D,丁级,traitors,
